timestep,0,1,2,3,4
0,19.6,19.744045158299095,39.744045158299095,59.744045158299095,79.74404515829909
1,20.3,20.608397387990205,40.60839738799021,60.60839738799021,80.60839738799021
2,21.2,21.040573502835763,41.04057350283576,61.04057350283576,81.04057350283577
3,20.5,21.18463220778428,41.184632207784276,61.184632207784276,81.18463220778428
4,20.5,22.625219257269464,42.625219257269464,62.625219257269464,82.62521925726946
5,21.5,22.337101847372427,42.33710184737242,62.33710184737242,82.33710184737242
6,21.1,22.19304314242391,42.19304314242391,62.19304314242391,82.1930431424239
7,21.5,47.72559114958122,67.72559114958122,87.72559114958122,107.72559114958122
8,23.1,22.337101847372427,42.33710184737242,62.33710184737242,82.33710184737242
9,24.6,21.904925732526873,41.90492573252688,61.90492573252688,81.90492573252688
10,26.1,21.760867027578357,41.76086702757836,61.76086702757836,81.76086702757836
11,26.6,59.771571628417284,79.77157162841729,99.77157162841729,119.77157162841729
12,26.6,21.616808322629836,41.616808322629836,61.616808322629836,81.61680832262984
13,26.9,21.47274961768132,41.472749617681316,61.472749617681316,81.47274961768132
14,27.7,21.3286909127328,41.328690912732796,61.328690912732796,81.3286909127328
15,28.7,21.47274961768132,41.472749617681316,61.472749617681316,81.47274961768132
16,28.1,21.3286909127328,41.328690912732796,61.328690912732796,81.3286909127328
17,27.9,21.47274961768132,41.472749617681316,61.472749617681316,81.47274961768132
18,28.2,84.43976740588349,104.43976740588349,124.43976740588349,144.4397674058835
19,27.2,21.18463220778428,41.184632207784276,61.184632207784276,81.18463220778428
20,26.4,21.040573502835763,41.04057350283576,61.04057350283576,81.04057350283577
21,26.1,21.040573502835763,41.04057350283576,61.04057350283576,81.04057350283577
22,25.3,21.18463220778428,41.184632207784276,61.184632207784276,81.18463220778428
23,25.0,21.040573502835763,41.04057350283576,61.04057350283576,81.04057350283577
24,25.5,21.040573502835763,41.04057350283576,61.04057350283576,81.04057350283577
25,25.2,20.896514797887242,40.89651479788724,60.89651479788724,80.89651479788725
26,24.2,21.040573502835763,41.04057350283576,61.04057350283576,81.04057350283577
27,23.4,21.47274961768132,41.472749617681316,61.472749617681316,81.47274961768132
28,22.5,21.760867027578357,41.76086702757836,61.76086702757836,81.76086702757836
29,22.5,21.3286909127328,41.328690912732796,61.328690912732796,81.3286909127328
30,22.9,21.040573502835763,41.04057350283576,61.04057350283576,81.04057350283577
31,22.5,46.28500410009604,66.28500410009605,86.28500410009605,106.28500410009605
32,22.0,21.040573502835763,41.04057350283576,61.04057350283576,81.04057350283577
33,22.0,21.18463220778428,41.184632207784276,61.184632207784276,81.18463220778428
34,21.7,20.896514797887242,40.89651479788724,60.89651479788724,80.89651479788725
35,21.4,58.475043283880616,78.47504328388061,98.47504328388061,118.47504328388061
36,21.1,20.32027997809317,40.32027997809317,60.32027997809317,80.32027997809317
37,20.5,20.608397387990205,40.60839738799021,60.60839738799021,80.60839738799021
38,20.1,21.040573502835763,41.04057350283576,61.04057350283576,81.04057350283577
39,19.9,21.47274961768132,41.472749617681316,61.472749617681316,81.47274961768132
40,20.1,21.47274961768132,41.472749617681316,61.472749617681316,81.47274961768132
41,20.7,21.040573502835763,41.04057350283576,61.04057350283576,81.04057350283577
42,20.9,84.00759129103794,104.00759129103794,124.00759129103794,144.00759129103795
43,21.4,21.040573502835763,41.04057350283576,61.04057350283576,81.04057350283577
44,21.5,21.47274961768132,41.472749617681316,61.472749617681316,81.47274961768132
45,21.2,21.47274961768132,41.472749617681316,61.472749617681316,81.47274961768132
46,20.6,22.048984437475394,42.0489844374754,62.0489844374754,82.0489844374754
47,20.0,22.19304314242391,42.19304314242391,62.19304314242391,82.1930431424239
48,19.1,22.337101847372427,42.33710184737242,62.33710184737242,82.33710184737242
49,19.0,22.337101847372427,42.33710184737242,62.33710184737242,82.33710184737242
50,19.3,22.19304314242391,42.19304314242391,62.19304314242391,82.1930431424239
51,19.6,22.048984437475394,42.0489844374754,62.0489844374754,82.0489844374754
52,20.0,22.337101847372427,42.33710184737242,62.33710184737242,82.33710184737242
53,22.1,22.625219257269464,42.625219257269464,62.625219257269464,82.62521925726946
54,23.8,22.625219257269464,42.625219257269464,62.625219257269464,82.62521925726946
55,25.7,48.15776726442678,68.15776726442678,88.15776726442678,108.15776726442678
56,26.7,23.05739537211502,43.057395372115025,63.057395372115025,83.05739537211502
57,25.3,22.913336667166504,42.913336667166504,62.913336667166504,82.9133366671665
58,23.6,22.769277962217984,42.769277962217984,62.769277962217984,82.76927796221798
59,23.7,60.49186515315988,80.49186515315988,100.49186515315988,120.49186515315988
60,24.0,23.20145407706354,43.201454077063545,63.201454077063545,83.20145407706354
61,23.6,23.633630191909095,43.63363019190909,63.63363019190909,83.63363019190909
62,23.0,24.06580630675465,44.06580630675465,64.06580630675465,84.06580630675465
63,23.2,24.49798242160021,44.49798242160021,64.49798242160021,84.49798242160021
64,23.8,24.786099831497243,44.78609983149724,64.78609983149724,84.78609983149724
65,23.9,24.642041126548726,44.642041126548726,64.64204112654872,84.64204112654872
66,23.9,87.89717632464794,107.89717632464794,127.89717632464794,147.89717632464794
67,23.7,24.93015853644576,44.93015853644576,64.93015853644576,84.93015853644576
68,23.4,24.642041126548726,44.642041126548726,64.64204112654872,84.64204112654872
69,23.1,24.642041126548726,44.642041126548726,64.64204112654872,84.64204112654872
70,22.7,24.353923716651693,44.35392371665169,64.35392371665169,84.35392371665169
71,22.8,24.20986501170317,44.20986501170317,64.20986501170317,84.20986501170317
72,22.0,24.20986501170317,44.20986501170317,64.20986501170317,84.20986501170317
73,21.3,23.633630191909095,43.63363019190909,63.63363019190909,83.63363019190909
74,20.4,23.20145407706354,43.201454077063545,63.201454077063545,83.20145407706354
75,19.6,22.769277962217984,42.769277962217984,62.769277962217984,82.76927796221798
76,20.6,22.625219257269464,42.625219257269464,62.625219257269464,82.62521925726946
77,23.2,22.769277962217984,42.769277962217984,62.769277962217984,82.76927796221798
78,26.1,22.625219257269464,42.625219257269464,62.625219257269464,82.62521925726946
79,28.1,47.72559114958122,67.72559114958122,87.72559114958122,107.72559114958122
80,30.8,22.337101847372427,42.33710184737242,62.33710184737242,82.33710184737242
81,33.2,22.19304314242391,42.19304314242391,62.19304314242391,82.1930431424239
82,32.4,21.904925732526873,41.90492573252688,61.90492573252688,81.90492573252688
83,33.0,59.915630333365804,79.91563033336581,99.91563033336581,119.91563033336581
84,32.7,22.481160552320947,42.481160552320944,62.481160552320944,82.48116055232094
85,32.1,22.481160552320947,42.481160552320944,62.481160552320944,82.48116055232094
86,30.1,22.337101847372427,42.33710184737242,62.33710184737242,82.33710184737242
87,30.6,22.19304314242391,42.19304314242391,62.19304314242391,82.1930431424239
88,31.1,22.19304314242391,42.19304314242391,62.19304314242391,82.1930431424239
89,30.7,22.337101847372427,42.33710184737242,62.33710184737242,82.33710184737242
90,30.1,85.44817834052313,105.44817834052313,125.44817834052313,145.44817834052313
91,29.9,22.337101847372427,42.33710184737242,62.33710184737242,82.33710184737242
92,30.9,22.337101847372427,42.33710184737242,62.33710184737242,82.33710184737242
93,31.0,22.337101847372427,42.33710184737242,62.33710184737242,82.33710184737242
94,29.1,22.19304314242391,42.19304314242391,62.19304314242391,82.1930431424239
95,27.9,22.048984437475394,42.0489844374754,62.0489844374754,82.0489844374754
96,28.3,22.048984437475394,42.0489844374754,62.0489844374754,82.0489844374754
97,26.7,22.048984437475394,42.0489844374754,62.0489844374754,82.0489844374754
98,26.2,22.048984437475394,42.0489844374754,62.0489844374754,82.0489844374754
99,26.2,22.625219257269464,42.625219257269464,62.625219257269464,82.62521925726946
100,27.4,22.913336667166504,42.913336667166504,62.913336667166504,82.9133366671665
101,28.8,23.345512782012054,43.34551278201205,63.34551278201205,83.34551278201205
102,27.9,23.633630191909095,43.63363019190909,63.63363019190909,83.63363019190909
103,28.8,48.87806078916937,68.87806078916937,88.87806078916937,108.87806078916937
104,30.2,23.633630191909095,43.63363019190909,63.63363019190909,83.63363019190909
105,29.0,23.633630191909095,43.63363019190909,63.63363019190909,83.63363019190909
106,28.7,23.489571486960575,43.48957148696057,63.48957148696057,83.48957148696057
107,29.0,60.92404126800543,80.92404126800542,100.92404126800542,120.92404126800542
108,29.1,22.913336667166504,42.913336667166504,62.913336667166504,82.9133366671665
109,28.2,23.345512782012054,43.34551278201205,63.34551278201205,83.34551278201205
110,27.8,23.921747601806135,43.92174760180613,63.92174760180613,83.92174760180613
111,28.2,24.06580630675465,44.06580630675465,64.06580630675465,84.06580630675465
112,29.2,24.20986501170317,44.20986501170317,64.20986501170317,84.20986501170317
113,30.7,24.20986501170317,44.20986501170317,64.20986501170317,84.20986501170317
114,31.2,87.17688279990534,107.17688279990534,127.17688279990534,147.17688279990534
115,30.6,24.20986501170317,44.20986501170317,64.20986501170317,84.20986501170317
116,30.6,24.353923716651693,44.35392371665169,64.35392371665169,84.35392371665169
117,30.2,24.353923716651693,44.35392371665169,64.35392371665169,84.35392371665169
118,30.6,24.642041126548726,44.642041126548726,64.64204112654872,84.64204112654872
119,31.9,24.642041126548726,44.642041126548726,64.64204112654872,84.64204112654872
120,31.7,24.49798242160021,44.49798242160021,64.49798242160021,84.49798242160021
121,32.1,24.353923716651693,44.35392371665169,64.35392371665169,84.35392371665169
122,31.4,24.49798242160021,44.49798242160021,64.49798242160021,84.49798242160021
123,31.2,24.49798242160021,44.49798242160021,64.49798242160021,84.49798242160021
124,30.5,24.642041126548726,44.642041126548726,64.64204112654872,84.64204112654872
125,31.2,24.786099831497243,44.78609983149724,64.78609983149724,84.78609983149724
126,32.1,25.074217241394283,45.07421724139428,65.07421724139428,85.07421724139428
127,35.2,50.75082395350012,70.75082395350012,90.75082395350012,110.75082395350012
128,36.2,25.650452061188354,45.65045206118835,65.65045206118836,85.65045206118836
129,37.3,26.08262817603391,46.08262817603391,66.08262817603391,86.08262817603391
130,37.1,25.93856947108539,45.93856947108539,65.93856947108539,85.93856947108539
131,36.5,63.51709795707876,83.51709795707876,103.51709795707876,123.51709795707876
132,35.8,25.36233465129132,45.36233465129132,65.36233465129132,85.36233465129132
133,34.3,25.074217241394283,45.07421724139428,65.07421724139428,85.07421724139428
134,33.8,25.074217241394283,45.07421724139428,65.07421724139428,85.07421724139428
135,34.0,25.074217241394283,45.07421724139428,65.07421724139428,85.07421724139428
136,35.6,24.93015853644576,44.93015853644576,64.93015853644576,84.93015853644576
137,35.5,24.786099831497243,44.78609983149724,64.78609983149724,84.78609983149724
138,36.2,88.04123502959645,108.04123502959645,128.04123502959646,148.04123502959646
139,35.7,24.642041126548726,44.642041126548726,64.64204112654872,84.64204112654872
140,35.6,24.786099831497243,44.78609983149724,64.78609983149724,84.78609983149724
141,35.9,24.642041126548726,44.642041126548726,64.64204112654872,84.64204112654872
142,35.8,24.353923716651693,44.35392371665169,64.35392371665169,84.35392371665169
143,35.1,24.353923716651693,44.35392371665169,64.35392371665169,84.35392371665169
144,34.5,24.06580630675465,44.06580630675465,64.06580630675465,84.06580630675465
145,35.0,24.06580630675465,44.06580630675465,64.06580630675465,84.06580630675465
146,34.4,24.06580630675465,44.06580630675465,64.06580630675465,84.06580630675465
147,34.8,23.921747601806135,43.92174760180613,63.92174760180613,83.92174760180613
148,34.5,23.921747601806135,43.92174760180613,63.92174760180613,83.92174760180613
149,35.4,23.77768889685761,43.77768889685761,63.77768889685761,83.77768889685761
150,37.2,49.02211949411789,69.02211949411789,89.02211949411789,109.02211949411789
151,37.4,23.633630191909095,43.63363019190909,63.63363019190909,83.63363019190909
152,36.4,23.489571486960575,43.48957148696057,63.48957148696057,83.48957148696057
153,36.7,23.489571486960575,43.48957148696057,63.48957148696057,83.48957148696057
154,36.3,61.212158677902465,81.21215867790247,101.21215867790247,121.21215867790247
155,34.7,23.05739537211502,43.057395372115025,63.057395372115025,83.05739537211502
156,33.4,22.913336667166504,42.913336667166504,62.913336667166504,82.9133366671665
157,32.8,22.769277962217984,42.769277962217984,62.769277962217984,82.76927796221798
158,32.9,22.769277962217984,42.769277962217984,62.769277962217984,82.76927796221798
159,32.9,22.913336667166504,42.913336667166504,62.913336667166504,82.9133366671665
160,33.1,23.05739537211502,43.057395372115025,63.057395372115025,83.05739537211502
161,32.1,86.45658927516274,106.45658927516274,126.45658927516274,146.45658927516274
162,30.9,23.05739537211502,43.057395372115025,63.057395372115025,83.05739537211502
163,30.1,23.05739537211502,43.057395372115025,63.057395372115025,83.05739537211502
164,29.9,23.05739537211502,43.057395372115025,63.057395372115025,83.05739537211502
165,28.5,23.05739537211502,43.057395372115025,63.057395372115025,83.05739537211502
166,28.2,23.20145407706354,43.201454077063545,63.201454077063545,83.20145407706354
167,27.5,23.05739537211502,43.057395372115025,63.057395372115025,83.05739537211502
168,26.9,23.05739537211502,43.057395372115025,63.057395372115025,83.05739537211502
169,26.5,22.913336667166504,42.913336667166504,62.913336667166504,82.9133366671665
170,26.4,22.913336667166504,42.913336667166504,62.913336667166504,82.9133366671665
171,26.9,22.913336667166504,42.913336667166504,62.913336667166504,82.9133366671665
172,28.8,22.769277962217984,42.769277962217984,62.769277962217984,82.76927796221798
173,28.9,47.86964985452974,67.86964985452974,87.86964985452974,107.86964985452974
174,30.4,22.481160552320947,42.481160552320944,62.481160552320944,82.48116055232094
175,30.7,22.048984437475394,42.0489844374754,62.0489844374754,82.0489844374754
176,31.2,21.904925732526873,41.90492573252688,61.90492573252688,81.90492573252688
177,30.3,59.48345421852025,79.48345421852025,99.48345421852025,119.48345421852025
178,29.6,21.616808322629836,41.616808322629836,61.616808322629836,81.61680832262984
179,29.3,21.616808322629836,41.616808322629836,61.616808322629836,81.61680832262984
180,29.3,21.904925732526873,41.90492573252688,61.90492573252688,81.90492573252688
181,30.6,22.337101847372427,42.33710184737242,62.33710184737242,82.33710184737242
182,29.7,22.481160552320947,42.481160552320944,62.481160552320944,82.48116055232094
183,28.5,85.73629575042015,105.73629575042015,125.73629575042015,145.73629575042014
184,28.3,23.345512782012054,43.34551278201205,63.34551278201205,83.34551278201205
185,27.8,23.489571486960575,43.48957148696057,63.48957148696057,83.48957148696057
186,27.4,23.345512782012054,43.34551278201205,63.34551278201205,83.34551278201205
187,27.1,23.345512782012054,43.34551278201205,63.34551278201205,83.34551278201205
188,27.3,23.345512782012054,43.34551278201205,63.34551278201205,83.34551278201205
189,28.4,23.489571486960575,43.48957148696057,63.48957148696057,83.48957148696057
190,27.5,23.489571486960575,43.48957148696057,63.48957148696057,83.48957148696057
191,27.1,23.633630191909095,43.63363019190909,63.63363019190909,83.63363019190909
192,27.0,23.633630191909095,43.63363019190909,63.63363019190909,83.63363019190909
193,27.5,24.06580630675465,44.06580630675465,64.06580630675465,84.06580630675465
194,28.6,49.45429560896345,69.45429560896345,89.45429560896345,109.45429560896345
195,29.5,24.20986501170317,44.20986501170317,64.20986501170317,84.20986501170317
196,30.5,24.06580630675465,44.06580630675465,64.06580630675465,84.06580630675465
197,29.8,23.921747601806135,43.92174760180613,63.92174760180613,83.92174760180613
198,27.8,61.212158677902465,81.21215867790247,101.21215867790247,121.21215867790247
199,29.1,22.481160552320947,42.481160552320944,62.481160552320944,82.48116055232094
200,28.5,22.769277962217984,42.769277962217984,62.769277962217984,82.76927796221798
201,27.3,23.77768889685761,43.77768889685761,63.77768889685761,83.77768889685761
202,28.2,25.93856947108539,45.93856947108539,65.93856947108539,85.93856947108539
203,29.0,27.955391340364653,47.955391340364656,67.95539134036466,87.95539134036466
204,29.4,28.81974357005576,48.81974357005576,68.81974357005576,88.81974357005576
205,28.5,91.78676135825793,111.78676135825793,131.78676135825793,151.78676135825793
206,29.0,27.23509781562206,47.235097815622055,67.23509781562205,87.23509781562205
207,30.9,26.226686880982435,46.226686880982435,66.22668688098244,86.22668688098244
208,31.9,25.650452061188354,45.65045206118835,65.65045206118836,85.65045206118836
209,29.5,25.794510766136877,45.79451076613688,65.79451076613688,85.79451076613688
210,28.4,25.794510766136877,45.79451076613688,65.79451076613688,85.79451076613688
211,28.4,25.36233465129132,45.36233465129132,65.36233465129132,85.36233465129132
212,27.7,24.786099831497243,44.78609983149724,64.78609983149724,84.78609983149724
213,27.5,24.93015853644576,44.93015853644576,64.93015853644576,84.93015853644576
214,27.3,24.49798242160021,44.49798242160021,64.49798242160021,84.49798242160021
215,27.6,23.921747601806135,43.92174760180613,63.92174760180613,83.92174760180613
216,30.4,48.73400208422085,68.73400208422085,88.73400208422085,108.73400208422085
217,32.2,23.633630191909095,43.63363019190909,63.63363019190909,83.63363019190909
218,33.5,23.489571486960575,43.48957148696057,63.48957148696057,83.48957148696057
219,33.0,23.489571486960575,43.48957148696057,63.48957148696057,83.48957148696057
220,31.4,61.644334792748026,81.64433479274803,101.64433479274803,121.64433479274803
221,31.0,23.77768889685761,43.77768889685761,63.77768889685761,83.77768889685761
222,31.5,23.20145407706354,43.201454077063545,63.201454077063545,83.20145407706354
223,30.1,22.913336667166504,42.913336667166504,62.913336667166504,82.9133366671665
224,32.4,22.913336667166504,42.913336667166504,62.913336667166504,82.9133366671665
225,34.4,22.913336667166504,42.913336667166504,62.913336667166504,82.9133366671665
226,34.6,23.20145407706354,43.201454077063545,63.201454077063545,83.20145407706354
227,32.5,87.89717632464794,107.89717632464794,127.89717632464794,147.89717632464794
228,33.6,26.370745585930948,46.37074558593095,66.37074558593095,86.37074558593095
229,33.4,26.658862995827985,46.65886299582799,66.65886299582799,86.65886299582799
230,32.3,28.243508750261686,48.24350875026168,68.24350875026168,88.24350875026168
231,31.4,28.675684865107243,48.67568486510724,68.67568486510724,88.67568486510724
232,31.5,29.1078609799528,49.107860979952804,69.1078609799528,89.1078609799528
233,31.4,28.96380227500428,48.963802275004284,68.96380227500428,88.96380227500428
234,31.2,29.395978389849837,49.39597838984984,69.39597838984983,89.39597838984983
235,33.4,29.1078609799528,49.107860979952804,69.1078609799528,89.1078609799528
236,34.4,28.96380227500428,48.963802275004284,68.96380227500428,88.96380227500428
237,35.1,28.96380227500428,48.963802275004284,68.96380227500428,88.96380227500428
238,37.6,28.675684865107243,48.67568486510724,68.67568486510724,88.67568486510724
239,39.7,27.523215225519095,47.523215225519095,67.5232152255191,87.5232152255191
240,40.5,51.615176183191224,71.61517618319122,91.61517618319122,111.61517618319122
241,38.5,25.794510766136877,45.79451076613688,65.79451076613688,85.79451076613688
242,40.0,25.50639335623984,45.50639335623984,65.50639335623984,85.50639335623984
243,40.6,24.93015853644576,44.93015853644576,64.93015853644576,84.93015853644576
244,38.8,62.22056961254211,82.2205696125421,102.2205696125421,122.2205696125421
245,35.0,23.20145407706354,43.201454077063545,63.201454077063545,83.20145407706354
246,33.8,22.19304314242391,42.19304314242391,62.19304314242391,82.1930431424239
247,32.9,22.048984437475394,42.0489844374754,62.0489844374754,82.0489844374754
248,34.1,22.048984437475394,42.0489844374754,62.0489844374754,82.0489844374754
249,36.9,22.048984437475394,42.0489844374754,62.0489844374754,82.0489844374754
250,37.7,22.048984437475394,42.0489844374754,62.0489844374754,82.0489844374754
251,36.3,85.01600222567757,105.01600222567757,125.01600222567757,145.01600222567757
252,35.9,21.904925732526873,41.90492573252688,61.90492573252688,81.90492573252688
253,34.4,21.760867027578357,41.76086702757836,61.76086702757836,81.76086702757836
254,34.0,21.47274961768132,41.472749617681316,61.472749617681316,81.47274961768132
255,33.4,21.040573502835763,41.04057350283576,61.04057350283576,81.04057350283577
256,32.2,20.752456092938722,40.75245609293872,60.75245609293872,80.75245609293873
257,30.0,20.464338683041685,40.46433868304169,60.46433868304169,80.46433868304169
258,30.7,20.32027997809317,40.32027997809317,60.32027997809317,80.32027997809317
259,30.5,20.464338683041685,40.46433868304169,60.46433868304169,80.46433868304169
260,29.2,20.176221273144648,40.17622127314465,60.17622127314465,80.17622127314465
261,28.3,20.464338683041685,40.46433868304169,60.46433868304169,80.46433868304169
262,28.5,21.47274961768132,41.472749617681316,61.472749617681316,81.47274961768132
263,30.3,22.048984437475394,42.0489844374754,62.0489844374754,82.0489844374754
264,33.0,48.01370855947826,68.01370855947826,88.01370855947826,108.01370855947826
265,37.1,24.93015853644576,44.93015853644576,64.93015853644576,84.93015853644576
266,34.7,26.946980405725025,46.94698040572503,66.94698040572503,86.94698040572503
267,33.9,26.946980405725025,46.94698040572503,66.94698040572503,86.94698040572503
268,32.6,65.53391982635803,85.53391982635803,105.53391982635803,125.53391982635803
269,31.5,28.099450045313173,48.099450045313176,68.09945004531318,88.09945004531318
270,30.9,28.531626160158723,48.53162616015872,68.53162616015872,88.53162616015872
271,29.5,30.83656543933502,50.83656543933502,70.83656543933502,90.83656543933502
272,29.3,31.268741554180583,51.26874155418058,71.26874155418058,91.26874155418058
273,29.8,31.268741554180583,51.26874155418058,71.26874155418058,91.26874155418058
274,28.6,94.23575934238275,114.23575934238275,134.23575934238275,154.23575934238275
275,28.0,30.692506734386505,50.692506734386505,70.69250673438651,90.69250673438651
276,27.8,30.692506734386505,50.692506734386505,70.69250673438651,90.69250673438651
277,26.6,30.260330619540948,50.26033061954095,70.26033061954095,90.26033061954095
278,24.5,29.97221320964391,49.97221320964391,69.97221320964391,89.97221320964391
279,23.2,29.97221320964391,49.97221320964391,69.97221320964391,89.97221320964391
280,20.9,29.828154504695394,49.82815450469539,69.82815450469539,89.82815450469539
281,22.5,29.540037094798354,49.54003709479835,69.54003709479835,89.54003709479835
282,22.5,29.97221320964391,49.97221320964391,69.97221320964391,89.97221320964391
283,21.9,28.81974357005576,48.81974357005576,68.81974357005576,88.81974357005576
284,21.5,27.955391340364653,47.955391340364656,67.95539134036466,87.95539134036466
285,21.7,28.243508750261686,48.24350875026168,68.24350875026168,88.24350875026168
286,22.1,29.395978389849837,49.39597838984984,69.39597838984983,89.39597838984983
287,23.8,56.080996036595295,76.0809960365953,96.0809960365953,116.0809960365953
288,25.0,30.11627191459243,50.11627191459243,70.11627191459243,90.11627191459243
289,25.1,26.802921700776505,46.80292170077651,66.80292170077651,86.80292170077651
290,25.0,23.77768889685761,43.77768889685761,63.77768889685761,83.77768889685761
291,22.7,22.481160552320947,42.481160552320944,62.481160552320944,82.48116055232094
292,22.4,22.913336667166504,42.913336667166504,62.913336667166504,82.9133366671665
293,21.8,23.633630191909095,43.63363019190909,63.63363019190909,83.63363019190909
294,22.0,23.921747601806135,43.92174760180613,63.92174760180613,83.92174760180613
295,23.1,24.06580630675465,44.06580630675465,64.06580630675465,84.06580630675465
296,23.3,24.353923716651693,44.35392371665169,64.35392371665169,84.35392371665169
297,23.7,87.46500020980238,107.46500020980238,127.46500020980238,147.46500020980238
298,23.5,24.06580630675465,44.06580630675465,64.06580630675465,84.06580630675465
299,22.9,24.49798242160021,44.49798242160021,64.49798242160021,84.49798242160021
300,22.9,24.642041126548726,44.642041126548726,64.64204112654872,84.64204112654872
301,22.3,24.786099831497243,44.78609983149724,64.78609983149724,84.78609983149724
302,21.1,24.93015853644576,44.93015853644576,64.93015853644576,84.93015853644576
303,19.8,25.074217241394283,45.07421724139428,65.07421724139428,85.07421724139428
304,19.2,25.074217241394283,45.07421724139428,65.07421724139428,85.07421724139428
305,19.3,25.50639335623984,45.50639335623984,65.50639335623984,85.50639335623984
306,19.4,25.93856947108539,45.93856947108539,65.93856947108539,85.93856947108539
307,17.8,26.226686880982435,46.226686880982435,66.22668688098244,86.22668688098244
308,17.3,26.370745585930948,46.37074558593095,66.37074558593095,86.37074558593095
309,19.0,51.615176183191224,71.61517618319122,91.61517618319122,111.61517618319122
310,22.4,26.658862995827985,46.65886299582799,66.65886299582799,86.65886299582799
311,24.2,26.514804290879468,46.51480429087947,66.51480429087947,86.51480429087947
312,23.7,26.946980405725025,46.94698040572503,66.94698040572503,86.94698040572503
313,23.6,65.24580241646099,85.24580241646099,105.24580241646099,125.24580241646099
314,23.6,28.099450045313173,48.099450045313176,68.09945004531318,88.09945004531318
315,23.9,30.980624144283546,50.980624144283546,70.98062414428355,90.98062414428355
316,24.6,31.844976373974653,51.84497637397465,71.84497637397465,91.84497637397465
317,25.2,32.133093783871686,52.133093783871686,72.13309378387169,92.13309378387169
318,26.5,32.70932860366576,52.70932860366576,72.70932860366577,92.70932860366577
319,27.2,33.86179824325391,53.86179824325391,73.8617982432539,93.8617982432539
320,26.5,98.12534437599275,118.12534437599275,138.12534437599277,158.12534437599277
321,26.0,35.73456140758466,55.73456140758466,75.73456140758466,95.73456140758466
322,26.1,35.73456140758466,55.73456140758466,75.73456140758466,95.73456140758466
323,25.9,36.02267881748169,56.02267881748169,76.02267881748169,96.02267881748169
324,25.8,36.74297234222428,56.74297234222428,76.74297234222428,96.74297234222428
325,24.8,37.75138327686391,57.75138327686391,77.75138327686392,97.75138327686392
326,24.3,39.19197032634909,59.19197032634909,79.1919703263491,99.1919703263491
327,25.1,39.62414644119465,59.62414644119465,79.62414644119465,99.62414644119465
328,24.2,39.04791162140057,59.04791162140057,79.04791162140057,99.04791162140057
329,24.3,38.4716768016065,58.4716768016065,78.47167680160649,98.47167680160649
330,25.5,38.183559391709466,58.183559391709466,78.18355939170947,98.18355939170947
331,26.8,37.89544198181243,57.89544198181243,77.89544198181244,97.89544198181244
332,27.2,38.4716768016065,58.4716768016065,78.47167680160649,98.47167680160649
333,27.3,64.72451833350641,84.72451833350641,104.72451833350641,124.72451833350641
334,28.9,40.7766160807828,60.7766160807828,80.7766160807828,100.7766160807828
335,30.3,41.640968310473916,61.640968310473916,81.64096831047391,101.64096831047391
336,29.8,40.7766160807828,60.7766160807828,80.7766160807828,100.7766160807828
337,28.4,76.48238140244544,96.48238140244544,116.48238140244544,136.48238140244544
338,27.4,36.02267881748169,56.02267881748169,76.02267881748169,96.02267881748169
339,26.9,34.29397435809947,54.29397435809947,74.29397435809946,94.29397435809946
340,27.1,33.285563423459834,53.285563423459834,73.28556342345983,93.28556342345983
341,27.3,32.56526989871724,52.56526989871724,72.56526989871725,92.56526989871725
342,28.2,32.42121119376873,52.42121119376873,72.42121119376873,92.42121119376873
343,29.2,32.85338730861428,52.85338730861428,72.85338730861429,92.85338730861429
344,29.1,96.82881603145609,116.82881603145609,136.82881603145609,156.82881603145609
345,28.3,34.29397435809947,54.29397435809947,74.29397435809946,94.29397435809946
346,27.9,34.5820917679965,54.5820917679965,74.5820917679965,94.5820917679965
347,27.5,34.43803306304798,54.43803306304798,74.43803306304798,94.43803306304798
348,27.6,34.29397435809947,54.29397435809947,74.29397435809946,94.29397435809946
349,26.9,34.00585694820243,54.00585694820243,74.00585694820242,94.00585694820242
350,27.4,32.70932860366576,52.70932860366576,72.70932860366577,92.70932860366577
351,26.3,31.70091766902613,51.700917669026126,71.70091766902613,91.70091766902613
352,24.4,31.556858964077616,51.55685896407762,71.55685896407762,91.55685896407762
353,23.4,31.124682849232055,51.12468284923206,71.12468284923206,91.12468284923206
354,23.0,30.83656543933502,50.83656543933502,70.83656543933502,90.83656543933502
355,22.9,30.404389324489465,50.404389324489465,70.40438932448947,90.40438932448947
356,23.4,29.540037094798354,49.54003709479835,69.54003709479835,89.54003709479835
357,23.7,54.06417416731604,74.06417416731604,94.06417416731604,114.06417416731604
358,23.8,29.251919684901317,49.25191968490132,69.25191968490131,89.25191968490131
359,23.5,27.955391340364653,47.955391340364656,67.95539134036466,87.95539134036466
360,24.8,26.802921700776505,46.80292170077651,66.80292170077651,86.80292170077651
361,24.9,63.8052153669758,83.8052153669758,103.8052153669758,123.8052153669758
362,24.9,25.650452061188354,45.65045206118835,65.65045206118836,85.65045206118836
363,25.1,25.218275946342796,45.2182759463428,65.2182759463428,85.2182759463428
364,24.8,25.36233465129132,45.36233465129132,65.36233465129132,85.36233465129132
365,25.0,25.50639335623984,45.50639335623984,65.50639335623984,85.50639335623984
366,24.6,25.650452061188354,45.65045206118835,65.65045206118836,85.65045206118836
367,24.1,25.650452061188354,45.65045206118835,65.65045206118836,85.65045206118836
368,23.1,89.04964596423608,109.04964596423608,129.04964596423608,149.04964596423608
369,23.1,26.08262817603391,46.08262817603391,66.08262817603391,86.08262817603391
370,24.4,26.08262817603391,46.08262817603391,66.08262817603391,86.08262817603391
371,25.0,26.226686880982435,46.226686880982435,66.22668688098244,86.22668688098244
372,25.2,26.370745585930948,46.37074558593095,66.37074558593095,86.37074558593095
373,24.3,26.370745585930948,46.37074558593095,66.37074558593095,86.37074558593095
374,23.2,26.226686880982435,46.226686880982435,66.22668688098244,86.22668688098244
375,24.3,26.514804290879468,46.51480429087947,66.51480429087947,86.51480429087947
376,23.0,26.514804290879468,46.51480429087947,66.51480429087947,86.51480429087947
377,24.3,26.658862995827985,46.65886299582799,66.65886299582799,86.65886299582799
378,28.0,26.946980405725025,46.94698040572503,66.94698040572503,86.94698040572503
379,28.5,27.23509781562206,47.235097815622055,67.23509781562205,87.23509781562205
380,29.2,27.37915652057058,47.379156520570575,67.37915652057058,87.37915652057058
381,31.4,52.47952841288233,72.47952841288233,92.47952841288233,112.47952841288233
382,33.2,27.09103911067354,47.09103911067354,67.09103911067353,87.09103911067353
383,33.0,26.658862995827985,46.65886299582799,66.65886299582799,86.65886299582799
384,31.2,26.226686880982435,46.226686880982435,66.22668688098244,86.22668688098244
385,29.8,63.66115666202729,83.66115666202728,103.66115666202728,123.66115666202728
386,29.2,25.650452061188354,45.65045206118835,65.65045206118836,85.65045206118836
387,28.6,25.650452061188354,45.65045206118835,65.65045206118836,85.65045206118836
388,30.1,26.08262817603391,46.08262817603391,66.08262817603391,86.08262817603391
389,31.9,26.226686880982435,46.226686880982435,66.22668688098244,86.22668688098244
390,33.7,26.226686880982435,46.226686880982435,66.22668688098244,86.22668688098244
391,33.3,89.48182207908164,109.48182207908164,129.48182207908164,149.48182207908164
392,32.5,26.226686880982435,46.226686880982435,66.22668688098244,86.22668688098244
393,31.1,26.08262817603391,46.08262817603391,66.08262817603391,86.08262817603391
394,30.8,26.08262817603391,46.08262817603391,66.08262817603391,86.08262817603391
395,29.9,26.08262817603391,46.08262817603391,66.08262817603391,86.08262817603391
396,29.5,25.93856947108539,45.93856947108539,65.93856947108539,85.93856947108539
397,29.0,25.93856947108539,45.93856947108539,65.93856947108539,85.93856947108539
398,29.6,25.93856947108539,45.93856947108539,65.93856947108539,85.93856947108539
399,29.4,25.794510766136877,45.79451076613688,65.79451076613688,85.79451076613688
400,29.5,25.50639335623984,45.50639335623984,65.50639335623984,85.50639335623984
401,30.9,25.218275946342796,45.2182759463428,65.2182759463428,85.2182759463428
402,32.6,24.93015853644576,44.93015853644576,64.93015853644576,84.93015853644576
403,35.6,50.030530428757515,70.03053042875752,90.03053042875752,110.03053042875752
404,36.6,24.20986501170317,44.20986501170317,64.20986501170317,84.20986501170317
405,35.8,23.921747601806135,43.92174760180613,63.92174760180613,83.92174760180613
406,32.3,61.644334792748026,81.64433479274803,101.64433479274803,121.64433479274803
407,30.6,23.77768889685761,43.77768889685761,63.77768889685761,83.77768889685761
408,28.7,23.633630191909095,43.63363019190909,63.63363019190909,83.63363019190909
409,28.6,23.633630191909095,43.63363019190909,63.63363019190909,83.63363019190909
410,30.5,23.633630191909095,43.63363019190909,63.63363019190909,83.63363019190909
411,31.8,23.633630191909095,43.63363019190909,63.63363019190909,83.63363019190909
412,29.4,86.8887653900083,106.8887653900083,126.8887653900083,146.8887653900083
413,27.9,23.77768889685761,43.77768889685761,63.77768889685761,83.77768889685761
414,28.0,23.921747601806135,43.92174760180613,63.92174760180613,83.92174760180613
415,28.4,24.06580630675465,44.06580630675465,64.06580630675465,84.06580630675465
416,29.5,24.353923716651693,44.35392371665169,64.35392371665169,84.35392371665169
417,27.6,24.642041126548726,44.642041126548726,64.64204112654872,84.64204112654872
418,26.2,24.93015853644576,44.93015853644576,64.93015853644576,84.93015853644576
419,25.1,25.074217241394283,45.07421724139428,65.07421724139428,85.07421724139428
420,23.8,25.218275946342796,45.2182759463428,65.2182759463428,85.2182759463428
421,22.5,25.218275946342796,45.2182759463428,65.2182759463428,85.2182759463428
422,23.6,25.36233465129132,45.36233465129132,65.36233465129132,85.36233465129132
423,23.7,25.50639335623984,45.50639335623984,65.50639335623984,85.50639335623984
424,24.9,50.75082395350012,70.75082395350012,90.75082395350012,110.75082395350012
425,27.4,25.650452061188354,45.65045206118835,65.65045206118836,85.65045206118836
426,28.4,25.074217241394283,45.07421724139428,65.07421724139428,85.07421724139428
427,28.3,24.20986501170317,44.20986501170317,64.20986501170317,84.20986501170317
428,28.1,61.356217382850986,81.35621738285099,101.35621738285099,121.35621738285099
429,27.8,23.20145407706354,43.201454077063545,63.201454077063545,83.20145407706354
430,27.3,22.913336667166504,42.913336667166504,62.913336667166504,82.9133366671665
431,26.2,22.337101847372427,42.33710184737242,62.33710184737242,82.33710184737242
432,27.2,22.19304314242391,42.19304314242391,62.19304314242391,82.1930431424239
433,27.6,22.769277962217984,42.769277962217984,62.769277962217984,82.76927796221798
434,27.5,86.60064798011126,106.60064798011126,126.60064798011126,146.60064798011126
435,27.6,24.06580630675465,44.06580630675465,64.06580630675465,84.06580630675465
436,27.7,24.06580630675465,44.06580630675465,64.06580630675465,84.06580630675465
437,28.1,23.345512782012054,43.34551278201205,63.34551278201205,83.34551278201205
438,27.7,23.05739537211502,43.057395372115025,63.057395372115025,83.05739537211502
439,24.7,22.481160552320947,42.481160552320944,62.481160552320944,82.48116055232094
440,25.8,22.337101847372427,42.33710184737242,62.33710184737242,82.33710184737242
441,28.8,22.337101847372427,42.33710184737242,62.33710184737242,82.33710184737242
442,30.2,22.19304314242391,42.19304314242391,62.19304314242391,82.1930431424239
443,31.4,21.904925732526873,41.90492573252688,61.90492573252688,81.90492573252688
444,32.6,21.760867027578357,41.76086702757836,61.76086702757836,81.76086702757836
445,35.4,46.86123891989011,66.86123891989011,86.86123891989011,106.86123891989011
446,37.6,21.616808322629836,41.616808322629836,61.616808322629836,81.61680832262984
447,37.8,21.616808322629836,41.616808322629836,61.616808322629836,81.61680832262984
448,36.5,21.47274961768132,41.472749617681316,61.472749617681316,81.47274961768132
449,35.3,59.19533680862321,79.19533680862321,99.19533680862321,119.19533680862321
450,34.7,21.3286909127328,41.328690912732796,61.328690912732796,81.3286909127328
451,33.9,21.47274961768132,41.472749617681316,61.472749617681316,81.47274961768132
452,33.3,21.47274961768132,41.472749617681316,61.472749617681316,81.47274961768132
453,35.1,21.47274961768132,41.472749617681316,61.472749617681316,81.47274961768132
454,36.2,21.760867027578357,41.76086702757836,61.76086702757836,81.76086702757836
455,36.8,21.904925732526873,41.90492573252688,61.90492573252688,81.90492573252688
456,36.0,85.16006093062609,105.16006093062609,125.16006093062609,145.1600609306261
457,34.7,22.048984437475394,42.0489844374754,62.0489844374754,82.0489844374754
458,34.0,22.048984437475394,42.0489844374754,62.0489844374754,82.0489844374754
459,32.7,22.048984437475394,42.0489844374754,62.0489844374754,82.0489844374754
460,31.6,21.904925732526873,41.90492573252688,61.90492573252688,81.90492573252688
461,31.4,21.760867027578357,41.76086702757836,61.76086702757836,81.76086702757836
462,30.7,21.47274961768132,41.472749617681316,61.472749617681316,81.47274961768132
463,29.4,21.3286909127328,41.328690912732796,61.328690912732796,81.3286909127328
464,28.9,21.040573502835763,41.04057350283576,61.04057350283576,81.04057350283577
465,29.0,20.752456092938722,40.75245609293872,60.75245609293872,80.75245609293873
466,29.6,20.032162568196128,40.03216256819613,60.03216256819613,80.03216256819613
467,30.0,19.599986453350578,39.59998645335058,59.59998645335058,79.59998645335058
468,32.2,18.879692928607984,38.87969292860798,58.87969292860798,78.87969292860798
469,35.4,43.83600611597122,63.83600611597122,83.83600611597123,103.83600611597123
470,35.6,18.159399403865386,38.159399403865386,58.159399403865386,78.1593994038654
471,36.0,17.727223289019836,37.72722328901983,57.72722328901983,77.72722328901983
472,35.4,17.439105879122796,37.43910587912279,57.43910587912279,77.43910587912279
473,34.6,55.305751775013206,75.3057517750132,95.3057517750132,115.3057517750132
474,32.0,17.583164584071316,37.58316458407131,57.58316458407131,77.58316458407131
475,31.2,17.583164584071316,37.58316458407131,57.58316458407131,77.58316458407131
476,30.1,17.15098846922576,37.15098846922576,57.15098846922576,77.15098846922575
477,29.4,16.86287105932872,36.862871059328725,56.862871059328725,76.86287105932873
478,29.9,17.15098846922576,37.15098846922576,57.15098846922576,77.15098846922575
479,32.3,17.29504717417428,37.29504717417428,57.29504717417428,77.29504717417427
480,32.5,80.83829978217054,100.83829978217054,120.83829978217054,140.83829978217054
481,32.4,18.30345810881391,38.30345810881391,58.30345810881391,78.30345810881391
482,32.1,18.879692928607984,38.87969292860798,58.87969292860798,78.87969292860798
483,32.3,19.599986453350578,39.59998645335058,59.59998645335058,79.59998645335058
484,32.2,19.744045158299095,39.744045158299095,59.744045158299095,79.74404515829909
485,31.4,19.0237516335565,39.0237516335565,59.0237516335565,79.0237516335565
486,31.8,18.879692928607984,38.87969292860798,58.87969292860798,78.87969292860798
487,31.3,19.0237516335565,39.0237516335565,59.0237516335565,79.0237516335565
488,31.8,19.311869043453537,39.31186904345354,59.31186904345354,79.31186904345354
489,31.9,19.599986453350578,39.59998645335058,59.59998645335058,79.59998645335058
490,32.6,19.88810386324761,39.88810386324761,59.88810386324761,79.88810386324761
491,33.7,20.032162568196128,40.03216256819613,60.03216256819613,80.03216256819613
492,34.4,45.564710575353445,65.56471057535344,85.56471057535344,105.56471057535344
493,35.0,19.455927748402058,39.45592774840206,59.45592774840206,79.45592774840206
494,36.4,18.30345810881391,38.30345810881391,58.30345810881391,78.30345810881391
495,36.2,18.159399403865386,38.159399403865386,58.159399403865386,78.1593994038654
496,34.8,56.314162709652834,76.31416270965283,96.31416270965283,116.31416270965283
497,34.0,17.727223289019836,37.72722328901983,57.72722328901983,77.72722328901983
498,34.6,16.574753649431685,36.574753649431685,56.574753649431685,76.57475364943168
499,32.7,15.710401419740574,35.71040141974058,55.71040141974058,75.71040141974058
500,31.6,15.854460124689094,35.8544601246891,55.8544601246891,75.8544601246891
501,32.2,18.591575518710947,38.59157551871095,58.59157551871095,78.59157551871095
502,31.6,81.70265201186164,101.70265201186164,121.70265201186164,141.70265201186163
503,31.8,19.0237516335565,39.0237516335565,59.0237516335565,79.0237516335565
504,31.0,18.447516813762427,38.44751681376243,58.44751681376243,78.44751681376243
505,30.6,17.583164584071316,37.58316458407131,57.58316458407131,77.58316458407131
506,29.0,17.439105879122796,37.43910587912279,57.43910587912279,77.43910587912279
507,27.7,17.29504717417428,37.29504717417428,57.29504717417428,77.29504717417427
508,28.6,17.15098846922576,37.15098846922576,57.15098846922576,77.15098846922575
509,29.2,17.006929764277242,37.006929764277245,57.006929764277245,77.00692976427725
510,28.2,17.006929764277242,37.006929764277245,57.006929764277245,77.00692976427725
511,27.4,16.430694944483168,36.430694944483164,56.430694944483164,76.43069494448316
512,27.7,16.28663623953465,36.28663623953465,56.28663623953465,76.28663623953466
513,27.2,16.430694944483168,36.430694944483164,56.430694944483164,76.43069494448316
514,28.4,16.430694944483168,36.430694944483164,56.430694944483164,76.43069494448316
515,28.7,42.107301656589,62.107301656589,82.107301656589,102.107301656589
516,29.8,16.28663623953465,36.28663623953465,56.28663623953465,76.28663623953466
517,31.5,16.28663623953465,36.28663623953465,56.28663623953465,76.28663623953466
518,32.1,16.28663623953465,36.28663623953465,56.28663623953465,76.28663623953466
519,30.1,54.00922343047654,74.00922343047654,94.00922343047654,114.00922343047654
520,27.8,15.99851882963761,35.99851882963761,55.99851882963761,75.99851882963762
521,27.2,15.99851882963761,35.99851882963761,55.99851882963761,75.99851882963762
522,26.6,16.718812354380205,36.718812354380205,56.718812354380205,76.7188123543802
523,26.5,17.87128199396835,37.87128199396835,57.87128199396835,77.87128199396835
524,26.5,19.16781033850502,39.16781033850502,59.16781033850502,79.16781033850502
525,28.4,20.176221273144648,40.17622127314465,60.17622127314465,80.17622127314465
526,30.6,83.43135647124386,103.43135647124386,123.43135647124386,143.43135647124387
527,30.5,20.32027997809317,40.32027997809317,60.32027997809317,80.32027997809317
528,29.7,20.464338683041685,40.46433868304169,60.46433868304169,80.46433868304169
529,27.8,20.752456092938722,40.75245609293872,60.75245609293872,80.75245609293873
530,26.6,21.47274961768132,41.472749617681316,61.472749617681316,81.47274961768132
531,25.4,22.337101847372427,42.33710184737242,62.33710184737242,82.33710184737242
532,21.9,22.481160552320947,42.481160552320944,62.481160552320944,82.48116055232094
533,21.6,23.20145407706354,43.201454077063545,63.201454077063545,83.20145407706354
534,21.6,23.77768889685761,43.77768889685761,63.77768889685761,83.77768889685761
535,22.6,24.49798242160021,44.49798242160021,64.49798242160021,84.49798242160021
536,22.0,24.93015853644576,44.93015853644576,64.93015853644576,84.93015853644576
537,22.1,24.786099831497243,44.78609983149724,64.78609983149724,84.78609983149724
538,22.3,25.50639335623984,45.50639335623984,65.50639335623984,85.50639335623984
539,23.5,51.47111747824271,71.47111747824272,91.47111747824272,111.47111747824272
540,25.2,26.802921700776505,46.80292170077651,66.80292170077651,86.80292170077651
541,25.2,25.50639335623984,45.50639335623984,65.50639335623984,85.50639335623984
542,24.5,24.06580630675465,44.06580630675465,64.06580630675465,84.06580630675465
543,24.6,60.49186515315988,80.49186515315988,100.49186515315988,120.49186515315988
544,24.4,21.904925732526873,41.90492573252688,61.90492573252688,81.90492573252688
545,25.0,21.760867027578357,41.76086702757836,61.76086702757836,81.76086702757836
546,25.3,22.481160552320947,42.481160552320944,62.481160552320944,82.48116055232094
547,24.8,23.05739537211502,43.057395372115025,63.057395372115025,83.05739537211502
548,24.5,23.489571486960575,43.48957148696057,63.48957148696057,83.48957148696057
549,25.2,23.633630191909095,43.63363019190909,63.63363019190909,83.63363019190909
550,24.5,86.60064798011126,106.60064798011126,126.60064798011126,146.60064798011126
551,23.2,24.06580630675465,44.06580630675465,64.06580630675465,84.06580630675465
552,23.4,25.218275946342796,45.2182759463428,65.2182759463428,85.2182759463428
553,24.7,24.93015853644576,44.93015853644576,64.93015853644576,84.93015853644576
554,24.5,23.633630191909095,43.63363019190909,63.63363019190909,83.63363019190909
555,23.4,23.05739537211502,43.057395372115025,63.057395372115025,83.05739537211502
556,22.5,23.05739537211502,43.057395372115025,63.057395372115025,83.05739537211502
557,22.4,23.20145407706354,43.201454077063545,63.201454077063545,83.20145407706354
558,22.1,22.913336667166504,42.913336667166504,62.913336667166504,82.9133366671665
559,21.5,22.913336667166504,42.913336667166504,62.913336667166504,82.9133366671665
560,21.3,23.05739537211502,43.057395372115025,63.057395372115025,83.05739537211502
561,21.8,22.913336667166504,42.913336667166504,62.913336667166504,82.9133366671665
562,23.4,22.337101847372427,42.33710184737242,62.33710184737242,82.33710184737242
563,26.4,47.29341503473567,67.29341503473567,87.29341503473567,107.29341503473567
564,30.2,22.048984437475394,42.0489844374754,62.0489844374754,82.0489844374754
565,29.9,21.904925732526873,41.90492573252688,61.90492573252688,81.90492573252688
566,30.3,22.481160552320947,42.481160552320944,62.481160552320944,82.48116055232094
567,26.8,23.633630191909095,43.63363019190909,63.63363019190909,83.63363019190909
568,26.2,23.921747601806135,43.92174760180613,63.92174760180613,83.92174760180613
569,25.1,24.20986501170317,44.20986501170317,64.20986501170317,84.20986501170317
570,26.2,24.20986501170317,44.20986501170317,64.20986501170317,84.20986501170317
571,28.9,24.353923716651693,44.35392371665169,64.35392371665169,84.35392371665169
572,32.8,24.93015853644576,44.93015853644576,64.93015853644576,84.93015853644576
573,33.8,88.47341114444201,108.47341114444201,128.47341114444203,148.47341114444203
574,34.8,25.50639335623984,45.50639335623984,65.50639335623984,85.50639335623984
575,34.4,25.650452061188354,45.65045206118835,65.65045206118836,85.65045206118836
576,33.9,26.370745585930948,46.37074558593095,66.37074558593095,86.37074558593095
577,33.5,26.946980405725025,46.94698040572503,66.94698040572503,86.94698040572503
578,33.4,27.66727393046762,47.667273930467616,67.66727393046762,87.66727393046762
579,32.1,27.811332635416132,47.811332635416136,67.81133263541614,87.81133263541614
580,32.5,27.66727393046762,47.667273930467616,67.66727393046762,87.66727393046762
581,31.2,27.523215225519095,47.523215225519095,67.5232152255191,87.5232152255191
582,29.3,27.523215225519095,47.523215225519095,67.5232152255191,87.5232152255191
583,27.9,27.523215225519095,47.523215225519095,67.5232152255191,87.5232152255191
584,28.7,27.523215225519095,47.523215225519095,67.5232152255191,87.5232152255191
585,30.2,52.76764582277937,72.76764582277937,92.76764582277937,112.76764582277937
586,30.2,27.66727393046762,47.667273930467616,67.66727393046762,87.66727393046762
587,30.3,27.523215225519095,47.523215225519095,67.5232152255191,87.5232152255191
588,27.6,27.23509781562206,47.235097815622055,67.23509781562205,87.23509781562205
589,26.7,64.95768500656395,84.95768500656395,104.95768500656395,124.95768500656395
590,25.5,26.514804290879468,46.51480429087947,66.51480429087947,86.51480429087947
591,24.2,26.226686880982435,46.226686880982435,66.22668688098244,86.22668688098244
592,23.9,26.226686880982435,46.226686880982435,66.22668688098244,86.22668688098244
593,24.9,26.370745585930948,46.37074558593095,66.37074558593095,86.37074558593095
594,24.7,26.658862995827985,46.65886299582799,66.65886299582799,86.65886299582799
595,26.4,26.946980405725025,46.94698040572503,66.94698040572503,86.94698040572503
596,28.1,90.20211560382424,110.20211560382424,130.20211560382424,150.20211560382424
597,27.5,27.23509781562206,47.235097815622055,67.23509781562205,87.23509781562205
598,26.8,27.09103911067354,47.09103911067354,67.09103911067353,87.09103911067353
599,27.5,27.09103911067354,47.09103911067354,67.09103911067353,87.09103911067353
600,28.1,27.37915652057058,47.379156520570575,67.37915652057058,87.37915652057058
601,27.2,27.523215225519095,47.523215225519095,67.5232152255191,87.5232152255191
602,26.1,27.955391340364653,47.955391340364656,67.95539134036466,87.95539134036466
603,24.7,28.531626160158723,48.53162616015872,68.53162616015872,88.53162616015872
604,23.6,28.81974357005576,48.81974357005576,68.81974357005576,88.81974357005576
605,22.8,29.1078609799528,49.107860979952804,69.1078609799528,89.1078609799528
606,22.4,29.1078609799528,49.107860979952804,69.1078609799528,89.1078609799528
607,23.4,29.1078609799528,49.107860979952804,69.1078609799528,89.1078609799528
608,23.7,29.684095799746874,49.68409579974687,69.68409579974687,89.68409579974687
609,24.8,55.36070251185271,75.36070251185271,95.36070251185271,115.36070251185271
610,26.5,30.692506734386505,50.692506734386505,70.69250673438651,90.69250673438651
611,26.7,31.412800259129092,51.41280025912909,71.41280025912909,91.41280025912909
612,25.9,30.980624144283546,50.980624144283546,70.98062414428355,90.98062414428355
613,23.7,68.27103522037987,88.27103522037987,108.27103522037987,128.27103522037987
614,21.8,29.395978389849837,49.39597838984984,69.39597838984983,89.39597838984983
615,21.8,29.251919684901317,49.25191968490132,69.25191968490131,89.25191968490131
616,21.9,30.11627191459243,50.11627191459243,70.11627191459243,90.11627191459243
617,22.4,31.98903507892317,51.989035078923166,71.98903507892317,91.98903507892317
618,24.1,34.14991565315095,54.14991565315095,74.14991565315094,94.14991565315094
619,25.0,35.73456140758466,55.73456140758466,75.73456140758466,95.73456140758466
620,25.1,99.56593142547794,119.56593142547794,139.56593142547794,159.56593142547794
621,24.8,37.17514845706984,57.17514845706984,77.17514845706984,97.17514845706984
622,24.4,37.75138327686391,57.75138327686391,77.75138327686392,97.75138327686392
623,23.6,38.183559391709466,58.183559391709466,78.18355939170947,98.18355939170947
624,23.2,38.615735506555026,58.615735506555026,78.61573550655503,98.61573550655503
625,22.9,36.74297234222428,56.74297234222428,76.74297234222428,96.74297234222428
626,24.2,35.44644399768761,55.44644399768761,75.44644399768761,95.44644399768761
627,25.1,34.29397435809947,54.29397435809947,74.29397435809946,94.29397435809946
628,24.4,33.573680833356875,53.573680833356875,73.57368083335687,93.57368083335687
629,23.4,32.85338730861428,52.85338730861428,72.85338730861429,92.85338730861429
630,23.4,32.27715248882021,52.27715248882021,72.2771524888202,92.2771524888202
631,23.4,31.70091766902613,51.700917669026126,71.70091766902613,91.70091766902613
632,25.2,31.124682849232055,51.12468284923206,71.12468284923206,91.12468284923206
633,26.8,55.64881992174974,75.64881992174975,95.64881992174975,115.64881992174975
634,28.1,29.395978389849837,49.39597838984984,69.39597838984983,89.39597838984983
635,29.9,28.243508750261686,48.24350875026168,68.24350875026168,88.24350875026168
636,29.7,27.23509781562206,47.235097815622055,67.23509781562205,87.23509781562205
637,28.9,64.09333277687284,84.09333277687284,104.09333277687284,124.09333277687284
638,28.7,25.650452061188354,45.65045206118835,65.65045206118836,85.65045206118836
639,27.8,25.36233465129132,45.36233465129132,65.36233465129132,85.36233465129132
640,26.6,25.36233465129132,45.36233465129132,65.36233465129132,85.36233465129132
641,27.1,25.218275946342796,45.2182759463428,65.2182759463428,85.2182759463428
642,27.4,25.218275946342796,45.2182759463428,65.2182759463428,85.2182759463428
643,29.3,25.36233465129132,45.36233465129132,65.36233465129132,85.36233465129132
644,30.7,88.47341114444201,108.47341114444201,128.47341114444203,148.47341114444203
645,30.3,25.50639335623984,45.50639335623984,65.50639335623984,85.50639335623984
646,31.5,25.650452061188354,45.65045206118835,65.65045206118836,85.65045206118836
647,31.3,25.93856947108539,45.93856947108539,65.93856947108539,85.93856947108539
648,30.2,26.08262817603391,46.08262817603391,66.08262817603391,86.08262817603391
649,28.5,26.226686880982435,46.226686880982435,66.22668688098244,86.22668688098244
650,27.2,26.802921700776505,46.80292170077651,66.80292170077651,86.80292170077651
651,27.0,27.523215225519095,47.523215225519095,67.5232152255191,87.5232152255191
652,27.1,27.66727393046762,47.667273930467616,67.66727393046762,87.66727393046762
653,26.0,27.955391340364653,47.955391340364656,67.95539134036466,87.95539134036466
654,25.2,28.387567455210206,48.3875674552102,68.3875674552102,88.3875674552102
655,25.2,28.96380227500428,48.963802275004284,68.96380227500428,88.96380227500428
656,25.9,29.540037094798354,49.54003709479835,69.54003709479835,89.54003709479835
657,27.0,55.21664380690419,75.21664380690419,95.21664380690419,115.21664380690419
658,26.2,30.692506734386505,50.692506734386505,70.69250673438651,90.69250673438651
659,25.6,31.124682849232055,51.12468284923206,71.12468284923206,91.12468284923206
660,25.7,31.268741554180583,51.26874155418058,71.26874155418058,91.26874155418058
661,26.4,69.135387450071,89.135387450071,109.135387450071,129.135387450071
662,24.9,30.83656543933502,50.83656543933502,70.83656543933502,90.83656543933502
663,23.6,29.97221320964391,49.97221320964391,69.97221320964391,89.97221320964391
664,22.7,29.251919684901317,49.25191968490132,69.25191968490131,89.25191968490131
665,21.8,28.96380227500428,48.963802275004284,68.96380227500428,88.96380227500428
666,21.2,28.96380227500428,48.963802275004284,68.96380227500428,88.96380227500428
667,20.9,29.1078609799528,49.107860979952804,69.1078609799528,89.1078609799528
668,20.7,92.65111358794906,112.65111358794906,132.65111358794906,152.65111358794906
669,20.4,29.684095799746874,49.68409579974687,69.68409579974687,89.68409579974687
670,20.8,30.260330619540948,50.26033061954095,70.26033061954095,90.26033061954095
671,20.9,30.548448029437985,50.548448029437985,70.54844802943799,90.54844802943799
672,20.1,31.412800259129092,51.41280025912909,71.41280025912909,91.41280025912909
673,20.5,32.133093783871686,52.133093783871686,72.13309378387169,92.13309378387169
674,22.0,32.42121119376873,52.42121119376873,72.42121119376873,92.42121119376873
675,22.4,32.42121119376873,52.42121119376873,72.42121119376873,92.42121119376873
676,22.3,33.429622128408354,53.429622128408354,73.42962212840835,93.42962212840835
677,22.5,34.5820917679965,54.5820917679965,74.5820917679965,94.5820917679965
678,22.8,35.59050270263613,55.59050270263613,75.59050270263613,95.59050270263613
679,23.3,37.31920716201835,57.31920716201835,77.31920716201836,97.31920716201836
680,25.4,39.04791162140057,59.04791162140057,79.04791162140057,99.04791162140057
681,27.7,64.86857703845493,84.86857703845493,104.86857703845493,124.86857703845493
682,27.0,40.05632255604021,60.05632255604021,80.05632255604021,100.05632255604021
683,26.6,40.20038126098873,60.20038126098873,80.20038126098873,100.20038126098873
684,25.3,39.33602903129761,59.33602903129761,79.33602903129761,99.33602903129761
685,22.5,75.32991176285728,95.32991176285728,115.32991176285728,135.32991176285728
686,25.9,36.8870310471728,56.8870310471728,76.8870310471728,96.8870310471728
687,26.3,36.310796227378724,56.310796227378724,76.31079622737872,96.31079622737872
688,25.0,36.598913637275764,56.598913637275764,76.59891363727576,96.59891363727576
689,25.1,37.75138327686391,57.75138327686391,77.75138327686392,97.75138327686392
690,25.8,39.48008773624613,59.48008773624613,79.48008773624613,99.48008773624613
691,26.4,39.76820514614317,59.76820514614317,79.76820514614317,99.76820514614317
692,25.2,103.31145775413943,123.31145775413943,143.31145775413944,163.31145775413944
693,26.5,41.064733490679835,61.064733490679835,81.06473349067983,101.06473349067983
694,27.8,41.78502701542242,61.78502701542242,81.78502701542243,101.78502701542243
695,28.0,42.21720313026799,62.21720313026799,82.21720313026799,102.21720313026799
696,28.0,40.48849867088576,60.48849867088576,80.48849867088576,100.48849867088576
697,27.7,38.03950068676095,58.03950068676095,78.03950068676096,98.03950068676096
698,28.7,37.89544198181243,57.89544198181243,77.89544198181244,97.89544198181244
699,28.5,39.76820514614317,59.76820514614317,79.76820514614317,99.76820514614317
700,28.6,41.35285090057687,61.35285090057687,81.35285090057687,101.35285090057687
701,29.1,42.50532054016502,62.50532054016502,82.50532054016503,102.50532054016503
702,29.9,43.51373147480464,63.51373147480464,83.51373147480464,103.51373147480464
703,30.8,44.08996629459872,64.08996629459872,84.08996629459872,104.08996629459872
704,32.3,44.37808370449576,64.37808370449577,84.37808370449577,104.37808370449577
705,36.7,69.62251430175604,89.62251430175604,109.62251430175604,129.62251430175604
706,37.1,43.51373147480464,63.51373147480464,83.51373147480464,103.51373147480464
707,36.4,40.632557375834274,60.632557375834274,80.63255737583427,100.63255737583427
708,34.7,37.60732457191539,57.60732457191539,77.6073245719154,97.6073245719154
709,33.9,72.3046789589384,92.3046789589384,112.3046789589384,132.30467895893838
710,31.7,32.56526989871724,52.56526989871724,72.56526989871725,92.56526989871725
711,31.6,31.412800259129092,51.41280025912909,71.41280025912909,91.41280025912909
712,31.6,31.844976373974653,51.84497637397465,71.84497637397465,91.84497637397465
713,31.4,33.86179824325391,53.86179824325391,73.8617982432539,93.8617982432539
714,32.5,36.02267881748169,56.02267881748169,76.02267881748169,96.02267881748169
715,34.2,36.74297234222428,56.74297234222428,76.74297234222428,96.74297234222428
716,34.9,100.57434236011757,120.57434236011757,140.57434236011756,160.57434236011756
717,35.4,38.75979421150354,58.75979421150354,78.75979421150353,98.75979421150353
718,35.8,39.33602903129761,59.33602903129761,79.33602903129761,99.33602903129761
719,38.0,38.90385291645206,58.90385291645206,78.90385291645205,98.90385291645205
720,39.6,36.74297234222428,56.74297234222428,76.74297234222428,96.74297234222428
721,37.6,35.014267882842056,55.014267882842056,75.01426788284206,95.01426788284206
722,36.6,35.44644399768761,55.44644399768761,75.44644399768761,95.44644399768761
723,36.4,36.310796227378724,56.310796227378724,76.31079622737872,96.31079622737872
724,36.8,37.46326586696687,57.46326586696687,77.46326586696688,97.46326586696688
725,37.0,36.310796227378724,56.310796227378724,76.31079622737872,96.31079622737872
726,36.8,36.74297234222428,56.74297234222428,76.74297234222428,96.74297234222428
727,38.5,38.4716768016065,58.4716768016065,78.47167680160649,98.47167680160649
728,37.6,39.76820514614317,59.76820514614317,79.76820514614317,99.76820514614317
729,38.4,65.58887056319753,85.58887056319753,105.58887056319753,125.58887056319753
730,40.0,39.91226385109169,59.91226385109169,79.9122638510917,99.9122638510917
731,40.6,38.183559391709466,58.183559391709466,78.18355939170947,98.18355939170947
732,38.5,36.02267881748169,56.02267881748169,76.02267881748169,96.02267881748169
733,36.8,71.44032672924729,91.44032672924729,111.44032672924729,131.4403267292473
734,36.8,32.56526989871724,52.56526989871724,72.56526989871725,92.56526989871725
735,35.8,32.133093783871686,52.133093783871686,72.13309378387169,92.13309378387169
736,34.9,32.9974460135628,52.9974460135628,72.99744601356281,92.99744601356281
737,35.2,34.726150472945015,54.726150472945015,74.72615047294502,94.72615047294502
738,35.4,36.02267881748169,56.02267881748169,76.02267881748169,96.02267881748169
739,36.1,35.59050270263613,55.59050270263613,75.59050270263613,95.59050270263613
740,35.9,98.12534437599275,118.12534437599275,138.12534437599277,158.12534437599277
741,34.4,35.302385292739096,55.302385292739096,75.3023852927391,95.3023852927391
742,33.9,36.1667375224302,56.1667375224302,76.1667375224302,96.1667375224302
743,34.5,37.31920716201835,57.31920716201835,77.31920716201836,97.31920716201836
744,34.4,38.4716768016065,58.4716768016065,78.47167680160649,98.47167680160649
745,33.5,39.62414644119465,59.62414644119465,79.62414644119465,99.62414644119465
746,33.7,40.7766160807828,60.7766160807828,80.7766160807828,100.7766160807828
747,33.0,41.78502701542242,61.78502701542242,81.78502701542243,101.78502701542243
748,31.4,42.07314442531947,62.07314442531947,82.07314442531947,102.07314442531947
749,30.8,41.35285090057687,61.35285090057687,81.35285090057687,101.35285090057687
750,30.5,40.48849867088576,60.48849867088576,80.48849867088576,100.48849867088576
751,31.2,38.615735506555026,58.615735506555026,78.61573550655503,98.61573550655503
752,30.4,36.8870310471728,56.8870310471728,76.8870310471728,96.8870310471728
753,33.3,60.11463977515382,80.11463977515382,100.11463977515382,120.11463977515382
754,36.6,31.412800259129092,51.41280025912909,71.41280025912909,91.41280025912909
755,35.6,28.387567455210206,48.3875674552102,68.3875674552102,88.3875674552102
756,36.1,26.658862995827985,46.65886299582799,66.65886299582799,86.65886299582799
757,36.1,63.66115666202729,83.66115666202728,103.66115666202728,123.66115666202728
758,36.9,25.50639335623984,45.50639335623984,65.50639335623984,85.50639335623984
759,37.1,25.650452061188354,45.65045206118835,65.65045206118836,85.65045206118836
760,35.2,25.93856947108539,45.93856947108539,65.93856947108539,85.93856947108539
761,34.8,26.226686880982435,46.226686880982435,66.22668688098244,86.22668688098244
762,35.4,26.370745585930948,46.37074558593095,66.37074558593095,86.37074558593095
763,38.7,26.514804290879468,46.51480429087947,66.51480429087947,86.51480429087947
764,40.3,89.62588078403016,109.62588078403016,129.62588078403016,149.62588078403016
765,38.3,26.946980405725025,46.94698040572503,66.94698040572503,86.94698040572503
766,37.6,27.523215225519095,47.523215225519095,67.5232152255191,87.5232152255191
767,37.8,28.243508750261686,48.24350875026168,68.24350875026168,88.24350875026168
768,37.5,28.675684865107243,48.67568486510724,68.67568486510724,88.67568486510724
769,34.5,28.675684865107243,48.67568486510724,68.67568486510724,88.67568486510724
770,34.4,29.1078609799528,49.107860979952804,69.1078609799528,89.1078609799528
771,35.8,29.395978389849837,49.39597838984984,69.39597838984983,89.39597838984983
772,36.2,30.260330619540948,50.26033061954095,70.26033061954095,90.26033061954095
773,33.9,31.98903507892317,51.989035078923166,71.98903507892317,91.98903507892317
774,33.5,32.9974460135628,52.9974460135628,72.99744601356281,92.99744601356281
775,32.9,33.573680833356875,53.573680833356875,73.57368083335687,93.57368083335687
776,34.6,34.14991565315095,54.14991565315095,74.14991565315094,94.14991565315094
777,36.7,59.68246366030826,79.68246366030826,99.68246366030826,119.68246366030826
778,38.8,34.43803306304798,54.43803306304798,74.43803306304798,94.43803306304798
779,37.9,34.14991565315095,54.14991565315095,74.14991565315094,94.14991565315094
780,36.4,32.85338730861428,52.85338730861428,72.85338730861429,92.85338730861429
781,34.9,70.14379838471062,90.14379838471062,110.14379838471062,130.14379838471064
782,33.3,32.27715248882021,52.27715248882021,72.2771524888202,92.2771524888202
783,31.3,32.42121119376873,52.42121119376873,72.42121119376873,92.42121119376873
784,31.7,32.70932860366576,52.70932860366576,72.70932860366577,92.70932860366577
785,32.4,33.573680833356875,53.573680833356875,73.57368083335687,93.57368083335687
786,33.0,34.29397435809947,54.29397435809947,74.29397435809946,94.29397435809946
787,33.0,34.00585694820243,54.00585694820243,74.00585694820242,94.00585694820242
788,32.1,96.9728747364046,116.9728747364046,136.9728747364046,156.9728747364046
789,30.6,34.29397435809947,54.29397435809947,74.29397435809946,94.29397435809946
790,30.5,34.726150472945015,54.726150472945015,74.72615047294502,94.72615047294502
791,30.1,35.302385292739096,55.302385292739096,75.3023852927391,95.3023852927391
792,28.4,35.73456140758466,55.73456140758466,75.73456140758466,95.73456140758466
793,27.4,36.310796227378724,56.310796227378724,76.31079622737872,96.31079622737872
794,26.6,37.03108975212131,57.03108975212131,77.03108975212132,97.03108975212132
795,24.5,37.46326586696687,57.46326586696687,77.46326586696688,97.46326586696688
796,24.4,36.1667375224302,56.1667375224302,76.1667375224302,96.1667375224302
797,24.4,35.014267882842056,55.014267882842056,75.01426788284206,95.01426788284206
798,24.4,36.310796227378724,56.310796227378724,76.31079622737872,96.31079622737872
799,24.6,36.74297234222428,56.74297234222428,76.74297234222428,96.74297234222428
800,25.3,36.8870310471728,56.8870310471728,76.8870310471728,96.8870310471728
801,27.4,61.69928552958753,81.69928552958753,101.69928552958753,121.69928552958753
802,28.3,35.87862011253317,55.87862011253317,75.87862011253317,95.87862011253317
803,27.5,35.302385292739096,55.302385292739096,75.3023852927391,95.3023852927391
804,27.6,35.014267882842056,55.014267882842056,75.01426788284206,95.01426788284206
805,27.2,72.01656154904136,92.01656154904136,112.01656154904136,132.01656154904134
806,26.9,33.429622128408354,53.429622128408354,73.42962212840835,93.42962212840835
807,26.8,33.14150471851132,53.14150471851132,73.14150471851133,93.14150471851133
808,24.9,33.717739538305395,53.717739538305395,73.7177395383054,93.7177395383054
809,24.4,34.5820917679965,54.5820917679965,74.5820917679965,94.5820917679965
810,23.9,34.870209177893535,54.870209177893535,74.87020917789354,94.87020917789354
811,24.2,34.43803306304798,54.43803306304798,74.43803306304798,94.43803306304798
812,23.9,98.12534437599275,118.12534437599275,138.12534437599277,158.12534437599277
813,24.0,36.02267881748169,56.02267881748169,76.02267881748169,96.02267881748169
814,23.8,36.454854932327244,56.454854932327244,76.45485493232724,96.45485493232724
815,23.4,36.598913637275764,56.598913637275764,76.59891363727576,96.59891363727576
816,22.5,36.598913637275764,56.598913637275764,76.59891363727576,96.59891363727576
817,22.5,36.1667375224302,56.1667375224302,76.1667375224302,96.1667375224302
818,25.8,36.02267881748169,56.02267881748169,76.02267881748169,96.02267881748169
819,25.0,35.44644399768761,55.44644399768761,75.44644399768761,95.44644399768761
820,24.9,35.44644399768761,55.44644399768761,75.44644399768761,95.44644399768761
821,24.3,36.02267881748169,56.02267881748169,76.02267881748169,96.02267881748169
822,24.0,36.310796227378724,56.310796227378724,76.31079622737872,96.31079622737872
823,24.5,35.59050270263613,55.59050270263613,75.59050270263613,95.59050270263613
824,25.8,35.87862011253317,55.87862011253317,75.87862011253317,95.87862011253317
825,26.8,61.84334423453604,81.84334423453603,101.84334423453603,121.84334423453603
826,27.1,36.8870310471728,56.8870310471728,76.8870310471728,96.8870310471728
827,27.9,34.29397435809947,54.29397435809947,74.29397435809946,94.29397435809946
828,27.2,31.98903507892317,51.989035078923166,71.98903507892317,91.98903507892317
829,25.7,68.70321133522543,88.70321133522543,108.70321133522543,128.70321133522543
830,24.2,30.11627191459243,50.11627191459243,70.11627191459243,90.11627191459243
831,23.8,29.97221320964391,49.97221320964391,69.97221320964391,89.97221320964391
832,23.3,31.124682849232055,51.12468284923206,71.12468284923206,91.12468284923206
833,23.8,32.9974460135628,52.9974460135628,72.99744601356281,92.99744601356281
834,24.5,35.302385292739096,55.302385292739096,75.3023852927391,95.3023852927391
835,24.8,35.15832658779058,55.15832658779058,75.15832658779058,95.15832658779058
836,26.0,98.12534437599275,118.12534437599275,138.12534437599277,158.12534437599277
837,26.7,35.44644399768761,55.44644399768761,75.44644399768761,95.44644399768761
838,26.5,35.87862011253317,55.87862011253317,75.87862011253317,95.87862011253317
839,26.3,34.29397435809947,54.29397435809947,74.29397435809946,94.29397435809946
840,25.1,35.73456140758466,55.73456140758466,75.73456140758466,95.73456140758466
841,24.6,35.15832658779058,55.15832658779058,75.15832658779058,95.15832658779058
842,24.1,36.1667375224302,56.1667375224302,76.1667375224302,96.1667375224302
843,23.6,37.89544198181243,57.89544198181243,77.89544198181244,97.89544198181244
844,22.9,38.183559391709466,58.183559391709466,78.18355939170947,98.18355939170947
845,22.6,39.62414644119465,59.62414644119465,79.62414644119465,99.62414644119465
846,23.0,40.632557375834274,60.632557375834274,80.63255737583427,100.63255737583427
847,23.9,40.34443996593725,60.34443996593725,80.34443996593726,100.34443996593726
848,23.5,37.31920716201835,57.31920716201835,77.31920716201836,97.31920716201836
849,23.6,60.97899200484493,80.97899200484494,100.97899200484494,120.97899200484494
850,23.5,36.1667375224302,56.1667375224302,76.1667375224302,96.1667375224302
851,23.9,35.014267882842056,55.014267882842056,75.01426788284206,95.01426788284206
852,24.9,34.726150472945015,54.726150472945015,74.72615047294502,94.72615047294502
853,25.2,70.57597449955617,90.57597449955617,110.57597449955617,130.57597449955617
854,24.8,31.70091766902613,51.700917669026126,71.70091766902613,91.70091766902613
855,24.3,30.83656543933502,50.83656543933502,70.83656543933502,90.83656543933502
856,23.1,31.412800259129092,51.41280025912909,71.41280025912909,91.41280025912909
857,23.1,32.133093783871686,52.133093783871686,72.13309378387169,92.13309378387169
858,23.5,32.42121119376873,52.42121119376873,72.42121119376873,92.42121119376873
859,24.1,32.56526989871724,52.56526989871724,72.56526989871725,92.56526989871725
860,26.3,95.10011157207387,115.10011157207387,135.10011157207387,155.10011157207387
861,27.0,32.27715248882021,52.27715248882021,72.2771524888202,92.2771524888202
862,27.3,32.9974460135628,52.9974460135628,72.99744601356281,92.99744601356281
863,29.4,32.27715248882021,52.27715248882021,72.2771524888202,92.2771524888202
864,31.6,32.42121119376873,52.42121119376873,72.42121119376873,92.42121119376873
865,32.0,34.726150472945015,54.726150472945015,74.72615047294502,94.72615047294502
866,31.5,35.87862011253317,55.87862011253317,75.87862011253317,95.87862011253317
867,30.6,36.74297234222428,56.74297234222428,76.74297234222428,96.74297234222428
868,29.2,38.03950068676095,58.03950068676095,78.03950068676096,98.03950068676096
869,29.6,39.91226385109169,59.91226385109169,79.9122638510917,99.9122638510917
870,30.0,41.208792195628355,61.208792195628355,81.20879219562835,101.20879219562835
871,31.2,40.632557375834274,60.632557375834274,80.63255737583427,100.63255737583427
872,33.4,37.46326586696687,57.46326586696687,77.46326586696688,97.46326586696688
873,33.9,62.131461644433074,82.13146164443307,102.13146164443307,122.13146164443307
874,35.9,35.014267882842056,55.014267882842056,75.01426788284206,95.01426788284206
875,33.9,33.573680833356875,53.573680833356875,73.57368083335687,93.57368083335687
876,32.1,32.133093783871686,52.133093783871686,72.13309378387169,92.13309378387169
877,29.6,69.135387450071,89.135387450071,109.135387450071,129.135387450071
878,27.7,31.412800259129092,51.41280025912909,71.41280025912909,91.41280025912909
879,25.9,31.556858964077616,51.55685896407762,71.55685896407762,91.55685896407762
880,24.5,31.70091766902613,51.700917669026126,71.70091766902613,91.70091766902613
881,24.7,32.85338730861428,52.85338730861428,72.85338730861429,92.85338730861429
882,26.3,35.44644399768761,55.44644399768761,75.44644399768761,95.44644399768761
883,28.8,36.598913637275764,56.598913637275764,76.59891363727576,96.59891363727576
884,30.3,100.14216624527201,120.14216624527201,140.142166245272,160.142166245272
885,29.9,35.87862011253317,55.87862011253317,75.87862011253317,95.87862011253317
886,30.1,35.73456140758466,55.73456140758466,75.73456140758466,95.73456140758466
887,31.8,34.726150472945015,54.726150472945015,74.72615047294502,94.72615047294502
888,31.8,36.598913637275764,56.598913637275764,76.59891363727576,96.59891363727576
889,30.4,36.1667375224302,56.1667375224302,76.1667375224302,96.1667375224302
890,31.6,35.302385292739096,55.302385292739096,75.3023852927391,95.3023852927391
891,32.6,35.15832658779058,55.15832658779058,75.15832658779058,95.15832658779058
892,32.1,36.74297234222428,56.74297234222428,76.74297234222428,96.74297234222428
893,30.1,36.74297234222428,56.74297234222428,76.74297234222428,96.74297234222428
894,29.2,36.310796227378724,56.310796227378724,76.31079622737872,96.31079622737872
895,28.1,36.8870310471728,56.8870310471728,76.8870310471728,96.8870310471728
896,27.7,36.310796227378724,56.310796227378724,76.31079622737872,96.31079622737872
897,29.2,60.40275718505086,80.40275718505086,100.40275718505086,120.40275718505086
898,31.7,35.15832658779058,55.15832658779058,75.15832658779058,95.15832658779058
899,30.7,33.573680833356875,53.573680833356875,73.57368083335687,93.57368083335687
900,29.0,31.70091766902613,51.700917669026126,71.70091766902613,91.70091766902613
901,26.7,67.98291781048285,87.98291781048285,107.98291781048285,127.98291781048285
902,23.4,28.675684865107243,48.67568486510724,68.67568486510724,88.67568486510724
903,22.2,27.955391340364653,47.955391340364656,67.95539134036466,87.95539134036466
904,21.9,28.387567455210206,48.3875674552102,68.3875674552102,88.3875674552102
905,22.6,30.404389324489465,50.404389324489465,70.40438932448947,90.40438932448947
906,23.5,32.9974460135628,52.9974460135628,72.99744601356281,92.99744601356281
907,24.0,35.59050270263613,55.59050270263613,75.59050270263613,95.59050270263613
908,24.8,100.14216624527201,120.14216624527201,140.142166245272,160.142166245272
909,26.5,38.4716768016065,58.4716768016065,78.47167680160649,98.47167680160649
910,26.8,40.20038126098873,60.20038126098873,80.20038126098873,100.20038126098873
911,26.9,40.48849867088576,60.48849867088576,80.48849867088576,100.48849867088576
912,26.7,41.064733490679835,61.064733490679835,81.06473349067983,101.06473349067983
913,25.8,41.640968310473916,61.640968310473916,81.64096831047391,101.64096831047391
914,26.5,42.649379245113536,62.649379245113536,82.64937924511354,102.64937924511354
915,26.8,43.22561406490762,63.22561406490762,83.22561406490762,103.22561406490762
916,26.2,43.51373147480464,63.51373147480464,83.51373147480464,103.51373147480464
917,25.2,43.51373147480464,63.51373147480464,83.51373147480464,103.51373147480464
918,25.3,43.94590758965021,63.94590758965021,83.9459075896502,103.9459075896502
919,26.5,44.234024999547245,64.23402499954724,84.23402499954724,104.23402499954724
920,27.9,44.522142409444285,64.52214240944429,84.52214240944429,104.52214240944429
921,29.9,69.76657300670456,89.76657300670456,109.76657300670456,129.76657300670456
922,32.0,43.51373147480464,63.51373147480464,83.51373147480464,103.51373147480464
923,31.6,39.91226385109169,59.91226385109169,79.9122638510917,99.9122638510917
924,27.7,35.73456140758466,55.73456140758466,75.73456140758466,95.73456140758466
925,25.3,70.72003320450469,90.72003320450469,110.72003320450469,130.7200332045047
926,22.9,31.412800259129092,51.41280025912909,71.41280025912909,91.41280025912909
927,23.0,30.404389324489465,50.404389324489465,70.40438932448947,90.40438932448947
928,23.0,31.412800259129092,51.41280025912909,71.41280025912909,91.41280025912909
929,22.8,33.573680833356875,53.573680833356875,73.57368083335687,93.57368083335687
930,22.6,36.74297234222428,56.74297234222428,76.74297234222428,96.74297234222428
931,23.6,39.19197032634909,59.19197032634909,79.1919703263491,99.1919703263491
932,25.7,104.89610350857312,124.89610350857312,144.8961035085731,164.8961035085731
933,26.4,42.79343795006206,62.79343795006206,82.79343795006206,102.79343795006206
934,26.4,44.08996629459872,64.08996629459872,84.08996629459872,104.08996629459872
935,26.9,45.530553344083906,65.5305533440839,85.5305533440839,105.5305533440839
936,26.4,46.68302298367205,66.68302298367206,86.68302298367206,106.68302298367206
937,26.4,47.69143391831169,67.69143391831169,87.69143391831169,107.69143391831169
938,26.4,48.555786148002795,68.5557861480028,88.5557861480028,108.5557861480028
939,26.0,49.2760796727454,69.2760796727454,89.2760796727454,109.2760796727454
940,26.0,50.14043190243651,70.14043190243652,90.14043190243652,110.14043190243652
941,25.6,50.8607254271791,70.86072542717909,90.86072542717909,110.86072542717909
942,25.0,51.14884283707613,71.14884283707613,91.14884283707613,111.14884283707613
943,24.8,49.85231449253947,69.85231449253948,89.85231449253948,109.85231449253948
944,26.9,47.40331650841465,67.40331650841465,87.40331650841465,107.40331650841465
945,30.1,70.48686653144716,90.48686653144716,110.48686653144716,130.48686653144716
946,31.9,43.0815553599591,63.0815553599591,83.0815553599591,103.0815553599591
947,31.5,40.48849867088576,60.48849867088576,80.48849867088576,100.48849867088576
948,28.1,37.17514845706984,57.17514845706984,77.17514845706984,97.17514845706984
949,26.4,72.44873766388692,92.44873766388692,112.44873766388692,132.4487376638869
950,24.2,32.56526989871724,52.56526989871724,72.56526989871725,92.56526989871725
951,25.0,31.844976373974653,51.84497637397465,71.84497637397465,91.84497637397465
952,24.5,31.98903507892317,51.989035078923166,71.98903507892317,91.98903507892317
953,24.8,31.98903507892317,51.989035078923166,71.98903507892317,91.98903507892317
954,26.2,32.85338730861428,52.85338730861428,72.85338730861429,92.85338730861429
955,29.2,33.429622128408354,53.429622128408354,73.42962212840835,93.42962212840835
956,30.9,95.82040509681646,115.82040509681646,135.82040509681644,155.82040509681644
957,29.5,31.556858964077616,51.55685896407762,71.55685896407762,91.55685896407762
958,29.5,31.844976373974653,51.84497637397465,71.84497637397465,91.84497637397465
959,28.9,31.70091766902613,51.700917669026126,71.70091766902613,91.70091766902613
960,28.1,32.27715248882021,52.27715248882021,72.2771524888202,92.2771524888202
961,27.0,35.87862011253317,55.87862011253317,75.87862011253317,95.87862011253317
962,26.5,39.19197032634909,59.19197032634909,79.1919703263491,99.1919703263491
963,24.7,39.91226385109169,59.91226385109169,79.9122638510917,99.9122638510917
964,24.6,40.34443996593725,60.34443996593725,80.34443996593726,100.34443996593726
965,24.4,40.7766160807828,60.7766160807828,80.7766160807828,100.7766160807828
966,24.4,40.632557375834274,60.632557375834274,80.63255737583427,100.63255737583427
967,27.0,41.064733490679835,61.064733490679835,81.06473349067983,101.06473349067983
968,29.9,41.064733490679835,61.064733490679835,81.06473349067983,101.06473349067983
969,32.6,65.44481185824901,85.44481185824901,105.44481185824901,125.44481185824901
970,32.9,38.90385291645206,58.90385291645206,78.90385291645205,98.90385291645205
971,32.0,38.183559391709466,58.183559391709466,78.18355939170947,98.18355939170947
972,29.3,36.74297234222428,56.74297234222428,76.74297234222428,96.74297234222428
973,28.6,73.74526600842358,93.74526600842358,113.74526600842358,133.74526600842358
974,28.8,36.310796227378724,56.310796227378724,76.31079622737872,96.31079622737872
975,28.5,34.43803306304798,54.43803306304798,74.43803306304798,94.43803306304798
976,27.3,34.29397435809947,54.29397435809947,74.29397435809946,94.29397435809946
977,26.7,36.1667375224302,56.1667375224302,76.1667375224302,96.1667375224302
978,28.4,35.87862011253317,55.87862011253317,75.87862011253317,95.87862011253317
979,30.5,100.43028365516905,120.43028365516905,140.43028365516903,160.43028365516903
980,31.1,38.75979421150354,58.75979421150354,78.75979421150353,98.75979421150353
981,31.7,39.48008773624613,59.48008773624613,79.48008773624613,99.48008773624613
982,30.9,40.05632255604021,60.05632255604021,80.05632255604021,100.05632255604021
983,30.7,41.78502701542242,61.78502701542242,81.78502701542243,101.78502701542243
984,30.8,42.07314442531947,62.07314442531947,82.07314442531947,102.07314442531947
985,30.3,43.0815553599591,63.0815553599591,83.0815553599591,103.0815553599591
986,29.9,43.80184888470169,63.80184888470169,83.80184888470168,103.80184888470168
987,28.8,43.65779017975317,63.65779017975317,83.65779017975316,103.65779017975316
988,28.5,42.50532054016502,62.50532054016502,82.50532054016503,102.50532054016503
989,27.8,41.49690960552539,61.49690960552539,81.49690960552539,101.49690960552539
990,27.8,39.91226385109169,59.91226385109169,79.9122638510917,99.9122638510917
991,27.6,38.327618096657986,58.327618096657986,78.32761809665799,98.32761809665799
992,28.3,60.97899200484493,80.97899200484494,100.97899200484494,120.97899200484494
993,29.7,34.43803306304798,54.43803306304798,74.43803306304798,94.43803306304798
994,29.4,32.56526989871724,52.56526989871724,72.56526989871725,92.56526989871725
995,27.4,29.540037094798354,49.54003709479835,69.54003709479835,89.54003709479835
996,26.8,65.67797853130654,85.67797853130654,105.67797853130654,125.67797853130654
997,27.1,25.93856947108539,45.93856947108539,65.93856947108539,85.93856947108539
998,27.2,24.20986501170317,44.20986501170317,64.20986501170317,84.20986501170317
999,27.4,24.642041126548726,44.642041126548726,64.64204112654872,84.64204112654872
1000,27.4,25.50639335623984,45.50639335623984,65.50639335623984,85.50639335623984
1001,27.1,26.946980405725025,46.94698040572503,66.94698040572503,86.94698040572503
1002,27.2,27.66727393046762,47.667273930467616,67.66727393046762,87.66727393046762
1003,28.3,90.34617430877276,110.34617430877276,130.34617430877276,150.34617430877276
1004,27.7,27.23509781562206,47.235097815622055,67.23509781562205,87.23509781562205
1005,27.3,27.811332635416132,47.811332635416136,67.81133263541614,87.81133263541614
1006,27.1,28.675684865107243,48.67568486510724,68.67568486510724,88.67568486510724
1007,26.5,29.97221320964391,49.97221320964391,69.97221320964391,89.97221320964391
1008,25.8,31.556858964077616,51.55685896407762,71.55685896407762,91.55685896407762
1009,25.8,32.42121119376873,52.42121119376873,72.42121119376873,92.42121119376873
1010,25.6,32.9974460135628,52.9974460135628,72.99744601356281,92.99744601356281
1011,25.7,34.29397435809947,54.29397435809947,74.29397435809946,94.29397435809946
1012,25.9,35.73456140758466,55.73456140758466,75.73456140758466,95.73456140758466
1013,25.4,36.1667375224302,56.1667375224302,76.1667375224302,96.1667375224302
1014,26.0,36.1667375224302,56.1667375224302,76.1667375224302,96.1667375224302
1015,26.6,36.454854932327244,56.454854932327244,76.45485493232724,96.45485493232724
1016,26.4,62.131461644433074,82.13146164443307,102.13146164443307,122.13146164443307
1017,26.7,34.43803306304798,54.43803306304798,74.43803306304798,94.43803306304798
1018,26.6,31.268741554180583,51.26874155418058,71.26874155418058,91.26874155418058
1019,26.4,28.099450045313173,48.099450045313176,68.09945004531318,88.09945004531318
1020,26.1,63.66115666202729,83.66115666202728,103.66115666202728,123.66115666202728
1021,25.7,23.921747601806135,43.92174760180613,63.92174760180613,83.92174760180613
1022,25.4,23.05739537211502,43.057395372115025,63.057395372115025,83.05739537211502
1023,24.9,23.20145407706354,43.201454077063545,63.201454077063545,83.20145407706354
1024,24.8,24.20986501170317,44.20986501170317,64.20986501170317,84.20986501170317
1025,25.4,25.650452061188354,45.65045206118835,65.65045206118836,85.65045206118836
1026,25.5,26.802921700776505,46.80292170077651,66.80292170077651,86.80292170077651
1027,24.7,90.49023301372128,110.49023301372128,130.49023301372128,150.49023301372128
1028,25.8,27.811332635416132,47.811332635416136,67.81133263541614,87.81133263541614
1029,27.0,28.531626160158723,48.53162616015872,68.53162616015872,88.53162616015872
1030,27.6,28.531626160158723,48.53162616015872,68.53162616015872,88.53162616015872
1031,28.9,28.387567455210206,48.3875674552102,68.3875674552102,88.3875674552102
1032,27.9,27.66727393046762,47.667273930467616,67.66727393046762,87.66727393046762
1033,27.0,27.37915652057058,47.379156520570575,67.37915652057058,87.37915652057058
1034,25.8,26.802921700776505,46.80292170077651,66.80292170077651,86.80292170077651
1035,24.5,26.08262817603391,46.08262817603391,66.08262817603391,86.08262817603391
1036,25.9,25.50639335623984,45.50639335623984,65.50639335623984,85.50639335623984
1037,26.2,25.50639335623984,45.50639335623984,65.50639335623984,85.50639335623984
1038,29.1,50.89488265844863,70.89488265844864,90.89488265844864,110.89488265844864
1039,30.1,24.93015853644576,44.93015853644576,64.93015853644576,84.93015853644576
1040,29.5,24.06580630675465,44.06580630675465,64.06580630675465,84.06580630675465
1041,27.9,22.913336667166504,42.913336667166504,62.913336667166504,82.9133366671665
1042,26.6,60.6359238581084,80.6359238581084,100.6359238581084,120.6359238581084
1043,24.8,22.769277962217984,42.769277962217984,62.769277962217984,82.76927796221798
1044,23.6,22.481160552320947,42.481160552320944,62.481160552320944,82.48116055232094
1045,23.1,22.769277962217984,42.769277962217984,62.769277962217984,82.76927796221798
1046,22.9,23.77768889685761,43.77768889685761,63.77768889685761,83.77768889685761
1047,23.1,25.50639335623984,45.50639335623984,65.50639335623984,85.50639335623984
1048,25.2,89.76993948897868,109.76993948897868,129.76993948897868,149.76993948897868
1049,24.6,27.23509781562206,47.235097815622055,67.23509781562205,87.23509781562205
1050,23.5,29.395978389849837,49.39597838984984,69.39597838984983,89.39597838984983
1051,23.0,31.98903507892317,51.989035078923166,71.98903507892317,91.98903507892317
1052,22.8,33.717739538305395,53.717739538305395,73.7177395383054,93.7177395383054
1053,21.7,35.014267882842056,55.014267882842056,75.01426788284206,95.01426788284206
1054,21.1,34.5820917679965,54.5820917679965,74.5820917679965,94.5820917679965
1055,21.0,33.429622128408354,53.429622128408354,73.42962212840835,93.42962212840835
1056,23.1,32.56526989871724,52.56526989871724,72.56526989871725,92.56526989871725
1057,23.7,31.844976373974653,51.84497637397465,71.84497637397465,91.84497637397465
1058,23.1,31.556858964077616,51.55685896407762,71.55685896407762,91.55685896407762
1059,23.6,31.844976373974653,51.84497637397465,71.84497637397465,91.84497637397465
1060,23.5,33.14150471851132,53.14150471851132,73.14150471851133,93.14150471851133
1061,25.1,60.54681588999937,80.54681588999938,100.54681588999938,120.54681588999938
1062,26.5,34.29397435809947,54.29397435809947,74.29397435809946,94.29397435809946
1063,27.1,32.56526989871724,52.56526989871724,72.56526989871725,92.56526989871725
1064,24.1,30.548448029437985,50.548448029437985,70.54844802943799,90.54844802943799
1065,22.9,66.25421335110062,86.25421335110062,106.25421335110062,126.25421335110062
1066,22.6,27.811332635416132,47.811332635416136,67.81133263541614,87.81133263541614
1067,22.3,26.946980405725025,46.94698040572503,66.94698040572503,86.94698040572503
1068,21.5,27.523215225519095,47.523215225519095,67.5232152255191,87.5232152255191
1069,22.4,29.828154504695394,49.82815450469539,69.82815450469539,89.82815450469539
1070,23.6,32.9974460135628,52.9974460135628,72.99744601356281,92.99744601356281
1071,25.2,36.8870310471728,56.8870310471728,76.8870310471728,96.8870310471728
1072,26.5,101.29463588486016,121.29463588486016,141.29463588486016,161.29463588486016
1073,26.3,40.20038126098873,60.20038126098873,80.20038126098873,100.20038126098873
1074,27.3,40.92067478573132,60.92067478573132,80.92067478573132,100.92067478573132
1075,27.7,41.208792195628355,61.208792195628355,81.20879219562835,101.20879219562835
1076,26.8,41.35285090057687,61.35285090057687,81.35285090057687,101.35285090057687
1077,24.7,41.49690960552539,61.49690960552539,81.49690960552539,101.49690960552539
1078,24.4,41.49690960552539,61.49690960552539,81.49690960552539,101.49690960552539
1079,24.8,42.3612618352165,62.3612618352165,82.36126183521651,102.36126183521651
1080,24.5,42.649379245113536,62.649379245113536,82.64937924511354,102.64937924511354
1081,23.7,41.064733490679835,61.064733490679835,81.06473349067983,101.06473349067983
1082,22.9,40.48849867088576,60.48849867088576,80.48849867088576,100.48849867088576
1083,23.6,38.615735506555026,58.615735506555026,78.61573550655503,98.61573550655503
1084,25.4,39.19197032634909,59.19197032634909,79.1919703263491,99.1919703263491
1085,27.5,65.30075315330049,85.30075315330049,105.30075315330049,125.30075315330049
1086,29.3,38.4716768016065,58.4716768016065,78.47167680160649,98.47167680160649
1087,29.3,35.014267882842056,55.014267882842056,75.01426788284206,95.01426788284206
1088,27.7,32.27715248882021,52.27715248882021,72.2771524888202,92.2771524888202
1089,25.8,67.6948004005858,87.6948004005858,107.6948004005858,127.6948004005858
1090,25.1,28.099450045313173,48.099450045313176,68.09945004531318,88.09945004531318
1091,25.0,26.802921700776505,46.80292170077651,66.80292170077651,86.80292170077651
1092,25.6,26.370745585930948,46.37074558593095,66.37074558593095,86.37074558593095
1093,26.6,26.802921700776505,46.80292170077651,66.80292170077651,86.80292170077651
1094,29.1,27.09103911067354,47.09103911067354,67.09103911067353,87.09103911067353
1095,29.8,90.05805689887572,110.05805689887572,130.05805689887572,150.05805689887572
1096,28.0,26.514804290879468,46.51480429087947,66.51480429087947,86.51480429087947
1097,27.2,26.514804290879468,46.51480429087947,66.51480429087947,86.51480429087947
1098,26.6,26.514804290879468,46.51480429087947,66.51480429087947,86.51480429087947
1099,25.8,26.658862995827985,46.65886299582799,66.65886299582799,86.65886299582799
1100,25.3,26.658862995827985,46.65886299582799,66.65886299582799,86.65886299582799
1101,24.8,26.946980405725025,46.94698040572503,66.94698040572503,86.94698040572503
1102,24.3,27.09103911067354,47.09103911067354,67.09103911067353,87.09103911067353
1103,24.9,27.523215225519095,47.523215225519095,67.5232152255191,87.5232152255191
1104,24.5,27.955391340364653,47.955391340364656,67.95539134036466,87.95539134036466
1105,24.2,28.099450045313173,48.099450045313176,68.09945004531318,88.09945004531318
1106,24.7,28.387567455210206,48.3875674552102,68.3875674552102,88.3875674552102
1107,27.3,30.11627191459243,50.11627191459243,70.11627191459243,90.11627191459243
1108,32.2,55.64881992174974,75.64881992174975,95.64881992174975,115.64881992174975
1109,32.4,29.540037094798354,49.54003709479835,69.54003709479835,89.54003709479835
1110,31.2,28.675684865107243,48.67568486510724,68.67568486510724,88.67568486510724
1111,31.1,28.243508750261686,48.24350875026168,68.24350875026168,88.24350875026168
1112,29.2,66.25421335110062,86.25421335110062,106.25421335110062,126.25421335110062
1113,28.1,28.099450045313173,48.099450045313176,68.09945004531318,88.09945004531318
1114,28.2,28.243508750261686,48.24350875026168,68.24350875026168,88.24350875026168
1115,27.7,28.243508750261686,48.24350875026168,68.24350875026168,88.24350875026168
1116,27.8,28.387567455210206,48.3875674552102,68.3875674552102,88.3875674552102
1117,27.2,28.81974357005576,48.81974357005576,68.81974357005576,88.81974357005576
1118,28.4,29.1078609799528,49.107860979952804,69.1078609799528,89.1078609799528
1119,29.8,92.50705488300054,112.50705488300054,132.50705488300054,152.50705488300054
1120,29.4,29.828154504695394,49.82815450469539,69.82815450469539,89.82815450469539
1121,28.6,30.404389324489465,50.404389324489465,70.40438932448947,90.40438932448947
1122,28.1,31.124682849232055,51.12468284923206,71.12468284923206,91.12468284923206
1123,28.2,31.844976373974653,51.84497637397465,71.84497637397465,91.84497637397465
1124,28.2,32.70932860366576,52.70932860366576,72.70932860366577,92.70932860366577
1125,25.7,32.42121119376873,52.42121119376873,72.42121119376873,92.42121119376873
1126,25.1,32.42121119376873,52.42121119376873,72.42121119376873,92.42121119376873
1127,25.2,32.27715248882021,52.27715248882021,72.2771524888202,92.2771524888202
1128,25.1,31.98903507892317,51.989035078923166,71.98903507892317,91.98903507892317
1129,24.6,31.556858964077616,51.55685896407762,71.55685896407762,91.55685896407762
1130,26.5,30.980624144283546,50.980624144283546,70.98062414428355,90.98062414428355
1131,28.9,55.50476121680123,75.50476121680123,95.50476121680123,115.50476121680123
1132,31.1,29.251919684901317,49.25191968490132,69.25191968490131,89.25191968490131
1133,28.0,28.099450045313173,48.099450045313176,68.09945004531318,88.09945004531318
1134,26.0,26.658862995827985,46.65886299582799,66.65886299582799,86.65886299582799
1135,24.0,63.94927407192432,83.94927407192432,103.94927407192432,123.94927407192432
1136,24.1,25.50639335623984,45.50639335623984,65.50639335623984,85.50639335623984
1137,23.6,25.50639335623984,45.50639335623984,65.50639335623984,85.50639335623984
1138,23.5,25.93856947108539,45.93856947108539,65.93856947108539,85.93856947108539
1139,23.2,26.370745585930948,46.37074558593095,66.37074558593095,86.37074558593095
1140,24.1,26.658862995827985,46.65886299582799,66.65886299582799,86.65886299582799
1141,27.6,89.76993948897868,109.76993948897868,129.76993948897868,149.76993948897868
1142,26.1,26.658862995827985,46.65886299582799,66.65886299582799,86.65886299582799
1143,27.1,26.08262817603391,46.08262817603391,66.08262817603391,86.08262817603391
1144,28.3,25.36233465129132,45.36233465129132,65.36233465129132,85.36233465129132
1145,27.4,24.786099831497243,44.78609983149724,64.78609983149724,84.78609983149724
1146,26.3,24.20986501170317,44.20986501170317,64.20986501170317,84.20986501170317
1147,24.7,23.489571486960575,43.48957148696057,63.48957148696057,83.48957148696057
1148,23.3,23.20145407706354,43.201454077063545,63.201454077063545,83.20145407706354
1149,23.4,22.913336667166504,42.913336667166504,62.913336667166504,82.9133366671665
1150,23.3,22.625219257269464,42.625219257269464,62.625219257269464,82.62521925726946
1151,23.7,22.337101847372427,42.33710184737242,62.33710184737242,82.33710184737242
1152,25.2,22.048984437475394,42.0489844374754,62.0489844374754,82.0489844374754
1153,25.5,47.29341503473567,67.29341503473567,87.29341503473567,107.29341503473567
1154,25.7,21.904925732526873,41.90492573252688,61.90492573252688,81.90492573252688
1155,27.1,21.616808322629836,41.616808322629836,61.616808322629836,81.61680832262984
1156,27.4,21.18463220778428,41.184632207784276,61.184632207784276,81.18463220778428
1157,26.3,58.330984578932096,78.33098457893209,98.33098457893209,118.33098457893209
1158,25.5,20.32027997809317,40.32027997809317,60.32027997809317,80.32027997809317
1159,25.3,20.032162568196128,40.03216256819613,60.03216256819613,80.03216256819613
1160,25.1,20.032162568196128,40.03216256819613,60.03216256819613,80.03216256819613
1161,24.8,20.32027997809317,40.32027997809317,60.32027997809317,80.32027997809317
1162,24.5,20.464338683041685,40.46433868304169,60.46433868304169,80.46433868304169
1163,25.2,20.608397387990205,40.60839738799021,60.60839738799021,80.60839738799021
1164,27.3,83.7194738811409,103.7194738811409,123.7194738811409,143.7194738811409
1165,29.9,20.752456092938722,40.75245609293872,60.75245609293872,80.75245609293873
1166,28.1,20.896514797887242,40.89651479788724,60.89651479788724,80.89651479788725
1167,26.0,20.896514797887242,40.89651479788724,60.89651479788724,80.89651479788725
1168,24.6,20.896514797887242,40.89651479788724,60.89651479788724,80.89651479788725
1169,24.9,20.896514797887242,40.89651479788724,60.89651479788724,80.89651479788725
1170,24.1,20.752456092938722,40.75245609293872,60.75245609293872,80.75245609293873
1171,23.9,20.752456092938722,40.75245609293872,60.75245609293872,80.75245609293873
1172,24.3,20.464338683041685,40.46433868304169,60.46433868304169,80.46433868304169
1173,24.8,20.176221273144648,40.17622127314465,60.17622127314465,80.17622127314465
1174,25.7,19.88810386324761,39.88810386324761,59.88810386324761,79.88810386324761
1175,26.1,44.98847575555937,64.98847575555936,84.98847575555936,104.98847575555936
1176,26.4,19.599986453350578,39.59998645335058,59.59998645335058,79.59998645335058
1177,26.5,19.311869043453537,39.31186904345354,59.31186904345354,79.31186904345354
1178,25.9,18.735634223659464,38.73563422365946,58.73563422365946,78.73563422365946
1179,26.0,56.0260452997558,76.0260452997558,96.0260452997558,116.0260452997558
1180,24.5,17.727223289019836,37.72722328901983,57.72722328901983,77.72722328901983
1181,23.7,17.583164584071316,37.58316458407131,57.58316458407131,77.58316458407131
1182,23.1,17.583164584071316,37.58316458407131,57.58316458407131,77.58316458407131
1183,24.1,17.727223289019836,37.72722328901983,57.72722328901983,77.72722328901983
1184,24.6,17.87128199396835,37.87128199396835,57.87128199396835,77.87128199396835
1185,24.8,80.83829978217054,100.83829978217054,120.83829978217054,140.83829978217054
1186,26.0,17.583164584071316,37.58316458407131,57.58316458407131,77.58316458407131
1187,26.4,17.15098846922576,37.15098846922576,57.15098846922576,77.15098846922575
1188,28.1,16.86287105932872,36.862871059328725,56.862871059328725,76.86287105932873
1189,30.2,16.718812354380205,36.718812354380205,56.718812354380205,76.7188123543802
1190,27.5,16.430694944483168,36.430694944483164,56.430694944483164,76.43069494448316
1191,26.1,16.28663623953465,36.28663623953465,56.28663623953465,76.28663623953466
1192,24.8,16.718812354380205,36.718812354380205,56.718812354380205,76.7188123543802
1193,24.3,17.29504717417428,37.29504717417428,57.29504717417428,77.29504717417427
1194,22.5,17.583164584071316,37.58316458407131,57.58316458407131,77.58316458407131
1195,21.1,17.583164584071316,37.58316458407131,57.58316458407131,77.58316458407131
1196,21.6,17.727223289019836,37.72722328901983,57.72722328901983,77.72722328901983
1197,21.4,18.159399403865386,38.159399403865386,58.159399403865386,78.1593994038654
1198,21.5,43.6919474110227,63.6919474110227,83.69194741102271,103.69194741102271
1199,23.6,17.727223289019836,37.72722328901983,57.72722328901983,77.72722328901983
1200,24.9,17.006929764277242,37.006929764277245,57.006929764277245,77.00692976427725
1201,23.7,15.99851882963761,35.99851882963761,55.99851882963761,75.99851882963762
1202,23.9,52.71269508593988,72.71269508593988,92.71269508593988,112.71269508593988
1203,25.6,14.413873075203906,34.41387307520391,54.41387307520391,74.41387307520391
1204,25.7,13.693579550461315,33.693579550461315,53.693579550461315,73.69357955046132
1205,27.3,14.125755665306873,34.12575566530687,54.12575566530687,74.12575566530687
1206,27.9,14.701990485100946,34.70199048510095,54.70199048510095,74.70199048510095
1207,29.6,15.566342714792057,35.56634271479206,55.56634271479206,75.56634271479206
1208,31.4,15.854460124689094,35.8544601246891,55.8544601246891,75.8544601246891
1209,32.8,78.96553661783979,98.96553661783979,118.96553661783979,138.9655366178398
1210,30.2,15.710401419740574,35.71040141974058,55.71040141974058,75.71040141974058
1211,30.2,15.854460124689094,35.8544601246891,55.8544601246891,75.8544601246891
1212,30.1,15.99851882963761,35.99851882963761,55.99851882963761,75.99851882963762
1213,31.5,16.14257753458613,36.14257753458613,56.14257753458613,76.14257753458614
1214,30.2,17.006929764277242,37.006929764277245,57.006929764277245,77.00692976427725
1215,28.8,17.727223289019836,37.72722328901983,57.72722328901983,77.72722328901983
1216,30.1,17.727223289019836,37.72722328901983,57.72722328901983,77.72722328901983
1217,30.3,17.727223289019836,37.72722328901983,57.72722328901983,77.72722328901983
1218,29.6,17.727223289019836,37.72722328901983,57.72722328901983,77.72722328901983
1219,30.4,17.87128199396835,37.87128199396835,57.87128199396835,77.87128199396835
1220,30.4,18.159399403865386,38.159399403865386,58.159399403865386,78.1593994038654
1221,32.0,18.735634223659464,38.73563422365946,58.73563422365946,78.73563422365946
1222,35.3,44.4122409357653,64.4122409357653,84.4122409357653,104.4122409357653
1223,37.9,19.599986453350578,39.59998645335058,59.59998645335058,79.59998645335058
1224,36.5,19.88810386324761,39.88810386324761,59.88810386324761,79.88810386324761
1225,36.6,19.88810386324761,39.88810386324761,59.88810386324761,79.88810386324761
1226,34.3,57.46663234924099,77.466632349241,97.466632349241,117.466632349241
1227,33.8,19.16781033850502,39.16781033850502,59.16781033850502,79.16781033850502
1228,32.8,18.735634223659464,38.73563422365946,58.73563422365946,78.73563422365946
1229,31.5,18.879692928607984,38.87969292860798,58.87969292860798,78.87969292860798
1230,30.5,18.879692928607984,38.87969292860798,58.87969292860798,78.87969292860798
1231,32.6,18.879692928607984,38.87969292860798,58.87969292860798,78.87969292860798
1232,33.7,19.0237516335565,39.0237516335565,59.0237516335565,79.0237516335565
1233,35.0,82.56700424155275,102.56700424155275,122.56700424155275,142.56700424155275
1234,34.1,20.032162568196128,40.03216256819613,60.03216256819613,80.03216256819613
1235,34.1,20.464338683041685,40.46433868304169,60.46433868304169,80.46433868304169
1236,34.0,20.752456092938722,40.75245609293872,60.75245609293872,80.75245609293873
1237,33.1,20.752456092938722,40.75245609293872,60.75245609293872,80.75245609293873
1238,31.1,20.32027997809317,40.32027997809317,60.32027997809317,80.32027997809317
1239,29.3,20.176221273144648,40.17622127314465,60.17622127314465,80.17622127314465
1240,27.9,19.744045158299095,39.744045158299095,59.744045158299095,79.74404515829909
1241,27.0,19.599986453350578,39.59998645335058,59.59998645335058,79.59998645335058
1242,27.4,19.744045158299095,39.744045158299095,59.744045158299095,79.74404515829909
1243,27.3,19.88810386324761,39.88810386324761,59.88810386324761,79.88810386324761
1244,27.8,19.88810386324761,39.88810386324761,59.88810386324761,79.88810386324761
1245,32.5,45.276593165456404,65.2765931654564,85.2765931654564,105.2765931654564
1246,33.3,19.599986453350578,39.59998645335058,59.59998645335058,79.59998645335058
1247,33.0,18.879692928607984,38.87969292860798,58.87969292860798,78.87969292860798
1248,33.4,17.87128199396835,37.87128199396835,57.87128199396835,77.87128199396835
1249,31.1,54.87357566016765,74.87357566016766,94.87357566016766,114.87357566016766
1250,30.8,16.430694944483168,36.430694944483164,56.430694944483164,76.43069494448316
1251,29.3,16.14257753458613,36.14257753458613,56.14257753458613,76.14257753458614
1252,30.1,15.710401419740574,35.71040141974058,55.71040141974058,75.71040141974058
1253,27.5,15.566342714792057,35.56634271479206,55.56634271479206,75.56634271479206
1254,27.3,15.854460124689094,35.8544601246891,55.8544601246891,75.8544601246891
1255,27.7,15.99851882963761,35.99851882963761,55.99851882963761,75.99851882963762
1256,29.5,79.39771273268535,99.39771273268535,119.39771273268535,139.39771273268536
1257,29.4,18.01534069891687,38.01534069891687,58.01534069891687,78.01534069891687
1258,29.0,19.311869043453537,39.31186904345354,59.31186904345354,79.31186904345354
1259,27.7,20.032162568196128,40.03216256819613,60.03216256819613,80.03216256819613
1260,26.4,20.176221273144648,40.17622127314465,60.17622127314465,80.17622127314465
1261,25.6,20.32027997809317,40.32027997809317,60.32027997809317,80.32027997809317
1262,25.1,20.608397387990205,40.60839738799021,60.60839738799021,80.60839738799021
1263,23.7,21.040573502835763,41.04057350283576,61.04057350283576,81.04057350283577
1264,22.8,20.896514797887242,40.89651479788724,60.89651479788724,80.89651479788725
1265,22.6,20.464338683041685,40.46433868304169,60.46433868304169,80.46433868304169
1266,22.2,20.32027997809317,40.32027997809317,60.32027997809317,80.32027997809317
1267,23.4,19.599986453350578,39.59998645335058,59.59998645335058,79.59998645335058
1268,24.0,18.735634223659464,38.73563422365946,58.73563422365946,78.73563422365946
1269,24.8,42.683536476383075,62.683536476383075,82.68353647638307,102.68353647638307
1270,27.4,16.14257753458613,36.14257753458613,56.14257753458613,76.14257753458614
1271,27.2,14.846049190049467,34.84604919004947,54.84604919004947,74.84604919004947
1272,24.3,13.117344730667241,33.11734473066724,53.11734473066724,73.11734473066724
1273,23.4,49.8315209869695,69.83152098696951,89.83152098696951,109.83152098696951
1274,23.2,10.956464156439463,30.956464156439463,50.956464156439466,70.95646415643947
1275,22.1,9.948053221799833,29.94805322179983,49.94805322179983,69.94805322179982
1276,21.1,9.659935811902795,29.659935811902795,49.6599358119028,69.6599358119028
1277,22.3,9.37181840200576,29.371818402005758,49.37181840200576,69.37181840200576
1278,22.6,9.803994516851315,29.803994516851315,49.80399451685132,69.80399451685132
1279,23.4,10.236170631696872,30.236170631696872,50.23617063169687,70.23617063169687
1280,23.9,73.6353645347446,93.6353645347446,113.6353645347446,133.6353645347446
1281,24.6,10.812405451490944,30.812405451490946,50.812405451490946,70.81240545149095
1282,24.6,10.956464156439463,30.956464156439463,50.956464156439466,70.95646415643947
1283,24.1,10.956464156439463,30.956464156439463,50.956464156439466,70.95646415643947
1284,23.6,10.956464156439463,30.956464156439463,50.956464156439466,70.95646415643947
1285,22.8,11.2445815663365,31.2445815663365,51.2445815663365,71.2445815663365
1286,22.4,11.2445815663365,31.2445815663365,51.2445815663365,71.2445815663365
1287,21.3,11.2445815663365,31.2445815663365,51.2445815663365,71.2445815663365
1288,21.8,10.956464156439463,30.956464156439463,50.956464156439466,70.95646415643947
1289,25.9,10.668346746542426,30.668346746542426,50.668346746542426,70.66834674654243
1290,26.9,10.524288041593906,30.524288041593906,50.524288041593906,70.5242880415939
1291,26.1,10.668346746542426,30.668346746542426,50.668346746542426,70.66834674654243
1292,25.5,10.668346746542426,30.668346746542426,50.668346746542426,70.66834674654243
1293,27.4,35.62465993390566,55.62465993390566,75.62465993390566,95.62465993390566
1294,29.4,10.236170631696872,30.236170631696872,50.23617063169687,70.23617063169687
1295,29.2,9.37181840200576,29.371818402005758,49.37181840200576,69.37181840200576
1296,27.5,8.507466172314647,28.507466172314647,48.50746617231465,68.50746617231465
1297,25.1,46.085994658308024,66.08599465830802,86.08599465830802,106.08599465830802
1298,24.2,7.931231352520573,27.931231352520573,47.93123135252057,67.93123135252057
1299,23.4,8.075290057469092,28.07529005746909,48.07529005746909,68.07529005746909
1300,22.6,8.795583582211684,28.795583582211684,48.795583582211684,68.79558358221169
1301,22.7,8.795583582211684,28.795583582211684,48.795583582211684,68.79558358221169
1302,23.2,9.37181840200576,29.371818402005758,49.37181840200576,69.37181840200576
1303,23.2,10.236170631696872,30.236170631696872,50.23617063169687,70.23617063169687
1304,24.3,73.92348194464164,93.92348194464164,113.92348194464164,133.92348194464165
1305,25.0,11.532698976233537,31.532698976233537,51.53269897623353,71.53269897623353
1306,26.2,11.964875091079092,31.964875091079094,51.964875091079094,71.9648750910791
1307,26.9,12.541109910873166,32.54110991087317,52.54110991087317,72.54110991087316
1308,25.6,13.405462140564278,33.40546214056428,53.40546214056428,73.40546214056428
1309,26.1,14.125755665306873,34.12575566530687,54.12575566530687,74.12575566530687
1310,25.8,15.566342714792057,35.56634271479206,55.56634271479206,75.56634271479206
1311,25.3,17.006929764277242,37.006929764277245,57.006929764277245,77.00692976427725
1312,25.1,17.87128199396835,37.87128199396835,57.87128199396835,77.87128199396835
1313,25.2,18.30345810881391,38.30345810881391,58.30345810881391,78.30345810881391
1314,25.6,18.159399403865386,38.159399403865386,58.159399403865386,78.1593994038654
1315,27.2,18.735634223659464,38.73563422365946,58.73563422365946,78.73563422365946
1316,27.9,18.447516813762427,38.44751681376243,58.44751681376243,78.44751681376243
1317,28.9,42.82759518133159,62.82759518133159,82.82759518133159,102.82759518133159
1318,29.9,14.990107894997983,34.99010789499798,54.99010789499798,74.99010789499798
1319,29.5,12.685168615821684,32.68516861582168,52.68516861582168,72.68516861582168
1320,27.9,10.236170631696872,30.236170631696872,50.23617063169687,70.23617063169687
1321,26.0,46.51817077315358,66.51817077315357,86.51817077315357,106.51817077315357
1322,24.3,7.499055237675016,27.499055237675016,47.499055237675016,67.49905523767501
1323,23.5,7.066879122829462,27.066879122829462,47.06687912282946,67.06687912282946
1324,23.5,6.922820417880944,26.922820417880942,46.92282041788094,66.92282041788094
1325,23.7,7.787172647572055,27.787172647572056,47.787172647572056,67.78717264757205
1326,24.9,8.651524877263165,28.651524877263164,48.651524877263164,68.65152487726317
1327,25.3,10.380229336645385,30.380229336645385,50.380229336645385,70.38022933664539
1328,27.2,75.65218640402387,95.65218640402387,115.65218640402387,135.65218640402387
1329,30.5,13.405462140564278,33.40546214056428,53.40546214056428,73.40546214056428
1330,30.8,14.846049190049467,34.84604919004947,54.84604919004947,74.84604919004947
1331,29.9,15.854460124689094,35.8544601246891,55.8544601246891,75.8544601246891
1332,29.7,16.86287105932872,36.862871059328725,56.862871059328725,76.86287105932873
1333,29.9,18.01534069891687,38.01534069891687,58.01534069891687,78.01534069891687
1334,30.2,18.591575518710947,38.59157551871095,58.59157551871095,78.59157551871095
1335,29.5,19.599986453350578,39.59998645335058,59.59998645335058,79.59998645335058
1336,29.9,20.464338683041685,40.46433868304169,60.46433868304169,80.46433868304169
1337,30.3,21.040573502835763,41.04057350283576,61.04057350283576,81.04057350283577
1338,30.8,21.760867027578357,41.76086702757836,61.76086702757836,81.76086702757836
1339,30.9,21.904925732526873,41.90492573252688,61.90492573252688,81.90492573252688
1340,31.0,22.481160552320947,42.481160552320944,62.481160552320944,82.48116055232094
1341,31.5,46.86123891989011,66.86123891989011,86.86123891989011,106.86123891989011
1342,32.1,19.0237516335565,39.0237516335565,59.0237516335565,79.0237516335565
1343,30.0,16.574753649431685,36.574753649431685,56.574753649431685,76.57475364943168
1344,26.7,14.125755665306873,34.12575566530687,54.12575566530687,74.12575566530687
1345,23.7,49.68746228202099,69.68746228202099,89.68746228202099,109.68746228202099
1346,22.2,11.964875091079092,31.964875091079094,51.964875091079094,71.9648750910791
1347,21.7,12.685168615821684,32.68516861582168,52.68516861582168,72.68516861582168
1348,20.7,12.973286025718725,32.97328602571872,52.97328602571872,72.97328602571872
1349,20.5,13.261403435615758,33.26140343561576,53.26140343561576,73.26140343561576
1350,20.3,13.981696960358352,33.98169696035835,53.98169696035835,73.98169696035835
1351,22.1,15.42228400984354,35.42228400984354,55.42228400984354,75.42228400984354
1352,24.9,79.54177143763387,99.54177143763387,119.54177143763387,139.54177143763388
1353,28.8,17.15098846922576,37.15098846922576,57.15098846922576,77.15098846922575
1354,30.5,18.01534069891687,38.01534069891687,58.01534069891687,78.01534069891687
1355,31.6,19.0237516335565,39.0237516335565,59.0237516335565,79.0237516335565
1356,33.6,19.88810386324761,39.88810386324761,59.88810386324761,79.88810386324761
1357,32.7,20.32027997809317,40.32027997809317,60.32027997809317,80.32027997809317
1358,32.2,19.311869043453537,39.31186904345354,59.31186904345354,79.31186904345354
1359,32.0,19.16781033850502,39.16781033850502,59.16781033850502,79.16781033850502
1360,31.9,19.455927748402058,39.45592774840206,59.45592774840206,79.45592774840206
1361,31.4,18.591575518710947,38.59157551871095,58.59157551871095,78.59157551871095
1362,32.4,18.447516813762427,38.44751681376243,58.44751681376243,78.44751681376243
1363,34.0,15.99851882963761,35.99851882963761,55.99851882963761,75.99851882963762
1364,34.8,15.134166599946504,35.134166599946504,55.134166599946504,75.1341665999465
1365,38.9,39.946421082361226,59.946421082361226,79.94642108236123,99.94642108236123
1366,39.8,13.693579550461315,33.693579550461315,53.693579550461315,73.69357955046132
1367,35.6,12.252992500976127,32.25299250097613,52.25299250097613,72.25299250097612
1368,31.7,10.956464156439463,30.956464156439463,50.956464156439466,70.95646415643947
1369,28.0,46.6622294781021,66.66222947810209,86.66222947810209,106.66222947810209
1370,25.5,6.490644303035387,26.49064430303539,46.49064430303539,66.4906443030354
1371,23.8,5.48223336839576,25.48223336839576,45.48223336839576,65.48223336839575
1372,24.1,5.48223336839576,25.48223336839576,45.48223336839576,65.48223336839575
1373,23.8,6.202526893138352,26.20252689313835,46.202526893138355,66.20252689313836
1374,24.0,8.795583582211684,28.795583582211684,48.795583582211684,68.79558358221169
1375,25.3,12.973286025718725,32.97328602571872,52.97328602571872,72.97328602571872
1376,28.3,78.2452430930972,98.2452430930972,118.2452430930972,138.2452430930972
1377,30.5,17.583164584071316,37.58316458407131,57.58316458407131,77.58316458407131
1378,30.8,19.744045158299095,39.744045158299095,59.744045158299095,79.74404515829909
1379,32.1,21.47274961768132,41.472749617681316,61.472749617681316,81.47274961768132
1380,31.3,22.625219257269464,42.625219257269464,62.625219257269464,82.62521925726946
1381,31.0,23.345512782012054,43.34551278201205,63.34551278201205,83.34551278201205
1382,31.4,23.489571486960575,43.48957148696057,63.48957148696057,83.48957148696057
1383,29.9,22.913336667166504,42.913336667166504,62.913336667166504,82.9133366671665
1384,29.8,22.337101847372427,42.33710184737242,62.33710184737242,82.33710184737242
1385,28.9,21.760867027578357,41.76086702757836,61.76086702757836,81.76086702757836
1386,28.8,21.760867027578357,41.76086702757836,61.76086702757836,81.76086702757836
1387,30.0,21.760867027578357,41.76086702757836,61.76086702757836,81.76086702757836
1388,31.3,21.616808322629836,41.616808322629836,61.616808322629836,81.61680832262984
1389,35.3,46.14094539514752,66.14094539514753,86.14094539514753,106.14094539514753
1390,35.1,19.599986453350578,39.59998645335058,59.59998645335058,79.59998645335058
1391,32.1,16.574753649431685,36.574753649431685,56.574753649431685,76.57475364943168
1392,28.8,15.134166599946504,35.134166599946504,55.134166599946504,75.1341665999465
1393,27.0,49.68746228202099,69.68746228202099,89.68746228202099,109.68746228202099
1394,25.4,9.659935811902795,29.659935811902795,49.6599358119028,69.6599358119028
1395,24.0,9.227759697057241,29.22775969705724,49.22775969705724,69.22775969705724
1396,23.3,8.21934876241761,28.21934876241761,48.21934876241761,68.21934876241761
1397,23.9,8.939642287160202,28.939642287160204,48.939642287160204,68.93964228716021
1398,23.8,11.388640271285018,31.38864027128502,51.38864027128502,71.38864027128503
1399,25.3,13.693579550461315,33.693579550461315,53.693579550461315,73.69357955046132
1400,27.6,77.5249495683546,97.5249495683546,117.5249495683546,137.5249495683546
1401,29.1,14.26981437025539,34.26981437025539,54.26981437025539,74.26981437025539
1402,29.2,13.837638255409832,33.83763825540983,53.83763825540983,73.83763825540983
1403,28.9,13.837638255409832,33.83763825540983,53.83763825540983,73.83763825540983
1404,29.3,13.837638255409832,33.83763825540983,53.83763825540983,73.83763825540983
1405,28.7,15.27822530489502,35.27822530489502,55.27822530489502,75.27822530489502
1406,28.2,16.14257753458613,36.14257753458613,56.14257753458613,76.14257753458614
1407,28.2,16.28663623953465,36.28663623953465,56.28663623953465,76.28663623953466
1408,29.1,17.006929764277242,37.006929764277245,57.006929764277245,77.00692976427725
1409,30.2,17.15098846922576,37.15098846922576,57.15098846922576,77.15098846922575
1410,31.9,18.01534069891687,38.01534069891687,58.01534069891687,78.01534069891687
1411,32.7,19.311869043453537,39.31186904345354,59.31186904345354,79.31186904345354
1412,35.4,43.11571259122863,63.11571259122863,83.11571259122863,103.11571259122863
1413,36.7,16.574753649431685,36.574753649431685,56.574753649431685,76.57475364943168
1414,33.1,13.981696960358352,33.98169696035835,53.98169696035835,73.98169696035835
1415,29.2,11.676757681182053,31.676757681182053,51.67675768118205,71.67675768118205
1416,26.4,48.2468752325358,68.2468752325358,88.2468752325358,108.2468752325358
1417,23.5,10.092111926748352,30.092111926748352,50.09211192674835,70.09211192674834
1418,21.5,9.659935811902795,29.659935811902795,49.6599358119028,69.6599358119028
1419,20.2,9.37181840200576,29.371818402005758,49.37181840200576,69.37181840200576
1420,19.5,10.092111926748352,30.092111926748352,50.09211192674835,70.09211192674834
1421,19.9,12.252992500976127,32.25299250097613,52.25299250097613,72.25299250097612
1422,20.8,17.29504717417428,37.29504717417428,57.29504717417428,77.29504717417427
1423,23.2,83.57541517619238,103.57541517619238,123.57541517619238,143.5754151761924
1424,26.4,22.337101847372427,42.33710184737242,62.33710184737242,82.33710184737242
1425,28.5,23.345512782012054,43.34551278201205,63.34551278201205,83.34551278201205
1426,29.1,23.633630191909095,43.63363019190909,63.63363019190909,83.63363019190909
1427,28.2,22.481160552320947,42.481160552320944,62.481160552320944,82.48116055232094
1428,28.2,22.048984437475394,42.0489844374754,62.0489844374754,82.0489844374754
1429,27.4,21.47274961768132,41.472749617681316,61.472749617681316,81.47274961768132
1430,26.9,21.040573502835763,41.04057350283576,61.04057350283576,81.04057350283577
1431,26.7,20.608397387990205,40.60839738799021,60.60839738799021,80.60839738799021
1432,26.6,21.040573502835763,41.04057350283576,61.04057350283576,81.04057350283577
1433,28.4,22.19304314242391,42.19304314242391,62.19304314242391,82.1930431424239
1434,29.2,22.19304314242391,42.19304314242391,62.19304314242391,82.1930431424239
1435,31.0,46.86123891989011,66.86123891989011,86.86123891989011,106.86123891989011
1436,32.9,19.16781033850502,39.16781033850502,59.16781033850502,79.16781033850502
1437,29.2,16.574753649431685,36.574753649431685,56.574753649431685,76.57475364943168
1438,27.0,13.837638255409832,33.83763825540983,53.83763825540983,73.83763825540983
1439,24.5,49.68746228202099,69.68746228202099,89.68746228202099,109.68746228202099
1440,23.9,10.956464156439463,30.956464156439463,50.956464156439466,70.95646415643947
1441,24.6,11.820816386130574,31.820816386130574,51.82081638613057,71.82081638613057
1442,25.2,12.397051205924647,32.39705120592465,52.39705120592465,72.39705120592464
1443,25.0,14.26981437025539,34.26981437025539,54.26981437025539,74.26981437025539
1444,25.9,15.710401419740574,35.71040141974058,55.71040141974058,75.71040141974058
1445,26.1,17.727223289019836,37.72722328901983,57.72722328901983,77.72722328901983
1446,26.0,81.27047589701608,101.27047589701608,121.27047589701608,141.27047589701607
1447,28.2,17.29504717417428,37.29504717417428,57.29504717417428,77.29504717417427
1448,29.4,17.87128199396835,37.87128199396835,57.87128199396835,77.87128199396835
1449,30.0,17.87128199396835,37.87128199396835,57.87128199396835,77.87128199396835
1450,30.0,19.16781033850502,39.16781033850502,59.16781033850502,79.16781033850502
1451,30.0,20.32027997809317,40.32027997809317,60.32027997809317,80.32027997809317
1452,29.5,21.616808322629836,41.616808322629836,61.616808322629836,81.61680832262984
1453,30.5,23.05739537211502,43.057395372115025,63.057395372115025,83.05739537211502
1454,30.2,23.77768889685761,43.77768889685761,63.77768889685761,83.77768889685761
1455,30.0,24.93015853644576,44.93015853644576,64.93015853644576,84.93015853644576
1456,29.8,25.50639335623984,45.50639335623984,65.50639335623984,85.50639335623984
1457,34.6,50.89488265844863,70.89488265844864,90.89488265844864,110.89488265844864
1458,35.8,22.913336667166504,42.913336667166504,62.913336667166504,82.9133366671665
1459,34.7,21.47274961768132,41.472749617681316,61.472749617681316,81.47274961768132
1460,32.2,20.032162568196128,40.03216256819613,60.03216256819613,80.03216256819613
1461,29.4,56.17010400470432,76.17010400470431,96.17010400470431,116.17010400470431
1462,28.0,17.439105879122796,37.43910587912279,57.43910587912279,77.43910587912279
1463,27.4,17.583164584071316,37.58316458407131,57.58316458407131,77.58316458407131
1464,27.4,18.01534069891687,38.01534069891687,58.01534069891687,78.01534069891687
1465,28.2,20.176221273144648,40.17622127314465,60.17622127314465,80.17622127314465
1466,28.0,21.616808322629836,41.616808322629836,61.616808322629836,81.61680832262984
1467,28.3,24.49798242160021,44.49798242160021,64.49798242160021,84.49798242160021
1468,30.3,88.47341114444201,108.47341114444201,128.47341114444203,148.47341114444203
1469,31.7,25.36233465129132,45.36233465129132,65.36233465129132,85.36233465129132
1470,32.3,25.794510766136877,45.79451076613688,65.79451076613688,85.79451076613688
1471,30.7,27.37915652057058,47.379156520570575,67.37915652057058,87.37915652057058
1472,30.7,27.955391340364653,47.955391340364656,67.95539134036466,87.95539134036466
1473,30.7,28.531626160158723,48.53162616015872,68.53162616015872,88.53162616015872
1474,30.8,28.675684865107243,48.67568486510724,68.67568486510724,88.67568486510724
1475,29.8,28.531626160158723,48.53162616015872,68.53162616015872,88.53162616015872
1476,30.6,28.243508750261686,48.24350875026168,68.24350875026168,88.24350875026168
1477,31.1,28.675684865107243,48.67568486510724,68.67568486510724,88.67568486510724
1478,31.9,28.387567455210206,48.3875674552102,68.3875674552102,88.3875674552102
1479,32.6,28.531626160158723,48.53162616015872,68.53162616015872,88.53162616015872
1480,33.4,52.47952841288233,72.47952841288233,92.47952841288233,112.47952841288233
1481,32.8,25.218275946342796,45.2182759463428,65.2182759463428,85.2182759463428
1482,30.4,23.633630191909095,43.63363019190909,63.63363019190909,83.63363019190909
1483,27.9,22.625219257269464,42.625219257269464,62.625219257269464,82.62521925726946
1484,25.8,59.771571628417284,79.77157162841729,99.77157162841729,119.77157162841729
1485,24.8,21.3286909127328,41.328690912732796,61.328690912732796,81.3286909127328
1486,23.8,20.752456092938722,40.75245609293872,60.75245609293872,80.75245609293873
1487,23.0,20.608397387990205,40.60839738799021,60.60839738799021,80.60839738799021
1488,23.0,21.040573502835763,41.04057350283576,61.04057350283576,81.04057350283577
1489,24.0,21.760867027578357,41.76086702757836,61.76086702757836,81.76086702757836
1490,24.2,24.93015853644576,44.93015853644576,64.93015853644576,84.93015853644576
1491,25.8,89.76993948897868,109.76993948897868,129.76993948897868,149.76993948897868
1492,28.9,27.37915652057058,47.379156520570575,67.37915652057058,87.37915652057058
1493,29.1,27.37915652057058,47.379156520570575,67.37915652057058,87.37915652057058
1494,29.3,27.09103911067354,47.09103911067354,67.09103911067353,87.09103911067353
1495,29.2,26.514804290879468,46.51480429087947,66.51480429087947,86.51480429087947
1496,29.0,26.802921700776505,46.80292170077651,66.80292170077651,86.80292170077651
1497,29.3,26.946980405725025,46.94698040572503,66.94698040572503,86.94698040572503
1498,28.6,26.08262817603391,46.08262817603391,66.08262817603391,86.08262817603391
1499,28.1,24.93015853644576,44.93015853644576,64.93015853644576,84.93015853644576
1500,27.8,23.633630191909095,43.63363019190909,63.63363019190909,83.63363019190909
1501,27.1,22.337101847372427,42.33710184737242,62.33710184737242,82.33710184737242
1502,28.7,21.3286909127328,41.328690912732796,61.328690912732796,81.3286909127328
1503,29.8,45.852827985250485,65.85282798525049,85.85282798525049,105.85282798525049
1504,28.7,19.599986453350578,39.59998645335058,59.59998645335058,79.59998645335058
1505,26.5,18.159399403865386,38.159399403865386,58.159399403865386,78.1593994038654
1506,25.9,16.718812354380205,36.718812354380205,56.718812354380205,76.7188123543802
1507,23.3,53.721106020579505,73.7211060205795,93.7211060205795,113.7211060205795
1508,21.2,15.134166599946504,35.134166599946504,55.134166599946504,75.1341665999465
1509,20.4,14.557931780152426,34.55793178015243,54.55793178015243,74.55793178015243
1510,19.8,14.701990485100946,34.70199048510095,54.70199048510095,74.70199048510095
1511,19.4,15.134166599946504,35.134166599946504,55.134166599946504,75.1341665999465
1512,19.7,15.27822530489502,35.27822530489502,55.27822530489502,75.27822530489502
1513,20.3,15.566342714792057,35.56634271479206,55.56634271479206,75.56634271479206
1514,22.5,79.10959532278831,99.10959532278831,119.10959532278831,139.10959532278832
1515,25.0,17.15098846922576,37.15098846922576,57.15098846922576,77.15098846922575
1516,26.1,20.032162568196128,40.03216256819613,60.03216256819613,80.03216256819613
1517,29.4,19.88810386324761,39.88810386324761,59.88810386324761,79.88810386324761
1518,32.8,21.3286909127328,41.328690912732796,61.328690912732796,81.3286909127328
1519,28.0,22.481160552320947,42.481160552320944,62.481160552320944,82.48116055232094
1520,26.5,22.625219257269464,42.625219257269464,62.625219257269464,82.62521925726946
1521,26.5,23.05739537211502,43.057395372115025,63.057395372115025,83.05739537211502
1522,28.0,24.353923716651693,44.35392371665169,64.35392371665169,84.35392371665169
1523,30.0,24.49798242160021,44.49798242160021,64.49798242160021,84.49798242160021
1524,32.5,49.74241301886049,69.74241301886049,89.74241301886049,109.74241301886049
1525,32.9,24.353923716651693,44.35392371665169,64.35392371665169,84.35392371665169
1526,28.8,23.77768889685761,43.77768889685761,63.77768889685761,83.77768889685761
1527,27.0,23.489571486960575,43.48957148696057,63.48957148696057,83.48957148696057
1528,24.4,60.77998256305692,80.77998256305692,100.77998256305692,120.77998256305692
1529,22.8,22.048984437475394,42.0489844374754,62.0489844374754,82.0489844374754
1530,23.8,21.47274961768132,41.472749617681316,61.472749617681316,81.47274961768132
1531,23.5,20.752456092938722,40.75245609293872,60.75245609293872,80.75245609293873
1532,23.7,20.464338683041685,40.46433868304169,60.46433868304169,80.46433868304169
1533,24.3,20.608397387990205,40.60839738799021,60.60839738799021,80.60839738799021
1534,24.3,20.752456092938722,40.75245609293872,60.75245609293872,80.75245609293873
1535,26.6,84.00759129103794,104.00759129103794,124.00759129103794,144.00759129103795
1536,30.6,23.05739537211502,43.057395372115025,63.057395372115025,83.05739537211502
1537,30.7,22.913336667166504,42.913336667166504,62.913336667166504,82.9133366671665
1538,30.0,23.345512782012054,43.34551278201205,63.34551278201205,83.34551278201205
1539,30.1,23.489571486960575,43.48957148696057,63.48957148696057,83.48957148696057
1540,29.8,23.77768889685761,43.77768889685761,63.77768889685761,83.77768889685761
1541,29.0,25.074217241394283,45.07421724139428,65.07421724139428,85.07421724139428
1542,28.6,26.226686880982435,46.226686880982435,66.22668688098244,86.22668688098244
1543,30.0,27.37915652057058,47.379156520570575,67.37915652057058,87.37915652057058
1544,31.7,28.099450045313173,48.099450045313176,68.09945004531318,88.09945004531318
1545,33.5,52.47952841288233,72.47952841288233,92.47952841288233,112.47952841288233
1546,33.1,24.786099831497243,44.78609983149724,64.78609983149724,84.78609983149724
1547,28.0,22.913336667166504,42.913336667166504,62.913336667166504,82.9133366671665
1548,25.2,21.3286909127328,41.328690912732796,61.328690912732796,81.3286909127328
1549,23.2,57.89880846408654,77.89880846408654,97.89880846408654,117.89880846408654
1550,22.0,19.16781033850502,39.16781033850502,59.16781033850502,79.16781033850502
1551,19.9,18.30345810881391,38.30345810881391,58.30345810881391,78.30345810881391
1552,19.2,18.159399403865386,38.159399403865386,58.159399403865386,78.1593994038654
1553,18.7,18.447516813762427,38.44751681376243,58.44751681376243,78.44751681376243
1554,20.7,20.32027997809317,40.32027997809317,60.32027997809317,80.32027997809317
1555,22.7,23.20145407706354,43.201454077063545,63.201454077063545,83.20145407706354
1556,24.4,87.89717632464794,107.89717632464794,127.89717632464794,147.89717632464794
1557,27.9,25.218275946342796,45.2182759463428,65.2182759463428,85.2182759463428
1558,30.5,25.50639335623984,45.50639335623984,65.50639335623984,85.50639335623984
1559,32.4,25.650452061188354,45.65045206118835,65.65045206118836,85.65045206118836
1560,28.1,26.514804290879468,46.51480429087947,66.51480429087947,86.51480429087947
1561,28.4,26.946980405725025,46.94698040572503,66.94698040572503,86.94698040572503
1562,28.6,27.523215225519095,47.523215225519095,67.5232152255191,87.5232152255191
1563,29.4,27.66727393046762,47.667273930467616,67.66727393046762,87.66727393046762
1564,29.2,27.811332635416132,47.811332635416136,67.81133263541614,87.81133263541614
1565,29.3,28.099450045313173,48.099450045313176,68.09945004531318,88.09945004531318
1566,30.8,27.955391340364653,47.955391340364656,67.95539134036466,87.95539134036466
1567,32.3,26.370745585930948,46.37074558593095,66.37074558593095,86.37074558593095
1568,34.0,50.318647838654556,70.31864783865456,90.31864783865456,110.31864783865456
1569,34.1,24.353923716651693,44.35392371665169,64.35392371665169,84.35392371665169
1570,30.7,23.345512782012054,43.34551278201205,63.34551278201205,83.34551278201205
1571,26.7,22.481160552320947,42.481160552320944,62.481160552320944,82.48116055232094
1572,24.3,59.62751292346877,79.62751292346877,99.62751292346877,119.62751292346877
1573,23.5,21.040573502835763,41.04057350283576,61.04057350283576,81.04057350283577
1574,24.1,23.77768889685761,43.77768889685761,63.77768889685761,83.77768889685761
1575,24.2,24.642041126548726,44.642041126548726,64.64204112654872,84.64204112654872
1576,24.4,24.93015853644576,44.93015853644576,64.93015853644576,84.93015853644576
1577,27.0,87.89717632464794,107.89717632464794,127.89717632464794,147.89717632464794
1578,28.9,25.074217241394283,45.07421724139428,65.07421724139428,85.07421724139428
1579,28.0,25.50639335623984,45.50639335623984,65.50639335623984,85.50639335623984
1580,27.8,25.93856947108539,45.93856947108539,65.93856947108539,85.93856947108539
1581,27.2,26.370745585930948,46.37074558593095,66.37074558593095,86.37074558593095
1582,25.3,27.23509781562206,47.235097815622055,67.23509781562205,87.23509781562205
1583,24.3,28.243508750261686,48.24350875026168,68.24350875026168,88.24350875026168
1584,24.0,29.251919684901317,49.25191968490132,69.25191968490131,89.25191968490131
1585,24.2,29.97221320964391,49.97221320964391,69.97221320964391,89.97221320964391
1586,24.4,30.404389324489465,50.404389324489465,70.40438932448947,90.40438932448947
1587,24.3,31.268741554180583,51.26874155418058,71.26874155418058,91.26874155418058
1588,24.6,31.412800259129092,51.41280025912909,71.41280025912909,91.41280025912909
1589,26.3,31.412800259129092,51.41280025912909,71.41280025912909,91.41280025912909
1590,27.6,56.65723085638937,76.65723085638936,96.65723085638936,116.65723085638936
1591,28.9,30.980624144283546,50.980624144283546,70.98062414428355,90.98062414428355
1592,29.6,30.260330619540948,50.26033061954095,70.26033061954095,90.26033061954095
1593,27.9,29.97221320964391,49.97221320964391,69.97221320964391,89.97221320964391
1594,26.9,67.55074169563729,87.55074169563729,107.55074169563729,127.55074169563729
1595,25.6,29.684095799746874,49.68409579974687,69.68409579974687,89.68409579974687
1596,23.9,28.96380227500428,48.963802275004284,68.96380227500428,88.96380227500428
1597,22.9,28.531626160158723,48.53162616015872,68.53162616015872,88.53162616015872
1598,23.4,28.531626160158723,48.53162616015872,68.53162616015872,88.53162616015872
1599,24.9,28.531626160158723,48.53162616015872,68.53162616015872,88.53162616015872
1600,26.0,29.251919684901317,49.25191968490132,69.25191968490131,89.25191968490131
1601,27.7,93.0832897027946,113.0832897027946,133.08328970279462,153.08328970279462
1602,30.0,30.980624144283546,50.980624144283546,70.98062414428355,90.98062414428355
1603,32.4,31.124682849232055,51.12468284923206,71.12468284923206,91.12468284923206
1604,32.1,31.556858964077616,51.55685896407762,71.55685896407762,91.55685896407762
1605,32.6,31.556858964077616,51.55685896407762,71.55685896407762,91.55685896407762
1606,32.4,31.844976373974653,51.84497637397465,71.84497637397465,91.84497637397465
1607,31.4,31.70091766902613,51.700917669026126,71.70091766902613,91.70091766902613
1608,32.3,31.556858964077616,51.55685896407762,71.55685896407762,91.55685896407762
1609,32.5,31.412800259129092,51.41280025912909,71.41280025912909,91.41280025912909
1610,32.2,30.980624144283546,50.980624144283546,70.98062414428355,90.98062414428355
1611,32.7,29.395978389849837,49.39597838984984,69.39597838984983,89.39597838984983
1612,33.2,27.955391340364653,47.955391340364656,67.95539134036466,87.95539134036466
1613,35.7,26.658862995827985,46.65886299582799,66.65886299582799,86.65886299582799
1614,37.7,49.59835431391197,69.59835431391197,89.59835431391197,109.59835431391197
1615,37.5,22.625219257269464,42.625219257269464,62.625219257269464,82.62521925726946
1616,33.6,21.18463220778428,41.184632207784276,61.184632207784276,81.18463220778428
1617,29.5,19.744045158299095,39.744045158299095,59.744045158299095,79.74404515829909
1618,26.4,56.890397529446915,76.89039752944691,96.89039752944691,116.89039752944691
1619,23.7,18.735634223659464,38.73563422365946,58.73563422365946,78.73563422365946
1620,22.3,18.879692928607984,38.87969292860798,58.87969292860798,78.87969292860798
1621,21.5,19.311869043453537,39.31186904345354,59.31186904345354,79.31186904345354
1622,21.4,21.760867027578357,41.76086702757836,61.76086702757836,81.76086702757836
1623,20.8,22.19304314242391,42.19304314242391,62.19304314242391,82.1930431424239
1624,21.7,22.481160552320947,42.481160552320944,62.481160552320944,82.48116055232094
1625,23.7,85.59223704547165,105.59223704547165,125.59223704547165,145.59223704547165
1626,26.9,22.481160552320947,42.481160552320944,62.481160552320944,82.48116055232094
1627,29.6,22.19304314242391,42.19304314242391,62.19304314242391,82.1930431424239
1628,30.5,21.904925732526873,41.90492573252688,61.90492573252688,81.90492573252688
1629,30.3,21.904925732526873,41.90492573252688,61.90492573252688,81.90492573252688
1630,29.1,21.760867027578357,41.76086702757836,61.76086702757836,81.76086702757836
1631,28.9,21.616808322629836,41.616808322629836,61.616808322629836,81.61680832262984
1632,28.4,21.616808322629836,41.616808322629836,61.616808322629836,81.61680832262984
1633,29.0,21.616808322629836,41.616808322629836,61.616808322629836,81.61680832262984
1634,30.5,21.3286909127328,41.328690912732796,61.328690912732796,81.3286909127328
1635,30.2,21.18463220778428,41.184632207784276,61.184632207784276,81.18463220778428
1636,31.4,20.896514797887242,40.89651479788724,60.89651479788724,80.89651479788725
1637,31.8,45.708769280301965,65.70876928030196,85.70876928030196,105.70876928030196
1638,31.2,19.88810386324761,39.88810386324761,59.88810386324761,79.88810386324761
1639,27.6,19.455927748402058,39.45592774840206,59.45592774840206,79.45592774840206
1640,24.7,19.599986453350578,39.59998645335058,59.59998645335058,79.59998645335058
1641,21.7,57.46663234924099,77.466632349241,97.466632349241,117.466632349241
1642,20.5,19.455927748402058,39.45592774840206,59.45592774840206,79.45592774840206
1643,19.8,19.0237516335565,39.0237516335565,59.0237516335565,79.0237516335565
1644,18.4,18.30345810881391,38.30345810881391,58.30345810881391,78.30345810881391
1645,18.6,18.447516813762427,38.44751681376243,58.44751681376243,78.44751681376243
1646,20.1,18.879692928607984,38.87969292860798,58.87969292860798,78.87969292860798
1647,22.4,82.85512165144979,102.85512165144979,122.85512165144979,142.8551216514498
1648,25.4,19.88810386324761,39.88810386324761,59.88810386324761,79.88810386324761
1649,28.9,19.16781033850502,39.16781033850502,59.16781033850502,79.16781033850502
1650,29.1,18.159399403865386,38.159399403865386,58.159399403865386,78.1593994038654
1651,28.5,17.727223289019836,37.72722328901983,57.72722328901983,77.72722328901983
1652,28.7,17.87128199396835,37.87128199396835,57.87128199396835,77.87128199396835
1653,28.5,18.01534069891687,38.01534069891687,58.01534069891687,78.01534069891687
1654,29.0,18.159399403865386,38.159399403865386,58.159399403865386,78.1593994038654
1655,29.5,18.591575518710947,38.59157551871095,58.59157551871095,78.59157551871095
1656,30.1,19.16781033850502,39.16781033850502,59.16781033850502,79.16781033850502
1657,31.1,19.88810386324761,39.88810386324761,59.88810386324761,79.88810386324761
1658,30.9,19.599986453350578,39.59998645335058,59.59998645335058,79.59998645335058
1659,30.8,44.26818223081678,64.26818223081678,84.26818223081678,104.26818223081678
1660,31.1,18.159399403865386,38.159399403865386,58.159399403865386,78.1593994038654
1661,27.1,17.29504717417428,37.29504717417428,57.29504717417428,77.29504717417427
1662,24.0,16.574753649431685,36.574753649431685,56.574753649431685,76.57475364943168
1663,22.3,53.577047315630985,73.57704731563098,93.57704731563098,113.57704731563098
1664,22.5,14.125755665306873,34.12575566530687,54.12575566530687,74.12575566530687
1665,20.6,13.837638255409832,33.83763825540983,53.83763825540983,73.83763825540983
1666,19.4,14.413873075203906,34.41387307520391,54.41387307520391,74.41387307520391
1667,19.0,14.701990485100946,34.70199048510095,54.70199048510095,74.70199048510095
1668,18.5,15.566342714792057,35.56634271479206,55.56634271479206,75.56634271479206
1669,19.4,17.29504717417428,37.29504717417428,57.29504717417428,77.29504717417427
1670,22.2,81.70265201186164,101.70265201186164,121.70265201186164,141.70265201186163
1671,25.4,19.16781033850502,39.16781033850502,59.16781033850502,79.16781033850502
1672,29.3,19.16781033850502,39.16781033850502,59.16781033850502,79.16781033850502
1673,30.6,19.599986453350578,39.59998645335058,59.59998645335058,79.59998645335058
1674,31.6,20.32027997809317,40.32027997809317,60.32027997809317,80.32027997809317
1675,30.7,21.040573502835763,41.04057350283576,61.04057350283576,81.04057350283577
1676,30.9,21.3286909127328,41.328690912732796,61.328690912732796,81.3286909127328
1677,31.4,21.616808322629836,41.616808322629836,61.616808322629836,81.61680832262984
1678,30.1,21.904925732526873,41.90492573252688,61.90492573252688,81.90492573252688
1679,31.1,22.481160552320947,42.481160552320944,62.481160552320944,82.48116055232094
1680,33.0,22.337101847372427,42.33710184737242,62.33710184737242,82.33710184737242
1681,34.6,46.86123891989011,66.86123891989011,86.86123891989011,106.86123891989011
1682,33.4,20.032162568196128,40.03216256819613,60.03216256819613,80.03216256819613
1683,28.9,18.591575518710947,38.59157551871095,58.59157551871095,78.59157551871095
1684,24.5,17.15098846922576,37.15098846922576,57.15098846922576,77.15098846922575
1685,23.2,53.43298861068247,73.43298861068247,93.43298861068247,113.43298861068247
1686,21.4,13.405462140564278,33.40546214056428,53.40546214056428,73.40546214056428
1687,21.0,13.693579550461315,33.693579550461315,53.693579550461315,73.69357955046132
1688,20.6,14.413873075203906,34.41387307520391,54.41387307520391,74.41387307520391
1689,22.1,15.134166599946504,35.134166599946504,55.134166599946504,75.1341665999465
1690,24.0,17.15098846922576,37.15098846922576,57.15098846922576,77.15098846922575
1691,25.0,81.55859330691312,101.55859330691312,121.55859330691312,141.5585933069131
1692,27.9,19.455927748402058,39.45592774840206,59.45592774840206,79.45592774840206
1693,28.1,20.032162568196128,40.03216256819613,60.03216256819613,80.03216256819613
1694,29.1,20.608397387990205,40.60839738799021,60.60839738799021,80.60839738799021
1695,29.2,20.608397387990205,40.60839738799021,60.60839738799021,80.60839738799021
1696,28.8,20.752456092938722,40.75245609293872,60.75245609293872,80.75245609293873
1697,28.7,21.040573502835763,41.04057350283576,61.04057350283576,81.04057350283577
1698,29.1,21.616808322629836,41.616808322629836,61.616808322629836,81.61680832262984
1699,28.5,21.760867027578357,41.76086702757836,61.76086702757836,81.76086702757836
1700,29.7,22.19304314242391,42.19304314242391,62.19304314242391,82.1930431424239
1701,30.0,22.625219257269464,42.625219257269464,62.625219257269464,82.62521925726946
1702,30.5,22.769277962217984,42.769277962217984,62.769277962217984,82.76927796221798
1703,31.9,22.625219257269464,42.625219257269464,62.625219257269464,82.62521925726946
1704,34.3,46.42906280504455,66.42906280504455,86.42906280504455,106.42906280504455
1705,34.0,19.16781033850502,39.16781033850502,59.16781033850502,79.16781033850502
1706,32.3,15.710401419740574,35.71040141974058,55.71040141974058,75.71040141974058
1707,28.2,13.261403435615758,33.26140343561576,53.26140343561576,73.26140343561576
1708,26.0,50.26369710181506,70.26369710181507,90.26369710181507,110.26369710181507
1709,23.4,11.676757681182053,31.676757681182053,51.67675768118205,71.67675768118205
1710,22.6,12.685168615821684,32.68516861582168,52.68516861582168,72.68516861582168
1711,22.3,14.125755665306873,34.12575566530687,54.12575566530687,74.12575566530687
1712,22.4,14.413873075203906,34.41387307520391,54.41387307520391,74.41387307520391
1713,22.5,15.710401419740574,35.71040141974058,55.71040141974058,75.71040141974058
1714,24.1,18.01534069891687,38.01534069891687,58.01534069891687,78.01534069891687
1715,24.4,83.86353258608942,103.86353258608942,123.86353258608942,143.86353258608943
1716,24.8,22.337101847372427,42.33710184737242,62.33710184737242,82.33710184737242
1717,25.2,23.345512782012054,43.34551278201205,63.34551278201205,83.34551278201205
1718,26.2,24.49798242160021,44.49798242160021,64.49798242160021,84.49798242160021
1719,26.4,24.20986501170317,44.20986501170317,64.20986501170317,84.20986501170317
1720,25.8,24.353923716651693,44.35392371665169,64.35392371665169,84.35392371665169
1721,24.6,25.218275946342796,45.2182759463428,65.2182759463428,85.2182759463428
1722,24.4,25.36233465129132,45.36233465129132,65.36233465129132,85.36233465129132
1723,25.4,25.36233465129132,45.36233465129132,65.36233465129132,85.36233465129132
1724,25.8,24.786099831497243,44.78609983149724,64.78609983149724,84.78609983149724
1725,25.5,25.218275946342796,45.2182759463428,65.2182759463428,85.2182759463428
1726,26.8,25.50639335623984,45.50639335623984,65.50639335623984,85.50639335623984
1727,27.8,25.074217241394283,45.07421724139428,65.07421724139428,85.07421724139428
1728,30.1,47.72559114958122,67.72559114958122,87.72559114958122,107.72559114958122
1729,31.8,16.574753649431685,36.574753649431685,56.574753649431685,76.57475364943168
1730,30.0,14.846049190049467,34.84604919004947,54.84604919004947,74.84604919004947
1731,28.7,51.56022544635172,71.56022544635172,91.56022544635172,111.56022544635172
1732,27.8,13.981696960358352,33.98169696035835,53.98169696035835,73.98169696035835
1733,27.5,13.981696960358352,33.98169696035835,53.98169696035835,73.98169696035835
1734,27.1,13.981696960358352,33.98169696035835,53.98169696035835,73.98169696035835
1735,27.4,14.557931780152426,34.55793178015243,54.55793178015243,74.55793178015243
1736,29.4,15.710401419740574,35.71040141974058,55.71040141974058,75.71040141974058
1737,31.1,17.439105879122796,37.43910587912279,57.43910587912279,77.43910587912279
1738,29.3,82.99918035639831,102.99918035639831,122.99918035639831,142.9991803563983
1739,28.9,21.47274961768132,41.472749617681316,61.472749617681316,81.47274961768132
1740,29.0,21.760867027578357,41.76086702757836,61.76086702757836,81.76086702757836
1741,27.8,21.3286909127328,41.328690912732796,61.328690912732796,81.3286909127328
1742,27.3,22.481160552320947,42.481160552320944,62.481160552320944,82.48116055232094
1743,26.7,23.633630191909095,43.63363019190909,63.63363019190909,83.63363019190909
1744,25.8,23.345512782012054,43.34551278201205,63.34551278201205,83.34551278201205
1745,25.7,23.633630191909095,43.63363019190909,63.63363019190909,83.63363019190909
1746,25.9,22.769277962217984,42.769277962217984,62.769277962217984,82.76927796221798
1747,26.3,23.489571486960575,43.48957148696057,63.48957148696057,83.48957148696057
1748,27.7,23.77768889685761,43.77768889685761,63.77768889685761,83.77768889685761
1749,29.7,47.5815324446327,67.5815324446327,87.5815324446327,107.5815324446327
1750,31.5,20.464338683041685,40.46433868304169,60.46433868304169,80.46433868304169
1751,31.0,20.896514797887242,40.89651479788724,60.89651479788724,80.89651479788725
1752,28.6,20.176221273144648,40.17622127314465,60.17622127314465,80.17622127314465
1753,28.0,58.04286716903506,78.04286716903506,98.04286716903506,118.04286716903506
1754,27.1,19.88810386324761,39.88810386324761,59.88810386324761,79.88810386324761
1755,25.6,19.455927748402058,39.45592774840206,59.45592774840206,79.45592774840206
1756,23.6,18.879692928607984,38.87969292860798,58.87969292860798,78.87969292860798
1757,24.1,18.159399403865386,38.159399403865386,58.159399403865386,78.1593994038654
1758,25.1,18.735634223659464,38.73563422365946,58.73563422365946,78.73563422365946
1759,25.3,21.3286909127328,41.328690912732796,61.328690912732796,81.3286909127328
1760,26.5,87.75311761969942,107.75311761969942,127.75311761969942,147.75311761969942
1761,26.7,25.93856947108539,45.93856947108539,65.93856947108539,85.93856947108539
1762,25.2,26.946980405725025,46.94698040572503,66.94698040572503,86.94698040572503
1763,23.7,27.37915652057058,47.379156520570575,67.37915652057058,87.37915652057058
1764,23.0,26.946980405725025,46.94698040572503,66.94698040572503,86.94698040572503
1765,23.0,25.074217241394283,45.07421724139428,65.07421724139428,85.07421724139428
1766,22.3,26.226686880982435,46.226686880982435,66.22668688098244,86.22668688098244
1767,20.8,26.802921700776505,46.80292170077651,66.80292170077651,86.80292170077651
1768,20.9,27.09103911067354,47.09103911067354,67.09103911067353,87.09103911067353
1769,20.7,27.523215225519095,47.523215225519095,67.5232152255191,87.5232152255191
1770,20.7,27.811332635416132,47.811332635416136,67.81133263541614,87.81133263541614
1771,22.3,27.23509781562206,47.235097815622055,67.23509781562205,87.23509781562205
1772,23.2,25.50639335623984,45.50639335623984,65.50639335623984,85.50639335623984
1773,25.4,48.73400208422085,68.73400208422085,88.73400208422085,108.73400208422085
1774,26.7,20.896514797887242,40.89651479788724,60.89651479788724,80.89651479788725
1775,25.3,18.735634223659464,38.73563422365946,58.73563422365946,78.73563422365946
1776,21.1,18.735634223659464,38.73563422365946,58.73563422365946,78.73563422365946
1777,20.1,55.88198659480728,75.88198659480727,95.88198659480727,115.88198659480727
1778,20.3,19.599986453350578,39.59998645335058,59.59998645335058,79.59998645335058
1779,19.5,19.455927748402058,39.45592774840206,59.45592774840206,79.45592774840206
1780,17.9,20.608397387990205,40.60839738799021,60.60839738799021,80.60839738799021
1781,17.2,20.752456092938722,40.75245609293872,60.75245609293872,80.75245609293873
1782,16.2,22.625219257269464,42.625219257269464,62.625219257269464,82.62521925726946
1783,16.6,23.77768889685761,43.77768889685761,63.77768889685761,83.77768889685761
1784,17.7,87.89717632464794,107.89717632464794,127.89717632464794,147.89717632464794
1785,19.3,25.650452061188354,45.65045206118835,65.65045206118836,85.65045206118836
1786,20.2,26.370745585930948,46.37074558593095,66.37074558593095,86.37074558593095
1787,20.0,27.23509781562206,47.235097815622055,67.23509781562205,87.23509781562205
1788,20.7,27.955391340364653,47.955391340364656,67.95539134036466,87.95539134036466
1789,20.6,28.675684865107243,48.67568486510724,68.67568486510724,88.67568486510724
1790,21.5,28.387567455210206,48.3875674552102,68.3875674552102,88.3875674552102
1791,21.6,28.81974357005576,48.81974357005576,68.81974357005576,88.81974357005576
1792,22.1,29.540037094798354,49.54003709479835,69.54003709479835,89.54003709479835
1793,22.5,29.828154504695394,49.82815450469539,69.82815450469539,89.82815450469539
1794,22.9,29.97221320964391,49.97221320964391,69.97221320964391,89.97221320964391
1795,23.5,29.1078609799528,49.107860979952804,69.1078609799528,89.1078609799528
1796,24.1,28.387567455210206,48.3875674552102,68.3875674552102,88.3875674552102
1797,24.6,51.903293593088264,71.90329359308826,91.90329359308826,111.90329359308826
1798,23.0,25.36233465129132,45.36233465129132,65.36233465129132,85.36233465129132
1799,19.9,24.353923716651693,44.35392371665169,64.35392371665169,84.35392371665169
1800,18.0,23.489571486960575,43.48957148696057,63.48957148696057,83.48957148696057
1801,18.5,60.20374774326284,80.20374774326284,100.20374774326284,120.20374774326284
1802,18.5,21.760867027578357,41.76086702757836,61.76086702757836,81.76086702757836
1803,17.7,21.3286909127328,41.328690912732796,61.328690912732796,81.3286909127328
1804,17.1,21.3286909127328,41.328690912732796,61.328690912732796,81.3286909127328
1805,16.7,21.47274961768132,41.472749617681316,61.472749617681316,81.47274961768132
1806,16.5,22.048984437475394,42.0489844374754,62.0489844374754,82.0489844374754
1807,16.3,23.633630191909095,43.63363019190909,63.63363019190909,83.63363019190909
1808,17.5,87.46500020980238,107.46500020980238,127.46500020980238,147.46500020980238
1809,20.5,24.49798242160021,44.49798242160021,64.49798242160021,84.49798242160021
1810,24.7,25.218275946342796,45.2182759463428,65.2182759463428,85.2182759463428
1811,25.9,24.06580630675465,44.06580630675465,64.06580630675465,84.06580630675465
1812,25.5,23.633630191909095,43.63363019190909,63.63363019190909,83.63363019190909
1813,26.4,23.345512782012054,43.34551278201205,63.34551278201205,83.34551278201205
1814,26.8,23.489571486960575,43.48957148696057,63.48957148696057,83.48957148696057
1815,27.5,23.921747601806135,43.92174760180613,63.92174760180613,83.92174760180613
1816,29.4,46.71718021494159,66.71718021494159,86.71718021494159,106.71718021494159
1817,26.7,19.88810386324761,39.88810386324761,59.88810386324761,79.88810386324761
1818,22.0,18.591575518710947,38.59157551871095,58.59157551871095,78.59157551871095
1819,18.8,15.99851882963761,35.99851882963761,55.99851882963761,75.99851882963762
1820,19.2,52.56863638099136,72.56863638099136,92.56863638099136,112.56863638099136
1821,18.8,12.397051205924647,32.39705120592465,52.39705120592465,72.39705120592464
1822,17.5,11.820816386130574,31.820816386130574,51.82081638613057,71.82081638613057
1823,16.9,11.676757681182053,31.676757681182053,51.67675768118205,71.67675768118205
1824,17.1,11.388640271285018,31.38864027128502,51.38864027128502,71.38864027128503
1825,17.5,12.685168615821684,32.68516861582168,52.68516861582168,72.68516861582168
1826,18.4,13.549520845512799,33.5495208455128,53.5495208455128,73.5495208455128
1827,20.5,77.09277345350904,97.09277345350904,117.09277345350904,137.09277345350904
1828,23.5,15.27822530489502,35.27822530489502,55.27822530489502,75.27822530489502
1829,24.7,16.28663623953465,36.28663623953465,56.28663623953465,76.28663623953466
1830,27.8,16.14257753458613,36.14257753458613,56.14257753458613,76.14257753458614
1831,30.6,16.430694944483168,36.430694944483164,56.430694944483164,76.43069494448316
1832,30.8,16.86287105932872,36.862871059328725,56.862871059328725,76.86287105932873
1833,29.3,16.28663623953465,36.28663623953465,56.28663623953465,76.28663623953466
1834,29.5,16.430694944483168,36.430694944483164,56.430694944483164,76.43069494448316
1835,30.9,17.583164584071316,37.58316458407131,57.58316458407131,77.58316458407131
1836,30.4,18.30345810881391,38.30345810881391,58.30345810881391,78.30345810881391
1837,31.3,18.879692928607984,38.87969292860798,58.87969292860798,78.87969292860798
1838,32.8,19.0237516335565,39.0237516335565,59.0237516335565,79.0237516335565
1839,33.9,42.97165388628011,62.97165388628011,82.97165388628011,102.97165388628011
1840,29.9,15.566342714792057,35.56634271479206,55.56634271479206,75.56634271479206
1841,25.8,14.846049190049467,34.84604919004947,54.84604919004947,74.84604919004947
1842,23.2,52.136460266145804,72.1364602661458,92.1364602661458,112.1364602661458
1843,21.9,13.981696960358352,33.98169696035835,53.98169696035835,73.98169696035835
1844,19.5,13.981696960358352,33.98169696035835,53.98169696035835,73.98169696035835
1845,17.2,14.26981437025539,34.26981437025539,54.26981437025539,74.26981437025539
1846,17.3,15.27822530489502,35.27822530489502,55.27822530489502,75.27822530489502
1847,17.7,15.42228400984354,35.42228400984354,55.42228400984354,75.42228400984354
1848,18.4,16.430694944483168,36.430694944483164,56.430694944483164,76.43069494448316
1849,20.6,80.40612366732498,100.40612366732498,120.40612366732498,140.40612366732498
1850,23.5,19.0237516335565,39.0237516335565,59.0237516335565,79.0237516335565
1851,24.6,20.608397387990205,40.60839738799021,60.60839738799021,80.60839738799021
1852,26.7,21.18463220778428,41.184632207784276,61.184632207784276,81.18463220778428
1853,29.6,21.040573502835763,41.04057350283576,61.04057350283576,81.04057350283577
1854,30.7,21.760867027578357,41.76086702757836,61.76086702757836,81.76086702757836
1855,31.3,21.904925732526873,41.90492573252688,61.90492573252688,81.90492573252688
1856,31.8,21.616808322629836,41.616808322629836,61.616808322629836,81.61680832262984
1857,31.7,20.896514797887242,40.89651479788724,60.89651479788724,80.89651479788725
1858,32.2,19.88810386324761,39.88810386324761,59.88810386324761,79.88810386324761
1859,33.2,43.40383000112566,63.40383000112566,83.40383000112567,103.40383000112567
1860,33.7,16.718812354380205,36.718812354380205,56.718812354380205,76.7188123543802
1861,28.0,14.557931780152426,34.55793178015243,54.55793178015243,74.55793178015243
1862,23.8,12.108933796027612,32.108933796027614,52.108933796027614,72.10893379602761
1863,21.0,47.09440559294765,67.09440559294765,87.09440559294765,107.09440559294765
1864,17.7,8.651524877263165,28.651524877263164,48.651524877263164,68.65152487726317
1865,15.2,7.643113942623536,27.643113942623536,47.643113942623536,67.64311394262353
1866,13.9,7.066879122829462,27.066879122829462,47.06687912282946,67.06687912282946
1867,13.3,7.787172647572055,27.787172647572056,47.787172647572056,67.78717264757205
1868,13.3,8.939642287160202,28.939642287160204,48.939642287160204,68.93964228716021
1869,14.6,10.092111926748352,30.092111926748352,50.09211192674835,70.09211192674834
1870,15.7,75.07595158422978,95.07595158422978,115.07595158422978,135.07595158422978
1871,17.6,13.117344730667241,33.11734473066724,53.11734473066724,73.11734473066724
1872,20.2,13.549520845512799,33.5495208455128,53.5495208455128,73.5495208455128
1873,20.5,13.549520845512799,33.5495208455128,53.5495208455128,73.5495208455128
1874,21.9,14.26981437025539,34.26981437025539,54.26981437025539,74.26981437025539
1875,22.8,15.99851882963761,35.99851882963761,55.99851882963761,75.99851882963762
1876,23.6,17.439105879122796,37.43910587912279,57.43910587912279,77.43910587912279
1877,23.3,17.29504717417428,37.29504717417428,57.29504717417428,77.29504717417427
1878,25.4,17.87128199396835,37.87128199396835,57.87128199396835,77.87128199396835
1879,27.0,18.591575518710947,38.59157551871095,58.59157551871095,78.59157551871095
1880,27.3,21.040573502835763,41.04057350283576,61.04057350283576,81.04057350283577
1881,27.0,21.904925732526873,41.90492573252688,61.90492573252688,81.90492573252688
1882,27.3,20.176221273144648,40.17622127314465,60.17622127314465,80.17622127314465
1883,28.3,41.67512554174345,61.67512554174345,81.67512554174345,101.67512554174345
1884,27.1,12.829227320770205,32.8292273207702,52.8292273207702,72.8292273207702
1885,22.6,8.939642287160202,28.939642287160204,48.939642287160204,68.93964228716021
1886,19.6,6.490644303035387,26.49064430303539,46.49064430303539,66.4906443030354
1887,18.3,42.721344087671234,62.721344087671234,82.72134408767124,102.72134408767124
1888,16.8,4.854698191780822,24.854698191780823,44.85469819178083,64.85469819178083
1889,16.0,4.854698191780822,24.854698191780823,44.85469819178083,64.85469819178083
1890,13.9,4.854698191780822,24.854698191780823,44.85469819178083,64.85469819178083
1891,13.6,4.854698191780822,24.854698191780823,44.85469819178083,64.85469819178083
1892,13.4,4.854698191780822,24.854698191780823,44.85469819178083,64.85469819178083
1893,15.1,6.634703007983905,26.634703007983905,46.6347030079839,66.6347030079839
1894,15.0,72.19477748525942,92.19477748525942,112.19477748525942,132.1947774852594
1895,17.3,10.524288041593906,30.524288041593906,50.524288041593906,70.5242880415939
1896,19.6,11.820816386130574,31.820816386130574,51.82081638613057,71.82081638613057
1897,21.6,12.685168615821684,32.68516861582168,52.68516861582168,72.68516861582168
1898,21.7,13.693579550461315,33.693579550461315,53.693579550461315,73.69357955046132
1899,21.4,14.413873075203906,34.41387307520391,54.41387307520391,74.41387307520391
1900,21.5,15.854460124689094,35.8544601246891,55.8544601246891,75.8544601246891
1901,22.5,16.718812354380205,36.718812354380205,56.718812354380205,76.7188123543802
1902,22.0,15.99851882963761,35.99851882963761,55.99851882963761,75.99851882963762
1903,23.0,15.134166599946504,35.134166599946504,55.134166599946504,75.1341665999465
1904,24.1,14.557931780152426,34.55793178015243,54.55793178015243,74.55793178015243
1905,24.2,14.413873075203906,34.41387307520391,54.41387307520391,74.41387307520391
1906,22.2,14.413873075203906,34.41387307520391,54.41387307520391,74.41387307520391
1907,23.3,39.658303672464186,59.658303672464186,79.65830367246419,99.65830367246419
1908,25.4,14.413873075203906,34.41387307520391,54.41387307520391,74.41387307520391
1909,20.7,13.837638255409832,33.83763825540983,53.83763825540983,73.83763825540983
1910,16.8,11.820816386130574,31.820816386130574,51.82081638613057,71.82081638613057
1911,15.6,46.80628818305061,66.80628818305061,86.80628818305061,106.80628818305061
1912,14.6,7.066879122829462,27.066879122829462,47.06687912282946,67.06687912282946
1913,13.3,6.202526893138352,26.20252689313835,46.202526893138355,66.20252689313836
1914,12.1,6.634703007983905,26.634703007983905,46.6347030079839,66.6347030079839
1915,11.7,7.787172647572055,27.787172647572056,47.787172647572056,67.78717264757205
1916,11.2,8.651524877263165,28.651524877263164,48.651524877263164,68.65152487726317
1917,10.5,9.803994516851315,29.803994516851315,49.80399451685132,69.80399451685132
1918,11.4,74.06754064959016,94.06754064959016,114.06754064959016,134.06754064959017
1919,13.7,12.252992500976127,32.25299250097613,52.25299250097613,72.25299250097612
1920,15.5,12.973286025718725,32.97328602571872,52.97328602571872,72.97328602571872
1921,16.2,13.549520845512799,33.5495208455128,53.5495208455128,73.5495208455128
1922,17.1,13.549520845512799,33.5495208455128,53.5495208455128,73.5495208455128
1923,16.9,14.413873075203906,34.41387307520391,54.41387307520391,74.41387307520391
1924,16.9,15.27822530489502,35.27822530489502,55.27822530489502,75.27822530489502
1925,18.0,15.42228400984354,35.42228400984354,55.42228400984354,75.42228400984354
1926,19.0,15.42228400984354,35.42228400984354,55.42228400984354,75.42228400984354
1927,19.6,16.14257753458613,36.14257753458613,56.14257753458613,76.14257753458614
1928,19.1,17.439105879122796,37.43910587912279,57.43910587912279,77.43910587912279
1929,19.0,18.01534069891687,38.01534069891687,58.01534069891687,78.01534069891687
1930,19.9,17.29504717417428,37.29504717417428,57.29504717417428,77.29504717417427
1931,21.4,40.81077331205233,60.81077331205233,80.81077331205233,100.81077331205233
1932,20.4,13.549520845512799,33.5495208455128,53.5495208455128,73.5495208455128
1933,16.7,11.676757681182053,31.676757681182053,51.67675768118205,71.67675768118205
1934,13.8,10.092111926748352,30.092111926748352,50.09211192674835,70.09211192674834
1935,12.6,46.6622294781021,66.66222947810209,86.66222947810209,106.66222947810209
1936,12.3,7.499055237675016,27.499055237675016,47.499055237675016,67.49905523767501
1937,12.0,7.066879122829462,27.066879122829462,47.06687912282946,67.06687912282946
1938,10.9,7.066879122829462,27.066879122829462,47.06687912282946,67.06687912282946
1939,10.3,7.210937827777981,27.210937827777983,47.21093782777798,67.21093782777798
1940,10.3,8.939642287160202,28.939642287160204,48.939642287160204,68.93964228716021
1941,10.6,11.100522861387981,31.10052286138798,51.10052286138798,71.10052286138799
1942,11.5,75.65218640402387,95.65218640402387,115.65218640402387,135.65218640402387
1943,12.5,13.837638255409832,33.83763825540983,53.83763825540983,73.83763825540983
1944,13.5,14.846049190049467,34.84604919004947,54.84604919004947,74.84604919004947
1945,13.2,15.566342714792057,35.56634271479206,55.56634271479206,75.56634271479206
1946,13.6,16.574753649431685,36.574753649431685,56.574753649431685,76.57475364943168
1947,13.5,18.01534069891687,38.01534069891687,58.01534069891687,78.01534069891687
1948,13.7,18.591575518710947,38.59157551871095,58.59157551871095,78.59157551871095
1949,13.7,19.16781033850502,39.16781033850502,59.16781033850502,79.16781033850502
1950,13.9,19.744045158299095,39.744045158299095,59.744045158299095,79.74404515829909
1951,14.7,19.311869043453537,39.31186904345354,59.31186904345354,79.31186904345354
1952,14.6,18.591575518710947,38.59157551871095,58.59157551871095,78.59157551871095
1953,15.1,18.01534069891687,38.01534069891687,58.01534069891687,78.01534069891687
1954,16.0,16.86287105932872,36.862871059328725,56.862871059328725,76.86287105932873
1955,16.5,40.37859719720678,60.37859719720678,80.37859719720677,100.37859719720677
1956,16.6,13.261403435615758,33.26140343561576,53.26140343561576,73.26140343561576
1957,16.4,11.2445815663365,31.2445815663365,51.2445815663365,71.2445815663365
1958,17.3,11.100522861387981,31.10052286138798,51.10052286138798,71.10052286138799
1959,17.0,47.09440559294765,67.09440559294765,87.09440559294765,107.09440559294765
1960,16.2,6.34658559808687,26.346585598086868,46.34658559808687,66.34658559808688
1961,15.7,5.050057253550202,25.0500572535502,45.0500572535502,65.0500572535502
1962,15.2,5.770350778292794,25.770350778292794,45.770350778292794,65.7703507782928
1963,14.8,5.914409483241313,25.914409483241315,45.914409483241315,65.91440948324131
1964,14.8,6.634703007983905,26.634703007983905,46.6347030079839,66.6347030079839
1965,15.1,8.507466172314647,28.507466172314647,48.50746617231465,68.50746617231465
1966,16.2,73.20318841989905,93.20318841989905,113.20318841989905,133.20318841989905
1967,18.4,11.532698976233537,31.532698976233537,51.53269897623353,71.53269897623353
1968,20.5,11.964875091079092,31.964875091079094,51.964875091079094,71.9648750910791
1969,20.6,12.541109910873166,32.54110991087317,52.54110991087317,72.54110991087316
1970,21.4,13.261403435615758,33.26140343561576,53.26140343561576,73.26140343561576
1971,20.8,13.693579550461315,33.693579550461315,53.693579550461315,73.69357955046132
1972,20.4,14.413873075203906,34.41387307520391,54.41387307520391,74.41387307520391
1973,20.7,16.28663623953465,36.28663623953465,56.28663623953465,76.28663623953466
1974,22.4,17.006929764277242,37.006929764277245,57.006929764277245,77.00692976427725
1975,23.5,17.15098846922576,37.15098846922576,57.15098846922576,77.15098846922575
1976,22.3,17.439105879122796,37.43910587912279,57.43910587912279,77.43910587912279
1977,21.9,16.28663623953465,36.28663623953465,56.28663623953465,76.28663623953466
1978,22.0,15.134166599946504,35.134166599946504,55.134166599946504,75.1341665999465
1979,22.0,37.929599213081964,57.929599213081964,77.92959921308196,97.92959921308196
1980,21.9,10.380229336645385,30.380229336645385,50.380229336645385,70.38022933664539
1981,22.3,7.499055237675016,27.499055237675016,47.499055237675016,67.49905523767501
1982,20.0,4.854698191780822,24.854698191780823,44.85469819178083,64.85469819178083
1983,18.2,42.721344087671234,62.721344087671234,82.72134408767124,102.72134408767124
1984,15.3,4.854698191780822,24.854698191780823,44.85469819178083,64.85469819178083
1985,13.2,5.770350778292794,25.770350778292794,45.770350778292794,65.7703507782928
1986,13.7,7.787172647572055,27.787172647572056,47.787172647572056,67.78717264757205
1987,14.2,10.092111926748352,30.092111926748352,50.09211192674835,70.09211192674834
1988,15.0,75.36406899412682,95.36406899412682,115.36406899412682,135.36406899412682
1989,16.8,13.837638255409832,33.83763825540983,53.83763825540983,73.83763825540983
1990,17.4,14.990107894997983,34.99010789499798,54.99010789499798,74.99010789499798
1991,17.8,15.42228400984354,35.42228400984354,55.42228400984354,75.42228400984354
1992,17.8,15.854460124689094,35.8544601246891,55.8544601246891,75.8544601246891
1993,17.1,15.99851882963761,35.99851882963761,55.99851882963761,75.99851882963762
1994,16.8,16.28663623953465,36.28663623953465,56.28663623953465,76.28663623953466
1995,17.5,15.99851882963761,35.99851882963761,55.99851882963761,75.99851882963762
1996,17.8,15.99851882963761,35.99851882963761,55.99851882963761,75.99851882963762
1997,17.3,15.99851882963761,35.99851882963761,55.99851882963761,75.99851882963762
1998,18.2,15.99851882963761,35.99851882963761,55.99851882963761,75.99851882963762
1999,20.3,16.14257753458613,36.14257753458613,56.14257753458613,76.14257753458614
2000,21.0,42.107301656589,62.107301656589,82.107301656589,102.107301656589
2001,19.6,17.439105879122796,37.43910587912279,57.43910587912279,77.43910587912279
2002,18.2,17.006929764277242,37.006929764277245,57.006929764277245,77.00692976427725
2003,16.8,16.574753649431685,36.574753649431685,56.574753649431685,76.57475364943168
2004,14.8,54.15328213542506,74.15328213542506,94.15328213542506,114.15328213542506
2005,14.1,15.566342714792057,35.56634271479206,55.56634271479206,75.56634271479206
2006,12.8,15.710401419740574,35.71040141974058,55.71040141974058,75.71040141974058
2007,12.2,16.718812354380205,36.718812354380205,56.718812354380205,76.7188123543802
2008,13.2,16.430694944483168,36.430694944483164,56.430694944483164,76.43069494448316
2009,14.5,15.566342714792057,35.56634271479206,55.56634271479206,75.56634271479206
2010,15.5,15.27822530489502,35.27822530489502,55.27822530489502,75.27822530489502
2011,15.4,77.5249495683546,97.5249495683546,117.5249495683546,137.5249495683546
2012,16.2,15.42228400984354,35.42228400984354,55.42228400984354,75.42228400984354
2013,17.7,15.27822530489502,35.27822530489502,55.27822530489502,75.27822530489502
2014,18.8,14.701990485100946,34.70199048510095,54.70199048510095,74.70199048510095
2015,18.7,14.557931780152426,34.55793178015243,54.55793178015243,74.55793178015243
2016,19.4,14.701990485100946,34.70199048510095,54.70199048510095,74.70199048510095
2017,21.8,14.846049190049467,34.84604919004947,54.84604919004947,74.84604919004947
2018,21.9,14.990107894997983,34.99010789499798,54.99010789499798,74.99010789499798
2019,22.3,14.990107894997983,34.99010789499798,54.99010789499798,74.99010789499798
2020,24.7,14.26981437025539,34.26981437025539,54.26981437025539,74.26981437025539
2021,26.1,14.26981437025539,34.26981437025539,54.26981437025539,74.26981437025539
2022,30.3,13.693579550461315,33.693579550461315,53.693579550461315,73.69357955046132
2023,31.4,38.073657918030484,58.073657918030484,78.07365791803048,98.07365791803048
2024,27.6,11.532698976233537,31.532698976233537,51.53269897623353,71.53269897623353
2025,25.4,10.956464156439463,30.956464156439463,50.956464156439466,70.95646415643947
2026,22.8,48.67905134738135,68.67905134738135,88.67905134738135,108.67905134738135
2027,22.6,9.515877106954274,29.515877106954274,49.51587710695428,69.51587710695428
2028,23.8,7.931231352520573,27.931231352520573,47.93123135252057,67.93123135252057
2029,24.5,6.778761712932424,26.778761712932422,46.77876171293242,66.77876171293242
2030,24.0,6.202526893138352,26.20252689313835,46.202526893138355,66.20252689313836
2031,26.8,6.490644303035387,26.49064430303539,46.49064430303539,66.4906443030354
2032,27.4,6.922820417880944,26.922820417880942,46.92282041788094,66.92282041788094
2033,27.3,70.32201432092867,90.32201432092867,110.32201432092867,130.32201432092867
2034,26.5,7.210937827777981,27.210937827777983,47.21093782777798,67.21093782777798
2035,26.8,7.931231352520573,27.931231352520573,47.93123135252057,67.93123135252057
2036,26.6,8.795583582211684,28.795583582211684,48.795583582211684,68.79558358221169
2037,26.5,9.227759697057241,29.22775969705724,49.22775969705724,69.22775969705724
2038,26.4,9.659935811902795,29.659935811902795,49.6599358119028,69.6599358119028
2039,27.8,10.092111926748352,30.092111926748352,50.09211192674835,70.09211192674834
2040,28.5,10.380229336645385,30.380229336645385,50.380229336645385,70.38022933664539
2041,27.8,10.380229336645385,30.380229336645385,50.380229336645385,70.38022933664539
2042,27.5,11.100522861387981,31.10052286138798,51.10052286138798,71.10052286138799
2043,28.1,11.676757681182053,31.676757681182053,51.67675768118205,71.67675768118205
2044,29.3,10.956464156439463,30.956464156439463,50.956464156439466,70.95646415643947
2045,33.3,10.236170631696872,30.236170631696872,50.23617063169687,70.23617063169687
2046,36.2,34.47219029431752,54.47219029431752,74.47219029431753,94.47219029431753
2047,32.4,7.931231352520573,27.931231352520573,47.93123135252057,67.93123135252057
2048,30.3,6.922820417880944,26.922820417880942,46.92282041788094,66.92282041788094
2049,28.9,5.914409483241313,25.914409483241315,45.914409483241315,65.91440948324131
2050,27.6,42.721344087671234,62.721344087671234,82.72134408767124,102.72134408767124
2051,26.8,4.854698191780822,24.854698191780823,44.85469819178083,64.85469819178083
2052,25.2,4.854698191780822,24.854698191780823,44.85469819178083,64.85469819178083
2053,24.0,4.854698191780822,24.854698191780823,44.85469819178083,64.85469819178083
2054,24.5,4.854698191780822,24.854698191780823,44.85469819178083,64.85469819178083
2055,25.1,4.854698191780822,24.854698191780823,44.85469819178083,64.85469819178083
2056,24.9,67.96577468493152,87.96577468493152,107.96577468493152,127.96577468493152
2057,28.8,5.914409483241313,25.914409483241315,45.914409483241315,65.91440948324131
2058,30.6,7.643113942623536,27.643113942623536,47.643113942623536,67.64311394262353
2059,31.5,8.651524877263165,28.651524877263164,48.651524877263164,68.65152487726317
2060,31.2,8.939642287160202,28.939642287160204,48.939642287160204,68.93964228716021
2061,31.5,8.939642287160202,28.939642287160204,48.939642287160204,68.93964228716021
2062,31.9,9.37181840200576,29.371818402005758,49.37181840200576,69.37181840200576
2063,32.0,9.659935811902795,29.659935811902795,49.6599358119028,69.6599358119028
2064,32.0,12.397051205924647,32.39705120592465,52.39705120592465,72.39705120592464
2065,31.9,14.125755665306873,34.12575566530687,54.12575566530687,74.12575566530687
2066,33.1,14.125755665306873,34.12575566530687,54.12575566530687,74.12575566530687
2067,35.9,14.701990485100946,34.70199048510095,54.70199048510095,74.70199048510095
2068,36.6,40.09047978730975,60.09047978730975,80.09047978730975,100.09047978730975
2069,31.8,14.990107894997983,34.99010789499798,54.99010789499798,74.99010789499798
2070,28.3,14.990107894997983,34.99010789499798,54.99010789499798,74.99010789499798
2071,26.8,15.134166599946504,35.134166599946504,55.134166599946504,75.1341665999465
2072,26.5,52.8567537908884,72.8567537908884,92.8567537908884,112.8567537908884
2073,26.3,14.701990485100946,34.70199048510095,54.70199048510095,74.70199048510095
2074,26.1,13.837638255409832,33.83763825540983,53.83763825540983,73.83763825540983
2075,26.5,12.973286025718725,32.97328602571872,52.97328602571872,72.97328602571872
2076,25.7,12.541109910873166,32.54110991087317,52.54110991087317,72.54110991087316
2077,25.8,12.685168615821684,32.68516861582168,52.68516861582168,72.68516861582168
2078,25.7,13.405462140564278,33.40546214056428,53.40546214056428,73.40546214056428
2079,26.4,78.10118438814868,98.10118438814868,118.10118438814868,138.10118438814868
2080,27.9,16.14257753458613,36.14257753458613,56.14257753458613,76.14257753458614
2081,30.7,16.86287105932872,36.862871059328725,56.862871059328725,76.86287105932873
2082,31.9,17.29504717417428,37.29504717417428,57.29504717417428,77.29504717417427
2083,31.4,17.87128199396835,37.87128199396835,57.87128199396835,77.87128199396835
2084,31.7,19.16781033850502,39.16781033850502,59.16781033850502,79.16781033850502
2085,32.6,21.3286909127328,41.328690912732796,61.328690912732796,81.3286909127328
2086,32.7,22.337101847372427,42.33710184737242,62.33710184737242,82.33710184737242
2087,32.0,23.05739537211502,43.057395372115025,63.057395372115025,83.05739537211502
2088,32.1,23.489571486960575,43.48957148696057,63.48957148696057,83.48957148696057
2089,32.1,24.06580630675465,44.06580630675465,64.06580630675465,84.06580630675465
2090,32.8,23.633630191909095,43.63363019190909,63.63363019190909,83.63363019190909
2091,36.2,21.040573502835763,41.04057350283576,61.04057350283576,81.04057350283577
2092,36.1,43.11571259122863,63.11571259122863,83.11571259122863,103.11571259122863
2093,32.7,15.134166599946504,35.134166599946504,55.134166599946504,75.1341665999465
2094,30.8,12.829227320770205,32.8292273207702,52.8292273207702,72.8292273207702
2095,30.3,11.532698976233537,31.532698976233537,51.53269897623353,71.53269897623353
2096,28.7,48.10281652758728,68.10281652758728,88.10281652758728,108.10281652758728
2097,27.8,9.515877106954274,29.515877106954274,49.51587710695428,69.51587710695428
2098,26.7,9.083700992108723,29.083700992108724,49.083700992108724,69.08370099210873
2099,25.7,8.939642287160202,28.939642287160204,48.939642287160204,68.93964228716021
2100,25.9,8.795583582211684,28.795583582211684,48.795583582211684,68.79558358221169
2101,25.5,9.227759697057241,29.22775969705724,49.22775969705724,69.22775969705724
2102,25.8,10.668346746542426,30.668346746542426,50.668346746542426,70.66834674654243
2103,26.6,77.09277345350904,97.09277345350904,117.09277345350904,137.09277345350904
2104,28.0,14.26981437025539,34.26981437025539,54.26981437025539,74.26981437025539
2105,28.4,15.99851882963761,35.99851882963761,55.99851882963761,75.99851882963762
2106,28.3,18.447516813762427,38.44751681376243,58.44751681376243,78.44751681376243
2107,27.8,18.735634223659464,38.73563422365946,58.73563422365946,78.73563422365946
2108,26.9,19.0237516335565,39.0237516335565,59.0237516335565,79.0237516335565
2109,26.4,20.32027997809317,40.32027997809317,60.32027997809317,80.32027997809317
2110,26.7,20.32027997809317,40.32027997809317,60.32027997809317,80.32027997809317
2111,27.5,19.311869043453537,39.31186904345354,59.31186904345354,79.31186904345354
2112,27.8,20.032162568196128,40.03216256819613,60.03216256819613,80.03216256819613
2113,28.0,19.599986453350578,39.59998645335058,59.59998645335058,79.59998645335058
2114,29.1,19.311869043453537,39.31186904345354,59.31186904345354,79.31186904345354
2115,29.3,17.006929764277242,37.006929764277245,57.006929764277245,77.00692976427725
2116,28.9,40.52265590215529,60.52265590215529,80.5226559021553,100.5226559021553
2117,26.9,13.693579550461315,33.693579550461315,53.693579550461315,73.69357955046132
2118,25.6,12.685168615821684,32.68516861582168,52.68516861582168,72.68516861582168
2119,25.3,11.388640271285018,31.38864027128502,51.38864027128502,71.38864027128503
2120,25.1,48.2468752325358,68.2468752325358,88.2468752325358,108.2468752325358
2121,24.2,10.812405451490944,30.812405451490946,50.812405451490946,70.81240545149095
2122,23.9,13.837638255409832,33.83763825540983,53.83763825540983,73.83763825540983
2123,24.9,14.26981437025539,34.26981437025539,54.26981437025539,74.26981437025539
2124,23.8,13.117344730667241,33.11734473066724,53.11734473066724,73.11734473066724
2125,23.8,13.837638255409832,33.83763825540983,53.83763825540983,73.83763825540983
2126,24.4,14.557931780152426,34.55793178015243,54.55793178015243,74.55793178015243
2127,23.6,78.67741920794275,98.67741920794275,118.67741920794275,138.67741920794276
2128,25.9,15.854460124689094,35.8544601246891,55.8544601246891,75.8544601246891
2129,30.1,16.86287105932872,36.862871059328725,56.862871059328725,76.86287105932873
2130,29.5,17.006929764277242,37.006929764277245,57.006929764277245,77.00692976427725
2131,28.8,17.29504717417428,37.29504717417428,57.29504717417428,77.29504717417427
2132,29.0,17.87128199396835,37.87128199396835,57.87128199396835,77.87128199396835
2133,29.6,18.591575518710947,38.59157551871095,58.59157551871095,78.59157551871095
2134,28.8,19.311869043453537,39.31186904345354,59.31186904345354,79.31186904345354
2135,29.2,20.464338683041685,40.46433868304169,60.46433868304169,80.46433868304169
2136,28.9,20.896514797887242,40.89651479788724,60.89651479788724,80.89651479788725
2137,29.3,20.896514797887242,40.89651479788724,60.89651479788724,80.89651479788725
2138,28.7,44.55629964071382,64.55629964071382,84.55629964071382,104.55629964071382
2139,25.0,17.727223289019836,37.72722328901983,57.72722328901983,77.72722328901983
2140,22.4,15.566342714792057,35.56634271479206,55.56634271479206,75.56634271479206
2141,20.9,14.557931780152426,34.55793178015243,54.55793178015243,74.55793178015243
2142,19.8,51.56022544635172,71.56022544635172,91.56022544635172,111.56022544635172
2143,19.1,12.252992500976127,32.25299250097613,52.25299250097613,72.25299250097612
2144,18.5,10.956464156439463,30.956464156439463,50.956464156439466,70.95646415643947
2145,17.9,9.659935811902795,29.659935811902795,49.6599358119028,69.6599358119028
2146,17.7,9.37181840200576,29.371818402005758,49.37181840200576,69.37181840200576
2147,18.8,9.803994516851315,29.803994516851315,49.80399451685132,69.80399451685132
2148,19.1,11.2445815663365,31.2445815663365,51.2445815663365,71.2445815663365
2149,20.6,75.2200102891783,95.2200102891783,115.2200102891783,135.2200102891783
2150,22.7,12.397051205924647,32.39705120592465,52.39705120592465,72.39705120592464
2151,24.6,13.837638255409832,33.83763825540983,53.83763825540983,73.83763825540983
2152,26.1,14.557931780152426,34.55793178015243,54.55793178015243,74.55793178015243
2153,27.1,15.42228400984354,35.42228400984354,55.42228400984354,75.42228400984354
2154,26.4,16.574753649431685,36.574753649431685,56.574753649431685,76.57475364943168
2155,26.3,17.15098846922576,37.15098846922576,57.15098846922576,77.15098846922575
2156,25.7,19.311869043453537,39.31186904345354,59.31186904345354,79.31186904345354
2157,25.5,20.032162568196128,40.03216256819613,60.03216256819613,80.03216256819613
2158,25.1,20.464338683041685,40.46433868304169,60.46433868304169,80.46433868304169
2159,24.5,20.32027997809317,40.32027997809317,60.32027997809317,80.32027997809317
2160,25.1,18.159399403865386,38.159399403865386,58.159399403865386,78.1593994038654
2161,27.2,41.098890721949374,61.098890721949374,81.09889072194937,101.09889072194937
2162,25.8,13.405462140564278,33.40546214056428,53.40546214056428,73.40546214056428
2163,24.6,11.388640271285018,31.38864027128502,51.38864027128502,71.38864027128503
2164,25.2,9.803994516851315,29.803994516851315,49.80399451685132,69.80399451685132
2165,25.6,46.085994658308024,66.08599465830802,86.08599465830802,106.08599465830802
2166,25.7,6.490644303035387,26.49064430303539,46.49064430303539,66.4906443030354
2167,25.5,5.19411595849872,25.19411595849872,45.19411595849872,65.19411595849871
2168,25.6,5.050057253550202,25.0500572535502,45.0500572535502,65.0500572535502
2169,27.5,5.914409483241313,25.914409483241315,45.914409483241315,65.91440948324131
2170,29.0,6.634703007983905,26.634703007983905,46.6347030079839,66.6347030079839
2171,30.0,7.499055237675016,27.499055237675016,47.499055237675016,67.49905523767501
2172,28.3,71.61854266546534,91.61854266546534,111.61854266546534,131.61854266546533
2173,26.0,9.515877106954274,29.515877106954274,49.51587710695428,69.51587710695428
2174,25.2,10.380229336645385,30.380229336645385,50.380229336645385,70.38022933664539
2175,25.3,11.820816386130574,31.820816386130574,51.82081638613057,71.82081638613057
2176,25.3,13.117344730667241,33.11734473066724,53.11734473066724,73.11734473066724
2177,25.1,13.981696960358352,33.98169696035835,53.98169696035835,73.98169696035835
2178,24.9,15.134166599946504,35.134166599946504,55.134166599946504,75.1341665999465
2179,25.5,14.846049190049467,34.84604919004947,54.84604919004947,74.84604919004947
2180,26.7,14.413873075203906,34.41387307520391,54.41387307520391,74.41387307520391
2181,28.5,20.32027997809317,40.32027997809317,60.32027997809317,80.32027997809317
2182,30.5,22.481160552320947,42.481160552320944,62.481160552320944,82.48116055232094
2183,31.3,48.58994337927233,68.58994337927233,88.58994337927233,108.58994337927233
2184,30.0,23.20145407706354,43.201454077063545,63.201454077063545,83.20145407706354
2185,28.4,22.913336667166504,42.913336667166504,62.913336667166504,82.9133366671665
2186,27.5,22.625219257269464,42.625219257269464,62.625219257269464,82.62521925726946
2187,26.5,59.48345421852025,79.48345421852025,99.48345421852025,119.48345421852025
2188,23.9,18.735634223659464,38.73563422365946,58.73563422365946,78.73563422365946
2189,22.9,17.439105879122796,37.43910587912279,57.43910587912279,77.43910587912279
2190,23.6,16.574753649431685,36.574753649431685,56.574753649431685,76.57475364943168
2191,25.2,15.99851882963761,35.99851882963761,55.99851882963761,75.99851882963762
2192,23.7,17.439105879122796,37.43910587912279,57.43910587912279,77.43910587912279
2193,23.4,82.42294553660423,102.42294553660423,122.42294553660423,142.42294553660423
2194,24.3,20.32027997809317,40.32027997809317,60.32027997809317,80.32027997809317
2195,26.6,20.32027997809317,40.32027997809317,60.32027997809317,80.32027997809317
2196,28.8,21.040573502835763,41.04057350283576,61.04057350283576,81.04057350283577
2197,27.4,21.760867027578357,41.76086702757836,61.76086702757836,81.76086702757836
2198,26.9,23.20145407706354,43.201454077063545,63.201454077063545,83.20145407706354
2199,29.9,23.77768889685761,43.77768889685761,63.77768889685761,83.77768889685761
2200,31.1,24.06580630675465,44.06580630675465,64.06580630675465,84.06580630675465
2201,30.1,23.633630191909095,43.63363019190909,63.63363019190909,83.63363019190909
2202,30.3,23.633630191909095,43.63363019190909,63.63363019190909,83.63363019190909
2203,30.3,23.20145407706354,43.201454077063545,63.201454077063545,83.20145407706354
2204,33.0,45.420651870404924,65.42065187040492,85.42065187040492,105.42065187040492
2205,31.1,17.87128199396835,37.87128199396835,57.87128199396835,77.87128199396835
2206,28.2,14.846049190049467,34.84604919004947,54.84604919004947,74.84604919004947
2207,26.0,13.981696960358352,33.98169696035835,53.98169696035835,73.98169696035835
2208,24.8,50.983990626557656,70.98399062655766,90.98399062655766,110.98399062655766
2209,23.5,11.532698976233537,31.532698976233537,51.53269897623353,71.53269897623353
2210,24.8,10.380229336645385,30.380229336645385,50.380229336645385,70.38022933664539
2211,30.1,10.380229336645385,30.380229336645385,50.380229336645385,70.38022933664539
2212,31.7,10.380229336645385,30.380229336645385,50.380229336645385,70.38022933664539
2213,31.1,11.100522861387981,31.10052286138798,51.10052286138798,71.10052286138799
2214,30.6,12.541109910873166,32.54110991087317,52.54110991087317,72.54110991087316
2215,28.9,76.80465604361201,96.80465604361201,116.80465604361201,136.804656043612
2216,28.3,13.981696960358352,33.98169696035835,53.98169696035835,73.98169696035835
2217,27.8,14.846049190049467,34.84604919004947,54.84604919004947,74.84604919004947
2218,26.5,16.430694944483168,36.430694944483164,56.430694944483164,76.43069494448316
2219,24.1,19.0237516335565,39.0237516335565,59.0237516335565,79.0237516335565
2220,24.3,19.599986453350578,39.59998645335058,59.59998645335058,79.59998645335058
2221,24.5,19.744045158299095,39.744045158299095,59.744045158299095,79.74404515829909
2222,22.4,20.608397387990205,40.60839738799021,60.60839738799021,80.60839738799021
2223,20.9,21.040573502835763,41.04057350283576,61.04057350283576,81.04057350283577
2224,21.2,20.752456092938722,40.75245609293872,60.75245609293872,80.75245609293873
2225,21.3,20.032162568196128,40.03216256819613,60.03216256819613,80.03216256819613
2226,22.7,18.879692928607984,38.87969292860798,58.87969292860798,78.87969292860798
2227,23.8,42.82759518133159,62.82759518133159,82.82759518133159,102.82759518133159
2228,23.1,15.99851882963761,35.99851882963761,55.99851882963761,75.99851882963762
2229,22.2,15.134166599946504,35.134166599946504,55.134166599946504,75.1341665999465
2230,22.8,14.26981437025539,34.26981437025539,54.26981437025539,74.26981437025539
2231,21.3,51.27210803645469,71.27210803645468,91.27210803645468,111.27210803645468
2232,21.3,11.820816386130574,31.820816386130574,51.82081638613057,71.82081638613057
2233,21.8,11.100522861387981,31.10052286138798,51.10052286138798,71.10052286138799
2234,21.1,10.956464156439463,30.956464156439463,50.956464156439466,70.95646415643947
2235,20.7,11.2445815663365,31.2445815663365,51.2445815663365,71.2445815663365
2236,21.3,12.108933796027612,32.108933796027614,52.108933796027614,72.10893379602761
2237,21.6,13.693579550461315,33.693579550461315,53.693579550461315,73.69357955046132
2238,21.9,80.69424107722202,100.69424107722202,120.69424107722202,140.69424107722202
2239,21.9,21.18463220778428,41.184632207784276,61.184632207784276,81.18463220778428
2240,23.6,23.489571486960575,43.48957148696057,63.48957148696057,83.48957148696057
2241,23.5,24.20986501170317,44.20986501170317,64.20986501170317,84.20986501170317
2242,22.6,25.36233465129132,45.36233465129132,65.36233465129132,85.36233465129132
2243,21.4,26.514804290879468,46.51480429087947,66.51480429087947,86.51480429087947
2244,21.2,27.37915652057058,47.379156520570575,67.37915652057058,87.37915652057058
2245,21.8,27.66727393046762,47.667273930467616,67.66727393046762,87.66727393046762
2246,21.6,27.523215225519095,47.523215225519095,67.5232152255191,87.5232152255191
2247,20.7,27.66727393046762,47.667273930467616,67.66727393046762,87.66727393046762
2248,20.9,27.955391340364653,47.955391340364656,67.95539134036466,87.95539134036466
2249,22.1,26.946980405725025,46.94698040572503,66.94698040572503,86.94698040572503
2250,24.5,23.20145407706354,43.201454077063545,63.201454077063545,83.20145407706354
2251,29.7,45.13253446050789,65.13253446050788,85.13253446050788,105.13253446050788
2252,29.7,17.15098846922576,37.15098846922576,57.15098846922576,77.15098846922575
2253,29.7,14.701990485100946,34.70199048510095,54.70199048510095,74.70199048510095
2254,29.1,12.685168615821684,32.68516861582168,52.68516861582168,72.68516861582168
2255,27.1,49.39934487212395,69.39934487212395,89.39934487212395,109.39934487212395
2256,26.4,10.668346746542426,30.668346746542426,50.668346746542426,70.66834674654243
2257,25.1,11.2445815663365,31.2445815663365,51.2445815663365,71.2445815663365
2258,24.2,11.964875091079092,31.964875091079094,51.964875091079094,71.9648750910791
2259,23.5,12.397051205924647,32.39705120592465,52.39705120592465,72.39705120592464
2260,23.2,12.252992500976127,32.25299250097613,52.25299250097613,72.25299250097612
2261,24.0,12.973286025718725,32.97328602571872,52.97328602571872,72.97328602571872
2262,26.1,77.81306697825164,97.81306697825164,117.81306697825164,137.81306697825164
2263,28.1,15.27822530489502,35.27822530489502,55.27822530489502,75.27822530489502
2264,27.3,16.718812354380205,36.718812354380205,56.718812354380205,76.7188123543802
2265,26.6,17.87128199396835,37.87128199396835,57.87128199396835,77.87128199396835
2266,25.5,18.159399403865386,38.159399403865386,58.159399403865386,78.1593994038654
2267,24.7,18.30345810881391,38.30345810881391,58.30345810881391,78.30345810881391
2268,24.6,18.159399403865386,38.159399403865386,58.159399403865386,78.1593994038654
2269,25.4,19.744045158299095,39.744045158299095,59.744045158299095,79.74404515829909
2270,25.8,20.752456092938722,40.75245609293872,60.75245609293872,80.75245609293873
2271,26.0,20.176221273144648,40.17622127314465,60.17622127314465,80.17622127314465
2272,25.6,18.591575518710947,38.59157551871095,58.59157551871095,78.59157551871095
2273,25.4,17.15098846922576,37.15098846922576,57.15098846922576,77.15098846922575
2274,25.4,15.566342714792057,35.56634271479206,55.56634271479206,75.56634271479206
2275,24.8,40.09047978730975,60.09047978730975,80.09047978730975,100.09047978730975
2276,23.2,15.27822530489502,35.27822530489502,55.27822530489502,75.27822530489502
2277,22.0,14.125755665306873,34.12575566530687,54.12575566530687,74.12575566530687
2278,21.7,12.973286025718725,32.97328602571872,52.97328602571872,72.97328602571872
2279,21.0,50.26369710181506,70.26369710181507,90.26369710181507,110.26369710181507
2280,19.3,13.693579550461315,33.693579550461315,53.693579550461315,73.69357955046132
2281,20.1,13.549520845512799,33.5495208455128,53.5495208455128,73.5495208455128
2282,20.8,11.2445815663365,31.2445815663365,51.2445815663365,71.2445815663365
2283,20.0,11.100522861387981,31.10052286138798,51.10052286138798,71.10052286138799
2284,19.0,14.990107894997983,34.99010789499798,54.99010789499798,74.99010789499798
2285,22.1,18.30345810881391,38.30345810881391,58.30345810881391,78.30345810881391
2286,22.6,81.4145346019646,101.4145346019646,121.4145346019646,141.4145346019646
2287,24.4,18.447516813762427,38.44751681376243,58.44751681376243,78.44751681376243
2288,24.9,18.591575518710947,38.59157551871095,58.59157551871095,78.59157551871095
2289,24.3,17.727223289019836,37.72722328901983,57.72722328901983,77.72722328901983
2290,23.7,19.0237516335565,39.0237516335565,59.0237516335565,79.0237516335565
2291,22.1,20.896514797887242,40.89651479788724,60.89651479788724,80.89651479788725
2292,22.0,21.616808322629836,41.616808322629836,61.616808322629836,81.61680832262984
2293,22.0,21.904925732526873,41.90492573252688,61.90492573252688,81.90492573252688
2294,22.0,21.47274961768132,41.472749617681316,61.472749617681316,81.47274961768132
2295,21.9,20.896514797887242,40.89651479788724,60.89651479788724,80.89651479788725
2296,22.4,20.752456092938722,40.75245609293872,60.75245609293872,80.75245609293873
2297,22.5,19.88810386324761,39.88810386324761,59.88810386324761,79.88810386324761
2298,22.2,43.83600611597122,63.83600611597122,83.83600611597123,103.83600611597123
2299,20.7,16.86287105932872,36.862871059328725,56.862871059328725,76.86287105932873
2300,18.7,13.693579550461315,33.693579550461315,53.693579550461315,73.69357955046132
2301,17.3,49.54340357707247,69.54340357707247,89.54340357707247,109.54340357707247
2302,16.8,10.236170631696872,30.236170631696872,50.23617063169687,70.23617063169687
2303,16.7,9.37181840200576,29.371818402005758,49.37181840200576,69.37181840200576
2304,17.4,8.795583582211684,28.795583582211684,48.795583582211684,68.79558358221169
2305,15.2,9.227759697057241,29.22775969705724,49.22775969705724,69.22775969705724
2306,16.1,9.659935811902795,29.659935811902795,49.6599358119028,69.6599358119028
2307,17.9,11.100522861387981,31.10052286138798,51.10052286138798,71.10052286138799
2308,18.8,77.09277345350904,97.09277345350904,117.09277345350904,137.09277345350904
2309,19.0,15.710401419740574,35.71040141974058,55.71040141974058,75.71040141974058
2310,20.8,17.583164584071316,37.58316458407131,57.58316458407131,77.58316458407131
2311,22.1,18.591575518710947,38.59157551871095,58.59157551871095,78.59157551871095
2312,22.6,18.879692928607984,38.87969292860798,58.87969292860798,78.87969292860798
2313,22.8,19.311869043453537,39.31186904345354,59.31186904345354,79.31186904345354
2314,23.6,20.464338683041685,40.46433868304169,60.46433868304169,80.46433868304169
2315,24.5,21.904925732526873,41.90492573252688,61.90492573252688,81.90492573252688
2316,25.1,23.77768889685761,43.77768889685761,63.77768889685761,83.77768889685761
2317,25.3,25.50639335623984,45.50639335623984,65.50639335623984,85.50639335623984
2318,27.2,20.176221273144648,40.17622127314465,60.17622127314465,80.17622127314465
2319,28.7,41.67512554174345,61.67512554174345,81.67512554174345,101.67512554174345
2320,24.5,13.837638255409832,33.83763825540983,53.83763825540983,73.83763825540983
2321,21.7,11.532698976233537,31.532698976233537,51.53269897623353,71.53269897623353
2322,18.9,9.37181840200576,29.371818402005758,49.37181840200576,69.37181840200576
2323,17.9,46.51817077315358,66.51817077315357,86.51817077315357,106.51817077315357
2324,17.4,8.651524877263165,28.651524877263164,48.651524877263164,68.65152487726317
2325,15.6,8.939642287160202,28.939642287160204,48.939642287160204,68.93964228716021
2326,15.8,9.803994516851315,29.803994516851315,49.80399451685132,69.80399451685132
2327,15.8,10.812405451490944,30.812405451490946,50.812405451490946,70.81240545149095
2328,19.1,11.820816386130574,31.820816386130574,51.82081638613057,71.82081638613057
2329,18.7,13.981696960358352,33.98169696035835,53.98169696035835,73.98169696035835
2330,18.3,81.99076942175867,101.99076942175867,121.99076942175867,141.99076942175867
2331,19.8,21.040573502835763,41.04057350283576,61.04057350283576,81.04057350283577
2332,21.0,21.760867027578357,41.76086702757836,61.76086702757836,81.76086702757836
2333,21.7,21.616808322629836,41.616808322629836,61.616808322629836,81.61680832262984
2334,22.7,22.048984437475394,42.0489844374754,62.0489844374754,82.0489844374754
2335,23.8,21.760867027578357,41.76086702757836,61.76086702757836,81.76086702757836
2336,23.9,21.3286909127328,41.328690912732796,61.328690912732796,81.3286909127328
2337,24.7,21.040573502835763,41.04057350283576,61.04057350283576,81.04057350283577
2338,26.0,20.608397387990205,40.60839738799021,60.60839738799021,80.60839738799021
2339,27.3,20.464338683041685,40.46433868304169,60.46433868304169,80.46433868304169
2340,27.6,20.464338683041685,40.46433868304169,60.46433868304169,80.46433868304169
2341,28.8,20.32027997809317,40.32027997809317,60.32027997809317,80.32027997809317
2342,27.6,44.84441705061086,64.84441705061086,84.84441705061086,104.84441705061086
2343,23.9,19.16781033850502,39.16781033850502,59.16781033850502,79.16781033850502
2344,20.8,19.16781033850502,39.16781033850502,59.16781033850502,79.16781033850502
2345,18.8,18.879692928607984,38.87969292860798,58.87969292860798,78.87969292860798
2346,18.7,55.01763436511617,75.01763436511618,95.01763436511618,115.01763436511618
2347,18.5,16.574753649431685,36.574753649431685,56.574753649431685,76.57475364943168
2348,17.9,15.99851882963761,35.99851882963761,55.99851882963761,75.99851882963762
2349,18.1,14.846049190049467,34.84604919004947,54.84604919004947,74.84604919004947
2350,17.8,14.557931780152426,34.55793178015243,54.55793178015243,74.55793178015243
2351,19.1,14.701990485100946,34.70199048510095,54.70199048510095,74.70199048510095
2352,18.9,79.10959532278831,99.10959532278831,119.10959532278831,139.10959532278832
2353,19.9,16.86287105932872,36.862871059328725,56.862871059328725,76.86287105932873
2354,20.7,17.006929764277242,37.006929764277245,57.006929764277245,77.00692976427725
2355,20.7,17.439105879122796,37.43910587912279,57.43910587912279,77.43910587912279
2356,21.2,18.879692928607984,38.87969292860798,58.87969292860798,78.87969292860798
2357,22.5,18.879692928607984,38.87969292860798,58.87969292860798,78.87969292860798
2358,24.5,19.88810386324761,39.88810386324761,59.88810386324761,79.88810386324761
2359,25.6,20.608397387990205,40.60839738799021,60.60839738799021,80.60839738799021
2360,25.8,21.47274961768132,41.472749617681316,61.472749617681316,81.47274961768132
2361,26.5,21.904925732526873,41.90492573252688,61.90492573252688,81.90492573252688
2362,26.5,22.048984437475394,42.0489844374754,62.0489844374754,82.0489844374754
2363,26.8,21.760867027578357,41.76086702757836,61.76086702757836,81.76086702757836
2364,28.7,19.16781033850502,39.16781033850502,59.16781033850502,79.16781033850502
2365,29.2,43.11571259122863,63.11571259122863,83.11571259122863,103.11571259122863
2366,25.5,16.14257753458613,36.14257753458613,56.14257753458613,76.14257753458614
2367,23.5,15.566342714792057,35.56634271479206,55.56634271479206,75.56634271479206
2368,21.8,14.701990485100946,34.70199048510095,54.70199048510095,74.70199048510095
2369,22.6,52.28051897109432,72.28051897109432,92.28051897109432,112.28051897109432
2370,22.5,12.829227320770205,32.8292273207702,52.8292273207702,72.8292273207702
2371,21.5,12.252992500976127,32.25299250097613,52.25299250097613,72.25299250097612
2372,20.7,13.261403435615758,33.26140343561576,53.26140343561576,73.26140343561576
2373,21.5,14.125755665306873,34.12575566530687,54.12575566530687,74.12575566530687
2374,20.8,15.566342714792057,35.56634271479206,55.56634271479206,75.56634271479206
2375,21.2,81.12641719206756,101.12641719206756,121.12641719206756,141.12641719206755
2376,21.3,20.608397387990205,40.60839738799021,60.60839738799021,80.60839738799021
2377,21.7,22.19304314242391,42.19304314242391,62.19304314242391,82.1930431424239
2378,20.5,23.20145407706354,43.201454077063545,63.201454077063545,83.20145407706354
2379,20.4,23.345512782012054,43.34551278201205,63.34551278201205,83.34551278201205
2380,21.0,24.353923716651693,44.35392371665169,64.35392371665169,84.35392371665169
2381,21.2,24.642041126548726,44.642041126548726,64.64204112654872,84.64204112654872
2382,21.2,25.794510766136877,45.79451076613688,65.79451076613688,85.79451076613688
2383,20.8,26.514804290879468,46.51480429087947,66.51480429087947,86.51480429087947
2384,20.8,26.658862995827985,46.65886299582799,66.65886299582799,86.65886299582799
2385,20.4,25.50639335623984,45.50639335623984,65.50639335623984,85.50639335623984
2386,21.3,21.904925732526873,41.90492573252688,61.90492573252688,81.90492573252688
2387,22.8,44.12412352586826,64.12412352586826,84.12412352586826,104.12412352586826
2388,22.7,16.28663623953465,36.28663623953465,56.28663623953465,76.28663623953466
2389,20.3,14.125755665306873,34.12575566530687,54.12575566530687,74.12575566530687
2390,18.6,12.541109910873166,32.54110991087317,52.54110991087317,72.54110991087316
2391,17.4,49.68746228202099,69.68746228202099,89.68746228202099,109.68746228202099
2392,15.5,10.956464156439463,30.956464156439463,50.956464156439466,70.95646415643947
2393,17.0,11.388640271285018,31.38864027128502,51.38864027128502,71.38864027128503
2394,20.8,11.100522861387981,31.10052286138798,51.10052286138798,71.10052286138799
2395,22.2,11.100522861387981,31.10052286138798,51.10052286138798,71.10052286138799
2396,21.6,11.388640271285018,31.38864027128502,51.38864027128502,71.38864027128503
2397,22.2,11.820816386130574,31.820816386130574,51.82081638613057,71.82081638613057
2398,22.0,78.10118438814868,98.10118438814868,118.10118438814868,138.10118438814868
2399,21.4,19.311869043453537,39.31186904345354,59.31186904345354,79.31186904345354
2400,21.8,21.904925732526873,41.90492573252688,61.90492573252688,81.90492573252688
2401,21.7,23.921747601806135,43.92174760180613,63.92174760180613,83.92174760180613
2402,21.2,24.786099831497243,44.78609983149724,64.78609983149724,84.78609983149724
2403,21.0,25.794510766136877,45.79451076613688,65.79451076613688,85.79451076613688
2404,20.4,27.09103911067354,47.09103911067354,67.09103911067353,87.09103911067353
2405,20.4,27.37915652057058,47.379156520570575,67.37915652057058,87.37915652057058
2406,20.6,27.66727393046762,47.667273930467616,67.66727393046762,87.66727393046762
2407,20.6,27.37915652057058,47.379156520570575,67.37915652057058,87.37915652057058
2408,20.9,24.353923716651693,44.35392371665169,64.35392371665169,84.35392371665169
2409,21.7,20.032162568196128,40.03216256819613,60.03216256819613,80.03216256819613
2410,22.4,41.53106683679493,61.53106683679493,81.53106683679493,101.53106683679493
2411,25.1,9.948053221799833,29.94805322179983,49.94805322179983,69.94805322179982
2412,25.0,46.95034688799913,66.95034688799913,86.95034688799913,106.95034688799913
2413,22.5,8.36340746736613,28.36340746736613,48.36340746736613,68.36340746736613
2414,21.5,8.21934876241761,28.21934876241761,48.21934876241761,68.21934876241761
2415,20.9,8.36340746736613,28.36340746736613,48.36340746736613,68.36340746736613
2416,19.5,8.939642287160202,28.939642287160204,48.939642287160204,68.93964228716021
2417,18.4,10.236170631696872,30.236170631696872,50.23617063169687,70.23617063169687
2418,18.0,11.820816386130574,31.820816386130574,51.82081638613057,71.82081638613057
2419,18.5,77.81306697825164,97.81306697825164,117.81306697825164,137.81306697825164
2420,19.8,17.727223289019836,37.72722328901983,57.72722328901983,77.72722328901983
2421,21.5,20.32027997809317,40.32027997809317,60.32027997809317,80.32027997809317
2422,22.1,22.19304314242391,42.19304314242391,62.19304314242391,82.1930431424239
2423,23.4,23.633630191909095,43.63363019190909,63.63363019190909,83.63363019190909
2424,24.4,24.786099831497243,44.78609983149724,64.78609983149724,84.78609983149724
2425,24.9,25.36233465129132,45.36233465129132,65.36233465129132,85.36233465129132
2426,24.9,25.50639335623984,45.50639335623984,65.50639335623984,85.50639335623984
2427,24.4,25.074217241394283,45.07421724139428,65.07421724139428,85.07421724139428
2428,23.8,18.447516813762427,38.44751681376243,58.44751681376243,78.44751681376243
2429,21.9,40.23453849225826,60.23453849225826,80.23453849225825,100.23453849225825
2430,18.9,11.100522861387981,31.10052286138798,51.10052286138798,71.10052286138799
2431,17.9,7.643113942623536,27.643113942623536,47.643113942623536,67.64311394262353
2432,18.5,6.058468188189831,26.05846818818983,46.058468188189835,66.05846818818983
2433,19.2,43.060761854389135,63.060761854389135,83.06076185438914,103.06076185438914
2434,18.6,4.854698191780822,24.854698191780823,44.85469819178083,64.85469819178083
2435,17.3,4.854698191780822,24.854698191780823,44.85469819178083,64.85469819178083
2436,16.5,5.050057253550202,25.0500572535502,45.0500572535502,65.0500572535502
2437,15.7,6.058468188189831,26.05846818818983,46.058468188189835,66.05846818818983
2438,14.8,7.354996532726499,27.3549965327265,47.3549965327265,67.3549965327265
2439,15.2,8.939642287160202,28.939642287160204,48.939642287160204,68.93964228716021
2440,14.6,74.49971676443572,94.49971676443572,114.49971676443572,134.49971676443573
2441,16.3,14.125755665306873,34.12575566530687,54.12575566530687,74.12575566530687
2442,18.6,16.718812354380205,36.718812354380205,56.718812354380205,76.7188123543802
2443,19.5,18.735634223659464,38.73563422365946,58.73563422365946,78.73563422365946
2444,18.5,19.744045158299095,39.744045158299095,59.744045158299095,79.74404515829909
2445,17.6,20.752456092938722,40.75245609293872,60.75245609293872,80.75245609293873
2446,17.4,21.616808322629836,41.616808322629836,61.616808322629836,81.61680832262984
2447,16.7,22.19304314242391,42.19304314242391,62.19304314242391,82.1930431424239
2448,16.6,22.481160552320947,42.481160552320944,62.481160552320944,82.48116055232094
2449,16.9,22.481160552320947,42.481160552320944,62.481160552320944,82.48116055232094
2450,17.4,22.625219257269464,42.625219257269464,62.625219257269464,82.62521925726946
2451,17.9,20.896514797887242,40.89651479788724,60.89651479788724,80.89651479788725
2452,18.3,17.727223289019836,37.72722328901983,57.72722328901983,77.72722328901983
2453,17.9,39.226127557618625,59.226127557618625,79.22612755761863,99.22612755761863
2454,15.3,10.092111926748352,30.092111926748352,50.09211192674835,70.09211192674834
2455,14.7,6.490644303035387,26.49064430303539,46.49064430303539,66.4906443030354
2456,14.9,4.854698191780822,24.854698191780823,44.85469819178083,64.85469819178083
2457,15.3,42.721344087671234,62.721344087671234,82.72134408767124,102.72134408767124
2458,15.9,4.854698191780822,24.854698191780823,44.85469819178083,64.85469819178083
2459,15.5,4.854698191780822,24.854698191780823,44.85469819178083,64.85469819178083
2460,14.3,4.854698191780822,24.854698191780823,44.85469819178083,64.85469819178083
2461,14.1,4.854698191780822,24.854698191780823,44.85469819178083,64.85469819178083
2462,13.5,4.854698191780822,24.854698191780823,44.85469819178083,64.85469819178083
2463,13.2,5.48223336839576,25.48223336839576,45.48223336839576,65.48223336839575
2464,13.4,72.0507187803109,92.0507187803109,112.0507187803109,132.0507187803109
2465,15.1,12.397051205924647,32.39705120592465,52.39705120592465,72.39705120592464
2466,17.6,14.990107894997983,34.99010789499798,54.99010789499798,74.99010789499798
2467,18.5,17.439105879122796,37.43910587912279,57.43910587912279,77.43910587912279
2468,18.9,18.879692928607984,38.87969292860798,58.87969292860798,78.87969292860798
2469,19.5,20.032162568196128,40.03216256819613,60.03216256819613,80.03216256819613
2470,20.3,21.3286909127328,41.328690912732796,61.328690912732796,81.3286909127328
2471,20.4,22.337101847372427,42.33710184737242,62.33710184737242,82.33710184737242
2472,20.7,22.481160552320947,42.481160552320944,62.481160552320944,82.48116055232094
2473,21.3,22.913336667166504,42.913336667166504,62.913336667166504,82.9133366671665
2474,21.9,22.913336667166504,42.913336667166504,62.913336667166504,82.9133366671665
2475,21.8,20.608397387990205,40.60839738799021,60.60839738799021,80.60839738799021
2476,22.1,17.006929764277242,37.006929764277245,57.006929764277245,77.00692976427725
2477,20.5,37.641481803184924,57.641481803184924,77.64148180318492,97.64148180318492
2478,17.3,7.787172647572055,27.787172647572056,47.787172647572056,67.78717264757205
2479,15.4,4.854698191780822,24.854698191780823,44.85469819178083,64.85469819178083
2480,16.1,4.854698191780822,24.854698191780823,44.85469819178083,64.85469819178083
2481,15.0,42.721344087671234,62.721344087671234,82.72134408767124,102.72134408767124
2482,13.7,4.854698191780822,24.854698191780823,44.85469819178083,64.85469819178083
2483,13.0,4.854698191780822,24.854698191780823,44.85469819178083,64.85469819178083
2484,12.6,4.854698191780822,24.854698191780823,44.85469819178083,64.85469819178083
2485,12.3,4.854698191780822,24.854698191780823,44.85469819178083,64.85469819178083
2486,11.8,4.854698191780822,24.854698191780823,44.85469819178083,64.85469819178083
2487,11.5,4.854698191780822,24.854698191780823,44.85469819178083,64.85469819178083
2488,12.0,69.31360338628905,89.31360338628905,109.31360338628905,129.31360338628906
2489,14.1,11.388640271285018,31.38864027128502,51.38864027128502,71.38864027128503
2490,16.7,14.557931780152426,34.55793178015243,54.55793178015243,74.55793178015243
2491,19.1,17.006929764277242,37.006929764277245,57.006929764277245,77.00692976427725
2492,18.8,19.16781033850502,39.16781033850502,59.16781033850502,79.16781033850502
2493,19.5,20.608397387990205,40.60839738799021,60.60839738799021,80.60839738799021
2494,20.2,22.337101847372427,42.33710184737242,62.33710184737242,82.33710184737242
2495,19.7,23.05739537211502,43.057395372115025,63.057395372115025,83.05739537211502
2496,19.5,23.633630191909095,43.63363019190909,63.63363019190909,83.63363019190909
2497,20.3,23.921747601806135,43.92174760180613,63.92174760180613,83.92174760180613
2498,21.9,23.633630191909095,43.63363019190909,63.63363019190909,83.63363019190909
2499,23.4,20.608397387990205,40.60839738799021,60.60839738799021,80.60839738799021
2500,23.9,16.28663623953465,36.28663623953465,56.28663623953465,76.28663623953466
2501,21.0,36.777129573493816,56.777129573493816,76.77712957349382,96.77712957349382
2502,18.1,7.066879122829462,27.066879122829462,47.06687912282946,67.06687912282946
2503,17.2,4.854698191780822,24.854698191780823,44.85469819178083,64.85469819178083
2504,16.7,4.854698191780822,24.854698191780823,44.85469819178083,64.85469819178083
2505,16.0,42.721344087671234,62.721344087671234,82.72134408767124,102.72134408767124
2506,14.4,4.854698191780822,24.854698191780823,44.85469819178083,64.85469819178083
2507,14.7,4.854698191780822,24.854698191780823,44.85469819178083,64.85469819178083
2508,14.7,69.60172079618609,89.60172079618609,109.60172079618609,129.6017207961861
2509,16.5,10.092111926748352,30.092111926748352,50.09211192674835,70.09211192674834
2510,19.0,13.981696960358352,33.98169696035835,53.98169696035835,73.98169696035835
2511,20.2,17.29504717417428,37.29504717417428,57.29504717417428,77.29504717417427
2512,20.3,19.744045158299095,39.744045158299095,59.744045158299095,79.74404515829909
2513,19.9,21.18463220778428,41.184632207784276,61.184632207784276,81.18463220778428
2514,19.7,22.913336667166504,42.913336667166504,62.913336667166504,82.9133366671665
2515,20.6,23.05739537211502,43.057395372115025,63.057395372115025,83.05739537211502
2516,21.0,24.20986501170317,44.20986501170317,64.20986501170317,84.20986501170317
2517,21.4,24.786099831497243,44.78609983149724,64.78609983149724,84.78609983149724
2518,21.4,24.49798242160021,44.49798242160021,64.49798242160021,84.49798242160021
2519,22.4,21.3286909127328,41.328690912732796,61.328690912732796,81.3286909127328
2520,21.4,14.846049190049467,34.84604919004947,54.84604919004947,74.84604919004947
2521,20.2,34.328131589369,54.328131589369,74.32813158936901,94.32813158936901
2522,18.0,5.338174663447239,25.33817466344724,45.33817466344724,65.33817466344723
2523,17.7,4.854698191780822,24.854698191780823,44.85469819178083,64.85469819178083
2524,16.2,4.854698191780822,24.854698191780823,44.85469819178083,64.85469819178083
2525,14.9,42.721344087671234,62.721344087671234,82.72134408767124,102.72134408767124
2526,14.0,4.854698191780822,24.854698191780823,44.85469819178083,64.85469819178083
2527,15.2,4.854698191780822,24.854698191780823,44.85469819178083,64.85469819178083
2528,15.0,4.854698191780822,24.854698191780823,44.85469819178083,64.85469819178083
2529,16.2,67.96577468493152,87.96577468493152,107.96577468493152,127.96577468493152
2530,17.8,8.36340746736613,28.36340746736613,48.36340746736613,68.36340746736613
2531,19.8,10.812405451490944,30.812405451490946,50.812405451490946,70.81240545149095
2532,21.0,12.685168615821684,32.68516861582168,52.68516861582168,72.68516861582168
2533,19.9,14.557931780152426,34.55793178015243,54.55793178015243,74.55793178015243
2534,19.4,16.14257753458613,36.14257753458613,56.14257753458613,76.14257753458614
2535,19.4,17.006929764277242,37.006929764277245,57.006929764277245,77.00692976427725
2536,19.8,17.439105879122796,37.43910587912279,57.43910587912279,77.43910587912279
2537,20.6,18.30345810881391,38.30345810881391,58.30345810881391,78.30345810881391
2538,20.2,19.599986453350578,39.59998645335058,59.59998645335058,79.59998645335058
2539,20.4,20.464338683041685,40.46433868304169,60.46433868304169,80.46433868304169
2540,21.3,17.006929764277242,37.006929764277245,57.006929764277245,77.00692976427725
2541,20.7,11.820816386130574,31.820816386130574,51.82081638613057,71.82081638613057
2542,18.5,33.75189676957493,53.75189676957493,73.75189676957493,93.75189676957493
2543,16.9,5.19411595849872,25.19411595849872,45.19411595849872,65.19411595849871
2544,12.8,4.854698191780822,24.854698191780823,44.85469819178083,64.85469819178083
2545,12.5,4.905998548601684,24.905998548601683,44.90599854860169,64.90599854860169
2546,12.1,6.202526893138352,26.20252689313835,46.202526893138355,66.20252689313836
2547,12.3,6.490644303035387,26.49064430303539,46.49064430303539,66.4906443030354
2548,12.5,8.939642287160202,28.939642287160204,48.939642287160204,68.93964228716021
2549,13.7,73.49130582979608,93.49130582979608,113.49130582979608,133.4913058297961
2550,17.0,11.820816386130574,31.820816386130574,51.82081638613057,71.82081638613057
2551,20.4,13.117344730667241,33.11734473066724,53.11734473066724,73.11734473066724
2552,19.7,15.134166599946504,35.134166599946504,55.134166599946504,75.1341665999465
2553,17.7,17.583164584071316,37.58316458407131,57.58316458407131,77.58316458407131
2554,16.6,18.735634223659464,38.73563422365946,58.73563422365946,78.73563422365946
2555,16.7,16.574753649431685,36.574753649431685,56.574753649431685,76.57475364943168
2556,17.8,16.574753649431685,36.574753649431685,56.574753649431685,76.57475364943168
2557,18.1,16.574753649431685,36.574753649431685,56.574753649431685,76.57475364943168
2558,18.3,17.006929764277242,37.006929764277245,57.006929764277245,77.00692976427725
2559,19.1,18.447516813762427,38.44751681376243,58.44751681376243,78.44751681376243
2560,19.7,20.176221273144648,40.17622127314465,60.17622127314465,80.17622127314465
2561,20.0,21.616808322629836,41.616808322629836,61.616808322629836,81.61680832262984
2562,19.0,47.14935632978715,67.14935632978715,87.14935632978715,107.14935632978715
2563,17.2,21.904925732526873,41.90492573252688,61.90492573252688,81.90492573252688
2564,16.7,21.616808322629836,41.616808322629836,61.616808322629836,81.61680832262984
2565,16.8,21.47274961768132,41.472749617681316,61.472749617681316,81.47274961768132
2566,15.6,59.33939551357173,79.33939551357173,99.33939551357173,119.33939551357173
2567,15.5,21.18463220778428,41.184632207784276,61.184632207784276,81.18463220778428
2568,15.4,21.3286909127328,41.328690912732796,61.328690912732796,81.3286909127328
2569,14.7,21.616808322629836,41.616808322629836,61.616808322629836,81.61680832262984
2570,14.1,21.040573502835763,41.04057350283576,61.04057350283576,81.04057350283577
2571,14.3,20.176221273144648,40.17622127314465,60.17622127314465,80.17622127314465
2572,13.9,20.032162568196128,40.03216256819613,60.03216256819613,80.03216256819613
2573,13.7,82.99918035639831,102.99918035639831,122.99918035639831,142.9991803563983
2574,14.9,20.32027997809317,40.32027997809317,60.32027997809317,80.32027997809317
2575,16.5,20.608397387990205,40.60839738799021,60.60839738799021,80.60839738799021
2576,17.7,20.608397387990205,40.60839738799021,60.60839738799021,80.60839738799021
2577,17.4,20.176221273144648,40.17622127314465,60.17622127314465,80.17622127314465
2578,17.2,20.608397387990205,40.60839738799021,60.60839738799021,80.60839738799021
2579,17.9,21.3286909127328,41.328690912732796,61.328690912732796,81.3286909127328
2580,17.9,21.760867027578357,41.76086702757836,61.76086702757836,81.76086702757836
2581,18.2,22.19304314242391,42.19304314242391,62.19304314242391,82.1930431424239
2582,18.1,21.760867027578357,41.76086702757836,61.76086702757836,81.76086702757836
2583,18.9,20.752456092938722,40.75245609293872,60.75245609293872,80.75245609293873
2584,16.9,43.25977129617715,63.25977129617715,83.25977129617715,103.25977129617715
2585,15.3,15.854460124689094,35.8544601246891,55.8544601246891,75.8544601246891
2586,14.8,14.846049190049467,34.84604919004947,54.84604919004947,74.84604919004947
2587,14.1,14.26981437025539,34.26981437025539,54.26981437025539,74.26981437025539
2588,13.7,51.41616674140321,71.4161667414032,91.4161667414032,111.4161667414032
2589,12.9,12.829227320770205,32.8292273207702,52.8292273207702,72.8292273207702
2590,13.6,12.397051205924647,32.39705120592465,52.39705120592465,72.39705120592464
2591,13.2,11.676757681182053,31.676757681182053,51.67675768118205,71.67675768118205
2592,12.8,10.956464156439463,30.956464156439463,50.956464156439466,70.95646415643947
2593,12.7,10.812405451490944,30.812405451490946,50.812405451490946,70.81240545149095
2594,13.4,11.532698976233537,31.532698976233537,51.53269897623353,71.53269897623353
2595,13.9,76.6605973386635,96.6605973386635,116.6605973386635,136.66059733866348
2596,15.4,15.566342714792057,35.56634271479206,55.56634271479206,75.56634271479206
2597,15.8,16.574753649431685,36.574753649431685,56.574753649431685,76.57475364943168
2598,16.4,17.87128199396835,37.87128199396835,57.87128199396835,77.87128199396835
2599,16.2,18.879692928607984,38.87969292860798,58.87969292860798,78.87969292860798
2600,16.3,19.455927748402058,39.45592774840206,59.45592774840206,79.45592774840206
2601,16.5,20.32027997809317,40.32027997809317,60.32027997809317,80.32027997809317
2602,15.6,20.608397387990205,40.60839738799021,60.60839738799021,80.60839738799021
2603,15.8,21.18463220778428,41.184632207784276,61.184632207784276,81.18463220778428
2604,16.6,21.904925732526873,41.90492573252688,61.90492573252688,81.90492573252688
2605,16.3,22.19304314242391,42.19304314242391,62.19304314242391,82.1930431424239
2606,16.3,20.896514797887242,40.89651479788724,60.89651479788724,80.89651479788725
2607,16.8,19.455927748402058,39.45592774840206,59.45592774840206,79.45592774840206
2608,16.8,43.98006482091974,63.98006482091974,83.98006482091975,103.98006482091975
2609,15.8,18.159399403865386,38.159399403865386,58.159399403865386,78.1593994038654
2610,15.5,17.727223289019836,37.72722328901983,57.72722328901983,77.72722328901983
2611,16.3,17.15098846922576,37.15098846922576,57.15098846922576,77.15098846922575
2612,16.3,53.721106020579505,73.7211060205795,93.7211060205795,113.7211060205795
2613,15.8,15.566342714792057,35.56634271479206,55.56634271479206,75.56634271479206
2614,15.5,14.557931780152426,34.55793178015243,54.55793178015243,74.55793178015243
2615,15.8,16.28663623953465,36.28663623953465,56.28663623953465,76.28663623953466
2616,15.9,14.846049190049467,34.84604919004947,54.84604919004947,74.84604919004947
2617,15.4,15.710401419740574,35.71040141974058,55.71040141974058,75.71040141974058
2618,14.9,15.710401419740574,35.71040141974058,55.71040141974058,75.71040141974058
2619,15.5,80.26206496237646,100.26206496237646,120.26206496237646,140.26206496237646
2620,21.1,20.464338683041685,40.46433868304169,60.46433868304169,80.46433868304169
2621,21.4,19.599986453350578,39.59998645335058,59.59998645335058,79.59998645335058
2622,22.4,21.040573502835763,41.04057350283576,61.04057350283576,81.04057350283577
2623,22.7,22.19304314242391,42.19304314242391,62.19304314242391,82.1930431424239
2624,22.2,22.625219257269464,42.625219257269464,62.625219257269464,82.62521925726946
2625,21.0,23.345512782012054,43.34551278201205,63.34551278201205,83.34551278201205
2626,20.9,23.921747601806135,43.92174760180613,63.92174760180613,83.92174760180613
2627,20.8,23.20145407706354,43.201454077063545,63.201454077063545,83.20145407706354
2628,20.5,23.05739537211502,43.057395372115025,63.057395372115025,83.05739537211502
2629,21.1,21.616808322629836,41.616808322629836,61.616808322629836,81.61680832262984
2630,22.5,19.311869043453537,39.31186904345354,59.31186904345354,79.31186904345354
2631,21.8,43.6919474110227,63.6919474110227,83.69194741102271,103.69194741102271
2632,19.0,18.159399403865386,38.159399403865386,58.159399403865386,78.1593994038654
2633,17.0,18.30345810881391,38.30345810881391,58.30345810881391,78.30345810881391
2634,16.5,17.439105879122796,37.43910587912279,57.43910587912279,77.43910587912279
2635,14.8,55.01763436511617,75.01763436511618,95.01763436511618,115.01763436511618
2636,15.1,15.566342714792057,35.56634271479206,55.56634271479206,75.56634271479206
2637,16.1,16.574753649431685,36.574753649431685,56.574753649431685,76.57475364943168
2638,15.2,17.439105879122796,37.43910587912279,57.43910587912279,77.43910587912279
2639,15.3,17.87128199396835,37.87128199396835,57.87128199396835,77.87128199396835
2640,14.9,19.16781033850502,39.16781033850502,59.16781033850502,79.16781033850502
2641,15.2,19.599986453350578,39.59998645335058,59.59998645335058,79.59998645335058
2642,13.9,83.28729776629534,103.28729776629534,123.28729776629534,143.28729776629535
2643,15.0,22.337101847372427,42.33710184737242,62.33710184737242,82.33710184737242
2644,17.5,23.20145407706354,43.201454077063545,63.201454077063545,83.20145407706354
2645,19.0,22.769277962217984,42.769277962217984,62.769277962217984,82.76927796221798
2646,19.6,22.625219257269464,42.625219257269464,62.625219257269464,82.62521925726946
2647,19.8,23.20145407706354,43.201454077063545,63.201454077063545,83.20145407706354
2648,19.6,23.05739537211502,43.057395372115025,63.057395372115025,83.05739537211502
2649,20.0,22.769277962217984,42.769277962217984,62.769277962217984,82.76927796221798
2650,21.5,22.481160552320947,42.481160552320944,62.481160552320944,82.48116055232094
2651,21.7,22.769277962217984,42.769277962217984,62.769277962217984,82.76927796221798
2652,22.5,21.616808322629836,41.616808322629836,61.616808322629836,81.61680832262984
2653,22.3,20.032162568196128,40.03216256819613,60.03216256819613,80.03216256819613
2654,20.7,44.26818223081678,64.26818223081678,84.26818223081678,104.26818223081678
2655,16.3,18.159399403865386,38.159399403865386,58.159399403865386,78.1593994038654
2656,15.3,17.583164584071316,37.58316458407131,57.58316458407131,77.58316458407131
2657,15.4,54.4413995453221,74.4413995453221,94.4413995453221,114.4413995453221
2658,15.6,15.99851882963761,35.99851882963761,55.99851882963761,75.99851882963762
2659,16.3,14.990107894997983,34.99010789499798,54.99010789499798,74.99010789499798
2660,17.0,14.26981437025539,34.26981437025539,54.26981437025539,74.26981437025539
2661,19.2,14.557931780152426,34.55793178015243,54.55793178015243,74.55793178015243
2662,19.4,14.990107894997983,34.99010789499798,54.99010789499798,74.99010789499798
2663,20.6,16.14257753458613,36.14257753458613,56.14257753458613,76.14257753458614
2664,19.8,79.8298888475309,99.8298888475309,119.8298888475309,139.8298888475309
2665,18.8,19.599986453350578,39.59998645335058,59.59998645335058,79.59998645335058
2666,19.1,22.19304314242391,42.19304314242391,62.19304314242391,82.1930431424239
2667,19.2,23.489571486960575,43.48957148696057,63.48957148696057,83.48957148696057
2668,19.2,24.786099831497243,44.78609983149724,64.78609983149724,84.78609983149724
2669,18.7,24.93015853644576,44.93015853644576,64.93015853644576,84.93015853644576
2670,18.2,24.93015853644576,44.93015853644576,64.93015853644576,84.93015853644576
2671,18.9,24.49798242160021,44.49798242160021,64.49798242160021,84.49798242160021
2672,20.0,24.93015853644576,44.93015853644576,64.93015853644576,84.93015853644576
2673,19.1,26.08262817603391,46.08262817603391,66.08262817603391,86.08262817603391
2674,19.3,25.218275946342796,45.2182759463428,65.2182759463428,85.2182759463428
2675,21.7,17.87128199396835,37.87128199396835,57.87128199396835,77.87128199396835
2676,21.1,39.658303672464186,59.658303672464186,79.65830367246419,99.65830367246419
2677,20.0,12.252992500976127,32.25299250097613,52.25299250097613,72.25299250097612
2678,19.8,10.380229336645385,30.380229336645385,50.380229336645385,70.38022933664539
2679,18.9,8.507466172314647,28.507466172314647,48.50746617231465,68.50746617231465
2680,17.8,45.797877248410984,65.79787724841098,85.79787724841098,105.79787724841098
2681,17.2,8.21934876241761,28.21934876241761,48.21934876241761,68.21934876241761
2682,16.5,8.36340746736613,28.36340746736613,48.36340746736613,68.36340746736613
2683,16.6,9.515877106954274,29.515877106954274,49.51587710695428,69.51587710695428
2684,17.1,10.524288041593906,30.524288041593906,50.524288041593906,70.5242880415939
2685,16.3,11.532698976233537,31.532698976233537,51.53269897623353,71.53269897623353
2686,17.1,13.117344730667241,33.11734473066724,53.11734473066724,73.11734473066724
2687,17.6,77.09277345350904,97.09277345350904,117.09277345350904,137.09277345350904
2688,18.2,15.854460124689094,35.8544601246891,55.8544601246891,75.8544601246891
2689,20.0,19.744045158299095,39.744045158299095,59.744045158299095,79.74404515829909
2690,21.0,22.337101847372427,42.33710184737242,62.33710184737242,82.33710184737242
2691,20.3,23.345512782012054,43.34551278201205,63.34551278201205,83.34551278201205
2692,20.5,23.633630191909095,43.63363019190909,63.63363019190909,83.63363019190909
2693,20.4,23.921747601806135,43.92174760180613,63.92174760180613,83.92174760180613
2694,20.2,24.353923716651693,44.35392371665169,64.35392371665169,84.35392371665169
2695,21.4,24.20986501170317,44.20986501170317,64.20986501170317,84.20986501170317
2696,22.2,24.353923716651693,44.35392371665169,64.35392371665169,84.35392371665169
2697,22.3,23.633630191909095,43.63363019190909,63.63363019190909,83.63363019190909
2698,22.8,21.3286909127328,41.328690912732796,61.328690912732796,81.3286909127328
2699,23.5,17.439105879122796,37.43910587912279,57.43910587912279,77.43910587912279
2700,22.6,40.37859719720678,60.37859719720678,80.37859719720677,100.37859719720677
2701,20.1,12.397051205924647,32.39705120592465,52.39705120592465,72.39705120592464
2702,17.4,10.524288041593906,30.524288041593906,50.524288041593906,70.5242880415939
2703,15.9,11.532698976233537,31.532698976233537,51.53269897623353,71.53269897623353
2704,15.0,48.967168757278394,68.96716875727839,88.96716875727839,108.96716875727839
2705,14.1,10.092111926748352,30.092111926748352,50.09211192674835,70.09211192674834
2706,13.4,9.37181840200576,29.371818402005758,49.37181840200576,69.37181840200576
2707,12.5,10.380229336645385,30.380229336645385,50.380229336645385,70.38022933664539
2708,11.6,10.524288041593906,30.524288041593906,50.524288041593906,70.5242880415939
2709,11.6,11.388640271285018,31.38864027128502,51.38864027128502,71.38864027128503
2710,11.7,13.405462140564278,33.40546214056428,53.40546214056428,73.40546214056428
2711,14.2,77.66900827330312,97.66900827330312,117.66900827330312,137.66900827330312
2712,14.5,16.430694944483168,36.430694944483164,56.430694944483164,76.43069494448316
2713,16.6,18.591575518710947,38.59157551871095,58.59157551871095,78.59157551871095
2714,17.9,19.455927748402058,39.45592774840206,59.45592774840206,79.45592774840206
2715,18.9,21.47274961768132,41.472749617681316,61.472749617681316,81.47274961768132
2716,19.1,22.625219257269464,42.625219257269464,62.625219257269464,82.62521925726946
2717,19.6,23.489571486960575,43.48957148696057,63.48957148696057,83.48957148696057
2718,20.9,23.05739537211502,43.057395372115025,63.057395372115025,83.05739537211502
2719,23.3,22.19304314242391,42.19304314242391,62.19304314242391,82.1930431424239
2720,25.1,19.744045158299095,39.744045158299095,59.744045158299095,79.74404515829909
2721,24.6,16.430694944483168,36.430694944483164,56.430694944483164,76.43069494448316
2722,20.5,39.370186262567145,59.370186262567145,79.37018626256715,99.37018626256715
2723,15.8,12.252992500976127,32.25299250097613,52.25299250097613,72.25299250097612
2724,15.1,10.524288041593906,30.524288041593906,50.524288041593906,70.5242880415939
2725,15.2,9.948053221799833,29.94805322179983,49.94805322179983,69.94805322179982
2726,14.5,47.670640412741726,67.67064041274173,87.67064041274173,107.67064041274173
2727,15.0,10.956464156439463,30.956464156439463,50.956464156439466,70.95646415643947
2728,16.8,10.524288041593906,30.524288041593906,50.524288041593906,70.5242880415939
2729,16.8,10.812405451490944,30.812405451490946,50.812405451490946,70.81240545149095
2730,18.1,11.676757681182053,31.676757681182053,51.67675768118205,71.67675768118205
2731,17.0,11.964875091079092,31.964875091079094,51.964875091079094,71.9648750910791
2732,17.3,76.22842122381793,96.22842122381793,116.22842122381793,136.22842122381792
2733,17.9,16.14257753458613,36.14257753458613,56.14257753458613,76.14257753458614
2734,18.4,18.447516813762427,38.44751681376243,58.44751681376243,78.44751681376243
2735,18.3,21.18463220778428,41.184632207784276,61.184632207784276,81.18463220778428
2736,17.6,23.77768889685761,43.77768889685761,63.77768889685761,83.77768889685761
2737,16.7,25.36233465129132,45.36233465129132,65.36233465129132,85.36233465129132
2738,16.3,26.514804290879468,46.51480429087947,66.51480429087947,86.51480429087947
2739,16.0,27.23509781562206,47.235097815622055,67.23509781562205,87.23509781562205
2740,15.9,27.955391340364653,47.955391340364656,67.95539134036466,87.95539134036466
2741,15.6,28.099450045313173,48.099450045313176,68.09945004531318,88.09945004531318
2742,15.5,27.09103911067354,47.09103911067354,67.09103911067353,87.09103911067353
2743,16.3,22.481160552320947,42.481160552320944,62.481160552320944,82.48116055232094
2744,16.8,17.727223289019836,37.72722328901983,57.72722328901983,77.72722328901983
2745,17.0,39.658303672464186,59.658303672464186,79.65830367246419,99.65830367246419
2746,15.7,10.524288041593906,30.524288041593906,50.524288041593906,70.5242880415939
2747,14.6,9.227759697057241,29.22775969705724,49.22775969705724,69.22775969705724
2748,13.3,46.230053363256545,66.23005336325654,86.23005336325654,106.23005336325654
2749,12.9,7.643113942623536,27.643113942623536,47.643113942623536,67.64311394262353
2750,11.9,8.075290057469092,28.07529005746909,48.07529005746909,68.07529005746909
2751,11.3,7.354996532726499,27.3549965327265,47.3549965327265,67.3549965327265
2752,11.7,7.643113942623536,27.643113942623536,47.643113942623536,67.64311394262353
2753,11.7,8.075290057469092,28.07529005746909,48.07529005746909,68.07529005746909
2754,12.6,8.36340746736613,28.36340746736613,48.36340746736613,68.36340746736613
2755,13.9,73.6353645347446,93.6353645347446,113.6353645347446,133.6353645347446
2756,14.8,13.693579550461315,33.693579550461315,53.693579550461315,73.69357955046132
2757,15.3,16.14257753458613,36.14257753458613,56.14257753458613,76.14257753458614
2758,15.9,17.87128199396835,37.87128199396835,57.87128199396835,77.87128199396835
2759,15.6,18.879692928607984,38.87969292860798,58.87969292860798,78.87969292860798
2760,15.5,20.176221273144648,40.17622127314465,60.17622127314465,80.17622127314465
2761,16.2,22.913336667166504,42.913336667166504,62.913336667166504,82.9133366671665
2762,17.6,24.786099831497243,44.78609983149724,64.78609983149724,84.78609983149724
2763,17.6,25.93856947108539,45.93856947108539,65.93856947108539,85.93856947108539
2764,18.2,26.658862995827985,46.65886299582799,66.65886299582799,86.65886299582799
2765,19.0,25.218275946342796,45.2182759463428,65.2182759463428,85.2182759463428
2766,19.6,21.040573502835763,41.04057350283576,61.04057350283576,81.04057350283577
2767,18.4,16.718812354380205,36.718812354380205,56.718812354380205,76.7188123543802
2768,15.2,38.64989273782456,58.64989273782456,78.64989273782456,98.64989273782456
2769,13.2,11.100522861387981,31.10052286138798,51.10052286138798,71.10052286138799
2770,12.6,10.236170631696872,30.236170631696872,50.23617063169687,70.23617063169687
2771,12.8,9.948053221799833,29.94805322179983,49.94805322179983,69.94805322179982
2772,13.4,47.23846429789617,67.23846429789617,87.23846429789617,107.23846429789617
2773,13.0,8.36340746736613,28.36340746736613,48.36340746736613,68.36340746736613
2774,12.8,8.507466172314647,28.507466172314647,48.50746617231465,68.50746617231465
2775,12.5,7.931231352520573,27.931231352520573,47.93123135252057,67.93123135252057
2776,12.1,9.227759697057241,29.22775969705724,49.22775969705724,69.22775969705724
2777,12.0,11.388640271285018,31.38864027128502,51.38864027128502,71.38864027128503
2778,13.0,76.08436251886943,96.08436251886943,116.08436251886943,136.08436251886943
2779,14.5,14.701990485100946,34.70199048510095,54.70199048510095,74.70199048510095
2780,16.5,16.86287105932872,36.862871059328725,56.862871059328725,76.86287105932873
2781,17.9,18.01534069891687,38.01534069891687,58.01534069891687,78.01534069891687
2782,20.1,18.591575518710947,38.59157551871095,58.59157551871095,78.59157551871095
2783,19.9,18.591575518710947,38.59157551871095,58.59157551871095,78.59157551871095
2784,19.6,18.735634223659464,38.73563422365946,58.73563422365946,78.73563422365946
2785,18.2,18.591575518710947,38.59157551871095,58.59157551871095,78.59157551871095
2786,16.9,19.16781033850502,39.16781033850502,59.16781033850502,79.16781033850502
2787,17.3,18.591575518710947,38.59157551871095,58.59157551871095,78.59157551871095
2788,17.5,37.4974230982364,57.4974230982364,77.4974230982364,97.4974230982364
2789,14.8,9.948053221799833,29.94805322179983,49.94805322179983,69.94805322179982
2790,13.1,7.931231352520573,27.931231352520573,47.93123135252057,67.93123135252057
2791,13.4,7.066879122829462,27.066879122829462,47.06687912282946,67.06687912282946
2792,12.5,44.645407608822836,64.64540760882284,84.64540760882284,104.64540760882284
2793,11.0,7.066879122829462,27.066879122829462,47.06687912282946,67.06687912282946
2794,9.8,7.643113942623536,27.643113942623536,47.643113942623536,67.64311394262353
2795,9.7,6.922820417880944,26.922820417880942,46.92282041788094,66.92282041788094
2796,8.8,6.778761712932424,26.778761712932422,46.77876171293242,66.77876171293242
2797,9.3,6.922820417880944,26.922820417880942,46.92282041788094,66.92282041788094
2798,9.9,8.795583582211684,28.795583582211684,48.795583582211684,68.79558358221169
2799,11.4,75.65218640402387,95.65218640402387,115.65218640402387,135.65218640402387
2800,11.6,13.405462140564278,33.40546214056428,53.40546214056428,73.40546214056428
2801,12.6,15.566342714792057,35.56634271479206,55.56634271479206,75.56634271479206
2802,13.0,16.430694944483168,36.430694944483164,56.430694944483164,76.43069494448316
2803,12.8,17.87128199396835,37.87128199396835,57.87128199396835,77.87128199396835
2804,13.3,20.32027997809317,40.32027997809317,60.32027997809317,80.32027997809317
2805,13.5,22.19304314242391,42.19304314242391,62.19304314242391,82.1930431424239
2806,14.9,23.489571486960575,43.48957148696057,63.48957148696057,83.48957148696057
2807,14.9,24.49798242160021,44.49798242160021,64.49798242160021,84.49798242160021
2808,15.3,25.218275946342796,45.2182759463428,65.2182759463428,85.2182759463428
2809,15.7,24.06580630675465,44.06580630675465,64.06580630675465,84.06580630675465
2810,16.0,20.608397387990205,40.60839738799021,60.60839738799021,80.60839738799021
2811,16.9,15.134166599946504,35.134166599946504,55.134166599946504,75.1341665999465
2812,17.4,36.777129573493816,56.777129573493816,76.77712957349382,96.77712957349382
2813,16.3,9.083700992108723,29.083700992108724,49.083700992108724,69.08370099210873
2814,15.6,7.499055237675016,27.499055237675016,47.499055237675016,67.49905523767501
2815,15.5,7.066879122829462,27.066879122829462,47.06687912282946,67.06687912282946
2816,16.3,43.92511408408024,63.92511408408024,83.92511408408023,103.92511408408023
2817,15.9,5.626292073344276,25.626292073344274,45.626292073344274,65.62629207334427
2818,15.8,5.626292073344276,25.626292073344274,45.626292073344274,65.62629207334427
2819,15.6,5.770350778292794,25.770350778292794,45.770350778292794,65.7703507782928
2820,14.9,6.490644303035387,26.49064430303539,46.49064430303539,66.4906443030354
2821,14.8,7.787172647572055,27.787172647572056,47.787172647572056,67.78717264757205
2822,15.2,8.795583582211684,28.795583582211684,48.795583582211684,68.79558358221169
2823,14.5,73.20318841989905,93.20318841989905,113.20318841989905,133.20318841989905
2824,15.5,11.676757681182053,31.676757681182053,51.67675768118205,71.67675768118205
2825,17.5,13.117344730667241,33.11734473066724,53.11734473066724,73.11734473066724
2826,18.9,14.413873075203906,34.41387307520391,54.41387307520391,74.41387307520391
2827,20.7,15.710401419740574,35.71040141974058,55.71040141974058,75.71040141974058
2828,21.1,16.718812354380205,36.718812354380205,56.718812354380205,76.7188123543802
2829,22.0,17.87128199396835,37.87128199396835,57.87128199396835,77.87128199396835
2830,22.3,18.30345810881391,38.30345810881391,58.30345810881391,78.30345810881391
2831,22.9,18.591575518710947,38.59157551871095,58.59157551871095,78.59157551871095
2832,23.5,19.16781033850502,39.16781033850502,59.16781033850502,79.16781033850502
2833,24.4,18.159399403865386,38.159399403865386,58.159399403865386,78.1593994038654
2834,24.6,16.718812354380205,36.718812354380205,56.718812354380205,76.7188123543802
2835,22.5,14.26981437025539,34.26981437025539,54.26981437025539,74.26981437025539
2836,19.6,37.4974230982364,57.4974230982364,77.4974230982364,97.4974230982364
2837,16.1,9.803994516851315,29.803994516851315,49.80399451685132,69.80399451685132
2838,15.1,7.931231352520573,27.931231352520573,47.93123135252057,67.93123135252057
2839,14.6,6.202526893138352,26.20252689313835,46.202526893138355,66.20252689313836
2840,13.4,43.63699667418321,63.63699667418321,83.63699667418321,103.63699667418321
2841,13.0,5.338174663447239,25.33817466344724,45.33817466344724,65.33817466344723
2842,12.4,5.770350778292794,25.770350778292794,45.770350778292794,65.7703507782928
2843,12.5,6.634703007983905,26.634703007983905,46.6347030079839,66.6347030079839
2844,12.4,7.787172647572055,27.787172647572056,47.787172647572056,67.78717264757205
2845,11.7,9.515877106954274,29.515877106954274,49.51587710695428,69.51587710695428
2846,12.0,11.100522861387981,31.10052286138798,51.10052286138798,71.10052286138799
2847,12.9,75.65218640402387,95.65218640402387,115.65218640402387,135.65218640402387
2848,13.8,13.981696960358352,33.98169696035835,53.98169696035835,73.98169696035835
2849,14.8,14.990107894997983,34.99010789499798,54.99010789499798,74.99010789499798
2850,15.8,15.99851882963761,35.99851882963761,55.99851882963761,75.99851882963762
2851,16.3,16.718812354380205,36.718812354380205,56.718812354380205,76.7188123543802
2852,17.2,17.006929764277242,37.006929764277245,57.006929764277245,77.00692976427725
2853,17.5,16.86287105932872,36.862871059328725,56.862871059328725,76.86287105932873
2854,18.2,16.574753649431685,36.574753649431685,56.574753649431685,76.57475364943168
2855,19.7,16.28663623953465,36.28663623953465,56.28663623953465,76.28663623953466
2856,20.8,15.710401419740574,35.71040141974058,55.71040141974058,75.71040141974058
2857,21.8,15.27822530489502,35.27822530489502,55.27822530489502,75.27822530489502
2858,23.3,15.710401419740574,35.71040141974058,55.71040141974058,75.71040141974058
2859,21.7,16.28663623953465,36.28663623953465,56.28663623953465,76.28663623953466
2860,17.5,42.539477771434555,62.539477771434555,82.53947777143455,102.53947777143455
2861,13.4,17.583164584071316,37.58316458407131,57.58316458407131,77.58316458407131
2862,11.5,17.727223289019836,37.72722328901983,57.72722328901983,77.72722328901983
2863,11.2,17.727223289019836,37.72722328901983,57.72722328901983,77.72722328901983
2864,9.1,55.73792788985876,75.73792788985875,95.73792788985875,115.73792788985875
2865,8.4,18.01534069891687,38.01534069891687,58.01534069891687,78.01534069891687
2866,8.2,18.30345810881391,38.30345810881391,58.30345810881391,78.30345810881391
2867,8.5,18.159399403865386,38.159399403865386,58.159399403865386,78.1593994038654
2868,8.2,18.159399403865386,38.159399403865386,58.159399403865386,78.1593994038654
2869,8.3,18.447516813762427,38.44751681376243,58.44751681376243,78.44751681376243
2870,8.1,18.591575518710947,38.59157551871095,58.59157551871095,78.59157551871095
2871,7.8,82.13482812670719,102.13482812670719,122.13482812670719,142.1348281267072
2872,8.3,19.311869043453537,39.31186904345354,59.31186904345354,79.31186904345354
2873,9.9,19.455927748402058,39.45592774840206,59.45592774840206,79.45592774840206
2874,10.9,19.599986453350578,39.59998645335058,59.59998645335058,79.59998645335058
2875,10.8,19.311869043453537,39.31186904345354,59.31186904345354,79.31186904345354
2876,11.2,19.311869043453537,39.31186904345354,59.31186904345354,79.31186904345354
2877,12.2,19.311869043453537,39.31186904345354,59.31186904345354,79.31186904345354
2878,13.2,19.16781033850502,39.16781033850502,59.16781033850502,79.16781033850502
2879,14.1,19.0237516335565,39.0237516335565,59.0237516335565,79.0237516335565
2880,14.2,18.879692928607984,38.87969292860798,58.87969292860798,78.87969292860798
2881,16.1,18.735634223659464,38.73563422365946,58.73563422365946,78.73563422365946
2882,16.4,18.447516813762427,38.44751681376243,58.44751681376243,78.44751681376243
2883,15.6,17.87128199396835,37.87128199396835,57.87128199396835,77.87128199396835
2884,14.5,42.82759518133159,62.82759518133159,82.82759518133159,102.82759518133159
2885,13.4,17.439105879122796,37.43910587912279,57.43910587912279,77.43910587912279
2886,12.0,17.006929764277242,37.006929764277245,57.006929764277245,77.00692976427725
2887,11.4,17.006929764277242,37.006929764277245,57.006929764277245,77.00692976427725
2888,10.4,54.72951695521913,74.72951695521914,94.72951695521914,114.72951695521914
2889,9.1,16.86287105932872,36.862871059328725,56.862871059328725,76.86287105932873
2890,8.5,17.006929764277242,37.006929764277245,57.006929764277245,77.00692976427725
2891,8.8,17.006929764277242,37.006929764277245,57.006929764277245,77.00692976427725
2892,7.9,17.15098846922576,37.15098846922576,57.15098846922576,77.15098846922575
2893,7.6,17.727223289019836,37.72722328901983,57.72722328901983,77.72722328901983
2894,7.6,18.159399403865386,38.159399403865386,58.159399403865386,78.1593994038654
2895,7.7,81.70265201186164,101.70265201186164,121.70265201186164,141.70265201186163
2896,7.9,19.0237516335565,39.0237516335565,59.0237516335565,79.0237516335565
2897,8.8,19.455927748402058,39.45592774840206,59.45592774840206,79.45592774840206
2898,9.9,19.744045158299095,39.744045158299095,59.744045158299095,79.74404515829909
2899,9.8,19.744045158299095,39.744045158299095,59.744045158299095,79.74404515829909
2900,9.4,19.88810386324761,39.88810386324761,59.88810386324761,79.88810386324761
2901,9.5,20.176221273144648,40.17622127314465,60.17622127314465,80.17622127314465
2902,9.8,20.32027997809317,40.32027997809317,60.32027997809317,80.32027997809317
2903,9.9,20.752456092938722,40.75245609293872,60.75245609293872,80.75245609293873
2904,9.0,20.752456092938722,40.75245609293872,60.75245609293872,80.75245609293873
2905,8.9,20.32027997809317,40.32027997809317,60.32027997809317,80.32027997809317
2906,9.3,19.744045158299095,39.744045158299095,59.744045158299095,79.74404515829909
2907,9.8,19.16781033850502,39.16781033850502,59.16781033850502,79.16781033850502
2908,10.2,44.12412352586826,64.12412352586826,84.12412352586826,104.12412352586826
2909,9.2,18.447516813762427,38.44751681376243,58.44751681376243,78.44751681376243
2910,9.1,17.439105879122796,37.43910587912279,57.43910587912279,77.43910587912279
2911,9.3,16.86287105932872,36.862871059328725,56.862871059328725,76.86287105932873
2912,9.3,54.4413995453221,74.4413995453221,94.4413995453221,114.4413995453221
2913,8.3,16.14257753458613,36.14257753458613,56.14257753458613,76.14257753458614
2914,8.1,14.701990485100946,34.70199048510095,54.70199048510095,74.70199048510095
2915,8.1,12.541109910873166,32.54110991087317,52.54110991087317,72.54110991087316
2916,8.3,12.685168615821684,32.68516861582168,52.68516861582168,72.68516861582168
2917,8.1,12.829227320770205,32.8292273207702,52.8292273207702,72.8292273207702
2918,8.3,13.405462140564278,33.40546214056428,53.40546214056428,73.40546214056428
2919,11.0,77.66900827330312,97.66900827330312,117.66900827330312,137.66900827330312
2920,12.7,16.574753649431685,36.574753649431685,56.574753649431685,76.57475364943168
2921,13.0,17.87128199396835,37.87128199396835,57.87128199396835,77.87128199396835
2922,13.2,18.30345810881391,38.30345810881391,58.30345810881391,78.30345810881391
2923,13.4,18.30345810881391,38.30345810881391,58.30345810881391,78.30345810881391
2924,13.7,19.88810386324761,39.88810386324761,59.88810386324761,79.88810386324761
2925,14.0,21.616808322629836,41.616808322629836,61.616808322629836,81.61680832262984
2926,14.0,22.337101847372427,42.33710184737242,62.33710184737242,82.33710184737242
2927,14.1,22.481160552320947,42.481160552320944,62.481160552320944,82.48116055232094
2928,15.2,22.769277962217984,42.769277962217984,62.769277962217984,82.76927796221798
2929,16.1,21.47274961768132,41.472749617681316,61.472749617681316,81.47274961768132
2930,15.9,16.86287105932872,36.862871059328725,56.862871059328725,76.86287105932873
2931,14.1,13.981696960358352,33.98169696035835,53.98169696035835,73.98169696035835
2932,13.0,37.06524698339085,57.06524698339085,77.06524698339085,97.06524698339085
2933,13.4,8.795583582211684,28.795583582211684,48.795583582211684,68.79558358221169
2934,14.3,6.922820417880944,26.922820417880942,46.92282041788094,66.92282041788094
2935,14.4,5.626292073344276,25.626292073344274,45.626292073344274,65.62629207334427
2936,14.0,43.34887926428617,63.34887926428617,83.34887926428617,103.34887926428617
2937,13.6,5.050057253550202,25.0500572535502,45.0500572535502,65.0500572535502
2938,12.4,6.058468188189831,26.05846818818983,46.058468188189835,66.05846818818983
2939,12.8,5.19411595849872,25.19411595849872,45.19411595849872,65.19411595849871
2940,13.3,5.338174663447239,25.33817466344724,45.33817466344724,65.33817466344723
2941,13.3,6.34658559808687,26.346585598086868,46.34658559808687,66.34658559808688
2942,12.8,72.91507101000201,92.91507101000201,112.91507101000201,132.915071010002
2943,13.5,14.557931780152426,34.55793178015243,54.55793178015243,74.55793178015243
2944,15.9,15.42228400984354,35.42228400984354,55.42228400984354,75.42228400984354
2945,17.8,16.430694944483168,36.430694944483164,56.430694944483164,76.43069494448316
2946,18.2,17.439105879122796,37.43910587912279,57.43910587912279,77.43910587912279
2947,18.5,18.735634223659464,38.73563422365946,58.73563422365946,78.73563422365946
2948,19.0,19.599986453350578,39.59998645335058,59.59998645335058,79.59998645335058
2949,19.9,19.88810386324761,39.88810386324761,59.88810386324761,79.88810386324761
2950,19.8,19.599986453350578,39.59998645335058,59.59998645335058,79.59998645335058
2951,20.7,19.599986453350578,39.59998645335058,59.59998645335058,79.59998645335058
2952,22.2,18.159399403865386,38.159399403865386,58.159399403865386,78.1593994038654
2953,22.3,15.566342714792057,35.56634271479206,55.56634271479206,75.56634271479206
2954,21.2,12.685168615821684,32.68516861582168,52.68516861582168,72.68516861582168
2955,18.3,36.20089475369974,56.20089475369974,76.20089475369974,96.20089475369974
2956,15.5,9.227759697057241,29.22775969705724,49.22775969705724,69.22775969705724
2957,14.2,8.075290057469092,28.07529005746909,48.07529005746909,68.07529005746909
2958,13.9,6.922820417880944,26.922820417880942,46.92282041788094,66.92282041788094
2959,12.4,45.941935953359504,65.9419359533595,85.9419359533595,105.9419359533595
2960,11.5,9.227759697057241,29.22775969705724,49.22775969705724,69.22775969705724
2961,9.6,10.812405451490944,30.812405451490946,50.812405451490946,70.81240545149095
2962,10.0,12.252992500976127,32.25299250097613,52.25299250097613,72.25299250097612
2963,10.4,12.541109910873166,32.54110991087317,52.54110991087317,72.54110991087316
2964,9.7,12.541109910873166,32.54110991087317,52.54110991087317,72.54110991087316
2965,9.7,12.829227320770205,32.8292273207702,52.8292273207702,72.8292273207702
2966,9.9,76.22842122381793,96.22842122381793,116.22842122381793,136.22842122381792
2967,10.9,13.117344730667241,33.11734473066724,53.11734473066724,73.11734473066724
2968,12.9,13.261403435615758,33.26140343561576,53.26140343561576,73.26140343561576
2969,14.0,13.117344730667241,33.11734473066724,53.11734473066724,73.11734473066724
2970,15.3,12.829227320770205,32.8292273207702,52.8292273207702,72.8292273207702
2971,15.7,12.397051205924647,32.39705120592465,52.39705120592465,72.39705120592464
2972,16.0,12.685168615821684,32.68516861582168,52.68516861582168,72.68516861582168
2973,17.0,12.252992500976127,32.25299250097613,52.25299250097613,72.25299250097612
2974,17.4,12.108933796027612,32.108933796027614,52.108933796027614,72.10893379602761
2975,18.5,10.668346746542426,30.668346746542426,50.668346746542426,70.66834674654243
2976,19.7,9.083700992108723,29.083700992108724,49.083700992108724,69.08370099210873
2977,20.7,7.354996532726499,27.3549965327265,47.3549965327265,67.3549965327265
2978,18.8,5.770350778292794,25.770350778292794,45.770350778292794,65.7703507782928
2979,16.6,30.0991287890411,50.0991287890411,70.0991287890411,90.0991287890411
2980,13.2,4.854698191780822,24.854698191780823,44.85469819178083,64.85469819178083
2981,10.8,4.854698191780822,24.854698191780823,44.85469819178083,64.85469819178083
2982,10.1,4.854698191780822,24.854698191780823,44.85469819178083,64.85469819178083
2983,9.3,42.721344087671234,62.721344087671234,82.72134408767124,102.72134408767124
2984,8.4,4.854698191780822,24.854698191780823,44.85469819178083,64.85469819178083
2985,8.2,4.854698191780822,24.854698191780823,44.85469819178083,64.85469819178083
2986,7.9,4.854698191780822,24.854698191780823,44.85469819178083,64.85469819178083
2987,8.6,4.854698191780822,24.854698191780823,44.85469819178083,64.85469819178083
2988,8.6,67.96577468493152,87.96577468493152,107.96577468493152,127.96577468493152
2989,8.7,4.854698191780822,24.854698191780823,44.85469819178083,64.85469819178083
2990,8.8,4.854698191780822,24.854698191780823,44.85469819178083,64.85469819178083
2991,10.5,4.854698191780822,24.854698191780823,44.85469819178083,64.85469819178083
2992,9.8,6.490644303035387,26.49064430303539,46.49064430303539,66.4906443030354
2993,9.0,7.499055237675016,27.499055237675016,47.499055237675016,67.49905523767501
2994,8.3,8.507466172314647,28.507466172314647,48.50746617231465,68.50746617231465
2995,8.7,10.092111926748352,30.092111926748352,50.09211192674835,70.09211192674834
2996,9.1,10.668346746542426,30.668346746542426,50.668346746542426,70.66834674654243
2997,10.3,9.083700992108723,29.083700992108724,49.083700992108724,69.08370099210873
2998,10.3,7.066879122829462,27.066879122829462,47.06687912282946,67.06687912282946
2999,11.8,30.0991287890411,50.0991287890411,70.0991287890411,90.0991287890411
3000,10.2,4.854698191780822,24.854698191780823,44.85469819178083,64.85469819178083
3001,9.5,4.854698191780822,24.854698191780823,44.85469819178083,64.85469819178083
3002,8.8,42.721344087671234,62.721344087671234,82.72134408767124,102.72134408767124
3003,8.0,4.854698191780822,24.854698191780823,44.85469819178083,64.85469819178083
3004,8.1,67.96577468493152,87.96577468493152,107.96577468493152,127.96577468493152
3005,10.3,4.854698191780822,24.854698191780823,44.85469819178083,64.85469819178083
3006,11.1,5.338174663447239,25.33817466344724,45.33817466344724,65.33817466344723
3007,11.7,7.210937827777981,27.210937827777983,47.21093782777798,67.21093782777798
3008,11.2,9.083700992108723,29.083700992108724,49.083700992108724,69.08370099210873
3009,10.4,10.668346746542426,30.668346746542426,50.668346746542426,70.66834674654243
3010,10.8,11.676757681182053,31.676757681182053,51.67675768118205,71.67675768118205
3011,11.5,12.108933796027612,32.108933796027614,52.108933796027614,72.10893379602761
3012,11.2,12.397051205924647,32.39705120592465,52.39705120592465,72.39705120592464
3013,11.2,10.092111926748352,30.092111926748352,50.09211192674835,70.09211192674834
3014,11.2,5.19411595849872,25.19411595849872,45.19411595849872,65.19411595849871
3015,12.9,30.0991287890411,50.0991287890411,70.0991287890411,90.0991287890411
3016,12.0,4.854698191780822,24.854698191780823,44.85469819178083,64.85469819178083
3017,11.1,4.854698191780822,24.854698191780823,44.85469819178083,64.85469819178083
3018,11.0,4.854698191780822,24.854698191780823,44.85469819178083,64.85469819178083
3019,10.7,42.721344087671234,62.721344087671234,82.72134408767124,102.72134408767124
3020,9.4,4.854698191780822,24.854698191780823,44.85469819178083,64.85469819178083
3021,9.1,4.854698191780822,24.854698191780823,44.85469819178083,64.85469819178083
3022,9.2,4.854698191780822,24.854698191780823,44.85469819178083,64.85469819178083
3023,9.6,67.96577468493152,87.96577468493152,107.96577468493152,127.96577468493152
3024,11.3,4.854698191780822,24.854698191780823,44.85469819178083,64.85469819178083
3025,12.1,4.854698191780822,24.854698191780823,44.85469819178083,64.85469819178083
3026,13.3,4.854698191780822,24.854698191780823,44.85469819178083,64.85469819178083
3027,12.4,4.854698191780822,24.854698191780823,44.85469819178083,64.85469819178083
3028,13.8,5.914409483241313,25.914409483241315,45.914409483241315,65.91440948324131
3029,14.2,4.854698191780822,24.854698191780823,44.85469819178083,64.85469819178083
3030,14.5,30.0991287890411,50.0991287890411,70.0991287890411,90.0991287890411
3031,12.2,42.721344087671234,62.721344087671234,82.72134408767124,102.72134408767124
3032,11.6,4.854698191780822,24.854698191780823,44.85469819178083,64.85469819178083
3033,11.2,4.854698191780822,24.854698191780823,44.85469819178083,64.85469819178083
3034,10.1,67.96577468493152,87.96577468493152,107.96577468493152,127.96577468493152
3035,10.6,4.854698191780822,24.854698191780823,44.85469819178083,64.85469819178083
3036,10.7,4.854698191780822,24.854698191780823,44.85469819178083,64.85469819178083
3037,9.7,5.48223336839576,25.48223336839576,45.48223336839576,65.48223336839575
3038,9.6,6.922820417880944,26.922820417880942,46.92282041788094,66.92282041788094
3039,9.9,8.075290057469092,28.07529005746909,48.07529005746909,68.07529005746909
3040,10.0,8.795583582211684,28.795583582211684,48.795583582211684,68.79558358221169
3041,9.9,7.499055237675016,27.499055237675016,47.499055237675016,67.49905523767501
3042,10.9,4.854698191780822,24.854698191780823,44.85469819178083,64.85469819178083
3043,11.3,30.0991287890411,50.0991287890411,70.0991287890411,90.0991287890411
3044,10.6,42.721344087671234,62.721344087671234,82.72134408767124,102.72134408767124
3045,9.7,4.854698191780822,24.854698191780823,44.85469819178083,64.85469819178083
3046,8.9,4.854698191780822,24.854698191780823,44.85469819178083,64.85469819178083
3047,8.3,4.854698191780822,24.854698191780823,44.85469819178083,64.85469819178083
3048,8.5,4.854698191780822,24.854698191780823,44.85469819178083,64.85469819178083
3049,8.3,67.96577468493152,87.96577468493152,107.96577468493152,127.96577468493152
3050,8.8,7.210937827777981,27.210937827777983,47.21093782777798,67.21093782777798
3051,9.7,9.515877106954274,29.515877106954274,49.51587710695428,69.51587710695428
3052,9.6,10.956464156439463,30.956464156439463,50.956464156439466,70.95646415643947
3053,10.0,11.532698976233537,31.532698976233537,51.53269897623353,71.53269897623353
3054,10.2,13.117344730667241,33.11734473066724,53.11734473066724,73.11734473066724
3055,10.9,13.261403435615758,33.26140343561576,53.26140343561576,73.26140343561576
3056,12.2,13.261403435615758,33.26140343561576,53.26140343561576,73.26140343561576
3057,12.7,12.973286025718725,32.97328602571872,52.97328602571872,72.97328602571872
3058,12.5,12.685168615821684,32.68516861582168,52.68516861582168,72.68516861582168
3059,11.4,12.252992500976127,32.25299250097613,52.25299250097613,72.25299250097612
3060,10.7,36.633070868545296,56.633070868545296,76.6330708685453,96.6330708685453
3061,10.2,10.812405451490944,30.812405451490946,50.812405451490946,70.81240545149095
3062,10.0,9.659935811902795,29.659935811902795,49.6599358119028,69.6599358119028
3063,10.5,8.651524877263165,28.651524877263164,48.651524877263164,68.65152487726317
3064,11.1,45.22164242861691,65.22164242861692,85.22164242861692,105.22164242861692
3065,11.0,6.058468188189831,26.05846818818983,46.058468188189835,66.05846818818983
3066,9.4,67.96577468493152,87.96577468493152,107.96577468493152,127.96577468493152
3067,10.3,6.058468188189831,26.05846818818983,46.058468188189835,66.05846818818983
3068,11.9,7.643113942623536,27.643113942623536,47.643113942623536,67.64311394262353
3069,13.3,8.795583582211684,28.795583582211684,48.795583582211684,68.79558358221169
3070,15.4,9.515877106954274,29.515877106954274,49.51587710695428,69.51587710695428
3071,15.9,10.092111926748352,30.092111926748352,50.09211192674835,70.09211192674834
3072,15.9,10.380229336645385,30.380229336645385,50.380229336645385,70.38022933664539
3073,15.7,10.380229336645385,30.380229336645385,50.380229336645385,70.38022933664539
3074,16.4,10.380229336645385,30.380229336645385,50.380229336645385,70.38022933664539
3075,16.4,10.668346746542426,30.668346746542426,50.668346746542426,70.66834674654243
3076,16.3,10.668346746542426,30.668346746542426,50.668346746542426,70.66834674654243
3077,15.6,10.380229336645385,30.380229336645385,50.380229336645385,70.38022933664539
3078,14.8,9.659935811902795,29.659935811902795,49.6599358119028,69.6599358119028
3079,13.6,34.04001417947196,54.04001417947196,74.04001417947197,94.04001417947197
3080,13.5,8.21934876241761,28.21934876241761,48.21934876241761,68.21934876241761
3081,13.8,7.354996532726499,27.3549965327265,47.3549965327265,67.3549965327265
3082,14.2,5.19411595849872,25.19411595849872,45.19411595849872,65.19411595849871
3083,14.2,42.721344087671234,62.721344087671234,82.72134408767124,102.72134408767124
3084,12.2,4.854698191780822,24.854698191780823,44.85469819178083,64.85469819178083
3085,11.4,4.854698191780822,24.854698191780823,44.85469819178083,64.85469819178083
3086,11.4,67.96577468493152,87.96577468493152,107.96577468493152,127.96577468493152
3087,12.4,5.626292073344276,25.626292073344274,45.626292073344274,65.62629207334427
3088,14.4,6.202526893138352,26.20252689313835,46.202526893138355,66.20252689313836
3089,16.8,6.922820417880944,26.922820417880942,46.92282041788094,66.92282041788094
3090,18.1,8.21934876241761,28.21934876241761,48.21934876241761,68.21934876241761
3091,18.3,8.507466172314647,28.507466172314647,48.50746617231465,68.50746617231465
3092,19.3,8.939642287160202,28.939642287160204,48.939642287160204,68.93964228716021
3093,19.8,9.803994516851315,29.803994516851315,49.80399451685132,69.80399451685132
3094,20.7,11.100522861387981,31.10052286138798,51.10052286138798,71.10052286138799
3095,20.2,11.388640271285018,31.38864027128502,51.38864027128502,71.38864027128503
3096,20.9,11.100522861387981,31.10052286138798,51.10052286138798,71.10052286138799
3097,19.9,10.092111926748352,30.092111926748352,50.09211192674835,70.09211192674834
3098,17.1,9.227759697057241,29.22775969705724,49.22775969705724,69.22775969705724
3099,15.0,33.60783806462641,53.60783806462641,73.6078380646264,93.6078380646264
3100,13.0,7.499055237675016,27.499055237675016,47.499055237675016,67.49905523767501
3101,13.1,6.490644303035387,26.49064430303539,46.49064430303539,66.4906443030354
3102,13.8,4.905998548601684,24.905998548601683,44.90599854860169,64.90599854860169
3103,13.9,42.721344087671234,62.721344087671234,82.72134408767124,102.72134408767124
3104,14.1,5.19411595849872,25.19411595849872,45.19411595849872,65.19411595849871
3105,13.0,67.96577468493152,87.96577468493152,107.96577468493152,127.96577468493152
3106,13.1,4.854698191780822,24.854698191780823,44.85469819178083,64.85469819178083
3107,16.8,8.651524877263165,28.651524877263164,48.651524877263164,68.65152487726317
3108,18.2,9.803994516851315,29.803994516851315,49.80399451685132,69.80399451685132
3109,19.5,11.100522861387981,31.10052286138798,51.10052286138798,71.10052286138799
3110,20.4,12.252992500976127,32.25299250097613,52.25299250097613,72.25299250097612
3111,21.7,12.541109910873166,32.54110991087317,52.54110991087317,72.54110991087316
3112,22.3,12.829227320770205,32.8292273207702,52.8292273207702,72.8292273207702
3113,22.5,13.117344730667241,33.11734473066724,53.11734473066724,73.11734473066724
3114,22.4,12.829227320770205,32.8292273207702,52.8292273207702,72.8292273207702
3115,20.8,12.108933796027612,32.108933796027614,52.108933796027614,72.10893379602761
3116,18.0,11.2445815663365,31.2445815663365,51.2445815663365,71.2445815663365
3117,16.0,35.48060122895715,55.48060122895715,75.48060122895714,95.48060122895714
3118,13.5,8.651524877263165,28.651524877263164,48.651524877263164,68.65152487726317
3119,11.7,4.854698191780822,24.854698191780823,44.85469819178083,64.85469819178083
3120,10.3,42.721344087671234,62.721344087671234,82.72134408767124,102.72134408767124
3121,7.7,4.854698191780822,24.854698191780823,44.85469819178083,64.85469819178083
3122,7.5,4.854698191780822,24.854698191780823,44.85469819178083,64.85469819178083
3123,7.6,67.96577468493152,87.96577468493152,107.96577468493152,127.96577468493152
3124,8.8,7.066879122829462,27.066879122829462,47.06687912282946,67.06687912282946
3125,8.7,8.939642287160202,28.939642287160204,48.939642287160204,68.93964228716021
3126,8.4,10.380229336645385,30.380229336645385,50.380229336645385,70.38022933664539
3127,8.6,10.668346746542426,30.668346746542426,50.668346746542426,70.66834674654243
3128,9.5,11.820816386130574,31.820816386130574,51.82081638613057,71.82081638613057
3129,10.4,13.117344730667241,33.11734473066724,53.11734473066724,73.11734473066724
3130,10.0,13.549520845512799,33.5495208455128,53.5495208455128,73.5495208455128
3131,10.6,12.252992500976127,32.25299250097613,52.25299250097613,72.25299250097612
3132,10.8,9.659935811902795,29.659935811902795,49.6599358119028,69.6599358119028
3133,11.6,6.634703007983905,26.634703007983905,46.6347030079839,66.6347030079839
3134,11.2,30.0991287890411,50.0991287890411,70.0991287890411,90.0991287890411
3135,7.8,4.854698191780822,24.854698191780823,44.85469819178083,64.85469819178083
3136,7.4,42.721344087671234,62.721344087671234,82.72134408767124,102.72134408767124
3137,7.0,4.854698191780822,24.854698191780823,44.85469819178083,64.85469819178083
3138,7.3,4.854698191780822,24.854698191780823,44.85469819178083,64.85469819178083
3139,7.2,4.854698191780822,24.854698191780823,44.85469819178083,64.85469819178083
3140,7.1,4.854698191780822,24.854698191780823,44.85469819178083,64.85469819178083
3141,6.6,4.854698191780822,24.854698191780823,44.85469819178083,64.85469819178083
3142,6.5,67.96577468493152,87.96577468493152,107.96577468493152,127.96577468493152
3143,6.5,4.854698191780822,24.854698191780823,44.85469819178083,64.85469819178083
3144,8.0,5.338174663447239,25.33817466344724,45.33817466344724,65.33817466344723
3145,7.3,5.626292073344276,25.626292073344274,45.626292073344274,65.62629207334427
3146,6.7,6.922820417880944,26.922820417880942,46.92282041788094,66.92282041788094
3147,7.2,7.499055237675016,27.499055237675016,47.499055237675016,67.49905523767501
3148,7.2,8.36340746736613,28.36340746736613,48.36340746736613,68.36340746736613
3149,7.3,9.948053221799833,29.94805322179983,49.94805322179983,69.94805322179982
3150,7.6,10.524288041593906,30.524288041593906,50.524288041593906,70.5242880415939
3151,8.8,9.659935811902795,29.659935811902795,49.6599358119028,69.6599358119028
3152,9.0,8.21934876241761,28.21934876241761,48.21934876241761,68.21934876241761
3153,8.3,30.870722670604554,50.87072267060455,70.87072267060455,90.87072267060455
3154,6.9,4.854698191780822,24.854698191780823,44.85469819178083,64.85469819178083
3155,6.7,4.854698191780822,24.854698191780823,44.85469819178083,64.85469819178083
3156,6.6,42.721344087671234,62.721344087671234,82.72134408767124,102.72134408767124
3157,6.8,4.854698191780822,24.854698191780823,44.85469819178083,64.85469819178083
3158,9.3,4.854698191780822,24.854698191780823,44.85469819178083,64.85469819178083
3159,10.6,7.499055237675016,27.499055237675016,47.499055237675016,67.49905523767501
3160,10.3,10.092111926748352,30.092111926748352,50.09211192674835,70.09211192674834
3161,10.7,12.397051205924647,32.39705120592465,52.39705120592465,72.39705120592464
3162,10.8,13.549520845512799,33.5495208455128,53.5495208455128,73.5495208455128
3163,10.9,13.837638255409832,33.83763825540983,53.83763825540983,73.83763825540983
3164,11.3,13.117344730667241,33.11734473066724,53.11734473066724,73.11734473066724
3165,11.9,13.117344730667241,33.11734473066724,53.11734473066724,73.11734473066724
3166,12.2,11.964875091079092,31.964875091079094,51.964875091079094,71.9648750910791
3167,12.8,10.092111926748352,30.092111926748352,50.09211192674835,70.09211192674834
3168,12.7,7.643113942623536,27.643113942623536,47.643113942623536,67.64311394262353
3169,13.3,30.0991287890411,50.0991287890411,70.0991287890411,90.0991287890411
3170,14.0,42.721344087671234,62.721344087671234,82.72134408767124,102.72134408767124
3171,13.6,6.922820417880944,26.922820417880942,46.92282041788094,66.92282041788094
3172,12.5,6.490644303035387,26.49064430303539,46.49064430303539,66.4906443030354
3173,12.6,6.490644303035387,26.49064430303539,46.49064430303539,66.4906443030354
3174,12.2,70.17795561598015,90.17795561598015,110.17795561598015,130.17795561598015
3175,12.7,7.931231352520573,27.931231352520573,47.93123135252057,67.93123135252057
3176,13.4,8.939642287160202,28.939642287160204,48.939642287160204,68.93964228716021
3177,14.1,9.37181840200576,29.371818402005758,49.37181840200576,69.37181840200576
3178,13.5,9.659935811902795,29.659935811902795,49.6599358119028,69.6599358119028
3179,13.3,10.380229336645385,30.380229336645385,50.380229336645385,70.38022933664539
3180,13.5,11.388640271285018,31.38864027128502,51.38864027128502,71.38864027128503
3181,14.1,12.252992500976127,32.25299250097613,52.25299250097613,72.25299250097612
3182,13.7,14.413873075203906,34.41387307520391,54.41387307520391,74.41387307520391
3183,14.4,15.42228400984354,35.42228400984354,55.42228400984354,75.42228400984354
3184,14.9,12.829227320770205,32.8292273207702,52.8292273207702,72.8292273207702
3185,16.1,8.939642287160202,28.939642287160204,48.939642287160204,68.93964228716021
3186,14.8,6.34658559808687,26.346585598086868,46.34658559808687,66.34658559808688
3187,11.0,30.0991287890411,50.0991287890411,70.0991287890411,90.0991287890411
3188,9.8,4.854698191780822,24.854698191780823,44.85469819178083,64.85469819178083
3189,9.9,4.854698191780822,24.854698191780823,44.85469819178083,64.85469819178083
3190,11.6,69.7457795011346,89.7457795011346,109.7457795011346,129.74577950113462
3191,12.9,7.787172647572055,27.787172647572056,47.787172647572056,67.78717264757205
3192,13.7,9.083700992108723,29.083700992108724,49.083700992108724,69.08370099210873
3193,16.2,11.820816386130574,31.820816386130574,51.82081638613057,71.82081638613057
3194,17.6,12.829227320770205,32.8292273207702,52.8292273207702,72.8292273207702
3195,18.8,12.973286025718725,32.97328602571872,52.97328602571872,72.97328602571872
3196,19.8,12.252992500976127,32.25299250097613,52.25299250097613,72.25299250097612
3197,20.1,12.108933796027612,32.108933796027614,52.108933796027614,72.10893379602761
3198,20.9,12.541109910873166,32.54110991087317,52.54110991087317,72.54110991087316
3199,19.2,12.397051205924647,32.39705120592465,52.39705120592465,72.39705120592464
3200,15.3,36.05683604875122,56.05683604875122,76.05683604875122,96.05683604875122
3201,12.1,9.083700992108723,29.083700992108724,49.083700992108724,69.08370099210873
3202,11.4,8.36340746736613,28.36340746736613,48.36340746736613,68.36340746736613
3203,10.6,45.50975983851395,65.50975983851396,85.50975983851396,105.50975983851396
3204,10.2,8.507466172314647,28.507466172314647,48.50746617231465,68.50746617231465
3205,9.1,9.37181840200576,29.371818402005758,49.37181840200576,69.37181840200576
3206,8.6,10.092111926748352,30.092111926748352,50.09211192674835,70.09211192674834
3207,8.3,10.380229336645385,30.380229336645385,50.380229336645385,70.38022933664539
3208,8.3,10.236170631696872,30.236170631696872,50.23617063169687,70.23617063169687
3209,8.3,10.524288041593906,30.524288041593906,50.524288041593906,70.5242880415939
3210,8.5,74.3556580594872,94.3556580594872,114.3556580594872,134.3556580594872
3211,9.5,12.252992500976127,32.25299250097613,52.25299250097613,72.25299250097612
3212,11.7,13.837638255409832,33.83763825540983,53.83763825540983,73.83763825540983
3213,12.7,14.125755665306873,34.12575566530687,54.12575566530687,74.12575566530687
3214,13.7,14.557931780152426,34.55793178015243,54.55793178015243,74.55793178015243
3215,13.9,14.846049190049467,34.84604919004947,54.84604919004947,74.84604919004947
3216,14.6,14.846049190049467,34.84604919004947,54.84604919004947,74.84604919004947
3217,14.7,14.846049190049467,34.84604919004947,54.84604919004947,74.84604919004947
3218,14.3,14.557931780152426,34.55793178015243,54.55793178015243,74.55793178015243
3219,14.4,14.26981437025539,34.26981437025539,54.26981437025539,74.26981437025539
3220,14.1,13.549520845512799,33.5495208455128,53.5495208455128,73.5495208455128
3221,13.1,12.541109910873166,32.54110991087317,52.54110991087317,72.54110991087316
3222,11.7,36.633070868545296,56.633070868545296,76.6330708685453,96.6330708685453
3223,10.5,9.948053221799833,29.94805322179983,49.94805322179983,69.94805322179982
3224,9.2,7.931231352520573,27.931231352520573,47.93123135252057,67.93123135252057
3225,8.5,6.634703007983905,26.634703007983905,46.6347030079839,66.6347030079839
3226,8.2,44.21323149397728,64.21323149397728,84.21323149397728,104.21323149397728
3227,7.9,5.914409483241313,25.914409483241315,45.914409483241315,65.91440948324131
3228,8.1,5.050057253550202,25.0500572535502,45.0500572535502,65.0500572535502
3229,7.8,5.338174663447239,25.33817466344724,45.33817466344724,65.33817466344723
3230,7.9,6.34658559808687,26.346585598086868,46.34658559808687,66.34658559808688
3231,8.8,6.058468188189831,26.05846818818983,46.058468188189835,66.05846818818983
3232,9.9,5.48223336839576,25.48223336839576,45.48223336839576,65.48223336839575
3233,9.9,69.16954468134053,89.16954468134053,109.16954468134053,129.16954468134054
3234,10.2,7.066879122829462,27.066879122829462,47.06687912282946,67.06687912282946
3235,10.9,8.795583582211684,28.795583582211684,48.795583582211684,68.79558358221169
3236,10.3,9.948053221799833,29.94805322179983,49.94805322179983,69.94805322179982
3237,9.7,9.803994516851315,29.803994516851315,49.80399451685132,69.80399451685132
3238,9.4,9.659935811902795,29.659935811902795,49.6599358119028,69.6599358119028
3239,9.9,10.236170631696872,30.236170631696872,50.23617063169687,70.23617063169687
3240,10.4,10.092111926748352,30.092111926748352,50.09211192674835,70.09211192674834
3241,11.1,10.236170631696872,30.236170631696872,50.23617063169687,70.23617063169687
3242,11.0,10.092111926748352,30.092111926748352,50.09211192674835,70.09211192674834
3243,11.4,9.37181840200576,29.371818402005758,49.37181840200576,69.37181840200576
3244,11.5,8.36340746736613,28.36340746736613,48.36340746736613,68.36340746736613
3245,10.6,7.643113942623536,27.643113942623536,47.643113942623536,67.64311394262353
3246,9.8,31.446957490398628,51.44695749039863,71.44695749039863,91.44695749039863
3247,8.1,4.854698191780822,24.854698191780823,44.85469819178083,64.85469819178083
3248,7.8,42.721344087671234,62.721344087671234,82.72134408767124,102.72134408767124
3249,7.6,4.854698191780822,24.854698191780823,44.85469819178083,64.85469819178083
3250,7.3,67.96577468493152,87.96577468493152,107.96577468493152,127.96577468493152
3251,7.4,5.050057253550202,25.0500572535502,45.0500572535502,65.0500572535502
3252,7.8,6.34658559808687,26.346585598086868,46.34658559808687,66.34658559808688
3253,8.6,7.210937827777981,27.210937827777983,47.21093782777798,67.21093782777798
3254,9.1,7.354996532726499,27.3549965327265,47.3549965327265,67.3549965327265
3255,9.0,7.643113942623536,27.643113942623536,47.643113942623536,67.64311394262353
3256,8.9,8.507466172314647,28.507466172314647,48.50746617231465,68.50746617231465
3257,8.5,8.651524877263165,28.651524877263164,48.651524877263164,68.65152487726317
3258,8.8,8.21934876241761,28.21934876241761,48.21934876241761,68.21934876241761
3259,9.0,8.651524877263165,28.651524877263164,48.651524877263164,68.65152487726317
3260,9.4,8.651524877263165,28.651524877263164,48.651524877263164,68.65152487726317
3261,9.8,8.507466172314647,28.507466172314647,48.50746617231465,68.50746617231465
3262,9.8,8.36340746736613,28.36340746736613,48.36340746736613,68.36340746736613
3263,10.4,33.60783806462641,53.60783806462641,73.6078380646264,93.6078380646264
3264,11.1,8.651524877263165,28.651524877263164,48.651524877263164,68.65152487726317
3265,10.2,8.651524877263165,28.651524877263164,48.651524877263164,68.65152487726317
3266,9.4,9.37181840200576,29.371818402005758,49.37181840200576,69.37181840200576
3267,10.1,47.23846429789617,67.23846429789617,87.23846429789617,107.23846429789617
3268,8.9,9.227759697057241,29.22775969705724,49.22775969705724,69.22775969705724
3269,8.6,9.227759697057241,29.22775969705724,49.22775969705724,69.22775969705724
3270,8.7,9.227759697057241,29.22775969705724,49.22775969705724,69.22775969705724
3271,8.4,9.659935811902795,29.659935811902795,49.6599358119028,69.6599358119028
3272,8.2,10.092111926748352,30.092111926748352,50.09211192674835,70.09211192674834
3273,8.3,73.77942323969312,93.77942323969312,113.77942323969312,133.77942323969313
3274,8.4,11.100522861387981,31.10052286138798,51.10052286138798,71.10052286138799
3275,9.4,11.532698976233537,31.532698976233537,51.53269897623353,71.53269897623353
3276,10.3,11.964875091079092,31.964875091079094,51.964875091079094,71.9648750910791
3277,10.4,12.397051205924647,32.39705120592465,52.39705120592465,72.39705120592464
3278,11.0,12.829227320770205,32.8292273207702,52.8292273207702,72.8292273207702
3279,12.9,13.117344730667241,33.11734473066724,53.11734473066724,73.11734473066724
3280,12.9,13.405462140564278,33.40546214056428,53.40546214056428,73.40546214056428
3281,12.8,13.693579550461315,33.693579550461315,53.693579550461315,73.69357955046132
3282,13.4,13.837638255409832,33.83763825540983,53.83763825540983,73.83763825540983
3283,14.0,13.981696960358352,33.98169696035835,53.98169696035835,73.98169696035835
3284,13.9,13.981696960358352,33.98169696035835,53.98169696035835,73.98169696035835
3285,13.1,13.693579550461315,33.693579550461315,53.693579550461315,73.69357955046132
3286,12.3,39.226127557618625,59.226127557618625,79.22612755761863,99.22612755761863
3287,11.9,14.26981437025539,34.26981437025539,54.26981437025539,74.26981437025539
3288,11.6,14.413873075203906,34.41387307520391,54.41387307520391,74.41387307520391
3289,11.7,14.557931780152426,34.55793178015243,54.55793178015243,74.55793178015243
3290,11.6,52.136460266145804,72.1364602661458,92.1364602661458,112.1364602661458
3291,11.6,13.837638255409832,33.83763825540983,53.83763825540983,73.83763825540983
3292,10.8,14.125755665306873,34.12575566530687,54.12575566530687,74.12575566530687
3293,11.1,13.693579550461315,33.693579550461315,53.693579550461315,73.69357955046132
3294,10.3,12.973286025718725,32.97328602571872,52.97328602571872,72.97328602571872
3295,8.9,12.397051205924647,32.39705120592465,52.39705120592465,72.39705120592464
3296,9.7,11.964875091079092,31.964875091079094,51.964875091079094,71.9648750910791
3297,8.5,75.07595158422978,95.07595158422978,115.07595158422978,135.07595158422978
3298,9.1,12.108933796027612,32.108933796027614,52.108933796027614,72.10893379602761
3299,10.8,12.252992500976127,32.25299250097613,52.25299250097613,72.25299250097612
3300,11.7,12.541109910873166,32.54110991087317,52.54110991087317,72.54110991087316
3301,11.6,12.973286025718725,32.97328602571872,52.97328602571872,72.97328602571872
3302,11.8,13.693579550461315,33.693579550461315,53.693579550461315,73.69357955046132
3303,13.1,14.125755665306873,34.12575566530687,54.12575566530687,74.12575566530687
3304,13.4,14.413873075203906,34.41387307520391,54.41387307520391,74.41387307520391
3305,14.0,14.413873075203906,34.41387307520391,54.41387307520391,74.41387307520391
3306,14.1,14.413873075203906,34.41387307520391,54.41387307520391,74.41387307520391
3307,13.9,13.837638255409832,33.83763825540983,53.83763825540983,73.83763825540983
3308,13.5,12.397051205924647,32.39705120592465,52.39705120592465,72.39705120592464
3309,13.0,34.616248999266034,54.616248999266034,74.61624899926603,94.61624899926603
3310,12.9,6.058468188189831,26.05846818818983,46.058468188189835,66.05846818818983
3311,12.5,4.854698191780822,24.854698191780823,44.85469819178083,64.85469819178083
3312,12.3,42.721344087671234,62.721344087671234,82.72134408767124,102.72134408767124
3313,10.0,4.854698191780822,24.854698191780823,44.85469819178083,64.85469819178083
3314,11.8,67.96577468493152,87.96577468493152,107.96577468493152,127.96577468493152
3315,11.7,6.778761712932424,26.778761712932422,46.77876171293242,66.77876171293242
3316,11.6,10.092111926748352,30.092111926748352,50.09211192674835,70.09211192674834
3317,11.5,10.236170631696872,30.236170631696872,50.23617063169687,70.23617063169687
3318,11.9,9.803994516851315,29.803994516851315,49.80399451685132,69.80399451685132
3319,12.0,10.092111926748352,30.092111926748352,50.09211192674835,70.09211192674834
3320,12.0,12.829227320770205,32.8292273207702,52.8292273207702,72.8292273207702
3321,12.2,14.26981437025539,34.26981437025539,54.26981437025539,74.26981437025539
3322,12.3,13.837638255409832,33.83763825540983,53.83763825540983,73.83763825540983
3323,13.2,10.092111926748352,30.092111926748352,50.09211192674835,70.09211192674834
3324,13.0,7.066879122829462,27.066879122829462,47.06687912282946,67.06687912282946
3325,11.6,30.0991287890411,50.0991287890411,70.0991287890411,90.0991287890411
3326,10.4,42.721344087671234,62.721344087671234,82.72134408767124,102.72134408767124
3327,10.4,4.854698191780822,24.854698191780823,44.85469819178083,64.85469819178083
3328,11.3,6.922820417880944,26.922820417880942,46.92282041788094,66.92282041788094
3329,11.9,9.515877106954274,29.515877106954274,49.51587710695428,69.51587710695428
3330,13.1,11.964875091079092,31.964875091079094,51.964875091079094,71.9648750910791
3331,11.8,13.981696960358352,33.98169696035835,53.98169696035835,73.98169696035835
3332,11.5,15.566342714792057,35.56634271479206,55.56634271479206,75.56634271479206
3333,11.6,16.574753649431685,36.574753649431685,56.574753649431685,76.57475364943168
3334,12.1,17.29504717417428,37.29504717417428,57.29504717417428,77.29504717417427
3335,12.3,16.430694944483168,36.430694944483164,56.430694944483164,76.43069494448316
3336,12.3,12.685168615821684,32.68516861582168,52.68516861582168,72.68516861582168
3337,12.6,7.066879122829462,27.066879122829462,47.06687912282946,67.06687912282946
3338,14.1,30.0991287890411,50.0991287890411,70.0991287890411,90.0991287890411
3339,14.6,4.854698191780822,24.854698191780823,44.85469819178083,64.85469819178083
3340,14.5,4.854698191780822,24.854698191780823,44.85469819178083,64.85469819178083
3341,12.9,42.721344087671234,62.721344087671234,82.72134408767124,102.72134408767124
3342,10.4,67.96577468493152,87.96577468493152,107.96577468493152,127.96577468493152
3343,12.7,4.905998548601684,24.905998548601683,44.90599854860169,64.90599854860169
3344,13.4,5.914409483241313,25.914409483241315,45.914409483241315,65.91440948324131
3345,14.2,7.643113942623536,27.643113942623536,47.643113942623536,67.64311394262353
3346,14.2,8.21934876241761,28.21934876241761,48.21934876241761,68.21934876241761
3347,14.8,7.931231352520573,27.931231352520573,47.93123135252057,67.93123135252057
3348,16.0,6.490644303035387,26.49064430303539,46.49064430303539,66.4906443030354
3349,13.5,30.0991287890411,50.0991287890411,70.0991287890411,90.0991287890411
3350,9.8,42.721344087671234,62.721344087671234,82.72134408767124,102.72134408767124
3351,9.0,4.854698191780822,24.854698191780823,44.85469819178083,64.85469819178083
3352,8.2,67.96577468493152,87.96577468493152,107.96577468493152,127.96577468493152
3353,9.7,8.795583582211684,28.795583582211684,48.795583582211684,68.79558358221169
3354,10.0,10.092111926748352,30.092111926748352,50.09211192674835,70.09211192674834
3355,10.2,11.532698976233537,31.532698976233537,51.53269897623353,71.53269897623353
3356,11.1,12.252992500976127,32.25299250097613,52.25299250097613,72.25299250097612
3357,12.4,12.541109910873166,32.54110991087317,52.54110991087317,72.54110991087316
3358,13.4,12.108933796027612,32.108933796027614,52.108933796027614,72.10893379602761
3359,13.7,11.532698976233537,31.532698976233537,51.53269897623353,71.53269897623353
3360,13.3,9.515877106954274,29.515877106954274,49.51587710695428,69.51587710695428
3361,12.6,5.19411595849872,25.19411595849872,45.19411595849872,65.19411595849871
3362,12.1,30.0991287890411,50.0991287890411,70.0991287890411,90.0991287890411
3363,8.2,42.721344087671234,62.721344087671234,82.72134408767124,102.72134408767124
3364,8.0,67.96577468493152,87.96577468493152,107.96577468493152,127.96577468493152
3365,9.6,4.854698191780822,24.854698191780823,44.85469819178083,64.85469819178083
3366,9.8,6.634703007983905,26.634703007983905,46.6347030079839,66.6347030079839
3367,10.0,8.21934876241761,28.21934876241761,48.21934876241761,68.21934876241761
3368,9.8,9.659935811902795,29.659935811902795,49.6599358119028,69.6599358119028
3369,9.7,10.812405451490944,30.812405451490946,50.812405451490946,70.81240545149095
3370,9.9,11.820816386130574,31.820816386130574,51.82081638613057,71.82081638613057
3371,10.3,12.541109910873166,32.54110991087317,52.54110991087317,72.54110991087316
3372,10.5,11.820816386130574,31.820816386130574,51.82081638613057,71.82081638613057
3373,10.7,8.939642287160202,28.939642287160204,48.939642287160204,68.93964228716021
3374,11.2,5.48223336839576,25.48223336839576,45.48223336839576,65.48223336839575
3375,10.7,30.0991287890411,50.0991287890411,70.0991287890411,90.0991287890411
3376,9.3,7.643113942623536,27.643113942623536,47.643113942623536,67.64311394262353
3377,8.8,9.37181840200576,29.371818402005758,49.37181840200576,69.37181840200576
3378,9.4,10.956464156439463,30.956464156439463,50.956464156439466,70.95646415643947
3379,10.7,12.108933796027612,32.108933796027614,52.108933796027614,72.10893379602761
3380,11.2,13.261403435615758,33.26140343561576,53.26140343561576,73.26140343561576
3381,10.9,12.397051205924647,32.39705120592465,52.39705120592465,72.39705120592464
3382,10.4,8.075290057469092,28.07529005746909,48.07529005746909,68.07529005746909
3383,10.6,30.0991287890411,50.0991287890411,70.0991287890411,90.0991287890411
3384,8.6,42.721344087671234,62.721344087671234,82.72134408767124,102.72134408767124
3385,8.5,4.905998548601684,24.905998548601683,44.90599854860169,64.90599854860169
3386,9.0,6.202526893138352,26.20252689313835,46.202526893138355,66.20252689313836
3387,9.4,8.795583582211684,28.795583582211684,48.795583582211684,68.79558358221169
3388,10.0,10.812405451490944,30.812405451490946,50.812405451490946,70.81240545149095
3389,10.3,11.820816386130574,31.820816386130574,51.82081638613057,71.82081638613057
3390,11.0,11.388640271285018,31.38864027128502,51.38864027128502,71.38864027128503
3391,10.8,7.499055237675016,27.499055237675016,47.499055237675016,67.49905523767501
3392,9.4,30.0991287890411,50.0991287890411,70.0991287890411,90.0991287890411
3393,6.8,67.96577468493152,87.96577468493152,107.96577468493152,127.96577468493152
3394,7.9,6.202526893138352,26.20252689313835,46.202526893138355,66.20252689313836
3395,8.0,7.066879122829462,27.066879122829462,47.06687912282946,67.06687912282946
3396,8.2,7.354996532726499,27.3549965327265,47.3549965327265,67.3549965327265
3397,8.0,9.083700992108723,29.083700992108724,49.083700992108724,69.08370099210873
3398,8.4,8.795583582211684,28.795583582211684,48.795583582211684,68.79558358221169
3399,8.6,5.050057253550202,25.0500572535502,45.0500572535502,65.0500572535502
3400,7.4,30.0991287890411,50.0991287890411,70.0991287890411,90.0991287890411
3401,6.9,42.721344087671234,62.721344087671234,82.72134408767124,102.72134408767124
3402,6.3,4.854698191780822,24.854698191780823,44.85469819178083,64.85469819178083
3403,5.9,4.854698191780822,24.854698191780823,44.85469819178083,64.85469819178083
3404,5.7,4.854698191780822,24.854698191780823,44.85469819178083,64.85469819178083
3405,5.8,4.854698191780822,24.854698191780823,44.85469819178083,64.85469819178083
3406,5.8,67.96577468493152,87.96577468493152,107.96577468493152,127.96577468493152
3407,5.5,4.854698191780822,24.854698191780823,44.85469819178083,64.85469819178083
3408,5.5,5.19411595849872,25.19411595849872,45.19411595849872,65.19411595849871
3409,5.4,6.34658559808687,26.346585598086868,46.34658559808687,66.34658559808688
3410,5.5,7.210937827777981,27.210937827777983,47.21093782777798,67.21093782777798
3411,5.6,6.202526893138352,26.20252689313835,46.202526893138355,66.20252689313836
3412,6.1,4.854698191780822,24.854698191780823,44.85469819178083,64.85469819178083
3413,6.0,30.0991287890411,50.0991287890411,70.0991287890411,90.0991287890411
3414,6.0,4.854698191780822,24.854698191780823,44.85469819178083,64.85469819178083
3415,6.2,4.854698191780822,24.854698191780823,44.85469819178083,64.85469819178083
3416,6.4,42.721344087671234,62.721344087671234,82.72134408767124,102.72134408767124
3417,6.4,4.854698191780822,24.854698191780823,44.85469819178083,64.85469819178083
3418,6.9,67.96577468493152,87.96577468493152,107.96577468493152,127.96577468493152
3419,7.4,4.854698191780822,24.854698191780823,44.85469819178083,64.85469819178083
3420,8.8,30.0991287890411,50.0991287890411,70.0991287890411,90.0991287890411
3421,8.3,42.721344087671234,62.721344087671234,82.72134408767124,102.72134408767124
3422,7.9,67.96577468493152,87.96577468493152,107.96577468493152,127.96577468493152
3423,9.2,30.0991287890411,50.0991287890411,70.0991287890411,90.0991287890411
3424,7.0,42.721344087671234,62.721344087671234,82.72134408767124,102.72134408767124
3425,7.0,67.96577468493152,87.96577468493152,107.96577468493152,127.96577468493152
3426,9.1,5.338174663447239,25.33817466344724,45.33817466344724,65.33817466344723
3427,9.3,4.905998548601684,24.905998548601683,44.90599854860169,64.90599854860169
3428,9.6,30.0991287890411,50.0991287890411,70.0991287890411,90.0991287890411
3429,7.2,42.721344087671234,62.721344087671234,82.72134408767124,102.72134408767124
3430,7.3,5.050057253550202,25.0500572535502,45.0500572535502,65.0500572535502
3431,7.3,5.770350778292794,25.770350778292794,45.770350778292794,65.7703507782928
3432,8.2,5.48223336839576,25.48223336839576,45.48223336839576,65.48223336839575
3433,8.2,30.0991287890411,50.0991287890411,70.0991287890411,90.0991287890411
3434,6.8,42.721344087671234,62.721344087671234,82.72134408767124,102.72134408767124
3435,5.4,4.854698191780822,24.854698191780823,44.85469819178083,64.85469819178083
3436,5.3,67.96577468493152,87.96577468493152,107.96577468493152,127.96577468493152
3437,4.9,4.854698191780822,24.854698191780823,44.85469819178083,64.85469819178083
3438,6.1,30.0991287890411,50.0991287890411,70.0991287890411,90.0991287890411
3439,5.8,42.721344087671234,62.721344087671234,82.72134408767124,102.72134408767124
3440,5.6,4.854698191780822,24.854698191780823,44.85469819178083,64.85469819178083
3441,5.7,67.96577468493152,87.96577468493152,107.96577468493152,127.96577468493152
3442,5.9,30.0991287890411,50.0991287890411,70.0991287890411,90.0991287890411
3443,6.5,42.721344087671234,62.721344087671234,82.72134408767124,102.72134408767124
3444,7.6,6.058468188189831,26.05846818818983,46.058468188189835,66.05846818818983
3445,7.4,6.922820417880944,26.922820417880942,46.92282041788094,66.92282041788094
3446,8.5,7.210937827777981,27.210937827777983,47.21093782777798,67.21093782777798
3447,7.8,7.210937827777981,27.210937827777983,47.21093782777798,67.21093782777798
3448,7.6,7.499055237675016,27.499055237675016,47.499055237675016,67.49905523767501
3449,8.0,6.634703007983905,26.634703007983905,46.6347030079839,66.6347030079839
3450,7.6,5.48223336839576,25.48223336839576,45.48223336839576,65.48223336839575
3451,8.9,30.0991287890411,50.0991287890411,70.0991287890411,90.0991287890411
3452,6.7,42.721344087671234,62.721344087671234,82.72134408767124,102.72134408767124
3453,7.7,67.96577468493152,87.96577468493152,107.96577468493152,127.96577468493152
3454,9.1,5.48223336839576,25.48223336839576,45.48223336839576,65.48223336839575
3455,9.4,5.050057253550202,25.0500572535502,45.0500572535502,65.0500572535502
3456,8.6,30.0991287890411,50.0991287890411,70.0991287890411,90.0991287890411
3457,6.6,5.19411595849872,25.19411595849872,45.19411595849872,65.19411595849871
3458,6.5,6.922820417880944,26.922820417880942,46.92282041788094,66.92282041788094
3459,6.4,8.36340746736613,28.36340746736613,48.36340746736613,68.36340746736613
3460,7.0,9.227759697057241,29.22775969705724,49.22775969705724,69.22775969705724
3461,7.3,8.075290057469092,28.07529005746909,48.07529005746909,68.07529005746909
3462,6.9,5.19411595849872,25.19411595849872,45.19411595849872,65.19411595849871
3463,7.8,30.0991287890411,50.0991287890411,70.0991287890411,90.0991287890411
3464,6.3,42.721344087671234,62.721344087671234,82.72134408767124,102.72134408767124
3465,5.8,30.0991287890411,50.0991287890411,70.0991287890411,90.0991287890411
3466,6.1,42.721344087671234,62.721344087671234,82.72134408767124,102.72134408767124
3467,5.4,67.96577468493152,87.96577468493152,107.96577468493152,127.96577468493152
3468,5.2,4.854698191780822,24.854698191780823,44.85469819178083,64.85469819178083
3469,5.3,4.854698191780822,24.854698191780823,44.85469819178083,64.85469819178083
3470,5.7,30.0991287890411,50.0991287890411,70.0991287890411,90.0991287890411
3471,7.7,42.721344087671234,62.721344087671234,82.72134408767124,102.72134408767124
3472,6.1,67.96577468493152,87.96577468493152,107.96577468493152,127.96577468493152
3473,7.3,30.0991287890411,50.0991287890411,70.0991287890411,90.0991287890411
3474,7.2,67.96577468493152,87.96577468493152,107.96577468493152,127.96577468493152
3475,8.0,30.0991287890411,50.0991287890411,70.0991287890411,90.0991287890411
3476,6.3,67.96577468493152,87.96577468493152,107.96577468493152,127.96577468493152
3477,7.6,30.0991287890411,50.0991287890411,70.0991287890411,90.0991287890411
3478,6.0,67.96577468493152,87.96577468493152,107.96577468493152,127.96577468493152
3479,5.0,4.854698191780822,24.854698191780823,44.85469819178083,64.85469819178083
3480,4.7,4.854698191780822,24.854698191780823,44.85469819178083,64.85469819178083
3481,4.8,30.0991287890411,50.0991287890411,70.0991287890411,90.0991287890411
3482,4.8,67.96577468493152,87.96577468493152,107.96577468493152,127.96577468493152
3483,4.6,4.854698191780822,24.854698191780823,44.85469819178083,64.85469819178083
3484,4.8,4.854698191780822,24.854698191780823,44.85469819178083,64.85469819178083
3485,4.4,4.854698191780822,24.854698191780823,44.85469819178083,64.85469819178083
3486,4.5,30.0991287890411,50.0991287890411,70.0991287890411,90.0991287890411
3487,5.3,42.721344087671234,62.721344087671234,82.72134408767124,102.72134408767124
3488,5.1,67.96577468493152,87.96577468493152,107.96577468493152,127.96577468493152
3489,5.1,4.854698191780822,24.854698191780823,44.85469819178083,64.85469819178083
3490,4.5,4.854698191780822,24.854698191780823,44.85469819178083,64.85469819178083
3491,4.3,4.854698191780822,24.854698191780823,44.85469819178083,64.85469819178083
3492,5.1,30.0991287890411,50.0991287890411,70.0991287890411,90.0991287890411
3493,5.5,42.721344087671234,62.721344087671234,82.72134408767124,102.72134408767124
3494,5.5,67.96577468493152,87.96577468493152,107.96577468493152,127.96577468493152
3495,4.2,4.854698191780822,24.854698191780823,44.85469819178083,64.85469819178083
3496,4.7,42.721344087671234,62.721344087671234,82.72134408767124,102.72134408767124
3497,5.9,67.96577468493152,87.96577468493152,107.96577468493152,127.96577468493152
3498,5.4,42.721344087671234,62.721344087671234,82.72134408767124,102.72134408767124
3499,5.6,30.0991287890411,50.0991287890411,70.0991287890411,90.0991287890411
3500,5.6,42.721344087671234,62.721344087671234,82.72134408767124,102.72134408767124
3501,6.2,30.0991287890411,50.0991287890411,70.0991287890411,90.0991287890411
3502,5.6,67.96577468493152,87.96577468493152,107.96577468493152,127.96577468493152
3503,4.9,4.905998548601684,24.905998548601683,44.90599854860169,64.90599854860169
3504,5.0,5.338174663447239,25.33817466344724,45.33817466344724,65.33817466344723
3505,4.5,4.905998548601684,24.905998548601683,44.90599854860169,64.90599854860169
3506,4.9,30.0991287890411,50.0991287890411,70.0991287890411,90.0991287890411
3507,4.9,67.96577468493152,87.96577468493152,107.96577468493152,127.96577468493152
3508,5.3,5.338174663447239,25.33817466344724,45.33817466344724,65.33817466344723
3509,4.4,30.0991287890411,50.0991287890411,70.0991287890411,90.0991287890411
3510,6.2,5.338174663447239,25.33817466344724,45.33817466344724,65.33817466344723
3511,6.5,5.770350778292794,25.770350778292794,45.770350778292794,65.7703507782928
3512,6.6,5.338174663447239,25.33817466344724,45.33817466344724,65.33817466344723
3513,5.2,67.96577468493152,87.96577468493152,107.96577468493152,127.96577468493152
3514,6.5,30.0991287890411,50.0991287890411,70.0991287890411,90.0991287890411
3515,5.9,42.721344087671234,62.721344087671234,82.72134408767124,102.72134408767124
3516,7.1,30.0991287890411,50.0991287890411,70.0991287890411,90.0991287890411
3517,5.7,42.721344087671234,62.721344087671234,82.72134408767124,102.72134408767124
3518,6.3,30.0991287890411,50.0991287890411,70.0991287890411,90.0991287890411
3519,4.6,67.96577468493152,87.96577468493152,107.96577468493152,127.96577468493152
3520,4.7,67.96577468493152,87.96577468493152,107.96577468493152,127.96577468493152
3521,4.3,30.0991287890411,50.0991287890411,70.0991287890411,90.0991287890411
3522,6.7,67.96577468493152,87.96577468493152,107.96577468493152,127.96577468493152
3523,6.6,30.0991287890411,50.0991287890411,70.0991287890411,90.0991287890411
3524,4.1,67.96577468493152,87.96577468493152,107.96577468493152,127.96577468493152
3525,4.0,4.854698191780822,24.854698191780823,44.85469819178083,64.85469819178083
3526,3.9,4.854698191780822,24.854698191780823,44.85469819178083,64.85469819178083
3527,4.2,42.721344087671234,62.721344087671234,82.72134408767124,102.72134408767124
3528,4.1,4.854698191780822,24.854698191780823,44.85469819178083,64.85469819178083
3529,4.2,67.96577468493152,87.96577468493152,107.96577468493152,127.96577468493152
3530,4.3,42.721344087671234,62.721344087671234,82.72134408767124,102.72134408767124
3531,4.4,67.96577468493152,87.96577468493152,107.96577468493152,127.96577468493152
3532,5.4,30.0991287890411,50.0991287890411,70.0991287890411,90.0991287890411
3533,4.9,42.721344087671234,62.721344087671234,82.72134408767124,102.72134408767124
3534,5.3,30.0991287890411,50.0991287890411,70.0991287890411,90.0991287890411
3535,4.6,42.721344087671234,62.721344087671234,82.72134408767124,102.72134408767124
3536,3.8,4.854698191780822,24.854698191780823,44.85469819178083,64.85469819178083
3537,4.4,42.721344087671234,62.721344087671234,82.72134408767124,102.72134408767124
3538,3.9,5.19411595849872,25.19411595849872,45.19411595849872,65.19411595849871
3539,4.0,6.634703007983905,26.634703007983905,46.6347030079839,66.6347030079839
3540,4.4,7.210937827777981,27.210937827777983,47.21093782777798,67.21093782777798
3541,4.7,4.905998548601684,24.905998548601683,44.90599854860169,64.90599854860169
3542,4.1,30.0991287890411,50.0991287890411,70.0991287890411,90.0991287890411
3543,4.3,67.96577468493152,87.96577468493152,107.96577468493152,127.96577468493152
3544,4.2,30.0991287890411,50.0991287890411,70.0991287890411,90.0991287890411
3545,4.1,42.721344087671234,62.721344087671234,82.72134408767124,102.72134408767124
3546,4.0,67.96577468493152,87.96577468493152,107.96577468493152,127.96577468493152
3547,3.7,4.854698191780822,24.854698191780823,44.85469819178083,64.85469819178083
3548,3.5,6.490644303035387,26.49064430303539,46.49064430303539,66.4906443030354
3549,3.6,7.787172647572055,27.787172647572056,47.787172647572056,67.78717264757205
3550,3.8,8.21934876241761,28.21934876241761,48.21934876241761,68.21934876241761
3551,3.9,8.075290057469092,28.07529005746909,48.07529005746909,68.07529005746909
3552,4.0,6.202526893138352,26.20252689313835,46.202526893138355,66.20252689313836
3553,3.8,30.0991287890411,50.0991287890411,70.0991287890411,90.0991287890411
3554,3.8,42.721344087671234,62.721344087671234,82.72134408767124,102.72134408767124
3555,3.6,4.854698191780822,24.854698191780823,44.85469819178083,64.85469819178083
3556,3.7,5.914409483241313,25.914409483241315,45.914409483241315,65.91440948324131
3557,3.5,7.787172647572055,27.787172647572056,47.787172647572056,67.78717264757205
3558,3.3,7.643113942623536,27.643113942623536,47.643113942623536,67.64311394262353
3559,3.3,6.778761712932424,26.778761712932422,46.77876171293242,66.77876171293242
3560,3.4,4.854698191780822,24.854698191780823,44.85469819178083,64.85469819178083
3561,3.3,4.854698191780822,24.854698191780823,44.85469819178083,64.85469819178083
3562,3.5,4.854698191780822,24.854698191780823,44.85469819178083,64.85469819178083
3563,3.6,30.0991287890411,50.0991287890411,70.0991287890411,90.0991287890411
3564,3.6,42.721344087671234,62.721344087671234,82.72134408767124,102.72134408767124
3565,3.7,67.96577468493152,87.96577468493152,107.96577468493152,127.96577468493152
3566,3.2,4.854698191780822,24.854698191780823,44.85469819178083,64.85469819178083
3567,3.1,5.050057253550202,25.0500572535502,45.0500572535502,65.0500572535502
3568,3.1,4.854698191780822,24.854698191780823,44.85469819178083,64.85469819178083
3569,3.2,30.0991287890411,50.0991287890411,70.0991287890411,90.0991287890411
3570,3.5,6.922820417880944,26.922820417880942,46.92282041788094,66.92282041788094
3571,3.4,7.499055237675016,27.499055237675016,47.499055237675016,67.49905523767501
3572,3.7,7.787172647572055,27.787172647572056,47.787172647572056,67.78717264757205
3573,3.6,7.499055237675016,27.499055237675016,47.499055237675016,67.49905523767501
3574,3.8,4.905998548601684,24.905998548601683,44.90599854860169,64.90599854860169
3575,3.5,30.0991287890411,50.0991287890411,70.0991287890411,90.0991287890411
3576,3.7,42.721344087671234,62.721344087671234,82.72134408767124,102.72134408767124
3577,3.6,67.96577468493152,87.96577468493152,107.96577468493152,127.96577468493152
3578,3.0,4.854698191780822,24.854698191780823,44.85469819178083,64.85469819178083
3579,3.3,30.0991287890411,50.0991287890411,70.0991287890411,90.0991287890411
3580,3.8,67.96577468493152,87.96577468493152,107.96577468493152,127.96577468493152
3581,4.0,42.721344087671234,62.721344087671234,82.72134408767124,102.72134408767124
3582,5.2,30.0991287890411,50.0991287890411,70.0991287890411,90.0991287890411
3583,5.1,42.721344087671234,62.721344087671234,82.72134408767124,102.72134408767124
3584,4.0,5.050057253550202,25.0500572535502,45.0500572535502,65.0500572535502
3585,3.9,6.058468188189831,26.05846818818983,46.058468188189835,66.05846818818983
3586,4.1,6.202526893138352,26.20252689313835,46.202526893138355,66.20252689313836
3587,4.1,6.058468188189831,26.05846818818983,46.058468188189835,66.05846818818983
3588,3.6,8.36340746736613,28.36340746736613,48.36340746736613,68.36340746736613
3589,3.7,9.227759697057241,29.22775969705724,49.22775969705724,69.22775969705724
3590,4.1,4.905998548601684,24.905998548601683,44.90599854860169,64.90599854860169
3591,4.1,5.770350778292794,25.770350778292794,45.770350778292794,65.7703507782928
3592,3.9,6.490644303035387,26.49064430303539,46.49064430303539,66.4906443030354
3593,3.8,7.066879122829462,27.066879122829462,47.06687912282946,67.06687912282946
3594,4.1,7.499055237675016,27.499055237675016,47.499055237675016,67.49905523767501
3595,3.5,7.066879122829462,27.066879122829462,47.06687912282946,67.06687912282946
3596,3.3,6.634703007983905,26.634703007983905,46.6347030079839,66.6347030079839
3597,3.6,7.354996532726499,27.3549965327265,47.3549965327265,67.3549965327265
3598,3.7,6.490644303035387,26.49064430303539,46.49064430303539,66.4906443030354
3599,4.1,5.48223336839576,25.48223336839576,45.48223336839576,65.48223336839575
3600,3.8,6.778761712932424,26.778761712932422,46.77876171293242,66.77876171293242
3601,3.2,8.939642287160202,28.939642287160204,48.939642287160204,68.93964228716021
3602,3.3,9.948053221799833,29.94805322179983,49.94805322179983,69.94805322179982
3603,3.9,8.36340746736613,28.36340746736613,48.36340746736613,68.36340746736613
3604,4.4,5.050057253550202,25.0500572535502,45.0500572535502,65.0500572535502
3605,4.3,6.778761712932424,26.778761712932422,46.77876171293242,66.77876171293242
3606,4.6,8.507466172314647,28.507466172314647,48.50746617231465,68.50746617231465
3607,4.7,9.948053221799833,29.94805322179983,49.94805322179983,69.94805322179982
3608,4.9,11.100522861387981,31.10052286138798,51.10052286138798,71.10052286138799
3609,5.1,11.820816386130574,31.820816386130574,51.82081638613057,71.82081638613057
3610,5.5,10.668346746542426,30.668346746542426,50.668346746542426,70.66834674654243
3611,5.6,5.914409483241313,25.914409483241315,45.914409483241315,65.91440948324131
3612,5.3,5.19411595849872,25.19411595849872,45.19411595849872,65.19411595849871
3613,5.8,5.626292073344276,25.626292073344274,45.626292073344274,65.62629207334427
3614,5.0,42.721344087671234,62.721344087671234,82.72134408767124,102.72134408767124
3615,5.0,67.96577468493152,87.96577468493152,107.96577468493152,127.96577468493152
3616,4.5,67.96577468493152,87.96577468493152,107.96577468493152,127.96577468493152
3617,4.9,5.19411595849872,25.19411595849872,45.19411595849872,65.19411595849871
3618,4.0,5.770350778292794,25.770350778292794,45.770350778292794,65.7703507782928
3619,3.8,6.202526893138352,26.20252689313835,46.202526893138355,66.20252689313836
3620,3.8,6.922820417880944,26.922820417880942,46.92282041788094,66.92282041788094
3621,4.0,7.643113942623536,27.643113942623536,47.643113942623536,67.64311394262353
3622,4.2,7.354996532726499,27.3549965327265,47.3549965327265,67.3549965327265
3623,4.6,30.0991287890411,50.0991287890411,70.0991287890411,90.0991287890411
3624,7.1,42.721344087671234,62.721344087671234,82.72134408767124,102.72134408767124
3625,4.8,5.626292073344276,25.626292073344274,45.626292073344274,65.62629207334427
3626,3.2,5.48223336839576,25.48223336839576,45.48223336839576,65.48223336839575
3627,4.8,42.721344087671234,62.721344087671234,82.72134408767124,102.72134408767124
3628,5.7,5.19411595849872,25.19411595849872,45.19411595849872,65.19411595849871
3629,5.4,5.338174663447239,25.33817466344724,45.33817466344724,65.33817466344723
3630,5.0,5.914409483241313,25.914409483241315,45.914409483241315,65.91440948324131
3631,5.3,6.058468188189831,26.05846818818983,46.058468188189835,66.05846818818983
3632,4.9,6.058468188189831,26.05846818818983,46.058468188189835,66.05846818818983
3633,5.2,5.770350778292794,25.770350778292794,45.770350778292794,65.7703507782928
3634,5.1,6.202526893138352,26.20252689313835,46.202526893138355,66.20252689313836
3635,5.1,6.634703007983905,26.634703007983905,46.6347030079839,66.6347030079839
3636,5.5,6.778761712932424,26.778761712932422,46.77876171293242,66.77876171293242
3637,5.0,31.591016195347148,51.59101619534715,71.59101619534715,91.59101619534715
3638,5.4,4.905998548601684,24.905998548601683,44.90599854860169,64.90599854860169
3639,4.5,5.19411595849872,25.19411595849872,45.19411595849872,65.19411595849871
3640,4.3,5.770350778292794,25.770350778292794,45.770350778292794,65.7703507782928
3641,4.0,6.922820417880944,26.922820417880942,46.92282041788094,66.92282041788094
3642,4.0,7.066879122829462,27.066879122829462,47.06687912282946,67.06687912282946
3643,3.7,6.202526893138352,26.20252689313835,46.202526893138355,66.20252689313836
3644,5.2,42.721344087671234,62.721344087671234,82.72134408767124,102.72134408767124
3645,5.5,5.914409483241313,25.914409483241315,45.914409483241315,65.91440948324131
3646,4.8,7.787172647572055,27.787172647572056,47.787172647572056,67.78717264757205
3647,4.5,8.075290057469092,28.07529005746909,48.07529005746909,68.07529005746909
3648,4.3,7.066879122829462,27.066879122829462,47.06687912282946,67.06687912282946
3649,4.5,6.34658559808687,26.346585598086868,46.34658559808687,66.34658559808688
3650,4.6,7.499055237675016,27.499055237675016,47.499055237675016,67.49905523767501
3651,4.5,8.939642287160202,28.939642287160204,48.939642287160204,68.93964228716021
3652,4.3,6.922820417880944,26.922820417880942,46.92282041788094,66.92282041788094
3653,6.2,67.96577468493152,87.96577468493152,107.96577468493152,127.96577468493152
3654,6.1,7.210937827777981,27.210937827777983,47.21093782777798,67.21093782777798
3655,6.4,8.651524877263165,28.651524877263164,48.651524877263164,68.65152487726317
3656,6.4,9.227759697057241,29.22775969705724,49.22775969705724,69.22775969705724
3657,5.2,8.939642287160202,28.939642287160204,48.939642287160204,68.93964228716021
3658,5.5,10.380229336645385,30.380229336645385,50.380229336645385,70.38022933664539
3659,5.5,11.532698976233537,31.532698976233537,51.53269897623353,71.53269897623353
3660,6.1,11.964875091079092,31.964875091079094,51.964875091079094,71.9648750910791
3661,6.2,12.108933796027612,32.108933796027614,52.108933796027614,72.10893379602761
3662,6.2,12.685168615821684,32.68516861582168,52.68516861582168,72.68516861582168
3663,5.9,10.092111926748352,30.092111926748352,50.09211192674835,70.09211192674834
3664,6.8,30.0991287890411,50.0991287890411,70.0991287890411,90.0991287890411
3665,6.2,42.721344087671234,62.721344087671234,82.72134408767124,102.72134408767124
3666,5.2,4.905998548601684,24.905998548601683,44.90599854860169,64.90599854860169
3667,5.2,5.338174663447239,25.33817466344724,45.33817466344724,65.33817466344723
3668,5.9,6.634703007983905,26.634703007983905,46.6347030079839,66.6347030079839
3669,5.7,7.643113942623536,27.643113942623536,47.643113942623536,67.64311394262353
3670,5.9,8.507466172314647,28.507466172314647,48.50746617231465,68.50746617231465
3671,5.4,10.236170631696872,30.236170631696872,50.23617063169687,70.23617063169687
3672,5.7,10.668346746542426,30.668346746542426,50.668346746542426,70.66834674654243
3673,5.6,9.227759697057241,29.22775969705724,49.22775969705724,69.22775969705724
3674,5.7,7.210937827777981,27.210937827777983,47.21093782777798,67.21093782777798
3675,6.1,30.29448785081048,50.294487850810484,70.29448785081048,90.29448785081048
3676,5.6,6.058468188189831,26.05846818818983,46.058468188189835,66.05846818818983
3677,5.4,7.354996532726499,27.3549965327265,47.3549965327265,67.3549965327265
3678,5.5,9.227759697057241,29.22775969705724,49.22775969705724,69.22775969705724
3679,5.9,10.956464156439463,30.956464156439463,50.956464156439466,70.95646415643947
3680,6.3,11.676757681182053,31.676757681182053,51.67675768118205,71.67675768118205
3681,6.3,11.964875091079092,31.964875091079094,51.964875091079094,71.9648750910791
3682,6.6,12.397051205924647,32.39705120592465,52.39705120592465,72.39705120592464
3683,6.4,13.405462140564278,33.40546214056428,53.40546214056428,73.40546214056428
3684,6.7,13.693579550461315,33.693579550461315,53.693579550461315,73.69357955046132
3685,6.3,11.388640271285018,31.38864027128502,51.38864027128502,71.38864027128503
3686,6.8,6.922820417880944,26.922820417880942,46.92282041788094,66.92282041788094
3687,6.0,42.721344087671234,62.721344087671234,82.72134408767124,102.72134408767124
3688,6.2,5.19411595849872,25.19411595849872,45.19411595849872,65.19411595849871
3689,5.7,5.770350778292794,25.770350778292794,45.770350778292794,65.7703507782928
3690,5.7,69.88983820608311,89.88983820608311,109.88983820608311,129.8898382060831
3691,5.8,7.354996532726499,27.3549965327265,47.3549965327265,67.3549965327265
3692,5.9,7.066879122829462,27.066879122829462,47.06687912282946,67.06687912282946
3693,6.1,6.778761712932424,26.778761712932422,46.77876171293242,66.77876171293242
3694,6.0,6.634703007983905,26.634703007983905,46.6347030079839,66.6347030079839
3695,6.8,6.634703007983905,26.634703007983905,46.6347030079839,66.6347030079839
3696,6.2,6.34658559808687,26.346585598086868,46.34658559808687,66.34658559808688
3697,6.3,5.770350778292794,25.770350778292794,45.770350778292794,65.7703507782928
3698,4.7,30.0991287890411,50.0991287890411,70.0991287890411,90.0991287890411
3699,6.4,67.96577468493152,87.96577468493152,107.96577468493152,127.96577468493152
3700,7.6,6.34658559808687,26.346585598086868,46.34658559808687,66.34658559808688
3701,7.9,6.634703007983905,26.634703007983905,46.6347030079839,66.6347030079839
3702,8.9,7.499055237675016,27.499055237675016,47.499055237675016,67.49905523767501
3703,8.6,8.21934876241761,28.21934876241761,48.21934876241761,68.21934876241761
3704,8.8,8.795583582211684,28.795583582211684,48.795583582211684,68.79558358221169
3705,9.0,8.939642287160202,28.939642287160204,48.939642287160204,68.93964228716021
3706,9.5,9.37181840200576,29.371818402005758,49.37181840200576,69.37181840200576
3707,9.8,9.515877106954274,29.515877106954274,49.51587710695428,69.51587710695428
3708,10.1,8.21934876241761,28.21934876241761,48.21934876241761,68.21934876241761
3709,10.7,5.19411595849872,25.19411595849872,45.19411595849872,65.19411595849871
3710,9.9,30.0991287890411,50.0991287890411,70.0991287890411,90.0991287890411
3711,7.0,5.770350778292794,25.770350778292794,45.770350778292794,65.7703507782928
3712,7.0,7.931231352520573,27.931231352520573,47.93123135252057,67.93123135252057
3713,7.3,9.37181840200576,29.371818402005758,49.37181840200576,69.37181840200576
3714,7.8,10.380229336645385,30.380229336645385,50.380229336645385,70.38022933664539
3715,7.8,10.524288041593906,30.524288041593906,50.524288041593906,70.5242880415939
3716,7.8,10.668346746542426,30.668346746542426,50.668346746542426,70.66834674654243
3717,8.0,10.956464156439463,30.956464156439463,50.956464156439466,70.95646415643947
3718,8.2,10.524288041593906,30.524288041593906,50.524288041593906,70.5242880415939
3719,8.3,10.092111926748352,30.092111926748352,50.09211192674835,70.09211192674834
3720,10.3,5.338174663447239,25.33817466344724,45.33817466344724,65.33817466344723
3721,11.1,30.0991287890411,50.0991287890411,70.0991287890411,90.0991287890411
3722,7.1,5.19411595849872,25.19411595849872,45.19411595849872,65.19411595849871
3723,7.7,6.634703007983905,26.634703007983905,46.6347030079839,66.6347030079839
3724,8.1,7.499055237675016,27.499055237675016,47.499055237675016,67.49905523767501
3725,8.7,6.202526893138352,26.20252689313835,46.202526893138355,66.20252689313836
3726,8.7,5.338174663447239,25.33817466344724,45.33817466344724,65.33817466344723
3727,8.5,5.19411595849872,25.19411595849872,45.19411595849872,65.19411595849871
3728,8.7,5.19411595849872,25.19411595849872,45.19411595849872,65.19411595849871
3729,9.6,6.778761712932424,26.778761712932422,46.77876171293242,66.77876171293242
3730,10.5,7.787172647572055,27.787172647572056,47.787172647572056,67.78717264757205
3731,11.0,8.36340746736613,28.36340746736613,48.36340746736613,68.36340746736613
3732,11.5,8.075290057469092,28.07529005746909,48.07529005746909,68.07529005746909
3733,13.0,5.48223336839576,25.48223336839576,45.48223336839576,65.48223336839575
3734,9.2,42.721344087671234,62.721344087671234,82.72134408767124,102.72134408767124
3735,9.0,6.058468188189831,26.05846818818983,46.058468188189835,66.05846818818983
3736,9.5,7.210937827777981,27.210937827777983,47.21093782777798,67.21093782777798
3737,10.1,8.507466172314647,28.507466172314647,48.50746617231465,68.50746617231465
3738,9.2,9.803994516851315,29.803994516851315,49.80399451685132,69.80399451685132
3739,9.0,10.236170631696872,30.236170631696872,50.23617063169687,70.23617063169687
3740,8.9,11.2445815663365,31.2445815663365,51.2445815663365,71.2445815663365
3741,8.5,12.829227320770205,32.8292273207702,52.8292273207702,72.8292273207702
3742,8.5,13.405462140564278,33.40546214056428,53.40546214056428,73.40546214056428
3743,8.9,14.26981437025539,34.26981437025539,54.26981437025539,74.26981437025539
3744,9.5,12.685168615821684,32.68516861582168,52.68516861582168,72.68516861582168
3745,10.4,31.446957490398628,51.44695749039863,71.44695749039863,91.44695749039863
3746,12.1,5.050057253550202,25.0500572535502,45.0500572535502,65.0500572535502
3747,12.0,5.770350778292794,25.770350778292794,45.770350778292794,65.7703507782928
3748,12.1,5.48223336839576,25.48223336839576,45.48223336839576,65.48223336839575
3749,12.6,7.210937827777981,27.210937827777983,47.21093782777798,67.21093782777798
3750,12.8,6.922820417880944,26.922820417880942,46.92282041788094,66.92282041788094
3751,12.3,31.446957490398628,51.44695749039863,71.44695749039863,91.44695749039863
3752,10.0,5.626292073344276,25.626292073344274,45.626292073344274,65.62629207334427
3753,6.9,70.89824914072275,90.89824914072275,110.89824914072275,130.89824914072275
3754,7.4,11.676757681182053,31.676757681182053,51.67675768118205,71.67675768118205
3755,7.8,13.405462140564278,33.40546214056428,53.40546214056428,73.40546214056428
3756,8.1,14.990107894997983,34.99010789499798,54.99010789499798,74.99010789499798
3757,8.0,15.99851882963761,35.99851882963761,55.99851882963761,75.99851882963762
3758,8.6,16.430694944483168,36.430694944483164,56.430694944483164,76.43069494448316
3759,8.7,15.99851882963761,35.99851882963761,55.99851882963761,75.99851882963762
3760,9.2,15.710401419740574,35.71040141974058,55.71040141974058,75.71040141974058
3761,9.3,15.710401419740574,35.71040141974058,55.71040141974058,75.71040141974058
3762,9.4,15.99851882963761,35.99851882963761,55.99851882963761,75.99851882963762
3763,9.4,16.430694944483168,36.430694944483164,56.430694944483164,76.43069494448316
3764,10.1,15.27822530489502,35.27822530489502,55.27822530489502,75.27822530489502
3765,11.0,12.541109910873166,32.54110991087317,52.54110991087317,72.54110991087316
3766,10.3,34.904366409163075,54.904366409163075,74.90436640916307,94.90436640916307
3767,9.7,7.066879122829462,27.066879122829462,47.06687912282946,67.06687912282946
3768,8.3,5.050057253550202,25.0500572535502,45.0500572535502,65.0500572535502
3769,7.3,42.721344087671234,62.721344087671234,82.72134408767124,102.72134408767124
3770,8.7,5.770350778292794,25.770350778292794,45.770350778292794,65.7703507782928
3771,8.6,72.77101230505349,92.77101230505349,112.77101230505349,132.7710123050535
3772,9.0,13.117344730667241,33.11734473066724,53.11734473066724,73.11734473066724
3773,8.7,15.134166599946504,35.134166599946504,55.134166599946504,75.1341665999465
3774,9.0,16.718812354380205,36.718812354380205,56.718812354380205,76.7188123543802
3775,9.8,18.01534069891687,38.01534069891687,58.01534069891687,78.01534069891687
3776,10.3,19.311869043453537,39.31186904345354,59.31186904345354,79.31186904345354
3777,11.9,20.32027997809317,40.32027997809317,60.32027997809317,80.32027997809317
3778,11.6,21.18463220778428,41.184632207784276,61.184632207784276,81.18463220778428
3779,11.6,21.904925732526873,41.90492573252688,61.90492573252688,81.90492573252688
3780,11.4,22.337101847372427,42.33710184737242,62.33710184737242,82.33710184737242
3781,12.1,21.904925732526873,41.90492573252688,61.90492573252688,81.90492573252688
3782,13.0,19.88810386324761,39.88810386324761,59.88810386324761,79.88810386324761
3783,13.9,16.86287105932872,36.862871059328725,56.862871059328725,76.86287105932873
3784,14.4,37.20930568833937,57.20930568833937,77.20930568833937,97.20930568833937
3785,12.2,7.931231352520573,27.931231352520573,47.93123135252057,67.93123135252057
3786,10.8,4.905998548601684,24.905998548601683,44.90599854860169,64.90599854860169
3787,9.3,67.96577468493152,87.96577468493152,107.96577468493152,127.96577468493152
3788,9.8,6.34658559808687,26.346585598086868,46.34658559808687,66.34658559808688
3789,10.4,7.066879122829462,27.066879122829462,47.06687912282946,67.06687912282946
3790,12.0,7.787172647572055,27.787172647572056,47.787172647572056,67.78717264757205
3791,13.6,9.227759697057241,29.22775969705724,49.22775969705724,69.22775969705724
3792,14.1,8.651524877263165,28.651524877263164,48.651524877263164,68.65152487726317
3793,14.2,7.787172647572055,27.787172647572056,47.787172647572056,67.78717264757205
3794,14.5,8.36340746736613,28.36340746736613,48.36340746736613,68.36340746736613
3795,15.8,8.651524877263165,28.651524877263164,48.651524877263164,68.65152487726317
3796,16.4,9.515877106954274,29.515877106954274,49.51587710695428,69.51587710695428
3797,17.4,9.948053221799833,29.94805322179983,49.94805322179983,69.94805322179982
3798,18.9,7.066879122829462,27.066879122829462,47.06687912282946,67.06687912282946
3799,18.3,30.0991287890411,50.0991287890411,70.0991287890411,90.0991287890411
3800,15.7,4.854698191780822,24.854698191780823,44.85469819178083,64.85469819178083
3801,9.6,42.721344087671234,62.721344087671234,82.72134408767124,102.72134408767124
3802,8.4,67.96577468493152,87.96577468493152,107.96577468493152,127.96577468493152
3803,8.8,5.338174663447239,25.33817466344724,45.33817466344724,65.33817466344723
3804,10.0,6.922820417880944,26.922820417880942,46.92282041788094,66.92282041788094
3805,11.3,8.075290057469092,28.07529005746909,48.07529005746909,68.07529005746909
3806,12.3,8.507466172314647,28.507466172314647,48.50746617231465,68.50746617231465
3807,12.1,8.651524877263165,28.651524877263164,48.651524877263164,68.65152487726317
3808,13.3,8.651524877263165,28.651524877263164,48.651524877263164,68.65152487726317
3809,14.1,8.939642287160202,28.939642287160204,48.939642287160204,68.93964228716021
3810,15.0,8.795583582211684,28.795583582211684,48.795583582211684,68.79558358221169
3811,15.1,8.21934876241761,28.21934876241761,48.21934876241761,68.21934876241761
3812,15.4,30.15042914586196,50.15042914586196,70.15042914586196,90.15042914586196
3813,9.0,42.721344087671234,62.721344087671234,82.72134408767124,102.72134408767124
3814,8.9,67.96577468493152,87.96577468493152,107.96577468493152,127.96577468493152
3815,7.6,4.905998548601684,24.905998548601683,44.90599854860169,64.90599854860169
3816,7.5,5.19411595849872,25.19411595849872,45.19411595849872,65.19411595849871
3817,8.4,30.0991287890411,50.0991287890411,70.0991287890411,90.0991287890411
3818,13.6,30.0991287890411,50.0991287890411,70.0991287890411,90.0991287890411
3819,9.4,5.626292073344276,25.626292073344274,45.626292073344274,65.62629207334427
3820,9.6,7.499055237675016,27.499055237675016,47.499055237675016,67.49905523767501
3821,9.2,8.507466172314647,28.507466172314647,48.50746617231465,68.50746617231465
3822,9.1,9.227759697057241,29.22775969705724,49.22775969705724,69.22775969705724
3823,8.7,10.236170631696872,30.236170631696872,50.23617063169687,70.23617063169687
3824,9.7,10.092111926748352,30.092111926748352,50.09211192674835,70.09211192674834
3825,10.0,33.319720654729366,53.319720654729366,73.31972065472937,93.31972065472937
3826,9.4,5.914409483241313,25.914409483241315,45.914409483241315,65.91440948324131
3827,8.9,42.721344087671234,62.721344087671234,82.72134408767124,102.72134408767124
3828,8.0,71.47448396051682,91.47448396051682,111.47448396051682,131.4744839605168
3829,8.7,10.812405451490944,30.812405451490946,50.812405451490946,70.81240545149095
3830,9.2,12.685168615821684,32.68516861582168,52.68516861582168,72.68516861582168
3831,9.2,14.413873075203906,34.41387307520391,54.41387307520391,74.41387307520391
3832,9.6,15.134166599946504,35.134166599946504,55.134166599946504,75.1341665999465
3833,9.4,15.27822530489502,35.27822530489502,55.27822530489502,75.27822530489502
3834,8.6,15.566342714792057,35.56634271479206,55.56634271479206,75.56634271479206
3835,9.1,15.854460124689094,35.8544601246891,55.8544601246891,75.8544601246891
3836,8.9,16.430694944483168,36.430694944483164,56.430694944483164,76.43069494448316
3837,10.0,16.430694944483168,36.430694944483164,56.430694944483164,76.43069494448316
3838,10.7,15.99851882963761,35.99851882963761,55.99851882963761,75.99851882963762
3839,11.3,15.710401419740574,35.71040141974058,55.71040141974058,75.71040141974058
3840,12.4,13.693579550461315,33.693579550461315,53.693579550461315,73.69357955046132
3841,11.4,35.19248381906011,55.19248381906011,75.1924838190601,95.1924838190601
3842,10.5,6.778761712932424,26.778761712932422,46.77876171293242,66.77876171293242
3843,8.0,42.721344087671234,62.721344087671234,82.72134408767124,102.72134408767124
3844,7.5,69.16954468134053,89.16954468134053,109.16954468134053,129.16954468134054
3845,8.1,6.634703007983905,26.634703007983905,46.6347030079839,66.6347030079839
3846,9.1,6.634703007983905,26.634703007983905,46.6347030079839,66.6347030079839
3847,9.4,6.922820417880944,26.922820417880942,46.92282041788094,66.92282041788094
3848,9.3,7.066879122829462,27.066879122829462,47.06687912282946,67.06687912282946
3849,8.5,7.354996532726499,27.3549965327265,47.3549965327265,67.3549965327265
3850,9.2,11.100522861387981,31.10052286138798,51.10052286138798,71.10052286138799
3851,9.7,12.397051205924647,32.39705120592465,52.39705120592465,72.39705120592464
3852,10.1,13.549520845512799,33.5495208455128,53.5495208455128,73.5495208455128
3853,11.5,13.981696960358352,33.98169696035835,53.98169696035835,73.98169696035835
3854,13.7,11.388640271285018,31.38864027128502,51.38864027128502,71.38864027128503
3855,12.4,32.59942712998678,52.59942712998678,72.59942712998678,92.59942712998678
3856,10.1,6.058468188189831,26.05846818818983,46.058468188189835,66.05846818818983
3857,10.3,72.0507187803109,92.0507187803109,112.0507187803109,132.0507187803109
3858,11.7,10.956464156439463,30.956464156439463,50.956464156439466,70.95646415643947
3859,12.2,12.973286025718725,32.97328602571872,52.97328602571872,72.97328602571872
3860,12.8,14.125755665306873,34.12575566530687,54.12575566530687,74.12575566530687
3861,13.3,15.99851882963761,35.99851882963761,55.99851882963761,75.99851882963762
3862,12.7,16.718812354380205,36.718812354380205,56.718812354380205,76.7188123543802
3863,12.4,17.15098846922576,37.15098846922576,57.15098846922576,77.15098846922575
3864,13.0,17.727223289019836,37.72722328901983,57.72722328901983,77.72722328901983
3865,12.5,18.159399403865386,38.159399403865386,58.159399403865386,78.1593994038654
3866,12.0,18.30345810881391,38.30345810881391,58.30345810881391,78.30345810881391
3867,12.0,17.15098846922576,37.15098846922576,57.15098846922576,77.15098846922575
3868,11.9,14.846049190049467,34.84604919004947,54.84604919004947,74.84604919004947
3869,13.3,12.685168615821684,32.68516861582168,52.68516861582168,72.68516861582168
3870,13.4,36.05683604875122,56.05683604875122,76.05683604875122,96.05683604875122
3871,12.0,9.227759697057241,29.22775969705724,49.22775969705724,69.22775969705724
3872,10.9,7.931231352520573,27.931231352520573,47.93123135252057,67.93123135252057
3873,10.6,6.922820417880944,26.922820417880942,46.92282041788094,66.92282041788094
3874,10.8,44.21323149397728,64.21323149397728,84.21323149397728,104.21323149397728
3875,10.5,5.914409483241313,25.914409483241315,45.914409483241315,65.91440948324131
3876,10.4,6.490644303035387,26.49064430303539,46.49064430303539,66.4906443030354
3877,8.9,6.34658559808687,26.346585598086868,46.34658559808687,66.34658559808688
3878,8.1,6.490644303035387,26.49064430303539,46.49064430303539,66.4906443030354
3879,7.9,7.354996532726499,27.3549965327265,47.3549965327265,67.3549965327265
3880,8.6,8.36340746736613,28.36340746736613,48.36340746736613,68.36340746736613
3881,9.4,72.33883619020794,92.33883619020794,112.33883619020794,132.33883619020793
3882,10.2,9.659935811902795,29.659935811902795,49.6599358119028,69.6599358119028
3883,10.4,9.515877106954274,29.515877106954274,49.51587710695428,69.51587710695428
3884,10.3,9.37181840200576,29.371818402005758,49.37181840200576,69.37181840200576
3885,10.5,8.939642287160202,28.939642287160204,48.939642287160204,68.93964228716021
3886,10.4,9.227759697057241,29.22775969705724,49.22775969705724,69.22775969705724
3887,10.2,9.803994516851315,29.803994516851315,49.80399451685132,69.80399451685132
3888,10.7,10.380229336645385,30.380229336645385,50.380229336645385,70.38022933664539
3889,11.8,10.956464156439463,30.956464156439463,50.956464156439466,70.95646415643947
3890,12.4,10.380229336645385,30.380229336645385,50.380229336645385,70.38022933664539
3891,12.4,34.904366409163075,54.904366409163075,74.90436640916307,94.90436640916307
3892,11.5,8.507466172314647,28.507466172314647,48.50746617231465,68.50746617231465
3893,11.0,7.643113942623536,27.643113942623536,47.643113942623536,67.64311394262353
3894,9.5,7.354996532726499,27.3549965327265,47.3549965327265,67.3549965327265
3895,8.8,46.230053363256545,66.23005336325654,86.23005336325654,106.23005336325654
3896,8.4,7.787172647572055,27.787172647572056,47.787172647572056,67.78717264757205
3897,8.2,7.210937827777981,27.210937827777983,47.21093782777798,67.21093782777798
3898,8.1,7.931231352520573,27.931231352520573,47.93123135252057,67.93123135252057
3899,8.0,7.210937827777981,27.210937827777983,47.21093782777798,67.21093782777798
3900,7.6,8.651524877263165,28.651524877263164,48.651524877263164,68.65152487726317
3901,7.6,72.48289489515645,92.48289489515645,112.48289489515645,132.48289489515645
3902,7.9,9.515877106954274,29.515877106954274,49.51587710695428,69.51587710695428
3903,8.1,9.659935811902795,29.659935811902795,49.6599358119028,69.6599358119028
3904,8.3,9.803994516851315,29.803994516851315,49.80399451685132,69.80399451685132
3905,8.4,9.948053221799833,29.94805322179983,49.94805322179983,69.94805322179982
3906,8.9,9.948053221799833,29.94805322179983,49.94805322179983,69.94805322179982
3907,8.9,9.659935811902795,29.659935811902795,49.6599358119028,69.6599358119028
3908,8.7,9.948053221799833,29.94805322179983,49.94805322179983,69.94805322179982
3909,9.1,10.236170631696872,30.236170631696872,50.23617063169687,70.23617063169687
3910,9.8,10.236170631696872,30.236170631696872,50.23617063169687,70.23617063169687
3911,10.1,9.803994516851315,29.803994516851315,49.80399451685132,69.80399451685132
3912,10.9,33.89595547452344,53.89595547452344,73.89595547452345,93.89595547452345
3913,11.2,7.499055237675016,27.499055237675016,47.499055237675016,67.49905523767501
3914,10.2,6.058468188189831,26.05846818818983,46.058468188189835,66.05846818818983
3915,9.4,6.058468188189831,26.05846818818983,46.058468188189835,66.05846818818983
3916,8.8,44.357290198925796,64.3572901989258,84.3572901989258,104.3572901989258
3917,8.6,6.634703007983905,26.634703007983905,46.6347030079839,66.6347030079839
3918,8.4,5.914409483241313,25.914409483241315,45.914409483241315,65.91440948324131
3919,8.0,6.202526893138352,26.20252689313835,46.202526893138355,66.20252689313836
3920,8.9,6.490644303035387,26.49064430303539,46.49064430303539,66.4906443030354
3921,9.0,8.075290057469092,28.07529005746909,48.07529005746909,68.07529005746909
3922,9.6,72.19477748525942,92.19477748525942,112.19477748525942,132.1947774852594
3923,11.1,9.515877106954274,29.515877106954274,49.51587710695428,69.51587710695428
3924,11.8,9.515877106954274,29.515877106954274,49.51587710695428,69.51587710695428
3925,11.3,9.803994516851315,29.803994516851315,49.80399451685132,69.80399451685132
3926,11.9,10.092111926748352,30.092111926748352,50.09211192674835,70.09211192674834
3927,12.8,10.380229336645385,30.380229336645385,50.380229336645385,70.38022933664539
3928,13.5,11.2445815663365,31.2445815663365,51.2445815663365,71.2445815663365
3929,13.4,12.252992500976127,32.25299250097613,52.25299250097613,72.25299250097612
3930,12.1,12.252992500976127,32.25299250097613,52.25299250097613,72.25299250097612
3931,12.8,12.973286025718725,32.97328602571872,52.97328602571872,72.97328602571872
3932,13.4,13.261403435615758,33.26140343561576,53.26140343561576,73.26140343561576
3933,14.7,11.676757681182053,31.676757681182053,51.67675768118205,71.67675768118205
3934,14.8,34.18407288442048,54.18407288442048,74.18407288442049,94.18407288442049
3935,12.5,7.210937827777981,27.210937827777983,47.21093782777798,67.21093782777798
3936,11.5,6.202526893138352,26.20252689313835,46.202526893138355,66.20252689313836
3937,11.3,5.626292073344276,25.626292073344274,45.626292073344274,65.62629207334427
3938,10.9,43.20482055933765,63.20482055933765,83.20482055933765,103.20482055933765
3939,9.4,5.770350778292794,25.770350778292794,45.770350778292794,65.7703507782928
3940,10.3,6.202526893138352,26.20252689313835,46.202526893138355,66.20252689313836
3941,11.0,6.922820417880944,26.922820417880942,46.92282041788094,66.92282041788094
3942,10.3,7.643113942623536,27.643113942623536,47.643113942623536,67.64311394262353
3943,10.5,8.507466172314647,28.507466172314647,48.50746617231465,68.50746617231465
3944,11.3,72.33883619020794,92.33883619020794,112.33883619020794,132.33883619020793
3945,11.6,10.956464156439463,30.956464156439463,50.956464156439466,70.95646415643947
3946,12.2,10.956464156439463,30.956464156439463,50.956464156439466,70.95646415643947
3947,11.7,11.2445815663365,31.2445815663365,51.2445815663365,71.2445815663365
3948,11.9,11.532698976233537,31.532698976233537,51.53269897623353,71.53269897623353
3949,12.2,11.532698976233537,31.532698976233537,51.53269897623353,71.53269897623353
3950,13.0,11.532698976233537,31.532698976233537,51.53269897623353,71.53269897623353
3951,14.0,11.532698976233537,31.532698976233537,51.53269897623353,71.53269897623353
3952,13.3,11.676757681182053,31.676757681182053,51.67675768118205,71.67675768118205
3953,13.0,11.820816386130574,31.820816386130574,51.82081638613057,71.82081638613057
3954,13.4,11.820816386130574,31.820816386130574,51.82081638613057,71.82081638613057
3955,14.5,11.388640271285018,31.38864027128502,51.38864027128502,71.38864027128503
3956,14.6,35.76871863885418,55.76871863885418,75.76871863885418,95.76871863885418
3957,14.3,9.948053221799833,29.94805322179983,49.94805322179983,69.94805322179982
3958,12.9,9.37181840200576,29.371818402005758,49.37181840200576,69.37181840200576
3959,11.6,8.36340746736613,28.36340746736613,48.36340746736613,68.36340746736613
3960,10.8,45.50975983851395,65.50975983851396,85.50975983851396,105.50975983851396
3961,11.0,7.210937827777981,27.210937827777983,47.21093782777798,67.21093782777798
3962,10.9,6.634703007983905,26.634703007983905,46.6347030079839,66.6347030079839
3963,11.2,8.075290057469092,28.07529005746909,48.07529005746909,68.07529005746909
3964,12.3,10.668346746542426,30.668346746542426,50.668346746542426,70.66834674654243
3965,11.8,75.07595158422978,95.07595158422978,115.07595158422978,135.07595158422978
3966,13.5,12.108933796027612,32.108933796027614,52.108933796027614,72.10893379602761
3967,13.5,14.125755665306873,34.12575566530687,54.12575566530687,74.12575566530687
3968,14.4,16.14257753458613,36.14257753458613,56.14257753458613,76.14257753458614
3969,14.9,17.727223289019836,37.72722328901983,57.72722328901983,77.72722328901983
3970,14.5,18.879692928607984,38.87969292860798,58.87969292860798,78.87969292860798
3971,15.2,19.311869043453537,39.31186904345354,59.31186904345354,79.31186904345354
3972,16.1,19.744045158299095,39.744045158299095,59.744045158299095,79.74404515829909
3973,17.0,19.744045158299095,39.744045158299095,59.744045158299095,79.74404515829909
3974,17.8,19.311869043453537,39.31186904345354,59.31186904345354,79.31186904345354
3975,17.8,17.87128199396835,37.87128199396835,57.87128199396835,77.87128199396835
3976,19.7,15.566342714792057,35.56634271479206,55.56634271479206,75.56634271479206
3977,19.9,38.64989273782456,58.64989273782456,78.64989273782456,98.64989273782456
3978,17.4,11.820816386130574,31.820816386130574,51.82081638613057,71.82081638613057
3979,15.0,10.668346746542426,30.668346746542426,50.668346746542426,70.66834674654243
3980,13.5,9.948053221799833,29.94805322179983,49.94805322179983,69.94805322179982
3981,11.8,46.51817077315358,66.51817077315357,86.51817077315357,106.51817077315357
3982,11.4,7.066879122829462,27.066879122829462,47.06687912282946,67.06687912282946
3983,10.4,6.634703007983905,26.634703007983905,46.6347030079839,66.6347030079839
3984,11.4,6.922820417880944,26.922820417880942,46.92282041788094,66.92282041788094
3985,11.7,7.499055237675016,27.499055237675016,47.499055237675016,67.49905523767501
3986,12.0,8.651524877263165,28.651524877263164,48.651524877263164,68.65152487726317
3987,11.1,9.37181840200576,29.371818402005758,49.37181840200576,69.37181840200576
3988,11.7,72.91507101000201,92.91507101000201,112.91507101000201,132.915071010002
3989,14.1,10.524288041593906,30.524288041593906,50.524288041593906,70.5242880415939
3990,16.1,10.812405451490944,30.812405451490946,50.812405451490946,70.81240545149095
3991,17.4,10.812405451490944,30.812405451490946,50.812405451490946,70.81240545149095
3992,19.1,10.668346746542426,30.668346746542426,50.668346746542426,70.66834674654243
3993,19.6,10.380229336645385,30.380229336645385,50.380229336645385,70.38022933664539
3994,19.0,10.380229336645385,30.380229336645385,50.380229336645385,70.38022933664539
3995,19.0,10.236170631696872,30.236170631696872,50.23617063169687,70.23617063169687
3996,20.2,10.236170631696872,30.236170631696872,50.23617063169687,70.23617063169687
3997,19.7,10.236170631696872,30.236170631696872,50.23617063169687,70.23617063169687
3998,20.0,10.236170631696872,30.236170631696872,50.23617063169687,70.23617063169687
3999,21.7,10.092111926748352,30.092111926748352,50.09211192674835,70.09211192674834
4000,24.4,9.37181840200576,29.371818402005758,49.37181840200576,69.37181840200576
4001,25.2,33.463779359677886,53.463779359677886,73.46377935967789,93.46377935967789
4002,20.3,6.490644303035387,26.49064430303539,46.49064430303539,66.4906443030354
4003,17.0,5.19411595849872,25.19411595849872,45.19411595849872,65.19411595849871
4004,11.6,42.721344087671234,62.721344087671234,82.72134408767124,102.72134408767124
4005,9.5,5.914409483241313,25.914409483241315,45.914409483241315,65.91440948324131
4006,10.5,69.45766209123757,89.45766209123757,109.45766209123757,129.45766209123758
4007,13.5,6.058468188189831,26.05846818818983,46.058468188189835,66.05846818818983
4008,14.6,5.770350778292794,25.770350778292794,45.770350778292794,65.7703507782928
4009,15.2,5.48223336839576,25.48223336839576,45.48223336839576,65.48223336839575
4010,15.2,5.19411595849872,25.19411595849872,45.19411595849872,65.19411595849871
4011,14.8,5.19411595849872,25.19411595849872,45.19411595849872,65.19411595849871
4012,13.7,5.050057253550202,25.0500572535502,45.0500572535502,65.0500572535502
4013,13.2,5.050057253550202,25.0500572535502,45.0500572535502,65.0500572535502
4014,13.2,4.905998548601684,24.905998548601683,44.90599854860169,64.90599854860169
4015,13.8,4.854698191780822,24.854698191780823,44.85469819178083,64.85469819178083
4016,17.1,30.0991287890411,50.0991287890411,70.0991287890411,90.0991287890411
4017,16.6,4.854698191780822,24.854698191780823,44.85469819178083,64.85469819178083
4018,11.2,42.721344087671234,62.721344087671234,82.72134408767124,102.72134408767124
4019,9.1,4.905998548601684,24.905998548601683,44.90599854860169,64.90599854860169
4020,8.2,5.626292073344276,25.626292073344274,45.626292073344274,65.62629207334427
4021,8.7,6.058468188189831,26.05846818818983,46.058468188189835,66.05846818818983
4022,9.0,6.490644303035387,26.49064430303539,46.49064430303539,66.4906443030354
4023,9.3,7.931231352520573,27.931231352520573,47.93123135252057,67.93123135252057
4024,9.2,71.47448396051682,91.47448396051682,111.47448396051682,131.4744839605168
4025,9.9,9.37181840200576,29.371818402005758,49.37181840200576,69.37181840200576
4026,10.1,10.380229336645385,30.380229336645385,50.380229336645385,70.38022933664539
4027,10.1,11.676757681182053,31.676757681182053,51.67675768118205,71.67675768118205
4028,10.2,11.820816386130574,31.820816386130574,51.82081638613057,71.82081638613057
4029,10.1,11.820816386130574,31.820816386130574,51.82081638613057,71.82081638613057
4030,10.6,11.676757681182053,31.676757681182053,51.67675768118205,71.67675768118205
4031,11.4,11.2445815663365,31.2445815663365,51.2445815663365,71.2445815663365
4032,12.1,10.956464156439463,30.956464156439463,50.956464156439466,70.95646415643947
4033,12.8,10.668346746542426,30.668346746542426,50.668346746542426,70.66834674654243
4034,13.4,10.524288041593906,30.524288041593906,50.524288041593906,70.5242880415939
4035,13.5,10.524288041593906,30.524288041593906,50.524288041593906,70.5242880415939
4036,13.9,10.380229336645385,30.380229336645385,50.380229336645385,70.38022933664539
4037,14.9,35.33654252400863,55.33654252400863,75.33654252400862,95.33654252400862
4038,14.0,9.083700992108723,29.083700992108724,49.083700992108724,69.08370099210873
4039,12.4,8.21934876241761,28.21934876241761,48.21934876241761,68.21934876241761
4040,11.3,7.931231352520573,27.931231352520573,47.93123135252057,67.93123135252057
4041,10.1,45.07758372366839,65.0775837236684,85.0775837236684,105.0775837236684
4042,9.0,6.778761712932424,26.778761712932422,46.77876171293242,66.77876171293242
4043,10.0,6.490644303035387,26.49064430303539,46.49064430303539,66.4906443030354
4044,9.6,8.36340746736613,28.36340746736613,48.36340746736613,68.36340746736613
4045,10.0,9.803994516851315,29.803994516851315,49.80399451685132,69.80399451685132
4046,10.3,73.20318841989905,93.20318841989905,113.20318841989905,133.20318841989905
4047,10.5,10.524288041593906,30.524288041593906,50.524288041593906,70.5242880415939
4048,10.3,10.380229336645385,30.380229336645385,50.380229336645385,70.38022933664539
4049,11.4,9.948053221799833,29.94805322179983,49.94805322179983,69.94805322179982
4050,11.8,9.083700992108723,29.083700992108724,49.083700992108724,69.08370099210873
4051,11.3,8.795583582211684,28.795583582211684,48.795583582211684,68.79558358221169
4052,11.1,8.21934876241761,28.21934876241761,48.21934876241761,68.21934876241761
4053,11.4,8.075290057469092,28.07529005746909,48.07529005746909,68.07529005746909
4054,11.3,8.21934876241761,28.21934876241761,48.21934876241761,68.21934876241761
4055,10.6,9.515877106954274,29.515877106954274,49.51587710695428,69.51587710695428
4056,11.0,9.083700992108723,29.083700992108724,49.083700992108724,69.08370099210873
4057,11.7,32.16725101514122,52.16725101514122,72.16725101514122,92.16725101514122
4058,12.1,5.19411595849872,25.19411595849872,45.19411595849872,65.19411595849871
4059,12.9,4.854698191780822,24.854698191780823,44.85469819178083,64.85469819178083
4060,10.9,70.17795561598015,90.17795561598015,110.17795561598015,130.17795561598015
4061,12.4,9.227759697057241,29.22775969705724,49.22775969705724,69.22775969705724
4062,12.0,11.532698976233537,31.532698976233537,51.53269897623353,71.53269897623353
4063,13.6,13.261403435615758,33.26140343561576,53.26140343561576,73.26140343561576
4064,16.2,15.710401419740574,35.71040141974058,55.71040141974058,75.71040141974058
4065,16.4,16.86287105932872,36.862871059328725,56.862871059328725,76.86287105932873
4066,15.8,17.583164584071316,37.58316458407131,57.58316458407131,77.58316458407131
4067,14.7,18.30345810881391,38.30345810881391,58.30345810881391,78.30345810881391
4068,13.6,18.735634223659464,38.73563422365946,58.73563422365946,78.73563422365946
4069,12.9,19.311869043453537,39.31186904345354,59.31186904345354,79.31186904345354
4070,15.1,17.006929764277242,37.006929764277245,57.006929764277245,77.00692976427725
4071,15.5,36.92118827844233,56.92118827844233,76.92118827844233,96.92118827844233
4072,15.0,6.058468188189831,26.05846818818983,46.058468188189835,66.05846818818983
4073,12.1,42.721344087671234,62.721344087671234,82.72134408767124,102.72134408767124
4074,11.4,68.1611337467009,88.1611337467009,108.1611337467009,128.1611337467009
4075,11.8,6.634703007983905,26.634703007983905,46.6347030079839,66.6347030079839
4076,12.0,7.643113942623536,27.643113942623536,47.643113942623536,67.64311394262353
4077,12.8,8.651524877263165,28.651524877263164,48.651524877263164,68.65152487726317
4078,12.5,8.795583582211684,28.795583582211684,48.795583582211684,68.79558358221169
4079,10.9,9.515877106954274,29.515877106954274,49.51587710695428,69.51587710695428
4080,11.0,10.236170631696872,30.236170631696872,50.23617063169687,70.23617063169687
4081,11.5,12.397051205924647,32.39705120592465,52.39705120592465,72.39705120592464
4082,11.3,11.820816386130574,31.820816386130574,51.82081638613057,71.82081638613057
4083,12.2,9.948053221799833,29.94805322179983,49.94805322179983,69.94805322179982
4084,13.1,31.446957490398628,51.44695749039863,71.44695749039863,91.44695749039863
4085,11.9,4.854698191780822,24.854698191780823,44.85469819178083,64.85469819178083
4086,9.7,42.721344087671234,62.721344087671234,82.72134408767124,102.72134408767124
4087,10.4,5.338174663447239,25.33817466344724,45.33817466344724,65.33817466344723
4088,9.8,70.32201432092867,90.32201432092867,110.32201432092867,130.32201432092867
4089,10.5,8.36340746736613,28.36340746736613,48.36340746736613,68.36340746736613
4090,10.1,9.37181840200576,29.371818402005758,49.37181840200576,69.37181840200576
4091,10.1,9.659935811902795,29.659935811902795,49.6599358119028,69.6599358119028
4092,9.5,10.092111926748352,30.092111926748352,50.09211192674835,70.09211192674834
4093,8.4,8.651524877263165,28.651524877263164,48.651524877263164,68.65152487726317
4094,9.3,7.210937827777981,27.210937827777983,47.21093782777798,67.21093782777798
4095,8.7,6.778761712932424,26.778761712932422,46.77876171293242,66.77876171293242
4096,9.3,6.34658559808687,26.346585598086868,46.34658559808687,66.34658559808688
4097,9.9,5.914409483241313,25.914409483241315,45.914409483241315,65.91440948324131
4098,10.6,30.582605260707517,50.58260526070752,70.58260526070751,90.58260526070751
4099,10.2,42.721344087671234,62.721344087671234,82.72134408767124,102.72134408767124
4100,12.4,68.1611337467009,88.1611337467009,108.1611337467009,128.1611337467009
4101,12.3,5.48223336839576,25.48223336839576,45.48223336839576,65.48223336839575
4102,12.0,6.058468188189831,26.05846818818983,46.058468188189835,66.05846818818983
4103,11.7,6.34658559808687,26.346585598086868,46.34658559808687,66.34658559808688
4104,9.5,7.066879122829462,27.066879122829462,47.06687912282946,67.06687912282946
4105,10.5,7.499055237675016,27.499055237675016,47.499055237675016,67.49905523767501
4106,10.3,7.787172647572055,27.787172647572056,47.787172647572056,67.78717264757205
4107,10.5,7.931231352520573,27.931231352520573,47.93123135252057,67.93123135252057
4108,10.8,8.36340746736613,28.36340746736613,48.36340746736613,68.36340746736613
4109,10.8,8.651524877263165,28.651524877263164,48.651524877263164,68.65152487726317
4110,10.0,8.507466172314647,28.507466172314647,48.50746617231465,68.50746617231465
4111,11.3,7.787172647572055,27.787172647572056,47.787172647572056,67.78717264757205
4112,13.6,31.15884008050159,51.15884008050159,71.15884008050159,91.15884008050159
4113,12.7,4.854698191780822,24.854698191780823,44.85469819178083,64.85469819178083
4114,13.3,5.914409483241313,25.914409483241315,45.914409483241315,65.91440948324131
4115,13.7,70.32201432092867,90.32201432092867,110.32201432092867,130.32201432092867
4116,14.7,8.36340746736613,28.36340746736613,48.36340746736613,68.36340746736613
4117,14.4,9.659935811902795,29.659935811902795,49.6599358119028,69.6599358119028
4118,13.9,10.524288041593906,30.524288041593906,50.524288041593906,70.5242880415939
4119,14.1,10.812405451490944,30.812405451490946,50.812405451490946,70.81240545149095
4120,14.3,10.812405451490944,30.812405451490946,50.812405451490946,70.81240545149095
4121,15.4,10.524288041593906,30.524288041593906,50.524288041593906,70.5242880415939
4122,15.9,9.37181840200576,29.371818402005758,49.37181840200576,69.37181840200576
4123,16.6,8.651524877263165,28.651524877263164,48.651524877263164,68.65152487726317
4124,16.6,8.21934876241761,28.21934876241761,48.21934876241761,68.21934876241761
4125,17.7,8.21934876241761,28.21934876241761,48.21934876241761,68.21934876241761
4126,20.7,8.21934876241761,28.21934876241761,48.21934876241761,68.21934876241761
4127,23.6,32.59942712998678,52.59942712998678,72.59942712998678,92.59942712998678
4128,20.6,6.490644303035387,26.49064430303539,46.49064430303539,66.4906443030354
4129,18.3,5.48223336839576,25.48223336839576,45.48223336839576,65.48223336839575
4130,14.7,4.905998548601684,24.905998548601683,44.90599854860169,64.90599854860169
4131,12.4,42.772644444492094,62.772644444492094,82.7726444444921,102.7726444444921
4132,12.3,5.050057253550202,25.0500572535502,45.0500572535502,65.0500572535502
4133,12.3,5.338174663447239,25.33817466344724,45.33817466344724,65.33817466344723
4134,11.3,6.058468188189831,26.05846818818983,46.058468188189835,66.05846818818983
4135,11.2,6.778761712932424,26.778761712932422,46.77876171293242,66.77876171293242
4136,13.2,7.354996532726499,27.3549965327265,47.3549965327265,67.3549965327265
4137,13.3,70.03389691103163,90.03389691103163,110.03389691103163,130.03389691103163
4138,13.4,6.778761712932424,26.778761712932422,46.77876171293242,66.77876171293242
4139,12.6,6.778761712932424,26.778761712932422,46.77876171293242,66.77876171293242
4140,13.0,6.922820417880944,26.922820417880942,46.92282041788094,66.92282041788094
4141,12.8,6.778761712932424,26.778761712932422,46.77876171293242,66.77876171293242
4142,12.8,6.634703007983905,26.634703007983905,46.6347030079839,66.6347030079839
4143,12.6,6.34658559808687,26.346585598086868,46.34658559808687,66.34658559808688
4144,12.7,6.34658559808687,26.346585598086868,46.34658559808687,66.34658559808688
4145,12.1,7.066879122829462,27.066879122829462,47.06687912282946,67.06687912282946
4146,12.8,7.354996532726499,27.3549965327265,47.3549965327265,67.3549965327265
4147,13.4,31.446957490398628,51.44695749039863,71.44695749039863,91.44695749039863
4148,10.9,42.721344087671234,62.721344087671234,82.72134408767124,102.72134408767124
4149,10.8,5.19411595849872,25.19411595849872,45.19411595849872,65.19411595849871
4150,10.7,68.30519245164942,88.30519245164942,108.30519245164942,128.30519245164942
4151,11.0,4.905998548601684,24.905998548601683,44.90599854860169,64.90599854860169
4152,11.0,5.19411595849872,25.19411595849872,45.19411595849872,65.19411595849871
4153,10.7,5.48223336839576,25.48223336839576,45.48223336839576,65.48223336839575
4154,10.5,4.905998548601684,24.905998548601683,44.90599854860169,64.90599854860169
4155,11.9,42.721344087671234,62.721344087671234,82.72134408767124,102.72134408767124
4156,11.5,5.050057253550202,25.0500572535502,45.0500572535502,65.0500572535502
4157,12.1,68.30519245164942,88.30519245164942,108.30519245164942,128.30519245164942
4158,12.9,5.19411595849872,25.19411595849872,45.19411595849872,65.19411595849871
4159,13.0,4.905998548601684,24.905998548601683,44.90599854860169,64.90599854860169
4160,13.1,5.050057253550202,25.0500572535502,45.0500572535502,65.0500572535502
4161,13.4,5.19411595849872,25.19411595849872,45.19411595849872,65.19411595849871
4162,12.9,5.050057253550202,25.0500572535502,45.0500572535502,65.0500572535502
4163,15.9,30.0991287890411,50.0991287890411,70.0991287890411,90.0991287890411
4164,15.8,4.854698191780822,24.854698191780823,44.85469819178083,64.85469819178083
4165,14.1,42.721344087671234,62.721344087671234,82.72134408767124,102.72134408767124
4166,15.6,4.854698191780822,24.854698191780823,44.85469819178083,64.85469819178083
4167,16.5,4.854698191780822,24.854698191780823,44.85469819178083,64.85469819178083
4168,18.0,4.854698191780822,24.854698191780823,44.85469819178083,64.85469819178083
4169,18.7,4.854698191780822,24.854698191780823,44.85469819178083,64.85469819178083
4170,20.0,30.0991287890411,50.0991287890411,70.0991287890411,90.0991287890411
4171,18.4,4.854698191780822,24.854698191780823,44.85469819178083,64.85469819178083
4172,13.0,42.721344087671234,62.721344087671234,82.72134408767124,102.72134408767124
4173,11.0,67.96577468493152,87.96577468493152,107.96577468493152,127.96577468493152
4174,10.7,4.905998548601684,24.905998548601683,44.90599854860169,64.90599854860169
4175,11.9,5.914409483241313,25.914409483241315,45.914409483241315,65.91440948324131
4176,10.8,6.922820417880944,26.922820417880942,46.92282041788094,66.92282041788094
4177,10.6,8.939642287160202,28.939642287160204,48.939642287160204,68.93964228716021
4178,10.5,9.227759697057241,29.22775969705724,49.22775969705724,69.22775969705724
4179,11.0,9.659935811902795,29.659935811902795,49.6599358119028,69.6599358119028
4180,11.5,8.795583582211684,28.795583582211684,48.795583582211684,68.79558358221169
4181,11.7,33.03160324483233,53.03160324483233,73.03160324483233,93.03160324483233
4182,11.6,6.490644303035387,26.49064430303539,46.49064430303539,66.4906443030354
4183,11.7,5.19411595849872,25.19411595849872,45.19411595849872,65.19411595849871
4184,9.9,42.721344087671234,62.721344087671234,82.72134408767124,102.72134408767124
4185,8.8,5.050057253550202,25.0500572535502,45.0500572535502,65.0500572535502
4186,8.8,68.59330986154646,88.59330986154646,108.59330986154646,128.59330986154646
4187,9.0,6.634703007983905,26.634703007983905,46.6347030079839,66.6347030079839
4188,9.7,6.490644303035387,26.49064430303539,46.49064430303539,66.4906443030354
4189,8.8,6.634703007983905,26.634703007983905,46.6347030079839,66.6347030079839
4190,8.7,6.490644303035387,26.49064430303539,46.49064430303539,66.4906443030354
4191,9.4,6.202526893138352,26.20252689313835,46.202526893138355,66.20252689313836
4192,10.8,5.914409483241313,25.914409483241315,45.914409483241315,65.91440948324131
4193,10.5,5.770350778292794,25.770350778292794,45.770350778292794,65.7703507782928
4194,9.2,5.050057253550202,25.0500572535502,45.0500572535502,65.0500572535502
4195,8.9,5.48223336839576,25.48223336839576,45.48223336839576,65.48223336839575
4196,10.0,5.338174663447239,25.33817466344724,45.33817466344724,65.33817466344723
4197,11.1,30.582605260707517,50.58260526070752,70.58260526070751,90.58260526070751
4198,10.9,4.905998548601684,24.905998548601683,44.90599854860169,64.90599854860169
4199,10.7,67.96577468493152,87.96577468493152,107.96577468493152,127.96577468493152
4200,11.7,4.905998548601684,24.905998548601683,44.90599854860169,64.90599854860169
4201,11.4,5.626292073344276,25.626292073344274,45.626292073344274,65.62629207334427
4202,11.3,6.778761712932424,26.778761712932422,46.77876171293242,66.77876171293242
4203,11.5,6.922820417880944,26.922820417880942,46.92282041788094,66.92282041788094
4204,12.8,5.914409483241313,25.914409483241315,45.914409483241315,65.91440948324131
4205,14.3,31.15884008050159,51.15884008050159,71.15884008050159,91.15884008050159
4206,13.5,5.48223336839576,25.48223336839576,45.48223336839576,65.48223336839575
4207,9.3,68.1611337467009,88.1611337467009,108.1611337467009,128.1611337467009
4208,10.3,5.770350778292794,25.770350778292794,45.770350778292794,65.7703507782928
4209,10.7,6.490644303035387,26.49064430303539,46.49064430303539,66.4906443030354
4210,9.7,7.354996532726499,27.3549965327265,47.3549965327265,67.3549965327265
4211,9.0,8.507466172314647,28.507466172314647,48.50746617231465,68.50746617231465
4212,8.7,8.795583582211684,28.795583582211684,48.795583582211684,68.79558358221169
4213,8.9,9.083700992108723,29.083700992108724,49.083700992108724,69.08370099210873
4214,10.2,10.092111926748352,30.092111926748352,50.09211192674835,70.09211192674834
4215,9.7,9.948053221799833,29.94805322179983,49.94805322179983,69.94805322179982
4216,9.5,9.803994516851315,29.803994516851315,49.80399451685132,69.80399451685132
4217,10.1,33.60783806462641,53.60783806462641,73.6078380646264,93.6078380646264
4218,12.0,67.96577468493152,87.96577468493152,107.96577468493152,127.96577468493152
4219,14.8,4.854698191780822,24.854698191780823,44.85469819178083,64.85469819178083
4220,15.1,4.854698191780822,24.854698191780823,44.85469819178083,64.85469819178083
4221,16.4,4.854698191780822,24.854698191780823,44.85469819178083,64.85469819178083
4222,15.8,4.905998548601684,24.905998548601683,44.90599854860169,64.90599854860169
4223,15.8,5.19411595849872,25.19411595849872,45.19411595849872,65.19411595849871
4224,15.7,5.19411595849872,25.19411595849872,45.19411595849872,65.19411595849871
4225,15.4,30.0991287890411,50.0991287890411,70.0991287890411,90.0991287890411
4226,13.1,42.721344087671234,62.721344087671234,82.72134408767124,102.72134408767124
4227,13.6,67.96577468493152,87.96577468493152,107.96577468493152,127.96577468493152
4228,16.1,5.050057253550202,25.0500572535502,45.0500572535502,65.0500572535502
4229,16.8,5.914409483241313,25.914409483241315,45.914409483241315,65.91440948324131
4230,17.6,6.202526893138352,26.20252689313835,46.202526893138355,66.20252689313836
4231,18.0,6.634703007983905,26.634703007983905,46.6347030079839,66.6347030079839
4232,17.9,6.778761712932424,26.778761712932422,46.77876171293242,66.77876171293242
4233,18.6,6.922820417880944,26.922820417880942,46.92282041788094,66.92282041788094
4234,19.2,6.922820417880944,26.922820417880942,46.92282041788094,66.92282041788094
4235,19.6,6.778761712932424,26.778761712932422,46.77876171293242,66.77876171293242
4236,19.4,7.066879122829462,27.066879122829462,47.06687912282946,67.06687912282946
4237,19.9,7.066879122829462,27.066879122829462,47.06687912282946,67.06687912282946
4238,20.7,32.0231923101927,52.0231923101927,72.0231923101927,92.0231923101927
4239,21.2,6.634703007983905,26.634703007983905,46.6347030079839,66.6347030079839
4240,18.4,6.058468188189831,26.05846818818983,46.058468188189835,66.05846818818983
4241,14.1,5.338174663447239,25.33817466344724,45.33817466344724,65.33817466344723
4242,12.8,43.060761854389135,63.060761854389135,83.06076185438914,103.06076185438914
4243,10.7,5.338174663447239,25.33817466344724,45.33817466344724,65.33817466344723
4244,12.0,6.202526893138352,26.20252689313835,46.202526893138355,66.20252689313836
4245,12.9,69.88983820608311,89.88983820608311,109.88983820608311,129.8898382060831
4246,13.8,7.066879122829462,27.066879122829462,47.06687912282946,67.06687912282946
4247,13.7,7.354996532726499,27.3549965327265,47.3549965327265,67.3549965327265
4248,12.7,7.499055237675016,27.499055237675016,47.499055237675016,67.49905523767501
4249,12.2,8.939642287160202,28.939642287160204,48.939642287160204,68.93964228716021
4250,12.7,9.37181840200576,29.371818402005758,49.37181840200576,69.37181840200576
4251,12.4,10.524288041593906,30.524288041593906,50.524288041593906,70.5242880415939
4252,12.5,11.100522861387981,31.10052286138798,51.10052286138798,71.10052286138799
4253,13.0,11.2445815663365,31.2445815663365,51.2445815663365,71.2445815663365
4254,14.6,11.2445815663365,31.2445815663365,51.2445815663365,71.2445815663365
4255,16.1,11.100522861387981,31.10052286138798,51.10052286138798,71.10052286138799
4256,17.2,36.05683604875122,56.05683604875122,76.05683604875122,96.05683604875122
4257,16.5,10.236170631696872,30.236170631696872,50.23617063169687,70.23617063169687
4258,14.7,8.651524877263165,28.651524877263164,48.651524877263164,68.65152487726317
4259,13.7,45.22164242861691,65.22164242861692,85.22164242861692,105.22164242861692
4260,12.8,5.626292073344276,25.626292073344274,45.626292073344274,65.62629207334427
4261,11.9,5.626292073344276,25.626292073344274,45.626292073344274,65.62629207334427
4262,11.5,6.634703007983905,26.634703007983905,46.6347030079839,66.6347030079839
4263,11.9,8.21934876241761,28.21934876241761,48.21934876241761,68.21934876241761
4264,12.4,9.659935811902795,29.659935811902795,49.6599358119028,69.6599358119028
4265,14.1,76.37247992876645,96.37247992876645,116.37247992876645,136.37247992876644
4266,15.9,14.990107894997983,34.99010789499798,54.99010789499798,74.99010789499798
4267,17.1,14.557931780152426,34.55793178015243,54.55793178015243,74.55793178015243
4268,17.1,13.693579550461315,33.693579550461315,53.693579550461315,73.69357955046132
4269,17.7,14.125755665306873,34.12575566530687,54.12575566530687,74.12575566530687
4270,18.2,14.846049190049467,34.84604919004947,54.84604919004947,74.84604919004947
4271,20.1,15.566342714792057,35.56634271479206,55.56634271479206,75.56634271479206
4272,20.2,15.710401419740574,35.71040141974058,55.71040141974058,75.71040141974058
4273,20.1,16.430694944483168,36.430694944483164,56.430694944483164,76.43069494448316
4274,20.2,17.15098846922576,37.15098846922576,57.15098846922576,77.15098846922575
4275,20.4,16.430694944483168,36.430694944483164,56.430694944483164,76.43069494448316
4276,20.3,15.99851882963761,35.99851882963761,55.99851882963761,75.99851882963762
4277,20.6,15.566342714792057,35.56634271479206,55.56634271479206,75.56634271479206
4278,23.7,40.23453849225826,60.23453849225826,80.23453849225825,100.23453849225825
4279,21.6,13.549520845512799,33.5495208455128,53.5495208455128,73.5495208455128
4280,18.7,12.108933796027612,32.108933796027614,52.108933796027614,72.10893379602761
4281,18.3,10.668346746542426,30.668346746542426,50.668346746542426,70.66834674654243
4282,17.5,47.814699117690246,67.81469911769025,87.81469911769025,107.81469911769025
4283,14.2,9.515877106954274,29.515877106954274,49.51587710695428,69.51587710695428
4284,12.0,9.659935811902795,29.659935811902795,49.6599358119028,69.6599358119028
4285,12.2,9.37181840200576,29.371818402005758,49.37181840200576,69.37181840200576
4286,13.1,9.515877106954274,29.515877106954274,49.51587710695428,69.51587710695428
4287,13.6,12.108933796027612,32.108933796027614,52.108933796027614,72.10893379602761
4288,15.3,75.2200102891783,95.2200102891783,115.2200102891783,135.2200102891783
4289,16.2,12.252992500976127,32.25299250097613,52.25299250097613,72.25299250097612
4290,15.8,12.829227320770205,32.8292273207702,52.8292273207702,72.8292273207702
4291,15.2,13.261403435615758,33.26140343561576,53.26140343561576,73.26140343561576
4292,14.4,13.693579550461315,33.693579550461315,53.693579550461315,73.69357955046132
4293,15.6,14.701990485100946,34.70199048510095,54.70199048510095,74.70199048510095
4294,16.6,16.718812354380205,36.718812354380205,56.718812354380205,76.7188123543802
4295,16.5,18.159399403865386,38.159399403865386,58.159399403865386,78.1593994038654
4296,16.1,19.311869043453537,39.31186904345354,59.31186904345354,79.31186904345354
4297,15.8,20.032162568196128,40.03216256819613,60.03216256819613,80.03216256819613
4298,14.9,20.464338683041685,40.46433868304169,60.46433868304169,80.46433868304169
4299,14.4,20.896514797887242,40.89651479788724,60.89651479788724,80.89651479788725
4300,15.6,20.896514797887242,40.89651479788724,60.89651479788724,80.89651479788725
4301,16.9,44.70035834566234,64.70035834566234,84.70035834566234,104.70035834566234
4302,16.2,17.15098846922576,37.15098846922576,57.15098846922576,77.15098846922575
4303,15.6,15.27822530489502,35.27822530489502,55.27822530489502,75.27822530489502
4304,15.0,13.549520845512799,33.5495208455128,53.5495208455128,73.5495208455128
4305,13.4,50.407755806763575,70.40775580676357,90.40775580676357,110.40775580676357
4306,12.2,11.676757681182053,31.676757681182053,51.67675768118205,71.67675768118205
4307,11.1,11.388640271285018,31.38864027128502,51.38864027128502,71.38864027128503
4308,10.3,11.532698976233537,31.532698976233537,51.53269897623353,71.53269897623353
4309,11.1,12.541109910873166,32.54110991087317,52.54110991087317,72.54110991087316
4310,12.6,16.28663623953465,36.28663623953465,56.28663623953465,76.28663623953466
4311,12.8,19.16781033850502,39.16781033850502,59.16781033850502,79.16781033850502
4312,12.9,83.14323906134682,103.14323906134682,123.14323906134682,143.14323906134683
4313,13.1,20.464338683041685,40.46433868304169,60.46433868304169,80.46433868304169
4314,13.7,20.464338683041685,40.46433868304169,60.46433868304169,80.46433868304169
4315,13.3,20.752456092938722,40.75245609293872,60.75245609293872,80.75245609293873
4316,12.7,21.18463220778428,41.184632207784276,61.184632207784276,81.18463220778428
4317,13.0,21.3286909127328,41.328690912732796,61.328690912732796,81.3286909127328
4318,13.7,21.18463220778428,41.184632207784276,61.184632207784276,81.18463220778428
4319,13.9,19.0237516335565,39.0237516335565,59.0237516335565,79.0237516335565
4320,14.7,17.15098846922576,37.15098846922576,57.15098846922576,77.15098846922575
4321,14.5,16.574753649431685,36.574753649431685,56.574753649431685,76.57475364943168
4322,13.4,14.846049190049467,34.84604919004947,54.84604919004947,74.84604919004947
4323,15.0,14.125755665306873,34.12575566530687,54.12575566530687,74.12575566530687
4324,17.4,38.36177532792752,58.36177532792752,78.36177532792752,98.36177532792752
4325,16.4,12.108933796027612,32.108933796027614,52.108933796027614,72.10893379602761
4326,16.0,11.100522861387981,31.10052286138798,51.10052286138798,71.10052286138799
4327,15.4,10.380229336645385,30.380229336645385,50.380229336645385,70.38022933664539
4328,15.2,47.814699117690246,67.81469911769025,87.81469911769025,107.81469911769025
4329,14.1,9.659935811902795,29.659935811902795,49.6599358119028,69.6599358119028
4330,11.8,9.37181840200576,29.371818402005758,49.37181840200576,69.37181840200576
4331,10.9,8.939642287160202,28.939642287160204,48.939642287160204,68.93964228716021
4332,10.4,8.651524877263165,28.651524877263164,48.651524877263164,68.65152487726317
4333,10.6,8.507466172314647,28.507466172314647,48.50746617231465,68.50746617231465
4334,11.9,8.507466172314647,28.507466172314647,48.50746617231465,68.50746617231465
4335,14.6,9.37181840200576,29.371818402005758,49.37181840200576,69.37181840200576
4336,14.7,9.37181840200576,29.371818402005758,49.37181840200576,69.37181840200576
4337,15.1,9.083700992108723,29.083700992108724,49.083700992108724,69.08370099210873
4338,13.9,8.507466172314647,28.507466172314647,48.50746617231465,68.50746617231465
4339,13.3,8.21934876241761,28.21934876241761,48.21934876241761,68.21934876241761
4340,13.7,8.21934876241761,28.21934876241761,48.21934876241761,68.21934876241761
4341,13.1,8.21934876241761,28.21934876241761,48.21934876241761,68.21934876241761
4342,12.6,8.075290057469092,28.07529005746909,48.07529005746909,68.07529005746909
4343,11.4,7.354996532726499,27.3549965327265,47.3549965327265,67.3549965327265
4344,11.1,8.075290057469092,28.07529005746909,48.07529005746909,68.07529005746909
4345,11.2,8.507466172314647,28.507466172314647,48.50746617231465,68.50746617231465
4346,12.4,33.319720654729366,53.319720654729366,73.31972065472937,93.31972065472937
4347,12.4,7.931231352520573,27.931231352520573,47.93123135252057,67.93123135252057
4348,12.6,7.354996532726499,27.3549965327265,47.3549965327265,67.3549965327265
4349,11.1,49.39934487212395,69.39934487212395,89.39934487212395,109.39934487212395
4350,12.4,12.829227320770205,32.8292273207702,52.8292273207702,72.8292273207702
4351,11.2,12.685168615821684,32.68516861582168,52.68516861582168,72.68516861582168
4352,11.2,12.829227320770205,32.8292273207702,52.8292273207702,72.8292273207702
4353,10.8,12.973286025718725,32.97328602571872,52.97328602571872,72.97328602571872
4354,11.1,14.413873075203906,34.41387307520391,54.41387307520391,74.41387307520391
4355,10.9,13.549520845512799,33.5495208455128,53.5495208455128,73.5495208455128
4356,10.6,76.6605973386635,96.6605973386635,116.6605973386635,136.66059733866348
4357,10.7,13.693579550461315,33.693579550461315,53.693579550461315,73.69357955046132
4358,10.7,14.990107894997983,34.99010789499798,54.99010789499798,74.99010789499798
4359,10.4,16.28663623953465,36.28663623953465,56.28663623953465,76.28663623953466
4360,10.4,17.006929764277242,37.006929764277245,57.006929764277245,77.00692976427725
4361,10.2,17.87128199396835,37.87128199396835,57.87128199396835,77.87128199396835
4362,9.7,19.0237516335565,39.0237516335565,59.0237516335565,79.0237516335565
4363,9.9,19.599986453350578,39.59998645335058,59.59998645335058,79.59998645335058
4364,10.1,19.455927748402058,39.45592774840206,59.45592774840206,79.45592774840206
4365,9.6,19.744045158299095,39.744045158299095,59.744045158299095,79.74404515829909
4366,10.0,19.311869043453537,39.31186904345354,59.31186904345354,79.31186904345354
4367,10.0,42.539477771434555,62.539477771434555,82.53947777143455,102.53947777143455
4368,10.7,15.134166599946504,35.134166599946504,55.134166599946504,75.1341665999465
4369,10.9,13.405462140564278,33.40546214056428,53.40546214056428,73.40546214056428
4370,10.9,11.388640271285018,31.38864027128502,51.38864027128502,71.38864027128503
4371,10.5,47.526581707793206,67.52658170779321,87.52658170779321,107.52658170779321
4372,9.7,8.21934876241761,28.21934876241761,48.21934876241761,68.21934876241761
4373,9.2,7.210937827777981,27.210937827777983,47.21093782777798,67.21093782777798
4374,8.7,8.651524877263165,28.651524877263164,48.651524877263164,68.65152487726317
4375,10.8,12.397051205924647,32.39705120592465,52.39705120592465,72.39705120592464
4376,13.5,76.22842122381793,96.22842122381793,116.22842122381793,136.22842122381792
4377,13.8,13.837638255409832,33.83763825540983,53.83763825540983,73.83763825540983
4378,14.8,14.413873075203906,34.41387307520391,54.41387307520391,74.41387307520391
4379,15.5,15.134166599946504,35.134166599946504,55.134166599946504,75.1341665999465
4380,14.3,16.86287105932872,36.862871059328725,56.862871059328725,76.86287105932873
4381,12.9,18.01534069891687,38.01534069891687,58.01534069891687,78.01534069891687
4382,12.9,19.0237516335565,39.0237516335565,59.0237516335565,79.0237516335565
4383,12.9,20.032162568196128,40.03216256819613,60.03216256819613,80.03216256819613
4384,13.3,21.18463220778428,41.184632207784276,61.184632207784276,81.18463220778428
4385,13.3,21.040573502835763,41.04057350283576,61.04057350283576,81.04057350283577
4386,13.0,21.616808322629836,41.616808322629836,61.616808322629836,81.61680832262984
4387,15.1,22.769277962217984,42.769277962217984,62.769277962217984,82.76927796221798
4388,17.5,44.98847575555937,64.98847575555936,84.98847575555936,104.98847575555936
4389,17.0,17.15098846922576,37.15098846922576,57.15098846922576,77.15098846922575
4390,13.4,49.11122746222691,69.1112274622269,89.1112274622269,109.1112274622269
4391,12.6,10.380229336645385,30.380229336645385,50.380229336645385,70.38022933664539
4392,11.9,10.524288041593906,30.524288041593906,50.524288041593906,70.5242880415939
4393,12.9,11.820816386130574,31.820816386130574,51.82081638613057,71.82081638613057
4394,13.3,14.557931780152426,34.55793178015243,54.55793178015243,74.55793178015243
4395,13.2,16.28663623953465,36.28663623953465,56.28663623953465,76.28663623953466
4396,12.8,79.97394755247942,99.97394755247942,119.97394755247942,139.97394755247942
4397,13.4,16.86287105932872,36.862871059328725,56.862871059328725,76.86287105932873
4398,12.2,16.86287105932872,36.862871059328725,56.862871059328725,76.86287105932873
4399,12.1,17.727223289019836,37.72722328901983,57.72722328901983,77.72722328901983
4400,11.7,18.30345810881391,38.30345810881391,58.30345810881391,78.30345810881391
4401,10.7,18.879692928607984,38.87969292860798,58.87969292860798,78.87969292860798
4402,11.3,19.599986453350578,39.59998645335058,59.59998645335058,79.59998645335058
4403,11.4,20.464338683041685,40.46433868304169,60.46433868304169,80.46433868304169
4404,10.8,20.464338683041685,40.46433868304169,60.46433868304169,80.46433868304169
4405,11.0,20.464338683041685,40.46433868304169,60.46433868304169,80.46433868304169
4406,11.4,20.896514797887242,40.89651479788724,60.89651479788724,80.89651479788725
4407,11.8,21.18463220778428,41.184632207784276,61.184632207784276,81.18463220778428
4408,13.2,21.18463220778428,41.184632207784276,61.184632207784276,81.18463220778428
4409,15.2,44.98847575555937,64.98847575555936,84.98847575555936,104.98847575555936
4410,15.6,17.006929764277242,37.006929764277245,57.006929764277245,77.00692976427725
4411,14.6,14.990107894997983,34.99010789499798,54.99010789499798,74.99010789499798
4412,11.9,49.68746228202099,69.68746228202099,89.68746228202099,109.68746228202099
4413,11.3,11.100522861387981,31.10052286138798,51.10052286138798,71.10052286138799
4414,10.5,10.956464156439463,30.956464156439463,50.956464156439466,70.95646415643947
4415,10.6,11.388640271285018,31.38864027128502,51.38864027128502,71.38864027128503
4416,11.1,12.829227320770205,32.8292273207702,52.8292273207702,72.8292273207702
4417,12.3,16.718812354380205,36.718812354380205,56.718812354380205,76.7188123543802
4418,13.3,19.744045158299095,39.744045158299095,59.744045158299095,79.74404515829909
4419,13.8,85.16006093062609,105.16006093062609,125.16006093062609,145.1600609306261
4420,14.1,23.20145407706354,43.201454077063545,63.201454077063545,83.20145407706354
4421,14.1,24.20986501170317,44.20986501170317,64.20986501170317,84.20986501170317
4422,13.8,24.786099831497243,44.78609983149724,64.78609983149724,84.78609983149724
4423,14.7,25.794510766136877,45.79451076613688,65.79451076613688,85.79451076613688
4424,16.0,25.36233465129132,45.36233465129132,65.36233465129132,85.36233465129132
4425,17.5,25.36233465129132,45.36233465129132,65.36233465129132,85.36233465129132
4426,17.6,25.650452061188354,45.65045206118835,65.65045206118836,85.65045206118836
4427,18.2,25.218275946342796,45.2182759463428,65.2182759463428,85.2182759463428
4428,20.4,24.93015853644576,44.93015853644576,64.93015853644576,84.93015853644576
4429,20.1,24.353923716651693,44.35392371665169,64.35392371665169,84.35392371665169
4430,25.8,23.921747601806135,43.92174760180613,63.92174760180613,83.92174760180613
4431,30.2,47.86964985452974,67.86964985452974,87.86964985452974,107.86964985452974
4432,28.2,20.608397387990205,40.60839738799021,60.60839738799021,80.60839738799021
4433,23.2,15.566342714792057,35.56634271479206,55.56634271479206,75.56634271479206
4434,21.9,52.56863638099136,72.56863638099136,92.56863638099136,112.56863638099136
4435,17.6,15.134166599946504,35.134166599946504,55.134166599946504,75.1341665999465
4436,17.2,15.27822530489502,35.27822530489502,55.27822530489502,75.27822530489502
4437,19.7,14.26981437025539,34.26981437025539,54.26981437025539,74.26981437025539
4438,22.8,76.6605973386635,96.6605973386635,116.6605973386635,136.66059733866348
4439,24.7,13.117344730667241,33.11734473066724,53.11734473066724,73.11734473066724
4440,25.5,12.252992500976127,32.25299250097613,52.25299250097613,72.25299250097612
4441,24.2,11.100522861387981,31.10052286138798,51.10052286138798,71.10052286138799
4442,25.5,9.803994516851315,29.803994516851315,49.80399451685132,69.80399451685132
4443,25.6,8.939642287160202,28.939642287160204,48.939642287160204,68.93964228716021
4444,26.7,8.651524877263165,28.651524877263164,48.651524877263164,68.65152487726317
4445,28.2,8.36340746736613,28.36340746736613,48.36340746736613,68.36340746736613
4446,27.6,8.21934876241761,28.21934876241761,48.21934876241761,68.21934876241761
4447,28.5,8.21934876241761,28.21934876241761,48.21934876241761,68.21934876241761
4448,27.4,8.075290057469092,28.07529005746909,48.07529005746909,68.07529005746909
4449,26.8,7.787172647572055,27.787172647572056,47.787172647572056,67.78717264757205
4450,30.4,7.354996532726499,27.3549965327265,47.3549965327265,67.3549965327265
4451,34.6,31.735074900295665,51.735074900295665,71.73507490029567,91.73507490029567
4452,32.0,4.905998548601684,24.905998548601683,44.90599854860169,64.90599854860169
4453,29.5,4.854698191780822,24.854698191780823,44.85469819178083,64.85469819178083
4454,26.4,4.854698191780822,24.854698191780823,44.85469819178083,64.85469819178083
4455,19.5,42.721344087671234,62.721344087671234,82.72134408767124,102.72134408767124
4456,18.1,4.854698191780822,24.854698191780823,44.85469819178083,64.85469819178083
4457,17.5,4.854698191780822,24.854698191780823,44.85469819178083,64.85469819178083
4458,19.0,4.854698191780822,24.854698191780823,44.85469819178083,64.85469819178083
4459,22.1,67.96577468493152,87.96577468493152,107.96577468493152,127.96577468493152
4460,24.6,4.854698191780822,24.854698191780823,44.85469819178083,64.85469819178083
4461,27.7,4.905998548601684,24.905998548601683,44.90599854860169,64.90599854860169
4462,29.5,5.338174663447239,25.33817466344724,45.33817466344724,65.33817466344723
4463,28.4,5.914409483241313,25.914409483241315,45.914409483241315,65.91440948324131
4464,29.8,6.202526893138352,26.20252689313835,46.202526893138355,66.20252689313836
4465,30.7,6.778761712932424,26.778761712932422,46.77876171293242,66.77876171293242
4466,31.0,7.354996532726499,27.3549965327265,47.3549965327265,67.3549965327265
4467,28.9,7.643113942623536,27.643113942623536,47.643113942623536,67.64311394262353
4468,22.3,7.931231352520573,27.931231352520573,47.93123135252057,67.93123135252057
4469,22.1,8.795583582211684,28.795583582211684,48.795583582211684,68.79558358221169
4470,21.9,8.939642287160202,28.939642287160204,48.939642287160204,68.93964228716021
4471,24.1,9.948053221799833,29.94805322179983,49.94805322179983,69.94805322179982
4472,25.3,35.19248381906011,55.19248381906011,75.1924838190601,95.1924838190601
4473,23.6,8.21934876241761,28.21934876241761,48.21934876241761,68.21934876241761
4474,19.3,7.066879122829462,27.066879122829462,47.06687912282946,67.06687912282946
4475,18.3,6.490644303035387,26.49064430303539,46.49064430303539,66.4906443030354
4476,17.5,44.645407608822836,64.64540760882284,84.64540760882284,104.64540760882284
4477,17.1,6.922820417880944,26.922820417880942,46.92282041788094,66.92282041788094
4478,16.2,7.787172647572055,27.787172647572056,47.787172647572056,67.78717264757205
4479,15.9,8.795583582211684,28.795583582211684,48.795583582211684,68.79558358221169
4480,15.8,9.37181840200576,29.371818402005758,49.37181840200576,69.37181840200576
4481,15.7,9.948053221799833,29.94805322179983,49.94805322179983,69.94805322179982
4482,16.1,10.524288041593906,30.524288041593906,50.524288041593906,70.5242880415939
4483,16.2,74.64377546938424,94.64377546938424,114.64377546938424,134.64377546938425
4484,16.0,11.820816386130574,31.820816386130574,51.82081638613057,71.82081638613057
4485,15.9,13.549520845512799,33.5495208455128,53.5495208455128,73.5495208455128
4486,15.5,14.990107894997983,34.99010789499798,54.99010789499798,74.99010789499798
4487,14.3,15.710401419740574,35.71040141974058,55.71040141974058,75.71040141974058
4488,13.7,16.430694944483168,36.430694944483164,56.430694944483164,76.43069494448316
4489,13.5,16.86287105932872,36.862871059328725,56.862871059328725,76.86287105932873
4490,13.6,17.583164584071316,37.58316458407131,57.58316458407131,77.58316458407131
4491,13.3,18.159399403865386,38.159399403865386,58.159399403865386,78.1593994038654
4492,13.3,18.735634223659464,38.73563422365946,58.73563422365946,78.73563422365946
4493,13.5,18.735634223659464,38.73563422365946,58.73563422365946,78.73563422365946
4494,13.4,18.735634223659464,38.73563422365946,58.73563422365946,78.73563422365946
4495,13.8,19.16781033850502,39.16781033850502,59.16781033850502,79.16781033850502
4496,15.2,43.98006482091974,63.98006482091974,83.98006482091975,103.98006482091975
4497,15.8,17.439105879122796,37.43910587912279,57.43910587912279,77.43910587912279
4498,15.8,15.710401419740574,35.71040141974058,55.71040141974058,75.71040141974058
4499,16.5,13.549520845512799,33.5495208455128,53.5495208455128,73.5495208455128
4500,16.6,49.8315209869695,69.83152098696951,89.83152098696951,109.83152098696951
4501,15.1,11.100522861387981,31.10052286138798,51.10052286138798,71.10052286138799
4502,14.6,11.100522861387981,31.10052286138798,51.10052286138798,71.10052286138799
4503,14.0,12.685168615821684,32.68516861582168,52.68516861582168,72.68516861582168
4504,14.4,14.846049190049467,34.84604919004947,54.84604919004947,74.84604919004947
4505,13.7,78.96553661783979,98.96553661783979,118.96553661783979,138.9655366178398
4506,14.2,15.854460124689094,35.8544601246891,55.8544601246891,75.8544601246891
4507,13.8,17.439105879122796,37.43910587912279,57.43910587912279,77.43910587912279
4508,13.5,18.447516813762427,38.44751681376243,58.44751681376243,78.44751681376243
4509,13.6,18.591575518710947,38.59157551871095,58.59157551871095,78.59157551871095
4510,13.8,19.311869043453537,39.31186904345354,59.31186904345354,79.31186904345354
4511,13.4,20.176221273144648,40.17622127314465,60.17622127314465,80.17622127314465
4512,13.0,20.464338683041685,40.46433868304169,60.46433868304169,80.46433868304169
4513,13.0,21.040573502835763,41.04057350283576,61.04057350283576,81.04057350283577
4514,13.0,21.18463220778428,41.184632207784276,61.184632207784276,81.18463220778428
4515,13.2,21.3286909127328,41.328690912732796,61.328690912732796,81.3286909127328
4516,13.4,21.47274961768132,41.472749617681316,61.472749617681316,81.47274961768132
4517,13.9,45.996886690199,65.996886690199,85.996886690199,105.996886690199
4518,15.8,18.30345810881391,38.30345810881391,58.30345810881391,78.30345810881391
4519,16.1,17.583164584071316,37.58316458407131,57.58316458407131,77.58316458407131
4520,15.2,55.59386918491025,75.59386918491025,95.59386918491025,115.59386918491025
4521,15.1,17.15098846922576,37.15098846922576,57.15098846922576,77.15098846922575
4522,14.4,16.28663623953465,36.28663623953465,56.28663623953465,76.28663623953466
4523,13.4,15.99851882963761,35.99851882963761,55.99851882963761,75.99851882963762
4524,12.9,17.29504717417428,37.29504717417428,57.29504717417428,77.29504717417427
4525,13.1,20.32027997809317,40.32027997809317,60.32027997809317,80.32027997809317
4526,13.5,22.337101847372427,42.33710184737242,62.33710184737242,82.33710184737242
4527,14.4,86.45658927516274,106.45658927516274,126.45658927516274,146.45658927516274
4528,14.7,24.353923716651693,44.35392371665169,64.35392371665169,84.35392371665169
4529,14.7,24.786099831497243,44.78609983149724,64.78609983149724,84.78609983149724
4530,15.1,25.074217241394283,45.07421724139428,65.07421724139428,85.07421724139428
4531,14.3,25.074217241394283,45.07421724139428,65.07421724139428,85.07421724139428
4532,15.4,24.93015853644576,44.93015853644576,64.93015853644576,84.93015853644576
4533,15.8,23.20145407706354,43.201454077063545,63.201454077063545,83.20145407706354
4534,15.5,21.904925732526873,41.90492573252688,61.90492573252688,81.90492573252688
4535,15.3,20.896514797887242,40.89651479788724,60.89651479788724,80.89651479788725
4536,15.4,20.32027997809317,40.32027997809317,60.32027997809317,80.32027997809317
4537,15.7,19.311869043453537,39.31186904345354,59.31186904345354,79.31186904345354
4538,16.6,18.01534069891687,38.01534069891687,58.01534069891687,78.01534069891687
4539,17.7,16.718812354380205,36.718812354380205,56.718812354380205,76.7188123543802
4540,17.7,40.81077331205233,60.81077331205233,80.81077331205233,100.81077331205233
4541,17.3,15.566342714792057,35.56634271479206,55.56634271479206,75.56634271479206
4542,16.7,14.701990485100946,34.70199048510095,54.70199048510095,74.70199048510095
4543,16.5,12.541109910873166,32.54110991087317,52.54110991087317,72.54110991087316
4544,16.4,49.39934487212395,69.39934487212395,89.39934487212395,109.39934487212395
4545,14.1,9.227759697057241,29.22775969705724,49.22775969705724,69.22775969705724
4546,13.9,8.651524877263165,28.651524877263164,48.651524877263164,68.65152487726317
4547,14.6,9.083700992108723,29.083700992108724,49.083700992108724,69.08370099210873
4548,14.9,9.37181840200576,29.371818402005758,49.37181840200576,69.37181840200576
4549,14.4,9.37181840200576,29.371818402005758,49.37181840200576,69.37181840200576
4550,13.6,72.19477748525942,92.19477748525942,112.19477748525942,132.1947774852594
4551,13.5,8.939642287160202,28.939642287160204,48.939642287160204,68.93964228716021
4552,13.7,8.075290057469092,28.07529005746909,48.07529005746909,68.07529005746909
4553,13.0,8.21934876241761,28.21934876241761,48.21934876241761,68.21934876241761
4554,12.4,8.075290057469092,28.07529005746909,48.07529005746909,68.07529005746909
4555,12.5,8.651524877263165,28.651524877263164,48.651524877263164,68.65152487726317
4556,13.3,9.659935811902795,29.659935811902795,49.6599358119028,69.6599358119028
4557,12.7,11.2445815663365,31.2445815663365,51.2445815663365,71.2445815663365
4558,11.9,13.693579550461315,33.693579550461315,53.693579550461315,73.69357955046132
4559,13.4,14.26981437025539,34.26981437025539,54.26981437025539,74.26981437025539
4560,15.3,39.226127557618625,59.226127557618625,79.22612755761863,99.22612755761863
4561,15.5,12.685168615821684,32.68516861582168,52.68516861582168,72.68516861582168
4562,15.2,11.388640271285018,31.38864027128502,51.38864027128502,71.38864027128503
4563,13.9,9.803994516851315,29.803994516851315,49.80399451685132,69.80399451685132
4564,13.0,47.526581707793206,67.52658170779321,87.52658170779321,107.52658170779321
4565,12.8,9.803994516851315,29.803994516851315,49.80399451685132,69.80399451685132
4566,12.5,10.236170631696872,30.236170631696872,50.23617063169687,70.23617063169687
4567,11.3,10.092111926748352,30.092111926748352,50.09211192674835,70.09211192674834
4568,11.8,10.524288041593906,30.524288041593906,50.524288041593906,70.5242880415939
4569,13.1,11.100522861387981,31.10052286138798,51.10052286138798,71.10052286138799
4570,14.0,75.9403038139209,95.9403038139209,115.9403038139209,135.9403038139209
4571,14.4,12.252992500976127,32.25299250097613,52.25299250097613,72.25299250097612
4572,14.5,11.676757681182053,31.676757681182053,51.67675768118205,71.67675768118205
4573,14.7,12.397051205924647,32.39705120592465,52.39705120592465,72.39705120592464
4574,14.8,13.117344730667241,33.11734473066724,53.11734473066724,73.11734473066724
4575,14.4,12.108933796027612,32.108933796027614,52.108933796027614,72.10893379602761
4576,14.0,11.964875091079092,31.964875091079094,51.964875091079094,71.9648750910791
4577,12.7,11.964875091079092,31.964875091079094,51.964875091079094,71.9648750910791
4578,12.4,11.820816386130574,31.820816386130574,51.82081638613057,71.82081638613057
4579,15.0,10.812405451490944,30.812405451490946,50.812405451490946,70.81240545149095
4580,15.5,35.62465993390566,55.62465993390566,75.62465993390566,95.62465993390566
4581,14.9,9.803994516851315,29.803994516851315,49.80399451685132,69.80399451685132
4582,14.7,7.210937827777981,27.210937827777983,47.21093782777798,67.21093782777798
4583,13.8,43.92511408408024,63.92511408408024,83.92511408408023,103.92511408408023
4584,12.6,6.634703007983905,26.634703007983905,46.6347030079839,66.6347030079839
4585,13.8,7.787172647572055,27.787172647572056,47.787172647572056,67.78717264757205
4586,13.6,9.803994516851315,29.803994516851315,49.80399451685132,69.80399451685132
4587,13.7,11.100522861387981,31.10052286138798,51.10052286138798,71.10052286138799
4588,13.8,74.78783417433274,94.78783417433274,114.78783417433274,134.78783417433274
4589,13.6,11.2445815663365,31.2445815663365,51.2445815663365,71.2445815663365
4590,13.7,12.397051205924647,32.39705120592465,52.39705120592465,72.39705120592464
4591,13.5,13.117344730667241,33.11734473066724,53.11734473066724,73.11734473066724
4592,13.5,13.837638255409832,33.83763825540983,53.83763825540983,73.83763825540983
4593,13.8,14.413873075203906,34.41387307520391,54.41387307520391,74.41387307520391
4594,15.4,15.134166599946504,35.134166599946504,55.134166599946504,75.1341665999465
4595,15.2,15.99851882963761,35.99851882963761,55.99851882963761,75.99851882963762
4596,15.2,16.28663623953465,36.28663623953465,56.28663623953465,76.28663623953466
4597,16.5,15.134166599946504,35.134166599946504,55.134166599946504,75.1341665999465
4598,16.2,14.125755665306873,34.12575566530687,54.12575566530687,74.12575566530687
4599,16.2,13.837638255409832,33.83763825540983,53.83763825540983,73.83763825540983
4600,14.6,37.35336439328789,57.35336439328789,77.35336439328789,97.35336439328789
4601,14.8,11.820816386130574,31.820816386130574,51.82081638613057,71.82081638613057
4602,13.1,11.388640271285018,31.38864027128502,51.38864027128502,71.38864027128503
4603,12.7,10.380229336645385,30.380229336645385,50.380229336645385,70.38022933664539
4604,12.8,46.95034688799913,66.95034688799913,86.95034688799913,106.95034688799913
4605,11.4,7.499055237675016,27.499055237675016,47.499055237675016,67.49905523767501
4606,10.2,5.914409483241313,25.914409483241315,45.914409483241315,65.91440948324131
4607,9.6,5.19411595849872,25.19411595849872,45.19411595849872,65.19411595849871
4608,11.1,7.643113942623536,27.643113942623536,47.643113942623536,67.64311394262353
4609,12.0,9.083700992108723,29.083700992108724,49.083700992108724,69.08370099210873
4610,12.2,73.05912971495053,93.05912971495053,113.05912971495053,133.05912971495053
4611,12.7,11.100522861387981,31.10052286138798,51.10052286138798,71.10052286138799
4612,13.1,10.524288041593906,30.524288041593906,50.524288041593906,70.5242880415939
4613,13.1,9.659935811902795,29.659935811902795,49.6599358119028,69.6599358119028
4614,13.4,10.668346746542426,30.668346746542426,50.668346746542426,70.66834674654243
4615,13.4,10.812405451490944,30.812405451490946,50.812405451490946,70.81240545149095
4616,12.3,10.092111926748352,30.092111926748352,50.09211192674835,70.09211192674834
4617,12.5,9.803994516851315,29.803994516851315,49.80399451685132,69.80399451685132
4618,12.2,9.083700992108723,29.083700992108724,49.083700992108724,69.08370099210873
4619,12.1,9.803994516851315,29.803994516851315,49.80399451685132,69.80399451685132
4620,12.8,9.37181840200576,29.371818402005758,49.37181840200576,69.37181840200576
4621,14.3,32.74348583493529,52.74348583493529,72.74348583493529,92.74348583493529
4622,14.0,6.058468188189831,26.05846818818983,46.058468188189835,66.05846818818983
4623,14.0,5.19411595849872,25.19411595849872,45.19411595849872,65.19411595849871
4624,12.4,42.721344087671234,62.721344087671234,82.72134408767124,102.72134408767124
4625,10.0,67.96577468493152,87.96577468493152,107.96577468493152,127.96577468493152
4626,10.1,5.19411595849872,25.19411595849872,45.19411595849872,65.19411595849871
4627,9.9,7.066879122829462,27.066879122829462,47.06687912282946,67.06687912282946
4628,10.1,8.36340746736613,28.36340746736613,48.36340746736613,68.36340746736613
4629,10.1,7.931231352520573,27.931231352520573,47.93123135252057,67.93123135252057
4630,10.4,8.939642287160202,28.939642287160204,48.939642287160204,68.93964228716021
4631,10.6,10.380229336645385,30.380229336645385,50.380229336645385,70.38022933664539
4632,10.0,10.956464156439463,30.956464156439463,50.956464156439466,70.95646415643947
4633,9.3,11.100522861387981,31.10052286138798,51.10052286138798,71.10052286138799
4634,9.5,10.236170631696872,30.236170631696872,50.23617063169687,70.23617063169687
4635,10.6,35.19248381906011,55.19248381906011,75.1924838190601,95.1924838190601
4636,12.6,8.21934876241761,28.21934876241761,48.21934876241761,68.21934876241761
4637,12.6,7.931231352520573,27.931231352520573,47.93123135252057,67.93123135252057
4638,12.7,45.941935953359504,65.9419359533595,85.9419359533595,105.9419359533595
4639,10.9,8.21934876241761,28.21934876241761,48.21934876241761,68.21934876241761
4640,10.7,8.507466172314647,28.507466172314647,48.50746617231465,68.50746617231465
4641,11.1,8.939642287160202,28.939642287160204,48.939642287160204,68.93964228716021
4642,11.5,9.659935811902795,29.659935811902795,49.6599358119028,69.6599358119028
4643,11.9,74.49971676443572,94.49971676443572,114.49971676443572,134.49971676443573
4644,12.2,12.397051205924647,32.39705120592465,52.39705120592465,72.39705120592464
4645,12.2,12.829227320770205,32.8292273207702,52.8292273207702,72.8292273207702
4646,12.5,12.252992500976127,32.25299250097613,52.25299250097613,72.25299250097612
4647,12.8,12.252992500976127,32.25299250097613,52.25299250097613,72.25299250097612
4648,12.7,12.685168615821684,32.68516861582168,52.68516861582168,72.68516861582168
4649,13.1,12.973286025718725,32.97328602571872,52.97328602571872,72.97328602571872
4650,12.7,12.108933796027612,32.108933796027614,52.108933796027614,72.10893379602761
4651,13.4,12.397051205924647,32.39705120592465,52.39705120592465,72.39705120592464
4652,13.9,13.405462140564278,33.40546214056428,53.40546214056428,73.40546214056428
4653,14.5,13.837638255409832,33.83763825540983,53.83763825540983,73.83763825540983
4654,15.4,38.79395144277308,58.79395144277308,78.79395144277308,98.79395144277308
4655,16.1,12.397051205924647,32.39705120592465,52.39705120592465,72.39705120592464
4656,16.2,11.2445815663365,31.2445815663365,51.2445815663365,71.2445815663365
4657,16.3,9.227759697057241,29.22775969705724,49.22775969705724,69.22775969705724
4658,14.5,45.797877248410984,65.79787724841098,85.79787724841098,105.79787724841098
4659,13.2,8.795583582211684,28.795583582211684,48.795583582211684,68.79558358221169
4660,13.6,9.515877106954274,29.515877106954274,49.51587710695428,69.51587710695428
4661,13.2,10.668346746542426,30.668346746542426,50.668346746542426,70.66834674654243
4662,13.9,11.388640271285018,31.38864027128502,51.38864027128502,71.38864027128503
4663,14.0,11.388640271285018,31.38864027128502,51.38864027128502,71.38864027128503
4664,14.8,11.676757681182053,31.676757681182053,51.67675768118205,71.67675768118205
4665,15.2,74.78783417433274,94.78783417433274,114.78783417433274,134.78783417433274
4666,15.6,11.820816386130574,31.820816386130574,51.82081638613057,71.82081638613057
4667,16.5,12.252992500976127,32.25299250097613,52.25299250097613,72.25299250097612
4668,17.1,12.541109910873166,32.54110991087317,52.54110991087317,72.54110991087316
4669,17.1,12.829227320770205,32.8292273207702,52.8292273207702,72.8292273207702
4670,18.2,11.820816386130574,31.820816386130574,51.82081638613057,71.82081638613057
4671,18.2,12.108933796027612,32.108933796027614,52.108933796027614,72.10893379602761
4672,17.1,13.405462140564278,33.40546214056428,53.40546214056428,73.40546214056428
4673,16.5,13.261403435615758,33.26140343561576,53.26140343561576,73.26140343561576
4674,16.0,12.829227320770205,32.8292273207702,52.8292273207702,72.8292273207702
4675,15.5,12.397051205924647,32.39705120592465,52.39705120592465,72.39705120592464
4676,16.3,36.344953458648256,56.344953458648256,76.34495345864826,96.34495345864826
4677,17.0,10.668346746542426,30.668346746542426,50.668346746542426,70.66834674654243
4678,16.2,9.803994516851315,29.803994516851315,49.80399451685132,69.80399451685132
4679,15.2,9.37181840200576,29.371818402005758,49.37181840200576,69.37181840200576
4680,14.3,46.80628818305061,66.80628818305061,86.80628818305061,106.80628818305061
4681,13.2,8.075290057469092,28.07529005746909,48.07529005746909,68.07529005746909
4682,12.0,7.210937827777981,27.210937827777983,47.21093782777798,67.21093782777798
4683,11.4,8.795583582211684,28.795583582211684,48.795583582211684,68.79558358221169
4684,13.7,10.524288041593906,30.524288041593906,50.524288041593906,70.5242880415939
4685,16.1,74.21159935453868,94.21159935453868,114.21159935453868,134.2115993545387
4686,16.5,11.964875091079092,31.964875091079094,51.964875091079094,71.9648750910791
4687,16.0,13.117344730667241,33.11734473066724,53.11734473066724,73.11734473066724
4688,14.9,13.981696960358352,33.98169696035835,53.98169696035835,73.98169696035835
4689,14.1,15.42228400984354,35.42228400984354,55.42228400984354,75.42228400984354
4690,14.3,16.14257753458613,36.14257753458613,56.14257753458613,76.14257753458614
4691,15.9,14.701990485100946,34.70199048510095,54.70199048510095,74.70199048510095
4692,16.6,13.117344730667241,33.11734473066724,53.11734473066724,73.11734473066724
4693,17.1,12.108933796027612,32.108933796027614,52.108933796027614,72.10893379602761
4694,17.7,11.100522861387981,31.10052286138798,51.10052286138798,71.10052286138799
4695,17.3,10.236170631696872,30.236170631696872,50.23617063169687,70.23617063169687
4696,16.9,9.515877106954274,29.515877106954274,49.51587710695428,69.51587710695428
4697,18.1,34.18407288442048,54.18407288442048,74.18407288442049,94.18407288442049
4698,18.6,8.075290057469092,28.07529005746909,48.07529005746909,68.07529005746909
4699,18.5,6.922820417880944,26.922820417880942,46.92282041788094,66.92282041788094
4700,17.8,42.721344087671234,62.721344087671234,82.72134408767124,102.72134408767124
4701,17.6,4.854698191780822,24.854698191780823,44.85469819178083,64.85469819178083
4702,16.3,5.19411595849872,25.19411595849872,45.19411595849872,65.19411595849871
4703,15.9,6.490644303035387,26.49064430303539,46.49064430303539,66.4906443030354
4704,16.0,7.354996532726499,27.3549965327265,47.3549965327265,67.3549965327265
4705,16.9,7.787172647572055,27.787172647572056,47.787172647572056,67.78717264757205
4706,16.5,8.075290057469092,28.07529005746909,48.07529005746909,68.07529005746909
4707,16.2,71.3304252555683,91.3304252555683,111.3304252555683,131.3304252555683
4708,16.0,8.36340746736613,28.36340746736613,48.36340746736613,68.36340746736613
4709,14.7,8.507466172314647,28.507466172314647,48.50746617231465,68.50746617231465
4710,14.2,8.651524877263165,28.651524877263164,48.651524877263164,68.65152487726317
4711,14.4,8.939642287160202,28.939642287160204,48.939642287160204,68.93964228716021
4712,14.5,9.659935811902795,29.659935811902795,49.6599358119028,69.6599358119028
4713,14.8,10.380229336645385,30.380229336645385,50.380229336645385,70.38022933664539
4714,15.7,11.532698976233537,31.532698976233537,51.53269897623353,71.53269897623353
4715,16.5,11.2445815663365,31.2445815663365,51.2445815663365,71.2445815663365
4716,17.4,11.100522861387981,31.10052286138798,51.10052286138798,71.10052286138799
4717,18.3,35.9127773438027,55.9127773438027,75.9127773438027,95.9127773438027
4718,19.4,9.803994516851315,29.803994516851315,49.80399451685132,69.80399451685132
4719,19.5,9.227759697057241,29.22775969705724,49.22775969705724,69.22775969705724
4720,18.2,9.083700992108723,29.083700992108724,49.083700992108724,69.08370099210873
4721,17.3,46.37411206820506,66.37411206820505,86.37411206820505,106.37411206820505
4722,15.6,8.651524877263165,28.651524877263164,48.651524877263164,68.65152487726317
4723,13.9,9.083700992108723,29.083700992108724,49.083700992108724,69.08370099210873
4724,13.0,9.803994516851315,29.803994516851315,49.80399451685132,69.80399451685132
4725,13.7,10.236170631696872,30.236170631696872,50.23617063169687,70.23617063169687
4726,15.3,10.524288041593906,30.524288041593906,50.524288041593906,70.5242880415939
4727,15.9,10.812405451490944,30.812405451490946,50.812405451490946,70.81240545149095
4728,17.2,74.21159935453868,94.21159935453868,114.21159935453868,134.2115993545387
4729,17.5,11.388640271285018,31.38864027128502,51.38864027128502,71.38864027128503
4730,18.1,11.820816386130574,31.820816386130574,51.82081638613057,71.82081638613057
4731,17.7,11.964875091079092,31.964875091079094,51.964875091079094,71.9648750910791
4732,18.3,12.108933796027612,32.108933796027614,52.108933796027614,72.10893379602761
4733,18.6,12.108933796027612,32.108933796027614,52.108933796027614,72.10893379602761
4734,19.0,11.820816386130574,31.820816386130574,51.82081638613057,71.82081638613057
4735,19.3,11.676757681182053,31.676757681182053,51.67675768118205,71.67675768118205
4736,20.1,11.820816386130574,31.820816386130574,51.82081638613057,71.82081638613057
4737,20.3,11.820816386130574,31.820816386130574,51.82081638613057,71.82081638613057
4738,20.2,12.108933796027612,32.108933796027614,52.108933796027614,72.10893379602761
4739,22.6,11.676757681182053,31.676757681182053,51.67675768118205,71.67675768118205
4740,23.6,11.388640271285018,31.38864027128502,51.38864027128502,71.38864027128503
4741,26.0,36.344953458648256,56.344953458648256,76.34495345864826,96.34495345864826
4742,26.0,11.100522861387981,31.10052286138798,51.10052286138798,71.10052286138799
4743,21.1,11.100522861387981,31.10052286138798,51.10052286138798,71.10052286138799
4744,20.0,49.25528616717543,69.25528616717543,89.25528616717543,109.25528616717543
4745,19.4,11.388640271285018,31.38864027128502,51.38864027128502,71.38864027128503
4746,18.8,11.388640271285018,31.38864027128502,51.38864027128502,71.38864027128503
4747,17.5,11.532698976233537,31.532698976233537,51.53269897623353,71.53269897623353
4748,17.1,11.532698976233537,31.532698976233537,51.53269897623353,71.53269897623353
4749,17.7,11.676757681182053,31.676757681182053,51.67675768118205,71.67675768118205
4750,17.9,11.676757681182053,31.676757681182053,51.67675768118205,71.67675768118205
4751,18.7,74.78783417433274,94.78783417433274,114.78783417433274,134.78783417433274
4752,18.7,11.820816386130574,31.820816386130574,51.82081638613057,71.82081638613057
4753,19.8,11.820816386130574,31.820816386130574,51.82081638613057,71.82081638613057
4754,17.4,11.676757681182053,31.676757681182053,51.67675768118205,71.67675768118205
4755,17.6,11.532698976233537,31.532698976233537,51.53269897623353,71.53269897623353
4756,17.2,11.676757681182053,31.676757681182053,51.67675768118205,71.67675768118205
4757,16.2,11.964875091079092,31.964875091079094,51.964875091079094,71.9648750910791
4758,16.2,12.397051205924647,32.39705120592465,52.39705120592465,72.39705120592464
4759,15.8,12.685168615821684,32.68516861582168,52.68516861582168,72.68516861582168
4760,16.5,38.50583403287604,58.50583403287604,78.50583403287604,98.50583403287604
4761,16.6,13.837638255409832,33.83763825540983,53.83763825540983,73.83763825540983
4762,15.9,51.41616674140321,71.4161667414032,91.4161667414032,111.4161667414032
4763,16.9,13.261403435615758,33.26140343561576,53.26140343561576,73.26140343561576
4764,16.3,13.117344730667241,33.11734473066724,53.11734473066724,73.11734473066724
4765,15.7,13.117344730667241,33.11734473066724,53.11734473066724,73.11734473066724
4766,15.4,13.261403435615758,33.26140343561576,53.26140343561576,73.26140343561576
4767,15.6,13.549520845512799,33.5495208455128,53.5495208455128,73.5495208455128
4768,15.8,13.693579550461315,33.693579550461315,53.693579550461315,73.69357955046132
4769,15.7,77.09277345350904,97.09277345350904,117.09277345350904,137.09277345350904
4770,15.4,14.26981437025539,34.26981437025539,54.26981437025539,74.26981437025539
4771,15.5,14.413873075203906,34.41387307520391,54.41387307520391,74.41387307520391
4772,15.0,14.26981437025539,34.26981437025539,54.26981437025539,74.26981437025539
4773,15.0,14.413873075203906,34.41387307520391,54.41387307520391,74.41387307520391
4774,14.0,14.701990485100946,34.70199048510095,54.70199048510095,74.70199048510095
4775,12.8,15.99851882963761,35.99851882963761,55.99851882963761,75.99851882963762
4776,13.2,17.15098846922576,37.15098846922576,57.15098846922576,77.15098846922575
4777,12.8,16.86287105932872,36.862871059328725,56.862871059328725,76.86287105932873
4778,12.7,16.14257753458613,36.14257753458613,56.14257753458613,76.14257753458614
4779,13.0,15.27822530489502,35.27822530489502,55.27822530489502,75.27822530489502
4780,13.5,14.701990485100946,34.70199048510095,54.70199048510095,74.70199048510095
4781,13.4,39.946421082361226,59.946421082361226,79.94642108236123,99.94642108236123
4782,13.6,14.413873075203906,34.41387307520391,54.41387307520391,74.41387307520391
4783,14.2,14.125755665306873,34.12575566530687,54.12575566530687,74.12575566530687
4784,14.9,13.693579550461315,33.693579550461315,53.693579550461315,73.69357955046132
4785,16.6,51.41616674140321,71.4161667414032,91.4161667414032,111.4161667414032
4786,16.6,13.405462140564278,33.40546214056428,53.40546214056428,73.40546214056428
4787,15.7,13.405462140564278,33.40546214056428,53.40546214056428,73.40546214056428
4788,14.0,13.405462140564278,33.40546214056428,53.40546214056428,73.40546214056428
4789,14.1,14.701990485100946,34.70199048510095,54.70199048510095,74.70199048510095
4790,14.8,15.854460124689094,35.8544601246891,55.8544601246891,75.8544601246891
4791,16.6,15.710401419740574,35.71040141974058,55.71040141974058,75.71040141974058
4792,17.2,79.39771273268535,99.39771273268535,119.39771273268535,139.39771273268536
4793,18.1,16.718812354380205,36.718812354380205,56.718812354380205,76.7188123543802
4794,18.1,17.439105879122796,37.43910587912279,57.43910587912279,77.43910587912279
4795,17.9,18.30345810881391,38.30345810881391,58.30345810881391,78.30345810881391
4796,17.7,19.455927748402058,39.45592774840206,59.45592774840206,79.45592774840206
4797,17.7,20.176221273144648,40.17622127314465,60.17622127314465,80.17622127314465
4798,17.4,21.18463220778428,41.184632207784276,61.184632207784276,81.18463220778428
4799,18.0,21.47274961768132,41.472749617681316,61.472749617681316,81.47274961768132
4800,18.0,21.040573502835763,41.04057350283576,61.04057350283576,81.04057350283577
4801,17.8,21.47274961768132,41.472749617681316,61.472749617681316,81.47274961768132
4802,17.7,20.896514797887242,40.89651479788724,60.89651479788724,80.89651479788725
4803,17.1,46.14094539514752,66.14094539514753,86.14094539514753,106.14094539514753
4804,17.4,19.88810386324761,39.88810386324761,59.88810386324761,79.88810386324761
4805,17.4,17.583164584071316,37.58316458407131,57.58316458407131,77.58316458407131
4806,17.6,17.583164584071316,37.58316458407131,57.58316458407131,77.58316458407131
4807,17.6,53.00081249583691,73.00081249583691,93.00081249583691,113.00081249583691
4808,17.2,13.837638255409832,33.83763825540983,53.83763825540983,73.83763825540983
4809,16.0,13.405462140564278,33.40546214056428,53.40546214056428,73.40546214056428
4810,15.7,14.26981437025539,34.26981437025539,54.26981437025539,74.26981437025539
4811,15.1,16.718812354380205,36.718812354380205,56.718812354380205,76.7188123543802
4812,15.5,17.87128199396835,37.87128199396835,57.87128199396835,77.87128199396835
4813,16.5,18.591575518710947,38.59157551871095,58.59157551871095,78.59157551871095
4814,16.5,82.42294553660423,102.42294553660423,122.42294553660423,142.42294553660423
4815,16.2,20.176221273144648,40.17622127314465,60.17622127314465,80.17622127314465
4816,16.6,21.040573502835763,41.04057350283576,61.04057350283576,81.04057350283577
4817,16.3,21.616808322629836,41.616808322629836,61.616808322629836,81.61680832262984
4818,15.9,21.904925732526873,41.90492573252688,61.90492573252688,81.90492573252688
4819,16.6,21.47274961768132,41.472749617681316,61.472749617681316,81.47274961768132
4820,15.3,21.47274961768132,41.472749617681316,61.472749617681316,81.47274961768132
4821,14.3,21.47274961768132,41.472749617681316,61.472749617681316,81.47274961768132
4822,14.5,21.040573502835763,41.04057350283576,61.04057350283576,81.04057350283577
4823,15.4,20.608397387990205,40.60839738799021,60.60839738799021,80.60839738799021
4824,15.5,20.032162568196128,40.03216256819613,60.03216256819613,80.03216256819613
4825,15.9,19.0237516335565,39.0237516335565,59.0237516335565,79.0237516335565
4826,15.6,18.159399403865386,38.159399403865386,58.159399403865386,78.1593994038654
4827,16.3,43.40383000112566,63.40383000112566,83.40383000112567,103.40383000112567
4828,17.4,18.159399403865386,38.159399403865386,58.159399403865386,78.1593994038654
4829,17.2,17.87128199396835,37.87128199396835,57.87128199396835,77.87128199396835
4830,17.1,17.29504717417428,37.29504717417428,57.29504717417428,77.29504717417427
4831,16.9,54.87357566016765,74.87357566016766,94.87357566016766,114.87357566016766
4832,16.8,16.718812354380205,36.718812354380205,56.718812354380205,76.7188123543802
4833,15.6,16.574753649431685,36.574753649431685,56.574753649431685,76.57475364943168
4834,14.3,16.430694944483168,36.430694944483164,56.430694944483164,76.43069494448316
4835,15.2,16.718812354380205,36.718812354380205,56.718812354380205,76.7188123543802
4836,16.4,17.006929764277242,37.006929764277245,57.006929764277245,77.00692976427725
4837,16.5,17.006929764277242,37.006929764277245,57.006929764277245,77.00692976427725
4838,17.2,80.11800625742794,100.11800625742794,120.11800625742794,140.11800625742794
4839,17.2,17.15098846922576,37.15098846922576,57.15098846922576,77.15098846922575
4840,16.7,17.439105879122796,37.43910587912279,57.43910587912279,77.43910587912279
4841,16.2,19.455927748402058,39.45592774840206,59.45592774840206,79.45592774840206
4842,16.0,20.032162568196128,40.03216256819613,60.03216256819613,80.03216256819613
4843,15.9,20.752456092938722,40.75245609293872,60.75245609293872,80.75245609293873
4844,16.0,21.18463220778428,41.184632207784276,61.184632207784276,81.18463220778428
4845,15.9,21.616808322629836,41.616808322629836,61.616808322629836,81.61680832262984
4846,16.1,22.048984437475394,42.0489844374754,62.0489844374754,82.0489844374754
4847,15.9,22.481160552320947,42.481160552320944,62.481160552320944,82.48116055232094
4848,16.3,22.769277962217984,42.769277962217984,62.769277962217984,82.76927796221798
4849,16.1,22.913336667166504,42.913336667166504,62.913336667166504,82.9133366671665
4850,16.1,48.01370855947826,68.01370855947826,88.01370855947826,108.01370855947826
4851,16.5,22.625219257269464,42.625219257269464,62.625219257269464,82.62521925726946
4852,15.8,22.19304314242391,42.19304314242391,62.19304314242391,82.1930431424239
4853,15.1,21.616808322629836,41.616808322629836,61.616808322629836,81.61680832262984
4854,14.9,59.05127810367469,79.05127810367469,99.05127810367469,119.05127810367469
4855,14.8,20.608397387990205,40.60839738799021,60.60839738799021,80.60839738799021
4856,14.1,20.176221273144648,40.17622127314465,60.17622127314465,80.17622127314465
4857,13.4,20.896514797887242,40.89651479788724,60.89651479788724,80.89651479788725
4858,13.1,22.481160552320947,42.481160552320944,62.481160552320944,82.48116055232094
4859,14.3,23.345512782012054,43.34551278201205,63.34551278201205,83.34551278201205
4860,14.7,24.06580630675465,44.06580630675465,64.06580630675465,84.06580630675465
4861,14.7,88.04123502959645,108.04123502959645,128.04123502959646,148.04123502959646
4862,14.4,25.50639335623984,45.50639335623984,65.50639335623984,85.50639335623984
4863,14.7,26.08262817603391,46.08262817603391,66.08262817603391,86.08262817603391
4864,14.7,26.946980405725025,46.94698040572503,66.94698040572503,86.94698040572503
4865,14.5,28.099450045313173,48.099450045313176,68.09945004531318,88.09945004531318
4866,14.4,28.81974357005576,48.81974357005576,68.81974357005576,88.81974357005576
4867,14.8,29.1078609799528,49.107860979952804,69.1078609799528,89.1078609799528
4868,14.6,29.540037094798354,49.54003709479835,69.54003709479835,89.54003709479835
4869,13.8,28.675684865107243,48.67568486510724,68.67568486510724,88.67568486510724
4870,14.1,27.23509781562206,47.235097815622055,67.23509781562205,87.23509781562205
4871,15.2,24.786099831497243,44.78609983149724,64.78609983149724,84.78609983149724
4872,15.7,23.489571486960575,43.48957148696057,63.48957148696057,83.48957148696057
4873,17.3,47.5815324446327,67.5815324446327,87.5815324446327,107.5815324446327
4874,17.9,21.616808322629836,41.616808322629836,61.616808322629836,81.61680832262984
4875,16.8,22.048984437475394,42.0489844374754,62.0489844374754,82.0489844374754
4876,16.6,21.760867027578357,41.76086702757836,61.76086702757836,81.76086702757836
4877,16.3,59.05127810367469,79.05127810367469,99.05127810367469,119.05127810367469
4878,15.0,18.447516813762427,38.44751681376243,58.44751681376243,78.44751681376243
4879,13.3,17.29504717417428,37.29504717417428,57.29504717417428,77.29504717417427
4880,13.8,16.430694944483168,36.430694944483164,56.430694944483164,76.43069494448316
4881,14.7,15.854460124689094,35.8544601246891,55.8544601246891,75.8544601246891
4882,15.9,15.134166599946504,35.134166599946504,55.134166599946504,75.1341665999465
4883,16.3,77.81306697825164,97.81306697825164,117.81306697825164,137.81306697825164
4884,15.9,13.837638255409832,33.83763825540983,53.83763825540983,73.83763825540983
4885,16.3,12.541109910873166,32.54110991087317,52.54110991087317,72.54110991087316
4886,16.5,11.820816386130574,31.820816386130574,51.82081638613057,71.82081638613057
4887,16.3,10.956464156439463,30.956464156439463,50.956464156439466,70.95646415643947
4888,16.7,10.236170631696872,30.236170631696872,50.23617063169687,70.23617063169687
4889,16.5,9.227759697057241,29.22775969705724,49.22775969705724,69.22775969705724
4890,16.5,8.507466172314647,28.507466172314647,48.50746617231465,68.50746617231465
4891,17.2,8.075290057469092,28.07529005746909,48.07529005746909,68.07529005746909
4892,17.4,7.643113942623536,27.643113942623536,47.643113942623536,67.64311394262353
4893,18.2,7.354996532726499,27.3549965327265,47.3549965327265,67.3549965327265
4894,17.4,7.210937827777981,27.210937827777983,47.21093782777798,67.21093782777798
4895,18.0,32.31130972008974,52.31130972008974,72.31130972008974,92.31130972008974
4896,19.2,7.066879122829462,27.066879122829462,47.06687912282946,67.06687912282946
4897,18.3,6.778761712932424,26.778761712932422,46.77876171293242,66.77876171293242
4898,17.5,6.34658559808687,26.346585598086868,46.34658559808687,66.34658559808688
4899,16.5,44.357290198925796,64.3572901989258,84.3572901989258,104.3572901989258
4900,15.0,6.778761712932424,26.778761712932422,46.77876171293242,66.77876171293242
4901,15.0,7.066879122829462,27.066879122829462,47.06687912282946,67.06687912282946
4902,14.3,8.075290057469092,28.07529005746909,48.07529005746909,68.07529005746909
4903,15.6,9.803994516851315,29.803994516851315,49.80399451685132,69.80399451685132
4904,17.2,10.236170631696872,30.236170631696872,50.23617063169687,70.23617063169687
4905,17.1,73.77942323969312,93.77942323969312,113.77942323969312,133.77942323969313
4906,16.4,11.820816386130574,31.820816386130574,51.82081638613057,71.82081638613057
4907,16.2,12.829227320770205,32.8292273207702,52.8292273207702,72.8292273207702
4908,15.8,13.837638255409832,33.83763825540983,53.83763825540983,73.83763825540983
4909,14.7,14.413873075203906,34.41387307520391,54.41387307520391,74.41387307520391
4910,14.0,14.990107894997983,34.99010789499798,54.99010789499798,74.99010789499798
4911,13.0,16.28663623953465,36.28663623953465,56.28663623953465,76.28663623953466
4912,12.2,17.006929764277242,37.006929764277245,57.006929764277245,77.00692976427725
4913,11.6,18.01534069891687,38.01534069891687,58.01534069891687,78.01534069891687
4914,11.6,18.735634223659464,38.73563422365946,58.73563422365946,78.73563422365946
4915,11.5,19.599986453350578,39.59998645335058,59.59998645335058,79.59998645335058
4916,11.0,19.0237516335565,39.0237516335565,59.0237516335565,79.0237516335565
4917,11.1,18.447516813762427,38.44751681376243,58.44751681376243,78.44751681376243
4918,12.0,42.539477771434555,62.539477771434555,82.53947777143455,102.53947777143455
4919,12.5,16.28663623953465,36.28663623953465,56.28663623953465,76.28663623953466
4920,12.1,14.990107894997983,34.99010789499798,54.99010789499798,74.99010789499798
4921,11.9,13.981696960358352,33.98169696035835,53.98169696035835,73.98169696035835
4922,12.5,50.983990626557656,70.98399062655766,90.98399062655766,110.98399062655766
4923,12.7,12.397051205924647,32.39705120592465,52.39705120592465,72.39705120592464
4924,12.5,11.820816386130574,31.820816386130574,51.82081638613057,71.82081638613057
4925,12.6,12.397051205924647,32.39705120592465,52.39705120592465,72.39705120592464
4926,12.1,11.388640271285018,31.38864027128502,51.38864027128502,71.38864027128503
4927,12.0,11.676757681182053,31.676757681182053,51.67675768118205,71.67675768118205
4928,11.6,76.08436251886943,96.08436251886943,116.08436251886943,136.08436251886943
4929,11.4,14.26981437025539,34.26981437025539,54.26981437025539,74.26981437025539
4930,11.3,15.27822530489502,35.27822530489502,55.27822530489502,75.27822530489502
4931,11.3,15.99851882963761,35.99851882963761,55.99851882963761,75.99851882963762
4932,11.4,16.14257753458613,36.14257753458613,56.14257753458613,76.14257753458614
4933,10.8,15.99851882963761,35.99851882963761,55.99851882963761,75.99851882963762
4934,10.2,17.29504717417428,37.29504717417428,57.29504717417428,77.29504717417427
4935,9.8,18.30345810881391,38.30345810881391,58.30345810881391,78.30345810881391
4936,9.7,18.735634223659464,38.73563422365946,58.73563422365946,78.73563422365946
4937,9.5,18.879692928607984,38.87969292860798,58.87969292860798,78.87969292860798
4938,9.6,19.0237516335565,39.0237516335565,59.0237516335565,79.0237516335565
4939,9.4,19.0237516335565,39.0237516335565,59.0237516335565,79.0237516335565
4940,9.2,19.455927748402058,39.45592774840206,59.45592774840206,79.45592774840206
4941,9.2,45.420651870404924,65.42065187040492,85.42065187040492,105.42065187040492
4942,9.4,19.16781033850502,39.16781033850502,59.16781033850502,79.16781033850502
4943,9.4,17.006929764277242,37.006929764277245,57.006929764277245,77.00692976427725
4944,9.6,14.557931780152426,34.55793178015243,54.55793178015243,74.55793178015243
4945,10.0,50.839931921609136,70.83993192160914,90.83993192160914,110.83993192160914
4946,10.2,12.541109910873166,32.54110991087317,52.54110991087317,72.54110991087316
4947,10.1,12.829227320770205,32.8292273207702,52.8292273207702,72.8292273207702
4948,9.4,14.846049190049467,34.84604919004947,54.84604919004947,74.84604919004947
4949,9.7,18.447516813762427,38.44751681376243,58.44751681376243,78.44751681376243
4950,10.3,20.032162568196128,40.03216256819613,60.03216256819613,80.03216256819613
4951,11.4,21.760867027578357,41.76086702757836,61.76086702757836,81.76086702757836
4952,12.5,86.16847186526572,106.16847186526572,126.16847186526572,146.1684718652657
4953,13.1,23.633630191909095,43.63363019190909,63.63363019190909,83.63363019190909
4954,13.9,24.20986501170317,44.20986501170317,64.20986501170317,84.20986501170317
4955,13.9,24.642041126548726,44.642041126548726,64.64204112654872,84.64204112654872
4956,14.1,24.93015853644576,44.93015853644576,64.93015853644576,84.93015853644576
4957,14.0,24.93015853644576,44.93015853644576,64.93015853644576,84.93015853644576
4958,13.9,24.93015853644576,44.93015853644576,64.93015853644576,84.93015853644576
4959,14.8,24.93015853644576,44.93015853644576,64.93015853644576,84.93015853644576
4960,15.6,25.218275946342796,45.2182759463428,65.2182759463428,85.2182759463428
4961,16.2,24.93015853644576,44.93015853644576,64.93015853644576,84.93015853644576
4962,16.9,24.93015853644576,44.93015853644576,64.93015853644576,84.93015853644576
4963,17.5,25.218275946342796,45.2182759463428,65.2182759463428,85.2182759463428
4964,16.9,25.074217241394283,45.07421724139428,65.07421724139428,85.07421724139428
4965,17.3,50.030530428757515,70.03053042875752,90.03053042875752,110.03053042875752
4966,17.9,24.353923716651693,44.35392371665169,64.35392371665169,84.35392371665169
4967,18.4,22.913336667166504,42.913336667166504,62.913336667166504,82.9133366671665
4968,18.6,21.18463220778428,41.184632207784276,61.184632207784276,81.18463220778428
4969,18.4,57.034456234395435,77.03445623439544,97.03445623439544,117.03445623439544
4970,19.4,17.439105879122796,37.43910587912279,57.43910587912279,77.43910587912279
4971,19.0,17.006929764277242,37.006929764277245,57.006929764277245,77.00692976427725
4972,18.5,16.86287105932872,36.862871059328725,56.862871059328725,76.86287105932873
4973,17.9,17.29504717417428,37.29504717417428,57.29504717417428,77.29504717417427
4974,18.5,17.29504717417428,37.29504717417428,57.29504717417428,77.29504717417427
4975,18.2,17.727223289019836,37.72722328901983,57.72722328901983,77.72722328901983
4976,17.5,81.4145346019646,101.4145346019646,121.4145346019646,141.4145346019646
4977,17.7,19.311869043453537,39.31186904345354,59.31186904345354,79.31186904345354
4978,17.3,19.455927748402058,39.45592774840206,59.45592774840206,79.45592774840206
4979,18.1,19.599986453350578,39.59998645335058,59.59998645335058,79.59998645335058
4980,18.4,19.599986453350578,39.59998645335058,59.59998645335058,79.59998645335058
4981,16.2,19.599986453350578,39.59998645335058,59.59998645335058,79.59998645335058
4982,17.1,20.32027997809317,40.32027997809317,60.32027997809317,80.32027997809317
4983,17.1,19.88810386324761,39.88810386324761,59.88810386324761,79.88810386324761
4984,16.5,19.455927748402058,39.45592774840206,59.45592774840206,79.45592774840206
4985,15.9,19.311869043453537,39.31186904345354,59.31186904345354,79.31186904345354
4986,15.9,18.879692928607984,38.87969292860798,58.87969292860798,78.87969292860798
4987,16.6,44.12412352586826,64.12412352586826,84.12412352586826,104.12412352586826
4988,18.0,18.30345810881391,38.30345810881391,58.30345810881391,78.30345810881391
4989,17.8,17.583164584071316,37.58316458407131,57.58316458407131,77.58316458407131
4990,17.3,17.15098846922576,37.15098846922576,57.15098846922576,77.15098846922575
4991,16.7,54.58545825027062,74.58545825027062,94.58545825027062,114.58545825027062
4992,17.0,17.006929764277242,37.006929764277245,57.006929764277245,77.00692976427725
4993,15.7,17.29504717417428,37.29504717417428,57.29504717417428,77.29504717417427
4994,16.0,17.727223289019836,37.72722328901983,57.72722328901983,77.72722328901983
4995,17.1,18.01534069891687,38.01534069891687,58.01534069891687,78.01534069891687
4996,17.0,18.447516813762427,38.44751681376243,58.44751681376243,78.44751681376243
4997,16.7,81.70265201186164,101.70265201186164,121.70265201186164,141.70265201186163
4998,16.3,18.735634223659464,38.73563422365946,58.73563422365946,78.73563422365946
4999,16.7,19.0237516335565,39.0237516335565,59.0237516335565,79.0237516335565
5000,15.1,19.16781033850502,39.16781033850502,59.16781033850502,79.16781033850502
5001,14.3,19.16781033850502,39.16781033850502,59.16781033850502,79.16781033850502
5002,14.4,19.16781033850502,39.16781033850502,59.16781033850502,79.16781033850502
5003,15.8,18.879692928607984,38.87969292860798,58.87969292860798,78.87969292860798
5004,15.3,18.735634223659464,38.73563422365946,58.73563422365946,78.73563422365946
5005,14.6,18.30345810881391,38.30345810881391,58.30345810881391,78.30345810881391
5006,15.1,17.87128199396835,37.87128199396835,57.87128199396835,77.87128199396835
5007,15.2,17.006929764277242,37.006929764277245,57.006929764277245,77.00692976427725
5008,15.7,41.53106683679493,61.53106683679493,81.53106683679493,101.53106683679493
5009,17.0,15.42228400984354,35.42228400984354,55.42228400984354,75.42228400984354
5010,19.5,52.8567537908884,72.8567537908884,92.8567537908884,112.8567537908884
5011,19.0,15.27822530489502,35.27822530489502,55.27822530489502,75.27822530489502
5012,19.2,15.42228400984354,35.42228400984354,55.42228400984354,75.42228400984354
5013,19.1,15.710401419740574,35.71040141974058,55.71040141974058,75.71040141974058
5014,19.2,78.67741920794275,98.67741920794275,118.67741920794275,138.67741920794276
5015,19.0,15.99851882963761,35.99851882963761,55.99851882963761,75.99851882963762
5016,18.5,15.854460124689094,35.8544601246891,55.8544601246891,75.8544601246891
5017,18.9,16.718812354380205,36.718812354380205,56.718812354380205,76.7188123543802
5018,17.8,17.29504717417428,37.29504717417428,57.29504717417428,77.29504717417427
5019,16.4,17.583164584071316,37.58316458407131,57.58316458407131,77.58316458407131
5020,16.5,17.29504717417428,37.29504717417428,57.29504717417428,77.29504717417427
5021,16.4,16.574753649431685,36.574753649431685,56.574753649431685,76.57475364943168
5022,16.1,15.854460124689094,35.8544601246891,55.8544601246891,75.8544601246891
5023,16.0,15.566342714792057,35.56634271479206,55.56634271479206,75.56634271479206
5024,16.5,15.27822530489502,35.27822530489502,55.27822530489502,75.27822530489502
5025,17.1,15.134166599946504,35.134166599946504,55.134166599946504,75.1341665999465
5026,18.7,40.37859719720678,60.37859719720678,80.37859719720677,100.37859719720677
5027,19.8,14.26981437025539,34.26981437025539,54.26981437025539,74.26981437025539
5028,20.3,13.693579550461315,33.693579550461315,53.693579550461315,73.69357955046132
5029,21.0,51.12804933150617,71.12804933150616,91.12804933150616,111.12804933150616
5030,20.6,12.973286025718725,32.97328602571872,52.97328602571872,72.97328602571872
5031,20.4,13.261403435615758,33.26140343561576,53.26140343561576,73.26140343561576
5032,20.0,13.549520845512799,33.5495208455128,53.5495208455128,73.5495208455128
5033,20.4,13.837638255409832,33.83763825540983,53.83763825540983,73.83763825540983
5034,21.3,13.981696960358352,33.98169696035835,53.98169696035835,73.98169696035835
5035,21.7,14.125755665306873,34.12575566530687,54.12575566530687,74.12575566530687
5036,22.2,77.23683215845756,97.23683215845756,117.23683215845756,137.23683215845756
5037,21.4,14.26981437025539,34.26981437025539,54.26981437025539,74.26981437025539
5038,21.0,14.413873075203906,34.41387307520391,54.41387307520391,74.41387307520391
5039,19.6,14.557931780152426,34.55793178015243,54.55793178015243,74.55793178015243
5040,19.6,14.701990485100946,34.70199048510095,54.70199048510095,74.70199048510095
5041,19.1,15.42228400984354,35.42228400984354,55.42228400984354,75.42228400984354
5042,19.0,16.28663623953465,36.28663623953465,56.28663623953465,76.28663623953466
5043,19.5,16.86287105932872,36.862871059328725,56.862871059328725,76.86287105932873
5044,20.3,42.683536476383075,62.683536476383075,82.68353647638307,102.68353647638307
5045,21.3,17.15098846922576,37.15098846922576,57.15098846922576,77.15098846922575
5046,22.1,16.574753649431685,36.574753649431685,56.574753649431685,76.57475364943168
5047,22.9,16.14257753458613,36.14257753458613,56.14257753458613,76.14257753458614
5048,22.4,53.577047315630985,73.57704731563098,93.57704731563098,113.57704731563098
5049,22.8,15.42228400984354,35.42228400984354,55.42228400984354,75.42228400984354
5050,22.8,15.27822530489502,35.27822530489502,55.27822530489502,75.27822530489502
5051,23.1,15.134166599946504,35.134166599946504,55.134166599946504,75.1341665999465
5052,23.6,15.42228400984354,35.42228400984354,55.42228400984354,75.42228400984354
5053,23.9,15.27822530489502,35.27822530489502,55.27822530489502,75.27822530489502
5054,23.3,78.82147791289127,98.82147791289127,118.82147791289127,138.82147791289128
5055,22.6,15.854460124689094,35.8544601246891,55.8544601246891,75.8544601246891
5056,22.1,15.710401419740574,35.71040141974058,55.71040141974058,75.71040141974058
5057,22.0,15.42228400984354,35.42228400984354,55.42228400984354,75.42228400984354
5058,22.4,14.990107894997983,34.99010789499798,54.99010789499798,74.99010789499798
5059,21.6,14.557931780152426,34.55793178015243,54.55793178015243,74.55793178015243
5060,20.8,15.27822530489502,35.27822530489502,55.27822530489502,75.27822530489502
5061,20.3,17.29504717417428,37.29504717417428,57.29504717417428,77.29504717417427
5062,19.9,19.0237516335565,39.0237516335565,59.0237516335565,79.0237516335565
5063,19.9,20.032162568196128,40.03216256819613,60.03216256819613,80.03216256819613
5064,20.9,20.32027997809317,40.32027997809317,60.32027997809317,80.32027997809317
5065,20.6,20.896514797887242,40.89651479788724,60.89651479788724,80.89651479788725
5066,21.4,46.86123891989011,66.86123891989011,86.86123891989011,106.86123891989011
5067,22.1,21.904925732526873,41.90492573252688,61.90492573252688,81.90492573252688
5068,24.2,20.896514797887242,40.89651479788724,60.89651479788724,80.89651479788725
5069,25.1,57.034456234395435,77.03445623439544,97.03445623439544,117.03445623439544
5070,26.2,19.0237516335565,39.0237516335565,59.0237516335565,79.0237516335565
5071,25.8,19.311869043453537,39.31186904345354,59.31186904345354,79.31186904345354
5072,26.4,20.464338683041685,40.46433868304169,60.46433868304169,80.46433868304169
5073,25.6,21.040573502835763,41.04057350283576,61.04057350283576,81.04057350283577
5074,25.7,20.32027997809317,40.32027997809317,60.32027997809317,80.32027997809317
5075,25.2,20.032162568196128,40.03216256819613,60.03216256819613,80.03216256819613
5076,25.4,82.99918035639831,102.99918035639831,122.99918035639831,142.9991803563983
5077,24.3,20.176221273144648,40.17622127314465,60.17622127314465,80.17622127314465
5078,24.0,21.18463220778428,41.184632207784276,61.184632207784276,81.18463220778428
5079,24.3,21.18463220778428,41.184632207784276,61.184632207784276,81.18463220778428
5080,23.8,20.176221273144648,40.17622127314465,60.17622127314465,80.17622127314465
5081,23.6,19.88810386324761,39.88810386324761,59.88810386324761,79.88810386324761
5082,23.1,19.744045158299095,39.744045158299095,59.744045158299095,79.74404515829909
5083,23.3,19.311869043453537,39.31186904345354,59.31186904345354,79.31186904345354
5084,23.8,19.16781033850502,39.16781033850502,59.16781033850502,79.16781033850502
5085,23.9,19.311869043453537,39.31186904345354,59.31186904345354,79.31186904345354
5086,23.6,20.176221273144648,40.17622127314465,60.17622127314465,80.17622127314465
5087,23.4,45.13253446050789,65.13253446050788,85.13253446050788,105.13253446050788
5088,24.7,18.01534069891687,38.01534069891687,58.01534069891687,78.01534069891687
5089,25.9,16.430694944483168,36.430694944483164,56.430694944483164,76.43069494448316
5090,28.2,53.00081249583691,73.00081249583691,93.00081249583691,113.00081249583691
5091,28.3,12.973286025718725,32.97328602571872,52.97328602571872,72.97328602571872
5092,29.3,9.948053221799833,29.94805322179983,49.94805322179983,69.94805322179982
5093,27.3,8.21934876241761,28.21934876241761,48.21934876241761,68.21934876241761
5094,26.0,7.354996532726499,27.3549965327265,47.3549965327265,67.3549965327265
5095,26.9,7.643113942623536,27.643113942623536,47.643113942623536,67.64311394262353
5096,26.4,8.075290057469092,28.07529005746909,48.07529005746909,68.07529005746909
5097,25.7,71.47448396051682,91.47448396051682,111.47448396051682,131.4744839605168
5098,26.9,9.083700992108723,29.083700992108724,49.083700992108724,69.08370099210873
5099,26.0,9.37181840200576,29.371818402005758,49.37181840200576,69.37181840200576
5100,25.3,9.37181840200576,29.371818402005758,49.37181840200576,69.37181840200576
5101,25.5,9.948053221799833,29.94805322179983,49.94805322179983,69.94805322179982
5102,24.8,11.676757681182053,31.676757681182053,51.67675768118205,71.67675768118205
5103,24.2,13.981696960358352,33.98169696035835,53.98169696035835,73.98169696035835
5104,24.5,15.27822530489502,35.27822530489502,55.27822530489502,75.27822530489502
5105,24.5,15.42228400984354,35.42228400984354,55.42228400984354,75.42228400984354
5106,24.6,15.566342714792057,35.56634271479206,55.56634271479206,75.56634271479206
5107,25.1,15.566342714792057,35.56634271479206,55.56634271479206,75.56634271479206
5108,25.3,15.566342714792057,35.56634271479206,55.56634271479206,75.56634271479206
5109,25.3,15.99851882963761,35.99851882963761,55.99851882963761,75.99851882963762
5110,25.0,41.96324295164048,61.96324295164048,81.96324295164048,101.96324295164048
5111,27.3,17.15098846922576,37.15098846922576,57.15098846922576,77.15098846922575
5112,29.1,16.86287105932872,36.862871059328725,56.862871059328725,76.86287105932873
5113,27.1,15.99851882963761,35.99851882963761,55.99851882963761,75.99851882963762
5114,27.3,52.8567537908884,72.8567537908884,92.8567537908884,112.8567537908884
5115,28.6,14.846049190049467,34.84604919004947,54.84604919004947,74.84604919004947
5116,30.1,14.701990485100946,34.70199048510095,54.70199048510095,74.70199048510095
5117,28.4,15.134166599946504,35.134166599946504,55.134166599946504,75.1341665999465
5118,27.6,16.28663623953465,36.28663623953465,56.28663623953465,76.28663623953466
5119,27.5,17.87128199396835,37.87128199396835,57.87128199396835,77.87128199396835
5120,28.5,18.879692928607984,38.87969292860798,58.87969292860798,78.87969292860798
5121,28.9,82.99918035639831,102.99918035639831,122.99918035639831,142.9991803563983
5122,28.1,20.752456092938722,40.75245609293872,60.75245609293872,80.75245609293873
5123,28.0,21.18463220778428,41.184632207784276,61.184632207784276,81.18463220778428
5124,27.8,22.625219257269464,42.625219257269464,62.625219257269464,82.62521925726946
5125,27.8,24.353923716651693,44.35392371665169,64.35392371665169,84.35392371665169
5126,28.8,25.50639335623984,45.50639335623984,65.50639335623984,85.50639335623984
5127,29.9,25.794510766136877,45.79451076613688,65.79451076613688,85.79451076613688
5128,29.8,26.370745585930948,46.37074558593095,66.37074558593095,86.37074558593095
5129,30.3,25.794510766136877,45.79451076613688,65.79451076613688,85.79451076613688
5130,32.2,25.218275946342796,45.2182759463428,65.2182759463428,85.2182759463428
5131,33.3,50.462706543603076,70.46270654360308,90.46270654360308,110.46270654360308
5132,36.9,24.93015853644576,44.93015853644576,64.93015853644576,84.93015853644576
5133,40.2,23.05739537211502,43.057395372115025,63.057395372115025,83.05739537211502
5134,33.3,57.89880846408654,77.89880846408654,97.89880846408654,117.89880846408654
5135,32.7,20.032162568196128,40.03216256819613,60.03216256819613,80.03216256819613
5136,31.3,20.896514797887242,40.89651479788724,60.89651479788724,80.89651479788725
5137,29.7,21.3286909127328,41.328690912732796,61.328690912732796,81.3286909127328
5138,28.7,21.904925732526873,41.90492573252688,61.90492573252688,81.90492573252688
5139,29.5,23.633630191909095,43.63363019190909,63.63363019190909,83.63363019190909
5140,29.7,87.6090589147509,107.6090589147509,127.6090589147509,147.6090589147509
5141,29.4,25.218275946342796,45.2182759463428,65.2182759463428,85.2182759463428
5142,30.1,25.794510766136877,45.79451076613688,65.79451076613688,85.79451076613688
5143,28.7,26.514804290879468,46.51480429087947,66.51480429087947,86.51480429087947
5144,26.9,27.23509781562206,47.235097815622055,67.23509781562205,87.23509781562205
5145,25.6,28.387567455210206,48.3875674552102,68.3875674552102,88.3875674552102
5146,26.4,29.1078609799528,49.107860979952804,69.1078609799528,89.1078609799528
5147,26.3,29.97221320964391,49.97221320964391,69.97221320964391,89.97221320964391
5148,26.4,30.548448029437985,50.548448029437985,70.54844802943799,90.54844802943799
5149,26.4,30.980624144283546,50.980624144283546,70.98062414428355,90.98062414428355
5150,26.4,31.412800259129092,51.41280025912909,71.41280025912909,91.41280025912909
5151,26.7,31.268741554180583,51.26874155418058,71.26874155418058,91.26874155418058
5152,26.3,30.980624144283546,50.980624144283546,70.98062414428355,90.98062414428355
5153,28.1,56.22505474154382,76.22505474154383,96.22505474154383,116.22505474154383
5154,30.4,30.11627191459243,50.11627191459243,70.11627191459243,90.11627191459243
5155,32.8,28.531626160158723,48.53162616015872,68.53162616015872,88.53162616015872
5156,31.5,26.658862995827985,46.65886299582799,66.65886299582799,86.65886299582799
5157,29.8,63.08492184223321,83.0849218422332,103.0849218422332,123.0849218422332
5158,27.0,22.769277962217984,42.769277962217984,62.769277962217984,82.76927796221798
5159,26.8,21.3286909127328,41.328690912732796,61.328690912732796,81.3286909127328
5160,28.2,21.040573502835763,41.04057350283576,61.04057350283576,81.04057350283577
5161,27.4,21.904925732526873,41.90492573252688,61.90492573252688,81.90492573252688
5162,26.4,84.72788481578053,104.72788481578053,124.72788481578053,144.72788481578053
5163,25.6,21.3286909127328,41.328690912732796,61.328690912732796,81.3286909127328
5164,26.4,22.048984437475394,42.0489844374754,62.0489844374754,82.0489844374754
5165,25.8,22.048984437475394,42.0489844374754,62.0489844374754,82.0489844374754
5166,25.1,21.47274961768132,41.472749617681316,61.472749617681316,81.47274961768132
5167,25.4,20.464338683041685,40.46433868304169,60.46433868304169,80.46433868304169
5168,24.0,20.608397387990205,40.60839738799021,60.60839738799021,80.60839738799021
5169,24.2,23.05739537211502,43.057395372115025,63.057395372115025,83.05739537211502
5170,24.1,24.06580630675465,44.06580630675465,64.06580630675465,84.06580630675465
5171,24.0,25.074217241394283,45.07421724139428,65.07421724139428,85.07421724139428
5172,25.7,25.36233465129132,45.36233465129132,65.36233465129132,85.36233465129132
5173,25.4,50.606765248551596,70.6067652485516,90.6067652485516,110.6067652485516
5174,26.8,25.218275946342796,45.2182759463428,65.2182759463428,85.2182759463428
5175,26.9,23.921747601806135,43.92174760180613,63.92174760180613,83.92174760180613
5176,27.1,22.481160552320947,42.481160552320944,62.481160552320944,82.48116055232094
5177,28.2,59.33939551357173,79.33939551357173,99.33939551357173,119.33939551357173
5178,27.1,19.599986453350578,39.59998645335058,59.59998645335058,79.59998645335058
5179,27.6,20.32027997809317,40.32027997809317,60.32027997809317,80.32027997809317
5180,29.8,21.47274961768132,41.472749617681316,61.472749617681316,81.47274961768132
5181,27.2,82.85512165144979,102.85512165144979,122.85512165144979,142.8551216514498
5182,26.7,19.0237516335565,39.0237516335565,59.0237516335565,79.0237516335565
5183,26.0,18.879692928607984,38.87969292860798,58.87969292860798,78.87969292860798
5184,25.8,18.879692928607984,38.87969292860798,58.87969292860798,78.87969292860798
5185,24.4,18.879692928607984,38.87969292860798,58.87969292860798,78.87969292860798
5186,23.9,19.0237516335565,39.0237516335565,59.0237516335565,79.0237516335565
5187,23.4,18.447516813762427,38.44751681376243,58.44751681376243,78.44751681376243
5188,23.1,18.735634223659464,38.73563422365946,58.73563422365946,78.73563422365946
5189,23.5,18.735634223659464,38.73563422365946,58.73563422365946,78.73563422365946
5190,23.0,19.16781033850502,39.16781033850502,59.16781033850502,79.16781033850502
5191,24.1,20.464338683041685,40.46433868304169,60.46433868304169,80.46433868304169
5192,23.8,21.040573502835763,41.04057350283576,61.04057350283576,81.04057350283577
5193,24.4,46.28500410009604,66.28500410009605,86.28500410009605,106.28500410009605
5194,26.7,21.040573502835763,41.04057350283576,61.04057350283576,81.04057350283577
5195,26.0,19.744045158299095,39.744045158299095,59.744045158299095,79.74404515829909
5196,27.2,17.87128199396835,37.87128199396835,57.87128199396835,77.87128199396835
5197,27.8,55.88198659480728,75.88198659480727,95.88198659480727,115.88198659480727
5198,28.2,19.311869043453537,39.31186904345354,59.31186904345354,79.31186904345354
5199,26.8,20.464338683041685,40.46433868304169,60.46433868304169,80.46433868304169
5200,27.4,20.608397387990205,40.60839738799021,60.60839738799021,80.60839738799021
5201,27.8,18.447516813762427,38.44751681376243,58.44751681376243,78.44751681376243
5202,27.5,80.40612366732498,100.40612366732498,120.40612366732498,140.40612366732498
5203,26.2,17.29504717417428,37.29504717417428,57.29504717417428,77.29504717417427
5204,26.0,15.854460124689094,35.8544601246891,55.8544601246891,75.8544601246891
5205,25.6,14.846049190049467,34.84604919004947,54.84604919004947,74.84604919004947
5206,24.9,14.413873075203906,34.41387307520391,54.41387307520391,74.41387307520391
5207,24.6,14.26981437025539,34.26981437025539,54.26981437025539,74.26981437025539
5208,23.1,13.693579550461315,33.693579550461315,53.693579550461315,73.69357955046132
5209,22.8,13.693579550461315,33.693579550461315,53.693579550461315,73.69357955046132
5210,23.1,13.549520845512799,33.5495208455128,53.5495208455128,73.5495208455128
5211,22.2,13.405462140564278,33.40546214056428,53.40546214056428,73.40546214056428
5212,22.9,13.981696960358352,33.98169696035835,53.98169696035835,73.98169696035835
5213,22.9,14.125755665306873,34.12575566530687,54.12575566530687,74.12575566530687
5214,24.3,39.946421082361226,59.946421082361226,79.94642108236123,99.94642108236123
5215,26.0,15.27822530489502,35.27822530489502,55.27822530489502,75.27822530489502
5216,26.1,15.566342714792057,35.56634271479206,55.56634271479206,75.56634271479206
5217,26.5,15.854460124689094,35.8544601246891,55.8544601246891,75.8544601246891
5218,26.3,54.4413995453221,74.4413995453221,94.4413995453221,114.4413995453221
5219,26.3,17.727223289019836,37.72722328901983,57.72722328901983,77.72722328901983
5220,27.3,18.591575518710947,38.59157551871095,58.59157551871095,78.59157551871095
5221,27.6,19.599986453350578,39.59998645335058,59.59998645335058,79.59998645335058
5222,26.5,20.32027997809317,40.32027997809317,60.32027997809317,80.32027997809317
5223,26.3,21.760867027578357,41.76086702757836,61.76086702757836,81.76086702757836
5224,26.6,87.03282409495682,107.03282409495682,127.03282409495682,147.03282409495682
5225,25.9,25.074217241394283,45.07421724139428,65.07421724139428,85.07421724139428
5226,25.4,26.08262817603391,46.08262817603391,66.08262817603391,86.08262817603391
5227,24.4,27.09103911067354,47.09103911067354,67.09103911067353,87.09103911067353
5228,24.7,28.099450045313173,48.099450045313176,68.09945004531318,88.09945004531318
5229,23.3,28.531626160158723,48.53162616015872,68.53162616015872,88.53162616015872
5230,23.3,29.1078609799528,49.107860979952804,69.1078609799528,89.1078609799528
5231,23.0,29.251919684901317,49.25191968490132,69.25191968490131,89.25191968490131
5232,22.8,29.97221320964391,49.97221320964391,69.97221320964391,89.97221320964391
5233,22.4,30.548448029437985,50.548448029437985,70.54844802943799,90.54844802943799
5234,22.9,30.980624144283546,50.980624144283546,70.98062414428355,90.98062414428355
5235,22.7,31.268741554180583,51.26874155418058,71.26874155418058,91.26874155418058
5236,22.5,56.801289561337896,76.8012895613379,96.8012895613379,116.8012895613379
5237,23.1,30.980624144283546,50.980624144283546,70.98062414428355,90.98062414428355
5238,25.1,29.97221320964391,49.97221320964391,69.97221320964391,89.97221320964391
5239,26.9,28.96380227500428,48.963802275004284,68.96380227500428,88.96380227500428
5240,27.6,65.82203723625506,85.82203723625506,105.82203723625506,125.82203723625506
5241,27.4,27.23509781562206,47.235097815622055,67.23509781562205,87.23509781562205
5242,27.9,28.099450045313173,48.099450045313176,68.09945004531318,88.09945004531318
5243,26.6,28.675684865107243,48.67568486510724,68.67568486510724,88.67568486510724
5244,26.8,29.828154504695394,49.82815450469539,69.82815450469539,89.82815450469539
5245,26.8,30.83656543933502,50.83656543933502,70.83656543933502,90.83656543933502
5246,26.6,31.844976373974653,51.84497637397465,71.84497637397465,91.84497637397465
5247,26.9,95.3882289819709,115.3882289819709,135.38822898197088,155.38822898197088
5248,26.7,32.9974460135628,52.9974460135628,72.99744601356281,92.99744601356281
5249,26.4,33.285563423459834,53.285563423459834,73.28556342345983,93.28556342345983
5250,26.3,33.14150471851132,53.14150471851132,73.14150471851133,93.14150471851133
5251,26.1,32.9974460135628,52.9974460135628,72.99744601356281,92.99744601356281
5252,25.9,33.429622128408354,53.429622128408354,73.42962212840835,93.42962212840835
5253,25.9,33.573680833356875,53.573680833356875,73.57368083335687,93.57368083335687
5254,25.5,33.573680833356875,53.573680833356875,73.57368083335687,93.57368083335687
5255,25.2,33.429622128408354,53.429622128408354,73.42962212840835,93.42962212840835
5256,25.8,32.9974460135628,52.9974460135628,72.99744601356281,92.99744601356281
5257,26.4,32.42121119376873,52.42121119376873,72.42121119376873,92.42121119376873
5258,26.0,31.98903507892317,51.989035078923166,71.98903507892317,91.98903507892317
5259,26.5,56.801289561337896,76.8012895613379,96.8012895613379,116.8012895613379
5260,27.7,30.980624144283546,50.980624144283546,70.98062414428355,90.98062414428355
5261,28.9,29.97221320964391,49.97221320964391,69.97221320964391,89.97221320964391
5262,32.4,28.81974357005576,48.81974357005576,68.81974357005576,88.81974357005576
5263,31.5,65.10174371151247,85.10174371151247,105.10174371151247,125.10174371151247
5264,31.5,26.514804290879468,46.51480429087947,66.51480429087947,86.51480429087947
5265,30.5,26.514804290879468,46.51480429087947,66.51480429087947,86.51480429087947
5266,30.2,26.946980405725025,46.94698040572503,66.94698040572503,86.94698040572503
5267,29.7,27.523215225519095,47.523215225519095,67.5232152255191,87.5232152255191
5268,28.6,28.387567455210206,48.3875674552102,68.3875674552102,88.3875674552102
5269,28.3,28.81974357005576,48.81974357005576,68.81974357005576,88.81974357005576
5270,28.7,92.07487876815497,112.07487876815497,132.07487876815497,152.07487876815497
5271,28.9,29.1078609799528,49.107860979952804,69.1078609799528,89.1078609799528
5272,29.3,29.540037094798354,49.54003709479835,69.54003709479835,89.54003709479835
5273,29.5,29.828154504695394,49.82815450469539,69.82815450469539,89.82815450469539
5274,30.3,29.251919684901317,49.25191968490132,69.25191968490131,89.25191968490131
5275,28.5,29.1078609799528,49.107860979952804,69.1078609799528,89.1078609799528
5276,27.6,29.1078609799528,49.107860979952804,69.1078609799528,89.1078609799528
5277,26.5,28.387567455210206,48.3875674552102,68.3875674552102,88.3875674552102
5278,26.9,28.531626160158723,48.53162616015872,68.53162616015872,88.53162616015872
5279,25.7,28.81974357005576,48.81974357005576,68.81974357005576,88.81974357005576
5280,24.6,28.96380227500428,48.963802275004284,68.96380227500428,88.96380227500428
5281,24.4,29.251919684901317,49.25191968490132,69.25191968490131,89.25191968490131
5282,23.7,28.675684865107243,48.67568486510724,68.67568486510724,88.67568486510724
5283,24.7,53.05576323267641,73.05576323267641,93.05576323267641,113.05576323267641
5284,27.1,27.09103911067354,47.09103911067354,67.09103911067353,87.09103911067353
5285,27.3,26.658862995827985,46.65886299582799,66.65886299582799,86.65886299582799
5286,26.7,63.66115666202729,83.66115666202728,103.66115666202728,123.66115666202728
5287,25.8,25.218275946342796,45.2182759463428,65.2182759463428,85.2182759463428
5288,24.7,26.802921700776505,46.80292170077651,66.80292170077651,86.80292170077651
5289,24.9,28.96380227500428,48.963802275004284,68.96380227500428,88.96380227500428
5290,24.9,30.404389324489465,50.404389324489465,70.40438932448947,90.40438932448947
5291,26.3,31.268741554180583,51.26874155418058,71.26874155418058,91.26874155418058
5292,25.5,95.24417027702239,115.24417027702239,135.2441702770224,155.2441702770224
5293,24.6,32.70932860366576,52.70932860366576,72.70932860366577,92.70932860366577
5294,24.7,33.285563423459834,53.285563423459834,73.28556342345983,93.28556342345983
5295,24.9,34.43803306304798,54.43803306304798,74.43803306304798,94.43803306304798
5296,23.7,35.15832658779058,55.15832658779058,75.15832658779058,95.15832658779058
5297,22.7,35.87862011253317,55.87862011253317,75.87862011253317,95.87862011253317
5298,21.8,36.1667375224302,56.1667375224302,76.1667375224302,96.1667375224302
5299,21.7,36.454854932327244,56.454854932327244,76.45485493232724,96.45485493232724
5300,21.2,36.454854932327244,56.454854932327244,76.45485493232724,96.45485493232724
5301,21.1,36.1667375224302,56.1667375224302,76.1667375224302,96.1667375224302
5302,21.0,35.302385292739096,55.302385292739096,75.3023852927391,95.3023852927391
5303,21.7,35.302385292739096,55.302385292739096,75.3023852927391,95.3023852927391
5304,22.1,34.5820917679965,54.5820917679965,74.5820917679965,94.5820917679965
5305,22.8,58.3859353157716,78.3859353157716,98.3859353157716,118.3859353157716
5306,25.6,31.98903507892317,51.989035078923166,71.98903507892317,91.98903507892317
5307,26.6,30.692506734386505,50.692506734386505,70.69250673438651,90.69250673438651
5308,26.6,29.395978389849837,49.39597838984984,69.39597838984983,89.39597838984983
5309,26.2,66.39827205604914,86.39827205604914,106.39827205604914,126.39827205604914
5310,26.0,27.811332635416132,47.811332635416136,67.81133263541614,87.81133263541614
5311,25.7,27.955391340364653,47.955391340364656,67.95539134036466,87.95539134036466
5312,24.9,28.81974357005576,48.81974357005576,68.81974357005576,88.81974357005576
5313,24.4,30.260330619540948,50.26033061954095,70.26033061954095,90.26033061954095
5314,25.5,30.404389324489465,50.404389324489465,70.40438932448947,90.40438932448947
5315,25.8,30.260330619540948,50.26033061954095,70.26033061954095,90.26033061954095
5316,24.9,93.94764193248571,113.94764193248571,133.9476419324857,153.9476419324857
5317,24.8,30.980624144283546,50.980624144283546,70.98062414428355,90.98062414428355
5318,23.7,32.9974460135628,52.9974460135628,72.99744601356281,92.99744601356281
5319,24.4,34.43803306304798,54.43803306304798,74.43803306304798,94.43803306304798
5320,23.6,35.15832658779058,55.15832658779058,75.15832658779058,95.15832658779058
5321,23.6,35.44644399768761,55.44644399768761,75.44644399768761,95.44644399768761
5322,22.8,36.1667375224302,56.1667375224302,76.1667375224302,96.1667375224302
5323,22.7,36.598913637275764,56.598913637275764,76.59891363727576,96.59891363727576
5324,22.5,37.03108975212131,57.03108975212131,77.03108975212132,97.03108975212132
5325,22.5,36.74297234222428,56.74297234222428,76.74297234222428,96.74297234222428
5326,22.9,36.454854932327244,56.454854932327244,76.45485493232724,96.45485493232724
5327,23.0,36.454854932327244,56.454854932327244,76.45485493232724,96.45485493232724
5328,23.4,61.69928552958753,81.69928552958753,101.69928552958753,121.69928552958753
5329,26.0,35.87862011253317,55.87862011253317,75.87862011253317,95.87862011253317
5330,28.1,34.726150472945015,54.726150472945015,74.72615047294502,94.72615047294502
5331,28.4,32.70932860366576,52.70932860366576,72.70932860366577,92.70932860366577
5332,27.4,68.84727004017395,88.84727004017395,108.84727004017395,128.84727004017395
5333,26.7,30.11627191459243,50.11627191459243,70.11627191459243,90.11627191459243
5334,26.4,29.684095799746874,49.68409579974687,69.68409579974687,89.68409579974687
5335,26.0,30.260330619540948,50.26033061954095,70.26033061954095,90.26033061954095
5336,26.4,30.83656543933502,50.83656543933502,70.83656543933502,90.83656543933502
5337,27.0,32.133093783871686,52.133093783871686,72.13309378387169,92.13309378387169
5338,27.8,33.429622128408354,53.429622128408354,73.42962212840835,93.42962212840835
5339,26.7,98.4134617858898,118.4134617858898,138.4134617858898,158.4134617858898
5340,26.1,36.598913637275764,56.598913637275764,76.59891363727576,96.59891363727576
5341,25.8,37.89544198181243,57.89544198181243,77.89544198181244,97.89544198181244
5342,25.0,38.90385291645206,58.90385291645206,78.90385291645205,98.90385291645205
5343,25.7,38.90385291645206,58.90385291645206,78.90385291645205,98.90385291645205
5344,24.7,37.75138327686391,57.75138327686391,77.75138327686392,97.75138327686392
5345,23.3,36.8870310471728,56.8870310471728,76.8870310471728,96.8870310471728
5346,22.9,36.310796227378724,56.310796227378724,76.31079622737872,96.31079622737872
5347,22.9,35.73456140758466,55.73456140758466,75.73456140758466,95.73456140758466
5348,22.8,36.310796227378724,56.310796227378724,76.31079622737872,96.31079622737872
5349,23.0,37.89544198181243,57.89544198181243,77.89544198181244,97.89544198181244
5350,24.5,38.4716768016065,58.4716768016065,78.47167680160649,98.47167680160649
5351,26.2,64.43640092360937,84.43640092360937,104.43640092360937,124.43640092360937
5352,27.7,39.48008773624613,59.48008773624613,79.48008773624613,99.48008773624613
5353,28.6,39.04791162140057,59.04791162140057,79.04791162140057,99.04791162140057
5354,28.9,37.60732457191539,57.60732457191539,77.6073245719154,97.6073245719154
5355,27.0,74.32150082821767,94.32150082821767,114.32150082821767,134.32150082821767
5356,26.8,35.15832658779058,55.15832658779058,75.15832658779058,95.15832658779058
5357,27.1,35.59050270263613,55.59050270263613,75.59050270263613,95.59050270263613
5358,26.3,37.17514845706984,57.17514845706984,77.17514845706984,97.17514845706984
5359,26.5,38.183559391709466,58.183559391709466,78.18355939170947,98.18355939170947
5360,26.8,38.327618096657986,58.327618096657986,78.32761809665799,98.32761809665799
5361,27.0,38.183559391709466,58.183559391709466,78.18355939170947,98.18355939170947
5362,26.7,100.71840106506609,120.71840106506609,140.71840106506608,160.71840106506608
5363,26.2,37.03108975212131,57.03108975212131,77.03108975212132,97.03108975212132
5364,25.3,36.454854932327244,56.454854932327244,76.45485493232724,96.45485493232724
5365,25.4,35.87862011253317,55.87862011253317,75.87862011253317,95.87862011253317
5366,25.3,35.014267882842056,55.014267882842056,75.01426788284206,95.01426788284206
5367,24.8,34.29397435809947,54.29397435809947,74.29397435809946,94.29397435809946
5368,24.2,33.573680833356875,53.573680833356875,73.57368083335687,93.57368083335687
5369,24.6,33.573680833356875,53.573680833356875,73.57368083335687,93.57368083335687
5370,24.6,33.14150471851132,53.14150471851132,73.14150471851133,93.14150471851133
5371,23.9,32.27715248882021,52.27715248882021,72.2771524888202,92.2771524888202
5372,24.1,31.70091766902613,51.700917669026126,71.70091766902613,91.70091766902613
5373,23.3,30.83656543933502,50.83656543933502,70.83656543933502,90.83656543933502
5374,24.0,30.548448029437985,50.548448029437985,70.54844802943799,90.54844802943799
5375,25.2,56.080996036595295,76.0809960365953,96.0809960365953,116.0809960365953
5376,28.1,31.98903507892317,51.989035078923166,71.98903507892317,91.98903507892317
5377,29.7,32.133093783871686,52.133093783871686,72.13309378387169,92.13309378387169
5378,29.2,30.980624144283546,50.980624144283546,70.98062414428355,90.98062414428355
5379,28.6,68.41509392532839,88.41509392532839,108.41509392532839,128.4150939253284
5380,28.3,29.540037094798354,49.54003709479835,69.54003709479835,89.54003709479835
5381,28.3,29.1078609799528,49.107860979952804,69.1078609799528,89.1078609799528
5382,27.6,29.251919684901317,49.25191968490132,69.25191968490131,89.25191968490131
5383,28.1,29.828154504695394,49.82815450469539,69.82815450469539,89.82815450469539
5384,28.4,30.260330619540948,50.26033061954095,70.26033061954095,90.26033061954095
5385,28.3,30.548448029437985,50.548448029437985,70.54844802943799,90.54844802943799
5386,28.6,93.94764193248571,113.94764193248571,133.9476419324857,153.9476419324857
5387,27.2,30.83656543933502,50.83656543933502,70.83656543933502,90.83656543933502
5388,26.4,30.404389324489465,50.404389324489465,70.40438932448947,90.40438932448947
5389,25.3,30.11627191459243,50.11627191459243,70.11627191459243,90.11627191459243
5390,24.2,30.404389324489465,50.404389324489465,70.40438932448947,90.40438932448947
5391,24.6,30.548448029437985,50.548448029437985,70.54844802943799,90.54844802943799
5392,24.4,29.97221320964391,49.97221320964391,69.97221320964391,89.97221320964391
5393,24.3,30.260330619540948,50.26033061954095,70.26033061954095,90.26033061954095
5394,23.8,30.548448029437985,50.548448029437985,70.54844802943799,90.54844802943799
5395,23.8,30.980624144283546,50.980624144283546,70.98062414428355,90.98062414428355
5396,22.3,31.268741554180583,51.26874155418058,71.26874155418058,91.26874155418058
5397,22.2,31.844976373974653,51.84497637397465,71.84497637397465,91.84497637397465
5398,22.8,32.56526989871724,52.56526989871724,72.56526989871725,92.56526989871725
5399,23.7,58.097817905874564,78.09781790587456,98.09781790587456,118.09781790587456
5400,24.8,33.285563423459834,53.285563423459834,73.28556342345983,93.28556342345983
5401,24.5,32.133093783871686,52.133093783871686,72.13309378387169,92.13309378387169
5402,25.3,31.268741554180583,51.26874155418058,71.26874155418058,91.26874155418058
5403,27.7,68.41509392532839,88.41509392532839,108.41509392532839,128.4150939253284
5404,27.5,30.11627191459243,50.11627191459243,70.11627191459243,90.11627191459243
5405,26.6,31.124682849232055,51.12468284923206,71.12468284923206,91.12468284923206
5406,26.6,32.9974460135628,52.9974460135628,72.99744601356281,92.99744601356281
5407,26.3,34.43803306304798,54.43803306304798,74.43803306304798,94.43803306304798
5408,26.1,36.8870310471728,56.8870310471728,76.8870310471728,96.8870310471728
5409,25.9,101.15057717991165,121.15057717991165,141.15057717991164,161.15057717991164
5410,25.2,37.60732457191539,57.60732457191539,77.6073245719154,97.6073245719154
5411,25.1,35.44644399768761,55.44644399768761,75.44644399768761,95.44644399768761
5412,24.5,34.29397435809947,54.29397435809947,74.29397435809946,94.29397435809946
5413,25.0,33.573680833356875,53.573680833356875,73.57368083335687,93.57368083335687
5414,24.5,33.14150471851132,53.14150471851132,73.14150471851133,93.14150471851133
5415,25.3,33.285563423459834,53.285563423459834,73.28556342345983,93.28556342345983
5416,26.6,35.73456140758466,55.73456140758466,75.73456140758466,95.73456140758466
5417,25.6,37.17514845706984,57.17514845706984,77.17514845706984,97.17514845706984
5418,25.0,38.03950068676095,58.03950068676095,78.03950068676096,98.03950068676096
5419,22.8,38.183559391709466,58.183559391709466,78.18355939170947,98.18355939170947
5420,24.2,38.4716768016065,58.4716768016065,78.47167680160649,98.47167680160649
5421,24.1,38.03950068676095,58.03950068676095,78.03950068676096,98.03950068676096
5422,24.1,62.131461644433074,82.13146164443307,102.13146164443307,122.13146164443307
5423,24.8,36.454854932327244,56.454854932327244,76.45485493232724,96.45485493232724
5424,26.8,70.57597449955617,90.57597449955617,110.57597449955617,130.57597449955617
5425,27.1,31.98903507892317,51.989035078923166,71.98903507892317,91.98903507892317
5426,27.0,32.42121119376873,52.42121119376873,72.42121119376873,92.42121119376873
5427,26.9,33.717739538305395,53.717739538305395,73.7177395383054,93.7177395383054
5428,26.4,34.5820917679965,54.5820917679965,74.5820917679965,94.5820917679965
5429,27.1,33.573680833356875,53.573680833356875,73.57368083335687,93.57368083335687
5430,26.3,32.42121119376873,52.42121119376873,72.42121119376873,92.42121119376873
5431,26.6,95.10011157207387,115.10011157207387,135.10011157207387,155.10011157207387
5432,26.3,31.844976373974653,51.84497637397465,71.84497637397465,91.84497637397465
5433,27.1,31.124682849232055,51.12468284923206,71.12468284923206,91.12468284923206
5434,27.7,30.404389324489465,50.404389324489465,70.40438932448947,90.40438932448947
5435,25.9,30.548448029437985,50.548448029437985,70.54844802943799,90.54844802943799
5436,25.8,29.97221320964391,49.97221320964391,69.97221320964391,89.97221320964391
5437,25.1,30.692506734386505,50.692506734386505,70.69250673438651,90.69250673438651
5438,25.3,30.980624144283546,50.980624144283546,70.98062414428355,90.98062414428355
5439,25.7,30.980624144283546,50.980624144283546,70.98062414428355,90.98062414428355
5440,25.5,30.980624144283546,50.980624144283546,70.98062414428355,90.98062414428355
5441,26.7,55.79287862669826,75.79287862669827,95.79287862669827,115.79287862669827
5442,28.9,30.404389324489465,50.404389324489465,70.40438932448947,90.40438932448947
5443,30.1,30.980624144283546,50.980624144283546,70.98062414428355,90.98062414428355
5444,29.6,31.124682849232055,51.12468284923206,71.12468284923206,91.12468284923206
5445,30.4,68.70321133522543,88.70321133522543,108.70321133522543,128.70321133522543
5446,29.8,30.548448029437985,50.548448029437985,70.54844802943799,90.54844802943799
5447,28.3,30.83656543933502,50.83656543933502,70.83656543933502,90.83656543933502
5448,28.6,31.70091766902613,51.700917669026126,71.70091766902613,91.70091766902613
5449,29.0,32.56526989871724,52.56526989871724,72.56526989871725,92.56526989871725
5450,29.8,33.14150471851132,53.14150471851132,73.14150471851133,93.14150471851133
5451,30.5,33.86179824325391,53.86179824325391,73.8617982432539,93.8617982432539
5452,29.2,97.98128567104423,117.98128567104423,137.98128567104425,157.98128567104425
5453,27.4,34.870209177893535,54.870209177893535,74.87020917789354,94.87020917789354
5454,27.2,35.302385292739096,55.302385292739096,75.3023852927391,95.3023852927391
5455,26.8,37.17514845706984,57.17514845706984,77.17514845706984,97.17514845706984
5456,27.0,39.33602903129761,59.33602903129761,79.33602903129761,99.33602903129761
5457,27.4,40.92067478573132,60.92067478573132,80.92067478573132,100.92067478573132
5458,29.3,42.07314442531947,62.07314442531947,82.07314442531947,102.07314442531947
5459,29.7,43.22561406490762,63.22561406490762,83.22561406490762,103.22561406490762
5460,28.6,43.80184888470169,63.80184888470169,83.80184888470168,103.80184888470168
5461,27.9,43.80184888470169,63.80184888470169,83.80184888470168,103.80184888470168
5462,27.8,44.81025981934131,64.81025981934131,84.81025981934131,104.81025981934131
5463,29.0,45.674612049032426,65.67461204903242,85.67461204903242,105.67461204903242
5464,30.1,46.39490557377502,66.39490557377502,86.39490557377502,106.39490557377502
5465,32.3,72.07151228588086,92.07151228588086,112.07151228588086,132.07151228588086
5466,33.4,46.827081688620574,66.82708168862058,86.82708168862058,106.82708168862058
5467,34.1,45.3864946391354,65.3864946391354,85.3864946391354,105.3864946391354
5468,33.6,42.93749665501058,62.93749665501058,82.93749665501058,102.93749665501058
5469,33.7,78.78732068162174,98.78732068162174,118.78732068162174,138.78732068162174
5470,33.1,39.62414644119465,59.62414644119465,79.62414644119465,99.62414644119465
5471,32.1,40.34443996593725,60.34443996593725,80.34443996593726,100.34443996593726
5472,32.1,41.92908572037095,61.92908572037095,81.92908572037095,101.92908572037095
5473,33.1,42.649379245113536,62.649379245113536,82.64937924511354,102.64937924511354
5474,33.7,43.94590758965021,63.94590758965021,83.9459075896502,103.9459075896502
5475,34.2,44.234024999547245,64.23402499954724,84.23402499954724,104.23402499954724
5476,33.9,108.6416298372346,128.6416298372346,148.6416298372346,168.6416298372346
5477,33.4,46.25084686882651,66.2508468688265,86.2508468688265,106.2508468688265
5478,32.4,46.827081688620574,66.82708168862058,86.82708168862058,106.82708168862058
5479,32.1,47.115199098517614,67.11519909851762,87.11519909851762,107.11519909851762
5480,31.1,47.547375213363175,67.54737521336318,87.54737521336318,107.54737521336318
5481,30.0,47.8354926232602,67.8354926232602,87.8354926232602,107.8354926232602
5482,29.8,48.41172744305428,68.41172744305427,88.41172744305427,108.41172744305427
5483,30.5,48.41172744305428,68.41172744305427,88.41172744305427,108.41172744305427
5484,29.8,48.555786148002795,68.5557861480028,88.5557861480028,108.5557861480028
5485,29.7,48.843903557899836,68.84390355789984,88.84390355789984,108.84390355789984
5486,30.6,48.843903557899836,68.84390355789984,88.84390355789984,108.84390355789984
5487,32.0,48.98796226284836,68.98796226284836,88.98796226284836,108.98796226284836
5488,32.2,48.843903557899836,68.84390355789984,88.84390355789984,108.84390355789984
5489,33.7,74.08833415516011,94.08833415516011,114.08833415516011,134.0883341551601
5490,36.3,48.555786148002795,68.5557861480028,88.5557861480028,108.5557861480028
5491,36.8,46.68302298367205,66.68302298367206,86.68302298367206,106.68302298367206
5492,36.8,43.94590758965021,63.94590758965021,83.9459075896502,103.9459075896502
5493,36.4,79.50761420636434,99.50761420636434,119.50761420636434,139.50761420636434
5494,35.3,40.48849867088576,60.48849867088576,80.48849867088576,100.48849867088576
5495,34.8,40.632557375834274,60.632557375834274,80.63255737583427,100.63255737583427
5496,35.5,42.07314442531947,62.07314442531947,82.07314442531947,102.07314442531947
5497,35.4,43.65779017975317,63.65779017975317,83.65779017975316,103.65779017975316
5498,37.0,44.522142409444285,64.52214240944429,84.52214240944429,104.52214240944429
5499,37.1,45.3864946391354,65.3864946391354,85.3864946391354,105.3864946391354
5500,36.5,108.92974724713164,128.92974724713164,148.92974724713164,168.92974724713164
5501,35.9,44.81025981934131,64.81025981934131,84.81025981934131,104.81025981934131
5502,37.5,44.08996629459872,64.08996629459872,84.08996629459872,104.08996629459872
5503,36.7,44.522142409444285,64.52214240944429,84.52214240944429,104.52214240944429
5504,34.9,44.81025981934131,64.81025981934131,84.81025981934131,104.81025981934131
5505,34.9,45.530553344083906,65.5305533440839,85.5305533440839,105.5305533440839
5506,34.9,45.962729458929466,65.96272945892946,85.96272945892946,105.96272945892946
5507,36.2,43.0815553599591,63.0815553599591,83.0815553599591,103.0815553599591
5508,36.2,41.064733490679835,61.064733490679835,81.06473349067983,101.06473349067983
5509,35.7,38.327618096657986,58.327618096657986,78.32761809665799,98.32761809665799
5510,36.0,36.598913637275764,56.598913637275764,76.59891363727576,96.59891363727576
5511,36.0,35.302385292739096,55.302385292739096,75.3023852927391,95.3023852927391
5512,37.2,59.10622884051419,79.10622884051419,99.10622884051419,119.10622884051419
5513,39.8,31.844976373974653,51.84497637397465,71.84497637397465,91.84497637397465
5514,40.5,30.260330619540948,50.26033061954095,70.26033061954095,90.26033061954095
5515,42.4,28.96380227500428,48.963802275004284,68.96380227500428,88.96380227500428
5516,41.8,65.24580241646099,85.24580241646099,105.24580241646099,125.24580241646099
5517,38.8,26.370745585930948,46.37074558593095,66.37074558593095,86.37074558593095
5518,37.3,25.794510766136877,45.79451076613688,65.79451076613688,85.79451076613688
5519,38.9,25.650452061188354,45.65045206118835,65.65045206118836,85.65045206118836
5520,39.1,26.08262817603391,46.08262817603391,66.08262817603391,86.08262817603391
5521,40.2,26.802921700776505,46.80292170077651,66.80292170077651,86.80292170077651
5522,42.5,26.514804290879468,46.51480429087947,66.51480429087947,86.51480429087947
5523,42.6,89.48182207908164,109.48182207908164,129.48182207908164,149.48182207908164
5524,41.2,26.514804290879468,46.51480429087947,66.51480429087947,86.51480429087947
5525,40.1,27.23509781562206,47.235097815622055,67.23509781562205,87.23509781562205
5526,39.3,28.531626160158723,48.53162616015872,68.53162616015872,88.53162616015872
5527,38.9,28.531626160158723,48.53162616015872,68.53162616015872,88.53162616015872
5528,37.0,28.099450045313173,48.099450045313176,68.09945004531318,88.09945004531318
5529,36.2,27.811332635416132,47.811332635416136,67.81133263541614,87.81133263541614
5530,37.3,27.811332635416132,47.811332635416136,67.81133263541614,87.81133263541614
5531,36.1,28.675684865107243,48.67568486510724,68.67568486510724,88.67568486510724
5532,34.9,28.96380227500428,48.963802275004284,68.96380227500428,88.96380227500428
5533,35.9,30.260330619540948,50.26033061954095,70.26033061954095,90.26033061954095
5534,35.2,28.96380227500428,48.963802275004284,68.96380227500428,88.96380227500428
5535,35.8,27.811332635416132,47.811332635416136,67.81133263541614,87.81133263541614
5536,37.5,51.03894136339716,71.03894136339716,91.03894136339716,111.03894136339716
5537,38.2,24.786099831497243,44.78609983149724,64.78609983149724,84.78609983149724
5538,36.6,24.353923716651693,44.35392371665169,64.35392371665169,84.35392371665169
5539,37.7,23.921747601806135,43.92174760180613,63.92174760180613,83.92174760180613
5540,37.5,61.212158677902465,81.21215867790247,101.21215867790247,121.21215867790247
5541,37.4,23.489571486960575,43.48957148696057,63.48957148696057,83.48957148696057
5542,36.8,23.345512782012054,43.34551278201205,63.34551278201205,83.34551278201205
5543,36.4,23.633630191909095,43.63363019190909,63.63363019190909,83.63363019190909
5544,35.4,23.489571486960575,43.48957148696057,63.48957148696057,83.48957148696057
5545,35.8,23.489571486960575,43.48957148696057,63.48957148696057,83.48957148696057
5546,35.4,23.20145407706354,43.201454077063545,63.201454077063545,83.20145407706354
5547,33.8,85.88035445536867,105.88035445536867,125.88035445536867,145.88035445536866
5548,34.4,23.05739537211502,43.057395372115025,63.057395372115025,83.05739537211502
5549,33.9,22.481160552320947,42.481160552320944,62.481160552320944,82.48116055232094
5550,32.2,22.625219257269464,42.625219257269464,62.625219257269464,82.62521925726946
5551,30.6,22.769277962217984,42.769277962217984,62.769277962217984,82.76927796221798
5552,29.6,22.481160552320947,42.481160552320944,62.481160552320944,82.48116055232094
5553,29.4,22.337101847372427,42.33710184737242,62.33710184737242,82.33710184737242
5554,28.1,21.904925732526873,41.90492573252688,61.90492573252688,81.90492573252688
5555,27.9,21.904925732526873,41.90492573252688,61.90492573252688,81.90492573252688
5556,28.3,21.616808322629836,41.616808322629836,61.616808322629836,81.61680832262984
5557,29.4,21.616808322629836,41.616808322629836,61.616808322629836,81.61680832262984
5558,30.1,21.3286909127328,41.328690912732796,61.328690912732796,81.3286909127328
5559,31.6,46.57312150999307,66.57312150999307,86.57312150999307,106.57312150999307
5560,32.0,21.18463220778428,41.184632207784276,61.184632207784276,81.18463220778428
5561,35.2,21.040573502835763,41.04057350283576,61.04057350283576,81.04057350283577
5562,36.0,21.040573502835763,41.04057350283576,61.04057350283576,81.04057350283577
5563,35.2,58.76316069377765,78.76316069377765,98.76316069377765,118.76316069377765
5564,33.5,20.752456092938722,40.75245609293872,60.75245609293872,80.75245609293873
5565,32.7,20.608397387990205,40.60839738799021,60.60839738799021,80.60839738799021
5566,33.5,20.32027997809317,40.32027997809317,60.32027997809317,80.32027997809317
5567,33.4,19.88810386324761,39.88810386324761,59.88810386324761,79.88810386324761
5568,33.5,19.744045158299095,39.744045158299095,59.744045158299095,79.74404515829909
5569,33.4,19.455927748402058,39.45592774840206,59.45592774840206,79.45592774840206
5570,33.1,82.56700424155275,102.56700424155275,122.56700424155275,142.56700424155275
5571,32.8,19.744045158299095,39.744045158299095,59.744045158299095,79.74404515829909
5572,32.8,20.032162568196128,40.03216256819613,60.03216256819613,80.03216256819613
5573,31.8,20.32027997809317,40.32027997809317,60.32027997809317,80.32027997809317
5574,31.3,20.608397387990205,40.60839738799021,60.60839738799021,80.60839738799021
5575,30.4,20.464338683041685,40.46433868304169,60.46433868304169,80.46433868304169
5576,30.7,20.608397387990205,40.60839738799021,60.60839738799021,80.60839738799021
5577,30.4,21.040573502835763,41.04057350283576,61.04057350283576,81.04057350283577
5578,30.5,21.760867027578357,41.76086702757836,61.76086702757836,81.76086702757836
5579,31.9,21.904925732526873,41.90492573252688,61.90492573252688,81.90492573252688
5580,32.5,22.048984437475394,42.0489844374754,62.0489844374754,82.0489844374754
5581,32.4,47.29341503473567,67.29341503473567,87.29341503473567,107.29341503473567
5582,32.6,21.904925732526873,41.90492573252688,61.90492573252688,81.90492573252688
5583,33.7,21.904925732526873,41.90492573252688,61.90492573252688,81.90492573252688
5584,35.2,21.47274961768132,41.472749617681316,61.472749617681316,81.47274961768132
5585,35.7,58.61910198882913,78.61910198882913,98.61910198882913,118.61910198882913
5586,36.2,20.608397387990205,40.60839738799021,60.60839738799021,80.60839738799021
5587,35.1,20.608397387990205,40.60839738799021,60.60839738799021,80.60839738799021
5588,34.7,20.752456092938722,40.75245609293872,60.75245609293872,80.75245609293873
5589,35.6,20.752456092938722,40.75245609293872,60.75245609293872,80.75245609293873
5590,35.3,20.896514797887242,40.89651479788724,60.89651479788724,80.89651479788725
5591,36.9,20.896514797887242,40.89651479788724,60.89651479788724,80.89651479788725
5592,36.4,83.7194738811409,103.7194738811409,123.7194738811409,143.7194738811409
5593,35.6,20.608397387990205,40.60839738799021,60.60839738799021,80.60839738799021
5594,34.3,22.481160552320947,42.481160552320944,62.481160552320944,82.48116055232094
5595,34.9,23.20145407706354,43.201454077063545,63.201454077063545,83.20145407706354
5596,34.0,23.921747601806135,43.92174760180613,63.92174760180613,83.92174760180613
5597,33.2,24.20986501170317,44.20986501170317,64.20986501170317,84.20986501170317
5598,32.8,24.20986501170317,44.20986501170317,64.20986501170317,84.20986501170317
5599,32.6,24.06580630675465,44.06580630675465,64.06580630675465,84.06580630675465
5600,31.9,23.921747601806135,43.92174760180613,63.92174760180613,83.92174760180613
5601,32.2,24.06580630675465,44.06580630675465,64.06580630675465,84.06580630675465
5602,33.2,24.06580630675465,44.06580630675465,64.06580630675465,84.06580630675465
5603,33.4,24.49798242160021,44.49798242160021,64.49798242160021,84.49798242160021
5604,34.2,50.030530428757515,70.03053042875752,90.03053042875752,110.03053042875752
5605,38.4,25.36233465129132,45.36233465129132,65.36233465129132,85.36233465129132
5606,38.2,24.642041126548726,44.642041126548726,64.64204112654872,84.64204112654872
5607,38.9,23.633630191909095,43.63363019190909,63.63363019190909,83.63363019190909
5608,39.2,60.92404126800543,80.92404126800542,100.92404126800542,120.92404126800542
5609,38.1,22.625219257269464,42.625219257269464,62.625219257269464,82.62521925726946
5610,38.6,22.481160552320947,42.481160552320944,62.481160552320944,82.48116055232094
5611,38.7,22.337101847372427,42.33710184737242,62.33710184737242,82.33710184737242
5612,39.6,22.481160552320947,42.481160552320944,62.481160552320944,82.48116055232094
5613,39.5,22.481160552320947,42.481160552320944,62.481160552320944,82.48116055232094
5614,38.2,22.337101847372427,42.33710184737242,62.33710184737242,82.33710184737242
5615,37.3,85.59223704547165,105.59223704547165,125.59223704547165,145.59223704547165
5616,36.0,22.337101847372427,42.33710184737242,62.33710184737242,82.33710184737242
5617,36.4,22.769277962217984,42.769277962217984,62.769277962217984,82.76927796221798
5618,38.8,23.20145407706354,43.201454077063545,63.201454077063545,83.20145407706354
5619,38.1,23.345512782012054,43.34551278201205,63.34551278201205,83.34551278201205
5620,35.4,23.345512782012054,43.34551278201205,63.34551278201205,83.34551278201205
5621,35.9,23.633630191909095,43.63363019190909,63.63363019190909,83.63363019190909
5622,35.8,24.06580630675465,44.06580630675465,64.06580630675465,84.06580630675465
5623,35.3,24.20986501170317,44.20986501170317,64.20986501170317,84.20986501170317
5624,35.1,24.06580630675465,44.06580630675465,64.06580630675465,84.06580630675465
5625,36.0,23.921747601806135,43.92174760180613,63.92174760180613,83.92174760180613
5626,35.5,23.77768889685761,43.77768889685761,63.77768889685761,83.77768889685761
5627,37.6,23.633630191909095,43.63363019190909,63.63363019190909,83.63363019190909
5628,40.0,48.87806078916937,68.87806078916937,88.87806078916937,108.87806078916937
5629,42.0,23.345512782012054,43.34551278201205,63.34551278201205,83.34551278201205
5630,43.2,22.913336667166504,42.913336667166504,62.913336667166504,82.9133366671665
5631,43.3,22.481160552320947,42.481160552320944,62.481160552320944,82.48116055232094
5632,41.9,59.915630333365804,79.91563033336581,99.91563033336581,119.91563033336581
5633,41.4,21.904925732526873,41.90492573252688,61.90492573252688,81.90492573252688
5634,41.0,21.760867027578357,41.76086702757836,61.76086702757836,81.76086702757836
5635,42.1,21.616808322629836,41.616808322629836,61.616808322629836,81.61680832262984
5636,42.7,21.47274961768132,41.472749617681316,61.472749617681316,81.47274961768132
5637,43.0,21.040573502835763,41.04057350283576,61.04057350283576,81.04057350283577
5638,43.7,20.752456092938722,40.75245609293872,60.75245609293872,80.75245609293873
5639,44.2,83.57541517619238,103.57541517619238,123.57541517619238,143.5754151761924
5640,43.7,20.464338683041685,40.46433868304169,60.46433868304169,80.46433868304169
5641,43.5,20.464338683041685,40.46433868304169,60.46433868304169,80.46433868304169
5642,42.5,20.464338683041685,40.46433868304169,60.46433868304169,80.46433868304169
5643,42.3,20.32027997809317,40.32027997809317,60.32027997809317,80.32027997809317
5644,41.7,20.176221273144648,40.17622127314465,60.17622127314465,80.17622127314465
5645,41.2,20.032162568196128,40.03216256819613,60.03216256819613,80.03216256819613
5646,42.6,19.744045158299095,39.744045158299095,59.744045158299095,79.74404515829909
5647,42.0,19.455927748402058,39.45592774840206,59.45592774840206,79.45592774840206
5648,38.6,19.311869043453537,39.31186904345354,59.31186904345354,79.31186904345354
5649,37.6,19.0237516335565,39.0237516335565,59.0237516335565,79.0237516335565
5650,37.8,18.735634223659464,38.73563422365946,58.73563422365946,78.73563422365946
5651,37.1,18.591575518710947,38.59157551871095,58.59157551871095,78.59157551871095
5652,35.2,43.6919474110227,63.6919474110227,83.69194741102271,103.69194741102271
5653,38.2,18.591575518710947,38.59157551871095,58.59157551871095,78.59157551871095
5654,36.1,18.735634223659464,38.73563422365946,58.73563422365946,78.73563422365946
5655,34.8,56.602280119549874,76.60228011954987,96.60228011954987,116.60228011954987
5656,34.5,19.0237516335565,39.0237516335565,59.0237516335565,79.0237516335565
5657,34.9,19.311869043453537,39.31186904345354,59.31186904345354,79.31186904345354
5658,36.0,19.599986453350578,39.59998645335058,59.59998645335058,79.59998645335058
5659,34.9,20.176221273144648,40.17622127314465,60.17622127314465,80.17622127314465
5660,35.4,20.608397387990205,40.60839738799021,60.60839738799021,80.60839738799021
5661,37.7,21.040573502835763,41.04057350283576,61.04057350283576,81.04057350283577
5662,37.8,84.43976740588349,104.43976740588349,124.43976740588349,144.4397674058835
5663,36.4,21.3286909127328,41.328690912732796,61.328690912732796,81.3286909127328
5664,35.3,21.18463220778428,41.184632207784276,61.184632207784276,81.18463220778428
5665,35.0,20.32027997809317,40.32027997809317,60.32027997809317,80.32027997809317
5666,35.6,19.744045158299095,39.744045158299095,59.744045158299095,79.74404515829909
5667,36.7,18.879692928607984,38.87969292860798,58.87969292860798,78.87969292860798
5668,38.3,18.01534069891687,38.01534069891687,58.01534069891687,78.01534069891687
5669,35.2,17.583164584071316,37.58316458407131,57.58316458407131,77.58316458407131
5670,34.8,17.15098846922576,37.15098846922576,57.15098846922576,77.15098846922575
5671,35.0,16.86287105932872,36.862871059328725,56.862871059328725,76.86287105932873
5672,35.1,16.574753649431685,36.574753649431685,56.574753649431685,76.57475364943168
5673,34.0,16.28663623953465,36.28663623953465,56.28663623953465,76.28663623953466
5674,35.9,16.14257753458613,36.14257753458613,56.14257753458613,76.14257753458614
5675,37.0,40.66671460710381,60.66671460710381,80.66671460710381,100.66671460710381
5676,39.6,14.701990485100946,34.70199048510095,54.70199048510095,74.70199048510095
5677,38.9,13.981696960358352,33.98169696035835,53.98169696035835,73.98169696035835
5678,39.5,13.405462140564278,33.40546214056428,53.40546214056428,73.40546214056428
5679,40.6,51.12804933150617,71.12804933150616,91.12804933150616,111.12804933150616
5680,38.2,13.117344730667241,33.11734473066724,53.11734473066724,73.11734473066724
5681,38.0,13.117344730667241,33.11734473066724,53.11734473066724,73.11734473066724
5682,39.2,12.973286025718725,32.97328602571872,52.97328602571872,72.97328602571872
5683,39.9,13.117344730667241,33.11734473066724,53.11734473066724,73.11734473066724
5684,40.7,13.837638255409832,33.83763825540983,53.83763825540983,73.83763825540983
5685,40.8,14.413873075203906,34.41387307520391,54.41387307520391,74.41387307520391
5686,40.5,77.95712568320016,97.95712568320016,117.95712568320016,137.95712568320016
5687,38.9,14.701990485100946,34.70199048510095,54.70199048510095,74.70199048510095
5688,40.0,14.125755665306873,34.12575566530687,54.12575566530687,74.12575566530687
5689,40.6,13.549520845512799,33.5495208455128,53.5495208455128,73.5495208455128
5690,40.1,13.117344730667241,33.11734473066724,53.11734473066724,73.11734473066724
5691,40.8,13.405462140564278,33.40546214056428,53.40546214056428,73.40546214056428
5692,40.4,13.837638255409832,33.83763825540983,53.83763825540983,73.83763825540983
5693,39.9,14.701990485100946,34.70199048510095,54.70199048510095,74.70199048510095
5694,39.6,15.99851882963761,35.99851882963761,55.99851882963761,75.99851882963762
5695,42.2,16.574753649431685,36.574753649431685,56.574753649431685,76.57475364943168
5696,42.7,16.574753649431685,36.574753649431685,56.574753649431685,76.57475364943168
5697,44.7,17.29504717417428,37.29504717417428,57.29504717417428,77.29504717417427
5698,45.1,18.447516813762427,38.44751681376243,58.44751681376243,78.44751681376243
5699,46.5,44.4122409357653,64.4122409357653,84.4122409357653,104.4122409357653
5700,48.7,19.599986453350578,39.59998645335058,59.59998645335058,79.59998645335058
5701,50.5,18.879692928607984,38.87969292860798,58.87969292860798,78.87969292860798
5702,49.1,18.01534069891687,38.01534069891687,58.01534069891687,78.01534069891687
5703,45.9,54.58545825027062,74.58545825027062,94.58545825027062,114.58545825027062
5704,44.0,15.710401419740574,35.71040141974058,55.71040141974058,75.71040141974058
5705,47.0,15.854460124689094,35.8544601246891,55.8544601246891,75.8544601246891
5706,43.2,16.718812354380205,36.718812354380205,56.718812354380205,76.7188123543802
5707,45.6,17.87128199396835,37.87128199396835,57.87128199396835,77.87128199396835
5708,48.1,18.591575518710947,38.59157551871095,58.59157551871095,78.59157551871095
5709,49.1,19.599986453350578,39.59998645335058,59.59998645335058,79.59998645335058
5710,47.0,82.56700424155275,102.56700424155275,122.56700424155275,142.56700424155275
5711,44.5,19.455927748402058,39.45592774840206,59.45592774840206,79.45592774840206
5712,44.2,19.455927748402058,39.45592774840206,59.45592774840206,79.45592774840206
5713,42.4,20.032162568196128,40.03216256819613,60.03216256819613,80.03216256819613
5714,41.1,19.744045158299095,39.744045158299095,59.744045158299095,79.74404515829909
5715,37.8,20.032162568196128,40.03216256819613,60.03216256819613,80.03216256819613
5716,37.4,19.744045158299095,39.744045158299095,59.744045158299095,79.74404515829909
5717,38.8,19.455927748402058,39.45592774840206,59.45592774840206,79.45592774840206
5718,40.1,19.599986453350578,39.59998645335058,59.59998645335058,79.59998645335058
5719,40.3,19.599986453350578,39.59998645335058,59.59998645335058,79.59998645335058
5720,40.7,19.599986453350578,39.59998645335058,59.59998645335058,79.59998645335058
5721,41.8,19.455927748402058,39.45592774840206,59.45592774840206,79.45592774840206
5722,42.4,19.16781033850502,39.16781033850502,59.16781033850502,79.16781033850502
5723,43.6,44.84441705061086,64.84441705061086,84.84441705061086,104.84441705061086
5724,45.5,19.88810386324761,39.88810386324761,59.88810386324761,79.88810386324761
5725,48.2,19.599986453350578,39.59998645335058,59.59998645335058,79.59998645335058
5726,44.4,55.44981047996173,75.44981047996173,95.44981047996173,115.44981047996173
5727,41.6,17.006929764277242,37.006929764277245,57.006929764277245,77.00692976427725
5728,39.3,17.87128199396835,37.87128199396835,57.87128199396835,77.87128199396835
5729,37.8,19.455927748402058,39.45592774840206,59.45592774840206,79.45592774840206
5730,40.1,20.896514797887242,40.89651479788724,60.89651479788724,80.89651479788725
5731,41.6,20.752456092938722,40.75245609293872,60.75245609293872,80.75245609293873
5732,41.1,82.99918035639831,102.99918035639831,122.99918035639831,142.9991803563983
5733,39.4,20.32027997809317,40.32027997809317,60.32027997809317,80.32027997809317
5734,40.1,20.032162568196128,40.03216256819613,60.03216256819613,80.03216256819613
5735,39.1,19.16781033850502,39.16781033850502,59.16781033850502,79.16781033850502
5736,37.9,19.744045158299095,39.744045158299095,59.744045158299095,79.74404515829909
5737,34.4,18.735634223659464,38.73563422365946,58.73563422365946,78.73563422365946
5738,34.2,17.727223289019836,37.72722328901983,57.72722328901983,77.72722328901983
5739,31.8,17.15098846922576,37.15098846922576,57.15098846922576,77.15098846922575
5740,31.1,17.006929764277242,37.006929764277245,57.006929764277245,77.00692976427725
5741,31.3,17.006929764277242,37.006929764277245,57.006929764277245,77.00692976427725
5742,30.7,15.99851882963761,35.99851882963761,55.99851882963761,75.99851882963762
5743,32.1,15.42228400984354,35.42228400984354,55.42228400984354,75.42228400984354
5744,32.6,14.557931780152426,34.55793178015243,54.55793178015243,74.55793178015243
5745,33.3,37.4974230982364,57.4974230982364,77.4974230982364,97.4974230982364
5746,34.1,11.2445815663365,31.2445815663365,51.2445815663365,71.2445815663365
5747,33.5,10.668346746542426,30.668346746542426,50.668346746542426,70.66834674654243
5748,33.3,9.227759697057241,29.22775969705724,49.22775969705724,69.22775969705724
5749,33.6,46.230053363256545,66.23005336325654,86.23005336325654,106.23005336325654
5750,32.9,8.651524877263165,28.651524877263164,48.651524877263164,68.65152487726317
5751,32.9,9.227759697057241,29.22775969705724,49.22775969705724,69.22775969705724
5752,33.4,10.524288041593906,30.524288041593906,50.524288041593906,70.5242880415939
5753,31.6,11.820816386130574,31.820816386130574,51.82081638613057,71.82081638613057
5754,31.8,13.405462140564278,33.40546214056428,53.40546214056428,73.40546214056428
5755,31.5,13.405462140564278,33.40546214056428,53.40546214056428,73.40546214056428
5756,32.4,75.50812769907535,95.50812769907535,115.50812769907535,135.50812769907535
5757,32.9,11.100522861387981,31.10052286138798,51.10052286138798,71.10052286138799
5758,32.9,11.532698976233537,31.532698976233537,51.53269897623353,71.53269897623353
5759,33.0,12.397051205924647,32.39705120592465,52.39705120592465,72.39705120592464
5760,33.9,13.405462140564278,33.40546214056428,53.40546214056428,73.40546214056428
5761,36.2,14.846049190049467,34.84604919004947,54.84604919004947,74.84604919004947
5762,35.3,15.854460124689094,35.8544601246891,55.8544601246891,75.8544601246891
5763,35.3,16.430694944483168,36.430694944483164,56.430694944483164,76.43069494448316
5764,35.9,17.583164584071316,37.58316458407131,57.58316458407131,77.58316458407131
5765,37.4,17.15098846922576,37.15098846922576,57.15098846922576,77.15098846922575
5766,38.0,17.583164584071316,37.58316458407131,57.58316458407131,77.58316458407131
5767,35.7,17.727223289019836,37.72722328901983,57.72722328901983,77.72722328901983
5768,34.8,18.01534069891687,38.01534069891687,58.01534069891687,78.01534069891687
5769,37.4,44.12412352586826,64.12412352586826,84.12412352586826,104.12412352586826
5770,42.1,19.16781033850502,39.16781033850502,59.16781033850502,79.16781033850502
5771,41.0,19.311869043453537,39.31186904345354,59.31186904345354,79.31186904345354
5772,37.1,18.735634223659464,38.73563422365946,58.73563422365946,78.73563422365946
5773,36.7,56.314162709652834,76.31416270965283,96.31416270965283,116.31416270965283
5774,35.5,17.727223289019836,37.72722328901983,57.72722328901983,77.72722328901983
5775,34.5,17.29504717417428,37.29504717417428,57.29504717417428,77.29504717417427
5776,34.3,17.006929764277242,37.006929764277245,57.006929764277245,77.00692976427725
5777,34.1,16.574753649431685,36.574753649431685,56.574753649431685,76.57475364943168
5778,34.4,17.15098846922576,37.15098846922576,57.15098846922576,77.15098846922575
5779,34.6,17.87128199396835,37.87128199396835,57.87128199396835,77.87128199396835
5780,32.9,82.71106294650127,102.71106294650127,122.71106294650127,142.71106294650127
5781,32.6,19.744045158299095,39.744045158299095,59.744045158299095,79.74404515829909
5782,32.1,20.896514797887242,40.89651479788724,60.89651479788724,80.89651479788725
5783,30.6,21.47274961768132,41.472749617681316,61.472749617681316,81.47274961768132
5784,30.0,22.048984437475394,42.0489844374754,62.0489844374754,82.0489844374754
5785,28.9,22.481160552320947,42.481160552320944,62.481160552320944,82.48116055232094
5786,28.4,24.49798242160021,44.49798242160021,64.49798242160021,84.49798242160021
5787,27.6,25.218275946342796,45.2182759463428,65.2182759463428,85.2182759463428
5788,28.9,25.93856947108539,45.93856947108539,65.93856947108539,85.93856947108539
5789,29.2,50.606765248551596,70.6067652485516,90.6067652485516,110.6067652485516
5790,30.0,25.50639335623984,45.50639335623984,65.50639335623984,85.50639335623984
5791,30.3,25.074217241394283,45.07421724139428,65.07421724139428,85.07421724139428
5792,29.5,24.93015853644576,44.93015853644576,64.93015853644576,84.93015853644576
5793,28.5,63.08492184223321,83.0849218422332,103.0849218422332,123.0849218422332
5794,27.6,25.650452061188354,45.65045206118835,65.65045206118836,85.65045206118836
5795,27.5,26.08262817603391,46.08262817603391,66.08262817603391,86.08262817603391
5796,27.7,27.37915652057058,47.379156520570575,67.37915652057058,87.37915652057058
5797,27.0,27.66727393046762,47.667273930467616,67.66727393046762,87.66727393046762
5798,26.7,28.96380227500428,48.963802275004284,68.96380227500428,88.96380227500428
5799,26.9,30.83656543933502,50.83656543933502,70.83656543933502,90.83656543933502
5800,27.6,94.52387675227979,114.52387675227979,134.5238767522798,154.5238767522798
5801,26.7,31.844976373974653,51.84497637397465,71.84497637397465,91.84497637397465
5802,25.0,30.692506734386505,50.692506734386505,70.69250673438651,90.69250673438651
5803,23.5,31.268741554180583,51.26874155418058,71.26874155418058,91.26874155418058
5804,23.1,33.717739538305395,53.717739538305395,73.7177395383054,93.7177395383054
5805,22.7,34.5820917679965,54.5820917679965,74.5820917679965,94.5820917679965
5806,21.8,35.302385292739096,55.302385292739096,75.3023852927391,95.3023852927391
5807,21.8,35.73456140758466,55.73456140758466,75.73456140758466,95.73456140758466
5808,21.3,36.02267881748169,56.02267881748169,76.02267881748169,96.02267881748169
5809,21.0,35.87862011253317,55.87862011253317,75.87862011253317,95.87862011253317
5810,23.0,36.1667375224302,56.1667375224302,76.1667375224302,96.1667375224302
5811,23.9,60.97899200484493,80.97899200484494,100.97899200484494,120.97899200484494
5812,25.1,34.870209177893535,54.870209177893535,74.87020917789354,94.87020917789354
5813,26.1,34.726150472945015,54.726150472945015,74.72615047294502,94.72615047294502
5814,28.0,33.717739538305395,53.717739538305395,73.7177395383054,93.7177395383054
5815,27.8,69.71162226986506,89.71162226986506,109.71162226986506,129.71162226986507
5816,27.1,30.83656543933502,50.83656543933502,70.83656543933502,90.83656543933502
5817,26.0,30.980624144283546,50.980624144283546,70.98062414428355,90.98062414428355
5818,25.4,31.844976373974653,51.84497637397465,71.84497637397465,91.84497637397465
5819,26.2,31.844976373974653,51.84497637397465,71.84497637397465,91.84497637397465
5820,27.7,31.98903507892317,51.989035078923166,71.98903507892317,91.98903507892317
5821,26.7,31.556858964077616,51.55685896407762,71.55685896407762,91.55685896407762
5822,26.6,94.95605286712535,114.95605286712535,134.95605286712535,154.95605286712535
5823,25.8,34.14991565315095,54.14991565315095,74.14991565315094,94.14991565315094
5824,25.1,35.87862011253317,55.87862011253317,75.87862011253317,95.87862011253317
5825,25.0,37.60732457191539,57.60732457191539,77.6073245719154,97.6073245719154
5826,25.2,39.04791162140057,59.04791162140057,79.04791162140057,99.04791162140057
5827,24.6,40.05632255604021,60.05632255604021,80.05632255604021,100.05632255604021
5828,23.9,41.064733490679835,61.064733490679835,81.06473349067983,101.06473349067983
5829,24.2,41.640968310473916,61.640968310473916,81.64096831047391,101.64096831047391
5830,23.8,42.3612618352165,62.3612618352165,82.36126183521651,102.36126183521651
5831,23.5,42.93749665501058,62.93749665501058,82.93749665501058,102.93749665501058
5832,23.4,42.93749665501058,62.93749665501058,82.93749665501058,102.93749665501058
5833,23.6,42.649379245113536,62.649379245113536,82.64937924511354,102.64937924511354
5834,24.2,41.208792195628355,61.208792195628355,81.20879219562835,101.20879219562835
5835,24.5,65.01263574340345,85.01263574340345,105.01263574340345,125.01263574340345
5836,25.1,38.03950068676095,58.03950068676095,78.03950068676096,98.03950068676096
5837,26.8,36.310796227378724,56.310796227378724,76.31079622737872,96.31079622737872
5838,27.6,34.5820917679965,54.5820917679965,74.5820917679965,94.5820917679965
5839,26.6,71.00815061440173,91.00815061440173,111.00815061440173,131.00815061440173
5840,24.7,31.98903507892317,51.989035078923166,71.98903507892317,91.98903507892317
5841,25.1,31.412800259129092,51.41280025912909,71.41280025912909,91.41280025912909
5842,25.7,31.124682849232055,51.12468284923206,71.12468284923206,91.12468284923206
5843,25.3,30.83656543933502,50.83656543933502,70.83656543933502,90.83656543933502
5844,25.5,30.692506734386505,50.692506734386505,70.69250673438651,90.69250673438651
5845,27.8,30.548448029437985,50.548448029437985,70.54844802943799,90.54844802943799
5846,27.9,93.22734840774312,113.22734840774312,133.22734840774314,153.22734840774314
5847,27.6,29.684095799746874,49.68409579974687,69.68409579974687,89.68409579974687
5848,25.9,29.395978389849837,49.39597838984984,69.39597838984983,89.39597838984983
5849,23.6,29.251919684901317,49.25191968490132,69.25191968490131,89.25191968490131
5850,23.2,29.540037094798354,49.54003709479835,69.54003709479835,89.54003709479835
5851,23.3,29.684095799746874,49.68409579974687,69.68409579974687,89.68409579974687
5852,22.8,29.251919684901317,49.25191968490132,69.25191968490131,89.25191968490131
5853,22.9,28.96380227500428,48.963802275004284,68.96380227500428,88.96380227500428
5854,21.6,27.66727393046762,47.667273930467616,67.66727393046762,87.66727393046762
5855,21.9,27.523215225519095,47.523215225519095,67.5232152255191,87.5232152255191
5856,22.0,27.37915652057058,47.379156520570575,67.37915652057058,87.37915652057058
5857,23.3,52.047352298036785,72.04735229803678,92.04735229803678,112.04735229803678
5858,23.1,26.370745585930948,46.37074558593095,66.37074558593095,86.37074558593095
5859,25.9,26.08262817603391,46.08262817603391,66.08262817603391,86.08262817603391
5860,27.8,63.94927407192432,83.94927407192432,103.94927407192432,123.94927407192432
5861,28.8,26.08262817603391,46.08262817603391,66.08262817603391,86.08262817603391
5862,30.0,26.226686880982435,46.226686880982435,66.22668688098244,86.22668688098244
5863,29.4,26.946980405725025,46.94698040572503,66.94698040572503,86.94698040572503
5864,29.9,27.37915652057058,47.379156520570575,67.37915652057058,87.37915652057058
5865,29.6,27.37915652057058,47.379156520570575,67.37915652057058,87.37915652057058
5866,30.4,27.523215225519095,47.523215225519095,67.5232152255191,87.5232152255191
5867,30.6,90.77835042361832,110.77835042361832,130.77835042361832,150.77835042361832
5868,30.2,27.811332635416132,47.811332635416136,67.81133263541614,87.81133263541614
5869,29.9,27.811332635416132,47.811332635416136,67.81133263541614,87.81133263541614
5870,30.0,27.811332635416132,47.811332635416136,67.81133263541614,87.81133263541614
5871,29.6,27.66727393046762,47.667273930467616,67.66727393046762,87.66727393046762
5872,28.8,26.802921700776505,46.80292170077651,66.80292170077651,86.80292170077651
5873,29.1,27.23509781562206,47.235097815622055,67.23509781562205,87.23509781562205
5874,29.7,28.531626160158723,48.53162616015872,68.53162616015872,88.53162616015872
5875,29.7,30.548448029437985,50.548448029437985,70.54844802943799,90.54844802943799
5876,29.9,32.85338730861428,52.85338730861428,72.85338730861429,92.85338730861429
5877,30.2,35.59050270263613,55.59050270263613,75.59050270263613,95.59050270263613
5878,31.1,37.46326586696687,57.46326586696687,77.46326586696688,97.46326586696688
5879,32.5,38.4716768016065,58.4716768016065,78.47167680160649,98.47167680160649
5880,32.7,63.71610739886678,83.71610739886678,103.71610739886678,123.71610739886678
5881,34.2,37.46326586696687,57.46326586696687,77.46326586696688,97.46326586696688
5882,36.3,36.598913637275764,56.598913637275764,76.59891363727576,96.59891363727576
5883,37.2,36.02267881748169,56.02267881748169,76.02267881748169,96.02267881748169
5884,35.6,73.60120730347506,93.60120730347506,113.60120730347506,133.60120730347506
5885,33.6,35.73456140758466,55.73456140758466,75.73456140758466,95.73456140758466
5886,32.8,35.59050270263613,55.59050270263613,75.59050270263613,95.59050270263613
5887,31.6,36.02267881748169,56.02267881748169,76.02267881748169,96.02267881748169
5888,31.5,36.74297234222428,56.74297234222428,76.74297234222428,96.74297234222428
5889,32.9,36.8870310471728,56.8870310471728,76.8870310471728,96.8870310471728
5890,34.4,37.46326586696687,57.46326586696687,77.46326586696688,97.46326586696688
5891,33.3,100.28622495022054,120.28622495022054,140.28622495022054,160.28622495022054
5892,32.6,36.454854932327244,56.454854932327244,76.45485493232724,96.45485493232724
5893,32.9,36.02267881748169,56.02267881748169,76.02267881748169,96.02267881748169
5894,32.2,35.73456140758466,55.73456140758466,75.73456140758466,95.73456140758466
5895,31.8,36.02267881748169,56.02267881748169,76.02267881748169,96.02267881748169
5896,31.1,36.1667375224302,56.1667375224302,76.1667375224302,96.1667375224302
5897,29.6,36.598913637275764,56.598913637275764,76.59891363727576,96.59891363727576
5898,29.4,37.46326586696687,57.46326586696687,77.46326586696688,97.46326586696688
5899,29.3,37.89544198181243,57.89544198181243,77.89544198181244,97.89544198181244
5900,29.1,37.60732457191539,57.60732457191539,77.6073245719154,97.6073245719154
5901,28.8,37.03108975212131,57.03108975212131,77.03108975212132,97.03108975212132
5902,28.4,37.03108975212131,57.03108975212131,77.03108975212132,97.03108975212132
5903,28.5,37.17514845706984,57.17514845706984,77.17514845706984,97.17514845706984
5904,29.9,62.131461644433074,82.13146164443307,102.13146164443307,122.13146164443307
5905,30.3,36.598913637275764,56.598913637275764,76.59891363727576,96.59891363727576
5906,31.4,35.15832658779058,55.15832658779058,75.15832658779058,95.15832658779058
5907,31.9,32.56526989871724,52.56526989871724,72.56526989871725,92.56526989871725
5908,31.1,68.84727004017395,88.84727004017395,108.84727004017395,128.84727004017395
5909,29.1,29.828154504695394,49.82815450469539,69.82815450469539,89.82815450469539
5910,28.6,29.1078609799528,49.107860979952804,69.1078609799528,89.1078609799528
5911,27.1,29.1078609799528,49.107860979952804,69.1078609799528,89.1078609799528
5912,26.6,29.684095799746874,49.68409579974687,69.68409579974687,89.68409579974687
5913,27.1,29.540037094798354,49.54003709479835,69.54003709479835,89.54003709479835
5914,27.2,92.50705488300054,112.50705488300054,132.50705488300054,152.50705488300054
5915,25.1,29.1078609799528,49.107860979952804,69.1078609799528,89.1078609799528
5916,24.7,28.675684865107243,48.67568486510724,68.67568486510724,88.67568486510724
5917,24.1,27.09103911067354,47.09103911067354,67.09103911067353,87.09103911067353
5918,23.7,28.099450045313173,48.099450045313176,68.09945004531318,88.09945004531318
5919,23.5,28.96380227500428,48.963802275004284,68.96380227500428,88.96380227500428
5920,23.0,30.548448029437985,50.548448029437985,70.54844802943799,90.54844802943799
5921,23.2,31.844976373974653,51.84497637397465,71.84497637397465,91.84497637397465
5922,23.5,33.285563423459834,53.285563423459834,73.28556342345983,93.28556342345983
5923,23.4,33.717739538305395,53.717739538305395,73.7177395383054,93.7177395383054
5924,23.2,34.870209177893535,54.870209177893535,74.87020917789354,94.87020917789354
5925,23.4,61.26710941474197,81.26710941474197,101.26710941474197,121.26710941474197
5926,23.4,36.74297234222428,56.74297234222428,76.74297234222428,96.74297234222428
5927,23.8,36.02267881748169,56.02267881748169,76.02267881748169,96.02267881748169
5928,26.3,34.726150472945015,54.726150472945015,74.72615047294502,94.72615047294502
5929,26.1,71.15220931935025,91.15220931935025,111.15220931935025,131.15220931935025
5930,26.4,32.85338730861428,52.85338730861428,72.85338730861429,92.85338730861429
5931,26.4,33.86179824325391,53.86179824325391,73.8617982432539,93.8617982432539
5932,26.6,35.014267882842056,55.014267882842056,75.01426788284206,95.01426788284206
5933,26.6,34.870209177893535,54.870209177893535,74.87020917789354,94.87020917789354
5934,26.0,34.5820917679965,54.5820917679965,74.5820917679965,94.5820917679965
5935,25.7,98.12534437599275,118.12534437599275,138.12534437599277,158.12534437599277
5936,25.7,35.15832658779058,55.15832658779058,75.15832658779058,95.15832658779058
5937,25.1,35.15832658779058,55.15832658779058,75.15832658779058,95.15832658779058
5938,25.2,34.870209177893535,54.870209177893535,74.87020917789354,94.87020917789354
5939,24.5,33.573680833356875,53.573680833356875,73.57368083335687,93.57368083335687
5940,23.9,32.85338730861428,52.85338730861428,72.85338730861429,92.85338730861429
5941,23.1,33.86179824325391,53.86179824325391,73.8617982432539,93.8617982432539
5942,23.7,34.870209177893535,54.870209177893535,74.87020917789354,94.87020917789354
5943,23.7,36.310796227378724,56.310796227378724,76.31079622737872,96.31079622737872
5944,23.5,35.15832658779058,55.15832658779058,75.15832658779058,95.15832658779058
5945,24.1,34.43803306304798,54.43803306304798,74.43803306304798,94.43803306304798
5946,24.6,36.02267881748169,56.02267881748169,76.02267881748169,96.02267881748169
5947,25.8,36.598913637275764,56.598913637275764,76.59891363727576,96.59891363727576
5948,26.4,63.57204869391826,83.57204869391826,103.57204869391826,123.57204869391826
5949,26.1,39.33602903129761,59.33602903129761,79.33602903129761,99.33602903129761
5950,27.5,39.19197032634909,59.19197032634909,79.1919703263491,99.1919703263491
5951,28.3,36.454854932327244,56.454854932327244,76.45485493232724,96.45485493232724
5952,28.1,72.3046789589384,92.3046789589384,112.3046789589384,132.30467895893838
5953,26.1,33.717739538305395,53.717739538305395,73.7177395383054,93.7177395383054
5954,25.6,34.14991565315095,54.14991565315095,74.14991565315094,94.14991565315094
5955,25.7,34.5820917679965,54.5820917679965,74.5820917679965,94.5820917679965
5956,26.6,34.00585694820243,54.00585694820243,74.00585694820242,94.00585694820242
5957,27.2,32.133093783871686,52.133093783871686,72.13309378387169,92.13309378387169
5958,28.0,30.83656543933502,50.83656543933502,70.83656543933502,90.83656543933502
5959,27.8,93.51546581764016,113.51546581764016,133.51546581764018,153.51546581764018
5960,27.8,29.97221320964391,49.97221320964391,69.97221320964391,89.97221320964391
5961,27.9,28.96380227500428,48.963802275004284,68.96380227500428,88.96380227500428
5962,27.7,27.811332635416132,47.811332635416136,67.81133263541614,87.81133263541614
5963,27.6,28.099450045313173,48.099450045313176,68.09945004531318,88.09945004531318
5964,27.1,28.387567455210206,48.3875674552102,68.3875674552102,88.3875674552102
5965,27.0,28.243508750261686,48.24350875026168,68.24350875026168,88.24350875026168
5966,26.7,28.531626160158723,48.53162616015872,68.53162616015872,88.53162616015872
5967,25.6,30.404389324489465,50.404389324489465,70.40438932448947,90.40438932448947
5968,26.4,31.268741554180583,51.26874155418058,71.26874155418058,91.26874155418058
5969,27.5,31.556858964077616,51.55685896407762,71.55685896407762,91.55685896407762
5970,26.9,30.980624144283546,50.980624144283546,70.98062414428355,90.98062414428355
5971,27.4,55.36070251185271,75.36070251185271,95.36070251185271,115.36070251185271
5972,29.3,28.675684865107243,48.67568486510724,68.67568486510724,88.67568486510724
5973,30.5,27.37915652057058,47.379156520570575,67.37915652057058,87.37915652057058
5974,30.9,24.642041126548726,44.642041126548726,64.64204112654872,84.64204112654872
5975,29.6,61.212158677902465,81.21215867790247,101.21215867790247,121.21215867790247
5976,28.3,22.337101847372427,42.33710184737242,62.33710184737242,82.33710184737242
5977,27.1,21.904925732526873,41.90492573252688,61.90492573252688,81.90492573252688
5978,27.1,21.760867027578357,41.76086702757836,61.76086702757836,81.76086702757836
5979,26.6,21.760867027578357,41.76086702757836,61.76086702757836,81.76086702757836
5980,26.2,21.47274961768132,41.472749617681316,61.472749617681316,81.47274961768132
5981,25.5,84.87194352072905,104.87194352072905,124.87194352072905,144.87194352072905
5982,27.7,21.616808322629836,41.616808322629836,61.616808322629836,81.61680832262984
5983,24.5,22.769277962217984,42.769277962217984,62.769277962217984,82.76927796221798
5984,25.5,22.913336667166504,42.913336667166504,62.913336667166504,82.9133366671665
5985,28.1,22.769277962217984,42.769277962217984,62.769277962217984,82.76927796221798
5986,25.7,22.337101847372427,42.33710184737242,62.33710184737242,82.33710184737242
5987,23.0,22.337101847372427,42.33710184737242,62.33710184737242,82.33710184737242
5988,22.4,22.481160552320947,42.481160552320944,62.481160552320944,82.48116055232094
5989,22.9,22.769277962217984,42.769277962217984,62.769277962217984,82.76927796221798
5990,23.2,23.05739537211502,43.057395372115025,63.057395372115025,83.05739537211502
5991,23.2,48.44588467432382,68.44588467432382,88.44588467432382,108.44588467432382
5992,23.3,23.489571486960575,43.48957148696057,63.48957148696057,83.48957148696057
5993,24.0,23.489571486960575,43.48957148696057,63.48957148696057,83.48957148696057
5994,25.3,60.6359238581084,80.6359238581084,100.6359238581084,120.6359238581084
5995,24.1,22.769277962217984,42.769277962217984,62.769277962217984,82.76927796221798
5996,22.6,23.05739537211502,43.057395372115025,63.057395372115025,83.05739537211502
5997,22.1,23.20145407706354,43.201454077063545,63.201454077063545,83.20145407706354
5998,22.5,23.77768889685761,43.77768889685761,63.77768889685761,83.77768889685761
5999,22.5,24.06580630675465,44.06580630675465,64.06580630675465,84.06580630675465
6000,22.4,24.06580630675465,44.06580630675465,64.06580630675465,84.06580630675465
6001,22.2,87.17688279990534,107.17688279990534,127.17688279990534,147.17688279990534
6002,21.8,24.20986501170317,44.20986501170317,64.20986501170317,84.20986501170317
6003,21.6,24.20986501170317,44.20986501170317,64.20986501170317,84.20986501170317
6004,21.4,24.353923716651693,44.35392371665169,64.35392371665169,84.35392371665169
6005,21.0,25.36233465129132,45.36233465129132,65.36233465129132,85.36233465129132
6006,18.8,25.794510766136877,45.79451076613688,65.79451076613688,85.79451076613688
6007,19.8,25.50639335623984,45.50639335623984,65.50639335623984,85.50639335623984
6008,22.6,24.93015853644576,44.93015853644576,64.93015853644576,84.93015853644576
6009,21.6,24.353923716651693,44.35392371665169,64.35392371665169,84.35392371665169
6010,21.1,24.06580630675465,44.06580630675465,64.06580630675465,84.06580630675465
6011,22.3,23.05739537211502,43.057395372115025,63.057395372115025,83.05739537211502
6012,22.3,47.86964985452974,67.86964985452974,87.86964985452974,107.86964985452974
6013,22.9,22.337101847372427,42.33710184737242,62.33710184737242,82.33710184737242
6014,23.1,21.760867027578357,41.76086702757836,61.76086702757836,81.76086702757836
6015,22.9,21.3286909127328,41.328690912732796,61.328690912732796,81.3286909127328
6016,23.0,58.330984578932096,78.33098457893209,98.33098457893209,118.33098457893209
6017,23.5,19.88810386324761,39.88810386324761,59.88810386324761,79.88810386324761
6018,22.6,19.744045158299095,39.744045158299095,59.744045158299095,79.74404515829909
6019,22.1,19.455927748402058,39.45592774840206,59.45592774840206,79.45592774840206
6020,23.5,18.447516813762427,38.44751681376243,58.44751681376243,78.44751681376243
6021,24.1,17.583164584071316,37.58316458407131,57.58316458407131,77.58316458407131
6022,24.5,79.97394755247942,99.97394755247942,119.97394755247942,139.97394755247942
6023,24.5,16.718812354380205,36.718812354380205,56.718812354380205,76.7188123543802
6024,24.7,17.006929764277242,37.006929764277245,57.006929764277245,77.00692976427725
6025,23.1,17.29504717417428,37.29504717417428,57.29504717417428,77.29504717417427
6026,21.0,17.15098846922576,37.15098846922576,57.15098846922576,77.15098846922575
6027,19.2,17.727223289019836,37.72722328901983,57.72722328901983,77.72722328901983
6028,18.9,19.455927748402058,39.45592774840206,59.45592774840206,79.45592774840206
6029,18.7,21.040573502835763,41.04057350283576,61.04057350283576,81.04057350283577
6030,18.2,22.769277962217984,42.769277962217984,62.769277962217984,82.76927796221798
6031,18.1,22.625219257269464,42.625219257269464,62.625219257269464,82.62521925726946
6032,18.0,23.633630191909095,43.63363019190909,63.63363019190909,83.63363019190909
6033,17.4,23.77768889685761,43.77768889685761,63.77768889685761,83.77768889685761
6034,17.0,23.633630191909095,43.63363019190909,63.63363019190909,83.63363019190909
6035,16.8,49.02211949411789,69.02211949411789,89.02211949411789,109.02211949411789
6036,17.3,22.913336667166504,42.913336667166504,62.913336667166504,82.9133366671665
6037,18.0,22.048984437475394,42.0489844374754,62.0489844374754,82.0489844374754
6038,19.5,21.040573502835763,41.04057350283576,61.04057350283576,81.04057350283577
6039,18.9,57.61069105418951,77.61069105418952,97.61069105418952,117.61069105418952
6040,18.5,18.879692928607984,38.87969292860798,58.87969292860798,78.87969292860798
6041,18.3,18.30345810881391,38.30345810881391,58.30345810881391,78.30345810881391
6042,18.2,18.159399403865386,38.159399403865386,58.159399403865386,78.1593994038654
6043,19.3,18.591575518710947,38.59157551871095,58.59157551871095,78.59157551871095
6044,19.6,18.591575518710947,38.59157551871095,58.59157551871095,78.59157551871095
6045,19.3,82.13482812670719,102.13482812670719,122.13482812670719,142.1348281267072
6046,18.5,19.599986453350578,39.59998645335058,59.59998645335058,79.59998645335058
6047,17.8,20.896514797887242,40.89651479788724,60.89651479788724,80.89651479788725
6048,18.2,21.904925732526873,41.90492573252688,61.90492573252688,81.90492573252688
6049,17.5,22.337101847372427,42.33710184737242,62.33710184737242,82.33710184737242
6050,17.0,22.481160552320947,42.481160552320944,62.481160552320944,82.48116055232094
