timestep,hour_count,0,1,2,3,4
0,1,19.6,19.744045158299095,39.744045158299095,59.744045158299095,79.74404515829909
1,1,20.3,20.608397387990205,40.60839738799021,60.60839738799021,80.60839738799021
2,1,21.2,21.040573502835763,41.04057350283576,61.04057350283576,81.04057350283577
3,1,20.5,21.18463220778428,41.184632207784276,61.184632207784276,81.18463220778428
4,1,20.5,22.625219257269464,42.625219257269464,62.625219257269464,82.62521925726946
5,1,21.5,22.337101847372427,42.33710184737242,62.33710184737242,82.33710184737242
6,1,21.1,22.19304314242391,42.19304314242391,62.19304314242391,82.1930431424239
7,1,21.5,47.72559114958122,67.72559114958122,87.72559114958122,107.72559114958122
8,2,23.1,22.337101847372427,42.33710184737242,62.33710184737242,82.33710184737242
9,1,24.6,21.904925732526873,41.90492573252688,61.90492573252688,81.90492573252688
10,1,26.1,21.760867027578357,41.76086702757836,61.76086702757836,81.76086702757836
11,1,26.6,59.771571628417284,79.77157162841729,99.77157162841729,119.77157162841729
12,1,26.6,21.616808322629836,41.616808322629836,61.616808322629836,81.61680832262984
13,1,26.9,21.47274961768132,41.472749617681316,61.472749617681316,81.47274961768132
14,1,27.7,21.3286909127328,41.328690912732796,61.328690912732796,81.3286909127328
15,2,28.7,21.47274961768132,41.472749617681316,61.472749617681316,81.47274961768132
16,1,28.1,21.3286909127328,41.328690912732796,61.328690912732796,81.3286909127328
17,2,27.9,21.47274961768132,41.472749617681316,61.472749617681316,81.47274961768132
18,1,28.2,84.43976740588349,104.43976740588349,124.43976740588349,144.4397674058835
19,1,27.2,21.18463220778428,41.184632207784276,61.184632207784276,81.18463220778428
20,1,26.4,21.040573502835763,41.04057350283576,61.04057350283576,81.04057350283577
21,1,26.1,21.040573502835763,41.04057350283576,61.04057350283576,81.04057350283577
22,1,25.3,21.18463220778428,41.184632207784276,61.184632207784276,81.18463220778428
23,1,25.0,21.040573502835763,41.04057350283576,61.04057350283576,81.04057350283577
24,1,25.5,21.040573502835763,41.04057350283576,61.04057350283576,81.04057350283577
25,1,25.2,20.896514797887242,40.89651479788724,60.89651479788724,80.89651479788725
26,1,24.2,21.040573502835763,41.04057350283576,61.04057350283576,81.04057350283577
27,1,23.4,21.47274961768132,41.472749617681316,61.472749617681316,81.47274961768132
28,1,22.5,21.760867027578357,41.76086702757836,61.76086702757836,81.76086702757836
29,1,22.5,21.3286909127328,41.328690912732796,61.328690912732796,81.3286909127328
30,1,22.9,21.040573502835763,41.04057350283576,61.04057350283576,81.04057350283577
31,1,22.5,46.28500410009604,66.28500410009605,86.28500410009605,106.28500410009605
32,1,22.0,21.040573502835763,41.04057350283576,61.04057350283576,81.04057350283577
33,1,22.0,21.18463220778428,41.184632207784276,61.184632207784276,81.18463220778428
34,1,21.7,20.896514797887242,40.89651479788724,60.89651479788724,80.89651479788725
35,1,21.4,58.475043283880616,78.47504328388061,98.47504328388061,118.47504328388061
36,1,21.1,20.32027997809317,40.32027997809317,60.32027997809317,80.32027997809317
37,1,20.5,20.608397387990205,40.60839738799021,60.60839738799021,80.60839738799021
38,1,20.1,21.040573502835763,41.04057350283576,61.04057350283576,81.04057350283577
39,1,19.9,21.47274961768132,41.472749617681316,61.472749617681316,81.47274961768132
40,1,20.1,21.47274961768132,41.472749617681316,61.472749617681316,81.47274961768132
41,1,20.7,21.040573502835763,41.04057350283576,61.04057350283576,81.04057350283577
42,1,20.9,84.00759129103794,104.00759129103794,124.00759129103794,144.00759129103795
43,1,21.4,21.040573502835763,41.04057350283576,61.04057350283576,81.04057350283577
44,1,21.5,21.47274961768132,41.472749617681316,61.472749617681316,81.47274961768132
45,1,21.2,21.47274961768132,41.472749617681316,61.472749617681316,81.47274961768132
46,1,20.6,22.048984437475394,42.0489844374754,62.0489844374754,82.0489844374754
47,2,20.0,22.19304314242391,42.19304314242391,62.19304314242391,82.1930431424239
48,1,19.1,22.337101847372427,42.33710184737242,62.33710184737242,82.33710184737242
49,1,19.0,22.337101847372427,42.33710184737242,62.33710184737242,82.33710184737242
50,1,19.3,22.19304314242391,42.19304314242391,62.19304314242391,82.1930431424239
51,1,19.6,22.048984437475394,42.0489844374754,62.0489844374754,82.0489844374754
52,1,20.0,22.337101847372427,42.33710184737242,62.33710184737242,82.33710184737242
53,1,22.1,22.625219257269464,42.625219257269464,62.625219257269464,82.62521925726946
54,2,23.8,22.625219257269464,42.625219257269464,62.625219257269464,82.62521925726946
55,1,25.7,48.15776726442678,68.15776726442678,88.15776726442678,108.15776726442678
56,2,26.7,23.05739537211502,43.057395372115025,63.057395372115025,83.05739537211502
57,1,25.3,22.913336667166504,42.913336667166504,62.913336667166504,82.9133366671665
58,1,23.6,22.769277962217984,42.769277962217984,62.769277962217984,82.76927796221798
59,2,23.7,60.49186515315988,80.49186515315988,100.49186515315988,120.49186515315988
60,1,24.0,23.20145407706354,43.201454077063545,63.201454077063545,83.20145407706354
61,1,23.6,23.633630191909095,43.63363019190909,63.63363019190909,83.63363019190909
62,1,23.0,24.06580630675465,44.06580630675465,64.06580630675465,84.06580630675465
63,1,23.2,24.49798242160021,44.49798242160021,64.49798242160021,84.49798242160021
64,1,23.8,24.786099831497243,44.78609983149724,64.78609983149724,84.78609983149724
65,1,23.9,24.642041126548726,44.642041126548726,64.64204112654872,84.64204112654872
66,1,23.9,87.89717632464794,107.89717632464794,127.89717632464794,147.89717632464794
67,1,23.7,24.93015853644576,44.93015853644576,64.93015853644576,84.93015853644576
68,1,23.4,24.642041126548726,44.642041126548726,64.64204112654872,84.64204112654872
69,1,23.1,24.642041126548726,44.642041126548726,64.64204112654872,84.64204112654872
70,1,22.7,24.353923716651693,44.35392371665169,64.35392371665169,84.35392371665169
71,1,22.8,24.20986501170317,44.20986501170317,64.20986501170317,84.20986501170317
72,1,22.0,24.20986501170317,44.20986501170317,64.20986501170317,84.20986501170317
73,1,21.3,23.633630191909095,43.63363019190909,63.63363019190909,83.63363019190909
74,1,20.4,23.20145407706354,43.201454077063545,63.201454077063545,83.20145407706354
75,1,19.6,22.769277962217984,42.769277962217984,62.769277962217984,82.76927796221798
76,1,20.6,22.625219257269464,42.625219257269464,62.625219257269464,82.62521925726946
77,1,23.2,22.769277962217984,42.769277962217984,62.769277962217984,82.76927796221798
78,1,26.1,22.625219257269464,42.625219257269464,62.625219257269464,82.62521925726946
79,1,28.1,47.72559114958122,67.72559114958122,87.72559114958122,107.72559114958122
80,2,30.8,22.337101847372427,42.33710184737242,62.33710184737242,82.33710184737242
81,1,33.2,22.19304314242391,42.19304314242391,62.19304314242391,82.1930431424239
82,1,32.4,21.904925732526873,41.90492573252688,61.90492573252688,81.90492573252688
83,1,33.0,59.915630333365804,79.91563033336581,99.91563033336581,119.91563033336581
84,1,32.7,22.481160552320947,42.481160552320944,62.481160552320944,82.48116055232094
85,2,32.1,22.481160552320947,42.481160552320944,62.481160552320944,82.48116055232094
86,3,30.1,22.337101847372427,42.33710184737242,62.33710184737242,82.33710184737242
87,2,30.6,22.19304314242391,42.19304314242391,62.19304314242391,82.1930431424239
88,1,31.1,22.19304314242391,42.19304314242391,62.19304314242391,82.1930431424239
89,1,30.7,22.337101847372427,42.33710184737242,62.33710184737242,82.33710184737242
90,1,30.1,85.44817834052313,105.44817834052313,125.44817834052313,145.44817834052313
91,1,29.9,22.337101847372427,42.33710184737242,62.33710184737242,82.33710184737242
92,1,30.9,22.337101847372427,42.33710184737242,62.33710184737242,82.33710184737242
93,1,31.0,22.337101847372427,42.33710184737242,62.33710184737242,82.33710184737242
94,1,29.1,22.19304314242391,42.19304314242391,62.19304314242391,82.1930431424239
95,1,27.9,22.048984437475394,42.0489844374754,62.0489844374754,82.0489844374754
96,1,28.3,22.048984437475394,42.0489844374754,62.0489844374754,82.0489844374754
97,1,26.7,22.048984437475394,42.0489844374754,62.0489844374754,82.0489844374754
98,1,26.2,22.048984437475394,42.0489844374754,62.0489844374754,82.0489844374754
99,2,26.2,22.625219257269464,42.625219257269464,62.625219257269464,82.62521925726946
100,1,27.4,22.913336667166504,42.913336667166504,62.913336667166504,82.9133366671665
101,1,28.8,23.345512782012054,43.34551278201205,63.34551278201205,83.34551278201205
102,1,27.9,23.633630191909095,43.63363019190909,63.63363019190909,83.63363019190909
103,1,28.8,48.87806078916937,68.87806078916937,88.87806078916937,108.87806078916937
104,1,30.2,23.633630191909095,43.63363019190909,63.63363019190909,83.63363019190909
105,1,29.0,23.633630191909095,43.63363019190909,63.63363019190909,83.63363019190909
106,2,28.7,23.489571486960575,43.48957148696057,63.48957148696057,83.48957148696057
107,1,29.0,60.92404126800543,80.92404126800542,100.92404126800542,120.92404126800542
108,3,29.1,22.913336667166504,42.913336667166504,62.913336667166504,82.9133366671665
109,1,28.2,23.345512782012054,43.34551278201205,63.34551278201205,83.34551278201205
110,1,27.8,23.921747601806135,43.92174760180613,63.92174760180613,83.92174760180613
111,1,28.2,24.06580630675465,44.06580630675465,64.06580630675465,84.06580630675465
112,2,29.2,24.20986501170317,44.20986501170317,64.20986501170317,84.20986501170317
113,1,30.7,24.20986501170317,44.20986501170317,64.20986501170317,84.20986501170317
114,1,31.2,87.17688279990534,107.17688279990534,127.17688279990534,147.17688279990534
115,1,30.6,24.20986501170317,44.20986501170317,64.20986501170317,84.20986501170317
116,1,30.6,24.353923716651693,44.35392371665169,64.35392371665169,84.35392371665169
117,1,30.2,24.353923716651693,44.35392371665169,64.35392371665169,84.35392371665169
118,1,30.6,24.642041126548726,44.642041126548726,64.64204112654872,84.64204112654872
119,1,31.9,24.642041126548726,44.642041126548726,64.64204112654872,84.64204112654872
120,1,31.7,24.49798242160021,44.49798242160021,64.49798242160021,84.49798242160021
121,1,32.1,24.353923716651693,44.35392371665169,64.35392371665169,84.35392371665169
122,1,31.4,24.49798242160021,44.49798242160021,64.49798242160021,84.49798242160021
123,1,31.2,24.49798242160021,44.49798242160021,64.49798242160021,84.49798242160021
124,1,30.5,24.642041126548726,44.642041126548726,64.64204112654872,84.64204112654872
125,1,31.2,24.786099831497243,44.78609983149724,64.78609983149724,84.78609983149724
126,1,32.1,25.074217241394283,45.07421724139428,65.07421724139428,85.07421724139428
127,1,35.2,50.75082395350012,70.75082395350012,90.75082395350012,110.75082395350012
128,1,36.2,25.650452061188354,45.65045206118835,65.65045206118836,85.65045206118836
129,1,37.3,26.08262817603391,46.08262817603391,66.08262817603391,86.08262817603391
130,1,37.1,25.93856947108539,45.93856947108539,65.93856947108539,85.93856947108539
131,1,36.5,63.51709795707876,83.51709795707876,103.51709795707876,123.51709795707876
132,1,35.8,25.36233465129132,45.36233465129132,65.36233465129132,85.36233465129132
133,1,34.3,25.074217241394283,45.07421724139428,65.07421724139428,85.07421724139428
134,1,33.8,25.074217241394283,45.07421724139428,65.07421724139428,85.07421724139428
135,1,34.0,25.074217241394283,45.07421724139428,65.07421724139428,85.07421724139428
136,1,35.6,24.93015853644576,44.93015853644576,64.93015853644576,84.93015853644576
137,1,35.5,24.786099831497243,44.78609983149724,64.78609983149724,84.78609983149724
138,1,36.2,88.04123502959645,108.04123502959645,128.04123502959646,148.04123502959646
139,2,35.7,24.642041126548726,44.642041126548726,64.64204112654872,84.64204112654872
140,1,35.6,24.786099831497243,44.78609983149724,64.78609983149724,84.78609983149724
141,1,35.9,24.642041126548726,44.642041126548726,64.64204112654872,84.64204112654872
142,1,35.8,24.353923716651693,44.35392371665169,64.35392371665169,84.35392371665169
143,1,35.1,24.353923716651693,44.35392371665169,64.35392371665169,84.35392371665169
144,1,34.5,24.06580630675465,44.06580630675465,64.06580630675465,84.06580630675465
145,1,35.0,24.06580630675465,44.06580630675465,64.06580630675465,84.06580630675465
146,1,34.4,24.06580630675465,44.06580630675465,64.06580630675465,84.06580630675465
147,2,34.8,23.921747601806135,43.92174760180613,63.92174760180613,83.92174760180613
148,1,34.5,23.921747601806135,43.92174760180613,63.92174760180613,83.92174760180613
149,1,35.4,23.77768889685761,43.77768889685761,63.77768889685761,83.77768889685761
150,1,37.2,49.02211949411789,69.02211949411789,89.02211949411789,109.02211949411789
151,1,37.4,23.633630191909095,43.63363019190909,63.63363019190909,83.63363019190909
152,1,36.4,23.489571486960575,43.48957148696057,63.48957148696057,83.48957148696057
153,1,36.7,23.489571486960575,43.48957148696057,63.48957148696057,83.48957148696057
154,1,36.3,61.212158677902465,81.21215867790247,101.21215867790247,121.21215867790247
155,1,34.7,23.05739537211502,43.057395372115025,63.057395372115025,83.05739537211502
156,1,33.4,22.913336667166504,42.913336667166504,62.913336667166504,82.9133366671665
157,1,32.8,22.769277962217984,42.769277962217984,62.769277962217984,82.76927796221798
158,1,32.9,22.769277962217984,42.769277962217984,62.769277962217984,82.76927796221798
159,1,32.9,22.913336667166504,42.913336667166504,62.913336667166504,82.9133366671665
160,1,33.1,23.05739537211502,43.057395372115025,63.057395372115025,83.05739537211502
161,1,32.1,86.45658927516274,106.45658927516274,126.45658927516274,146.45658927516274
162,1,30.9,23.05739537211502,43.057395372115025,63.057395372115025,83.05739537211502
163,1,30.1,23.05739537211502,43.057395372115025,63.057395372115025,83.05739537211502
164,1,29.9,23.05739537211502,43.057395372115025,63.057395372115025,83.05739537211502
165,1,28.5,23.05739537211502,43.057395372115025,63.057395372115025,83.05739537211502
166,2,28.2,23.20145407706354,43.201454077063545,63.201454077063545,83.20145407706354
167,1,27.5,23.05739537211502,43.057395372115025,63.057395372115025,83.05739537211502
168,1,26.9,23.05739537211502,43.057395372115025,63.057395372115025,83.05739537211502
169,2,26.5,22.913336667166504,42.913336667166504,62.913336667166504,82.9133366671665
170,3,26.4,22.913336667166504,42.913336667166504,62.913336667166504,82.9133366671665
171,1,26.9,22.913336667166504,42.913336667166504,62.913336667166504,82.9133366671665
172,2,28.8,22.769277962217984,42.769277962217984,62.769277962217984,82.76927796221798
173,1,28.9,47.86964985452974,67.86964985452974,87.86964985452974,107.86964985452974
174,1,30.4,22.481160552320947,42.481160552320944,62.481160552320944,82.48116055232094
175,1,30.7,22.048984437475394,42.0489844374754,62.0489844374754,82.0489844374754
176,1,31.2,21.904925732526873,41.90492573252688,61.90492573252688,81.90492573252688
177,1,30.3,59.48345421852025,79.48345421852025,99.48345421852025,119.48345421852025
178,1,29.6,21.616808322629836,41.616808322629836,61.616808322629836,81.61680832262984
179,1,29.3,21.616808322629836,41.616808322629836,61.616808322629836,81.61680832262984
180,1,29.3,21.904925732526873,41.90492573252688,61.90492573252688,81.90492573252688
181,2,30.6,22.337101847372427,42.33710184737242,62.33710184737242,82.33710184737242
182,1,29.7,22.481160552320947,42.481160552320944,62.481160552320944,82.48116055232094
183,1,28.5,85.73629575042015,105.73629575042015,125.73629575042015,145.73629575042014
184,1,28.3,23.345512782012054,43.34551278201205,63.34551278201205,83.34551278201205
185,1,27.8,23.489571486960575,43.48957148696057,63.48957148696057,83.48957148696057
186,1,27.4,23.345512782012054,43.34551278201205,63.34551278201205,83.34551278201205
187,1,27.1,23.345512782012054,43.34551278201205,63.34551278201205,83.34551278201205
188,1,27.3,23.345512782012054,43.34551278201205,63.34551278201205,83.34551278201205
189,2,28.4,23.489571486960575,43.48957148696057,63.48957148696057,83.48957148696057
190,1,27.5,23.489571486960575,43.48957148696057,63.48957148696057,83.48957148696057
191,3,27.1,23.633630191909095,43.63363019190909,63.63363019190909,83.63363019190909
192,2,27.0,23.633630191909095,43.63363019190909,63.63363019190909,83.63363019190909
193,2,27.5,24.06580630675465,44.06580630675465,64.06580630675465,84.06580630675465
194,1,28.6,49.45429560896345,69.45429560896345,89.45429560896345,109.45429560896345
195,1,29.5,24.20986501170317,44.20986501170317,64.20986501170317,84.20986501170317
196,1,30.5,24.06580630675465,44.06580630675465,64.06580630675465,84.06580630675465
197,1,29.8,23.921747601806135,43.92174760180613,63.92174760180613,83.92174760180613
198,2,27.8,61.212158677902465,81.21215867790247,101.21215867790247,121.21215867790247
199,1,29.1,22.481160552320947,42.481160552320944,62.481160552320944,82.48116055232094
200,1,28.5,22.769277962217984,42.769277962217984,62.769277962217984,82.76927796221798
201,1,27.3,23.77768889685761,43.77768889685761,63.77768889685761,83.77768889685761
202,1,28.2,25.93856947108539,45.93856947108539,65.93856947108539,85.93856947108539
203,1,29.0,27.955391340364653,47.955391340364656,67.95539134036466,87.95539134036466
204,1,29.4,28.81974357005576,48.81974357005576,68.81974357005576,88.81974357005576
205,1,28.5,91.78676135825793,111.78676135825793,131.78676135825793,151.78676135825793
206,1,29.0,27.23509781562206,47.235097815622055,67.23509781562205,87.23509781562205
207,1,30.9,26.226686880982435,46.226686880982435,66.22668688098244,86.22668688098244
208,1,31.9,25.650452061188354,45.65045206118835,65.65045206118836,85.65045206118836
209,2,29.5,25.794510766136877,45.79451076613688,65.79451076613688,85.79451076613688
210,1,28.4,25.794510766136877,45.79451076613688,65.79451076613688,85.79451076613688
211,1,28.4,25.36233465129132,45.36233465129132,65.36233465129132,85.36233465129132
212,2,27.7,24.786099831497243,44.78609983149724,64.78609983149724,84.78609983149724
213,2,27.5,24.93015853644576,44.93015853644576,64.93015853644576,84.93015853644576
214,1,27.3,24.49798242160021,44.49798242160021,64.49798242160021,84.49798242160021
215,1,27.6,23.921747601806135,43.92174760180613,63.92174760180613,83.92174760180613
216,1,30.4,48.73400208422085,68.73400208422085,88.73400208422085,108.73400208422085
217,1,32.2,23.633630191909095,43.63363019190909,63.63363019190909,83.63363019190909
218,1,33.5,23.489571486960575,43.48957148696057,63.48957148696057,83.48957148696057
219,1,33.0,23.489571486960575,43.48957148696057,63.48957148696057,83.48957148696057
220,1,31.4,61.644334792748026,81.64433479274803,101.64433479274803,121.64433479274803
221,1,31.0,23.77768889685761,43.77768889685761,63.77768889685761,83.77768889685761
222,1,31.5,23.20145407706354,43.201454077063545,63.201454077063545,83.20145407706354
223,1,30.1,22.913336667166504,42.913336667166504,62.913336667166504,82.9133366671665
224,1,32.4,22.913336667166504,42.913336667166504,62.913336667166504,82.9133366671665
225,1,34.4,22.913336667166504,42.913336667166504,62.913336667166504,82.9133366671665
226,1,34.6,23.20145407706354,43.201454077063545,63.201454077063545,83.20145407706354
227,1,32.5,87.89717632464794,107.89717632464794,127.89717632464794,147.89717632464794
228,1,33.6,26.370745585930948,46.37074558593095,66.37074558593095,86.37074558593095
229,2,33.4,26.658862995827985,46.65886299582799,66.65886299582799,86.65886299582799
230,1,32.3,28.243508750261686,48.24350875026168,68.24350875026168,88.24350875026168
231,1,31.4,28.675684865107243,48.67568486510724,68.67568486510724,88.67568486510724
232,1,31.5,29.1078609799528,49.107860979952804,69.1078609799528,89.1078609799528
233,1,31.4,28.96380227500428,48.963802275004284,68.96380227500428,88.96380227500428
234,2,31.2,29.395978389849837,49.39597838984984,69.39597838984983,89.39597838984983
235,1,33.4,29.1078609799528,49.107860979952804,69.1078609799528,89.1078609799528
236,1,34.4,28.96380227500428,48.963802275004284,68.96380227500428,88.96380227500428
237,1,35.1,28.96380227500428,48.963802275004284,68.96380227500428,88.96380227500428
238,1,37.6,28.675684865107243,48.67568486510724,68.67568486510724,88.67568486510724
239,1,39.7,27.523215225519095,47.523215225519095,67.5232152255191,87.5232152255191
240,1,40.5,51.615176183191224,71.61517618319122,91.61517618319122,111.61517618319122
241,1,38.5,25.794510766136877,45.79451076613688,65.79451076613688,85.79451076613688
242,1,40.0,25.50639335623984,45.50639335623984,65.50639335623984,85.50639335623984
243,1,40.6,24.93015853644576,44.93015853644576,64.93015853644576,84.93015853644576
244,1,38.8,62.22056961254211,82.2205696125421,102.2205696125421,122.2205696125421
245,1,35.0,23.20145407706354,43.201454077063545,63.201454077063545,83.20145407706354
246,1,33.8,22.19304314242391,42.19304314242391,62.19304314242391,82.1930431424239
247,1,32.9,22.048984437475394,42.0489844374754,62.0489844374754,82.0489844374754
248,1,34.1,22.048984437475394,42.0489844374754,62.0489844374754,82.0489844374754
249,1,36.9,22.048984437475394,42.0489844374754,62.0489844374754,82.0489844374754
250,1,37.7,22.048984437475394,42.0489844374754,62.0489844374754,82.0489844374754
251,1,36.3,85.01600222567757,105.01600222567757,125.01600222567757,145.01600222567757
252,1,35.9,21.904925732526873,41.90492573252688,61.90492573252688,81.90492573252688
253,1,34.4,21.760867027578357,41.76086702757836,61.76086702757836,81.76086702757836
254,1,34.0,21.47274961768132,41.472749617681316,61.472749617681316,81.47274961768132
255,1,33.4,21.040573502835763,41.04057350283576,61.04057350283576,81.04057350283577
256,1,32.2,20.752456092938722,40.75245609293872,60.75245609293872,80.75245609293873
257,1,30.0,20.464338683041685,40.46433868304169,60.46433868304169,80.46433868304169
258,1,30.7,20.32027997809317,40.32027997809317,60.32027997809317,80.32027997809317
259,1,30.5,20.464338683041685,40.46433868304169,60.46433868304169,80.46433868304169
260,1,29.2,20.176221273144648,40.17622127314465,60.17622127314465,80.17622127314465
261,1,28.3,20.464338683041685,40.46433868304169,60.46433868304169,80.46433868304169
262,1,28.5,21.47274961768132,41.472749617681316,61.472749617681316,81.47274961768132
263,3,30.3,22.048984437475394,42.0489844374754,62.0489844374754,82.0489844374754
264,1,33.0,48.01370855947826,68.01370855947826,88.01370855947826,108.01370855947826
265,1,37.1,24.93015853644576,44.93015853644576,64.93015853644576,84.93015853644576
266,1,34.7,26.946980405725025,46.94698040572503,66.94698040572503,86.94698040572503
267,1,33.9,26.946980405725025,46.94698040572503,66.94698040572503,86.94698040572503
268,1,32.6,65.53391982635803,85.53391982635803,105.53391982635803,125.53391982635803
269,1,31.5,28.099450045313173,48.099450045313176,68.09945004531318,88.09945004531318
270,1,30.9,28.531626160158723,48.53162616015872,68.53162616015872,88.53162616015872
271,1,29.5,30.83656543933502,50.83656543933502,70.83656543933502,90.83656543933502
272,1,29.3,31.268741554180583,51.26874155418058,71.26874155418058,91.26874155418058
273,1,29.8,31.268741554180583,51.26874155418058,71.26874155418058,91.26874155418058
274,1,28.6,94.23575934238275,114.23575934238275,134.23575934238275,154.23575934238275
275,1,28.0,30.692506734386505,50.692506734386505,70.69250673438651,90.69250673438651
276,1,27.8,30.692506734386505,50.692506734386505,70.69250673438651,90.69250673438651
277,1,26.6,30.260330619540948,50.26033061954095,70.26033061954095,90.26033061954095
278,1,24.5,29.97221320964391,49.97221320964391,69.97221320964391,89.97221320964391
279,1,23.2,29.97221320964391,49.97221320964391,69.97221320964391,89.97221320964391
280,1,20.9,29.828154504695394,49.82815450469539,69.82815450469539,89.82815450469539
281,1,22.5,29.540037094798354,49.54003709479835,69.54003709479835,89.54003709479835
282,1,22.5,29.97221320964391,49.97221320964391,69.97221320964391,89.97221320964391
283,1,21.9,28.81974357005576,48.81974357005576,68.81974357005576,88.81974357005576
284,1,21.5,27.955391340364653,47.955391340364656,67.95539134036466,87.95539134036466
285,2,21.7,28.243508750261686,48.24350875026168,68.24350875026168,88.24350875026168
286,1,22.1,29.395978389849837,49.39597838984984,69.39597838984983,89.39597838984983
287,1,23.8,56.080996036595295,76.0809960365953,96.0809960365953,116.0809960365953
288,1,25.0,30.11627191459243,50.11627191459243,70.11627191459243,90.11627191459243
289,2,25.1,26.802921700776505,46.80292170077651,66.80292170077651,86.80292170077651
290,1,25.0,23.77768889685761,43.77768889685761,63.77768889685761,83.77768889685761
291,1,22.7,22.481160552320947,42.481160552320944,62.481160552320944,82.48116055232094
292,1,22.4,22.913336667166504,42.913336667166504,62.913336667166504,82.9133366671665
293,1,21.8,23.633630191909095,43.63363019190909,63.63363019190909,83.63363019190909
294,1,22.0,23.921747601806135,43.92174760180613,63.92174760180613,83.92174760180613
295,1,23.1,24.06580630675465,44.06580630675465,64.06580630675465,84.06580630675465
296,1,23.3,24.353923716651693,44.35392371665169,64.35392371665169,84.35392371665169
297,1,23.7,87.46500020980238,107.46500020980238,127.46500020980238,147.46500020980238
298,1,23.5,24.06580630675465,44.06580630675465,64.06580630675465,84.06580630675465
299,1,22.9,24.49798242160021,44.49798242160021,64.49798242160021,84.49798242160021
300,1,22.9,24.642041126548726,44.642041126548726,64.64204112654872,84.64204112654872
301,1,22.3,24.786099831497243,44.78609983149724,64.78609983149724,84.78609983149724
302,1,21.1,24.93015853644576,44.93015853644576,64.93015853644576,84.93015853644576
303,1,19.8,25.074217241394283,45.07421724139428,65.07421724139428,85.07421724139428
304,1,19.2,25.074217241394283,45.07421724139428,65.07421724139428,85.07421724139428
305,1,19.3,25.50639335623984,45.50639335623984,65.50639335623984,85.50639335623984
306,1,19.4,25.93856947108539,45.93856947108539,65.93856947108539,85.93856947108539
307,1,17.8,26.226686880982435,46.226686880982435,66.22668688098244,86.22668688098244
308,2,17.3,26.370745585930948,46.37074558593095,66.37074558593095,86.37074558593095
309,1,19.0,51.615176183191224,71.61517618319122,91.61517618319122,111.61517618319122
310,1,22.4,26.658862995827985,46.65886299582799,66.65886299582799,86.65886299582799
311,1,24.2,26.514804290879468,46.51480429087947,66.51480429087947,86.51480429087947
312,1,23.7,26.946980405725025,46.94698040572503,66.94698040572503,86.94698040572503
313,1,23.6,65.24580241646099,85.24580241646099,105.24580241646099,125.24580241646099
314,1,23.6,28.099450045313173,48.099450045313176,68.09945004531318,88.09945004531318
315,1,23.9,30.980624144283546,50.980624144283546,70.98062414428355,90.98062414428355
316,1,24.6,31.844976373974653,51.84497637397465,71.84497637397465,91.84497637397465
317,1,25.2,32.133093783871686,52.133093783871686,72.13309378387169,92.13309378387169
318,2,26.5,32.70932860366576,52.70932860366576,72.70932860366577,92.70932860366577
319,1,27.2,33.86179824325391,53.86179824325391,73.8617982432539,93.8617982432539
320,1,26.5,98.12534437599275,118.12534437599275,138.12534437599277,158.12534437599277
321,1,26.0,35.73456140758466,55.73456140758466,75.73456140758466,95.73456140758466
322,1,26.1,35.73456140758466,55.73456140758466,75.73456140758466,95.73456140758466
323,1,25.9,36.02267881748169,56.02267881748169,76.02267881748169,96.02267881748169
324,1,25.8,36.74297234222428,56.74297234222428,76.74297234222428,96.74297234222428
325,1,24.8,37.75138327686391,57.75138327686391,77.75138327686392,97.75138327686392
326,1,24.3,39.19197032634909,59.19197032634909,79.1919703263491,99.1919703263491
327,2,25.1,39.62414644119465,59.62414644119465,79.62414644119465,99.62414644119465
328,1,24.2,39.04791162140057,59.04791162140057,79.04791162140057,99.04791162140057
329,1,24.3,38.4716768016065,58.4716768016065,78.47167680160649,98.47167680160649
330,1,25.5,38.183559391709466,58.183559391709466,78.18355939170947,98.18355939170947
331,1,26.8,37.89544198181243,57.89544198181243,77.89544198181244,97.89544198181244
332,1,27.2,38.4716768016065,58.4716768016065,78.47167680160649,98.47167680160649
333,1,27.3,64.72451833350641,84.72451833350641,104.72451833350641,124.72451833350641
334,1,28.9,40.7766160807828,60.7766160807828,80.7766160807828,100.7766160807828
335,1,30.3,41.640968310473916,61.640968310473916,81.64096831047391,101.64096831047391
336,1,29.8,40.7766160807828,60.7766160807828,80.7766160807828,100.7766160807828
337,1,28.4,76.48238140244544,96.48238140244544,116.48238140244544,136.48238140244544
338,1,27.4,36.02267881748169,56.02267881748169,76.02267881748169,96.02267881748169
339,2,26.9,34.29397435809947,54.29397435809947,74.29397435809946,94.29397435809946
340,1,27.1,33.285563423459834,53.285563423459834,73.28556342345983,93.28556342345983
341,1,27.3,32.56526989871724,52.56526989871724,72.56526989871725,92.56526989871725
342,1,28.2,32.42121119376873,52.42121119376873,72.42121119376873,92.42121119376873
343,1,29.2,32.85338730861428,52.85338730861428,72.85338730861429,92.85338730861429
344,1,29.1,96.82881603145609,116.82881603145609,136.82881603145609,156.82881603145609
345,1,28.3,34.29397435809947,54.29397435809947,74.29397435809946,94.29397435809946
346,1,27.9,34.5820917679965,54.5820917679965,74.5820917679965,94.5820917679965
347,1,27.5,34.43803306304798,54.43803306304798,74.43803306304798,94.43803306304798
348,1,27.6,34.29397435809947,54.29397435809947,74.29397435809946,94.29397435809946
349,1,26.9,34.00585694820243,54.00585694820243,74.00585694820242,94.00585694820242
350,1,27.4,32.70932860366576,52.70932860366576,72.70932860366577,92.70932860366577
351,1,26.3,31.70091766902613,51.700917669026126,71.70091766902613,91.70091766902613
352,1,24.4,31.556858964077616,51.55685896407762,71.55685896407762,91.55685896407762
353,1,23.4,31.124682849232055,51.12468284923206,71.12468284923206,91.12468284923206
354,1,23.0,30.83656543933502,50.83656543933502,70.83656543933502,90.83656543933502
355,1,22.9,30.404389324489465,50.404389324489465,70.40438932448947,90.40438932448947
356,1,23.4,29.540037094798354,49.54003709479835,69.54003709479835,89.54003709479835
357,1,23.7,54.06417416731604,74.06417416731604,94.06417416731604,114.06417416731604
358,1,23.8,29.251919684901317,49.25191968490132,69.25191968490131,89.25191968490131
359,1,23.5,27.955391340364653,47.955391340364656,67.95539134036466,87.95539134036466
360,2,24.8,26.802921700776505,46.80292170077651,66.80292170077651,86.80292170077651
361,1,24.9,63.8052153669758,83.8052153669758,103.8052153669758,123.8052153669758
362,1,24.9,25.650452061188354,45.65045206118835,65.65045206118836,85.65045206118836
363,1,25.1,25.218275946342796,45.2182759463428,65.2182759463428,85.2182759463428
364,2,24.8,25.36233465129132,45.36233465129132,65.36233465129132,85.36233465129132
365,1,25.0,25.50639335623984,45.50639335623984,65.50639335623984,85.50639335623984
366,1,24.6,25.650452061188354,45.65045206118835,65.65045206118836,85.65045206118836
367,1,24.1,25.650452061188354,45.65045206118835,65.65045206118836,85.65045206118836
368,1,23.1,89.04964596423608,109.04964596423608,129.04964596423608,149.04964596423608
369,1,23.1,26.08262817603391,46.08262817603391,66.08262817603391,86.08262817603391
370,1,24.4,26.08262817603391,46.08262817603391,66.08262817603391,86.08262817603391
371,2,25.0,26.226686880982435,46.226686880982435,66.22668688098244,86.22668688098244
372,2,25.2,26.370745585930948,46.37074558593095,66.37074558593095,86.37074558593095
373,1,24.3,26.370745585930948,46.37074558593095,66.37074558593095,86.37074558593095
374,1,23.2,26.226686880982435,46.226686880982435,66.22668688098244,86.22668688098244
375,1,24.3,26.514804290879468,46.51480429087947,66.51480429087947,86.51480429087947
376,1,23.0,26.514804290879468,46.51480429087947,66.51480429087947,86.51480429087947
377,1,24.3,26.658862995827985,46.65886299582799,66.65886299582799,86.65886299582799
378,1,28.0,26.946980405725025,46.94698040572503,66.94698040572503,86.94698040572503
379,1,28.5,27.23509781562206,47.235097815622055,67.23509781562205,87.23509781562205
380,1,29.2,27.37915652057058,47.379156520570575,67.37915652057058,87.37915652057058
381,1,31.4,52.47952841288233,72.47952841288233,92.47952841288233,112.47952841288233
382,1,33.2,27.09103911067354,47.09103911067354,67.09103911067353,87.09103911067353
383,1,33.0,26.658862995827985,46.65886299582799,66.65886299582799,86.65886299582799
384,1,31.2,26.226686880982435,46.226686880982435,66.22668688098244,86.22668688098244
385,1,29.8,63.66115666202729,83.66115666202728,103.66115666202728,123.66115666202728
386,1,29.2,25.650452061188354,45.65045206118835,65.65045206118836,85.65045206118836
387,2,28.6,25.650452061188354,45.65045206118835,65.65045206118836,85.65045206118836
388,2,30.1,26.08262817603391,46.08262817603391,66.08262817603391,86.08262817603391
389,1,31.9,26.226686880982435,46.226686880982435,66.22668688098244,86.22668688098244
390,1,33.7,26.226686880982435,46.226686880982435,66.22668688098244,86.22668688098244
391,1,33.3,89.48182207908164,109.48182207908164,129.48182207908164,149.48182207908164
392,1,32.5,26.226686880982435,46.226686880982435,66.22668688098244,86.22668688098244
393,2,31.1,26.08262817603391,46.08262817603391,66.08262817603391,86.08262817603391
394,1,30.8,26.08262817603391,46.08262817603391,66.08262817603391,86.08262817603391
395,2,29.9,26.08262817603391,46.08262817603391,66.08262817603391,86.08262817603391
396,1,29.5,25.93856947108539,45.93856947108539,65.93856947108539,85.93856947108539
397,1,29.0,25.93856947108539,45.93856947108539,65.93856947108539,85.93856947108539
398,1,29.6,25.93856947108539,45.93856947108539,65.93856947108539,85.93856947108539
399,1,29.4,25.794510766136877,45.79451076613688,65.79451076613688,85.79451076613688
400,1,29.5,25.50639335623984,45.50639335623984,65.50639335623984,85.50639335623984
401,1,30.9,25.218275946342796,45.2182759463428,65.2182759463428,85.2182759463428
402,1,32.6,24.93015853644576,44.93015853644576,64.93015853644576,84.93015853644576
403,1,35.6,50.030530428757515,70.03053042875752,90.03053042875752,110.03053042875752
404,1,36.6,24.20986501170317,44.20986501170317,64.20986501170317,84.20986501170317
405,1,35.8,23.921747601806135,43.92174760180613,63.92174760180613,83.92174760180613
406,1,32.3,61.644334792748026,81.64433479274803,101.64433479274803,121.64433479274803
407,1,30.6,23.77768889685761,43.77768889685761,63.77768889685761,83.77768889685761
408,2,28.7,23.633630191909095,43.63363019190909,63.63363019190909,83.63363019190909
409,2,28.6,23.633630191909095,43.63363019190909,63.63363019190909,83.63363019190909
410,1,30.5,23.633630191909095,43.63363019190909,63.63363019190909,83.63363019190909
411,1,31.8,23.633630191909095,43.63363019190909,63.63363019190909,83.63363019190909
412,1,29.4,86.8887653900083,106.8887653900083,126.8887653900083,146.8887653900083
413,1,27.9,23.77768889685761,43.77768889685761,63.77768889685761,83.77768889685761
414,1,28.0,23.921747601806135,43.92174760180613,63.92174760180613,83.92174760180613
415,1,28.4,24.06580630675465,44.06580630675465,64.06580630675465,84.06580630675465
416,1,29.5,24.353923716651693,44.35392371665169,64.35392371665169,84.35392371665169
417,1,27.6,24.642041126548726,44.642041126548726,64.64204112654872,84.64204112654872
418,1,26.2,24.93015853644576,44.93015853644576,64.93015853644576,84.93015853644576
419,1,25.1,25.074217241394283,45.07421724139428,65.07421724139428,85.07421724139428
420,1,23.8,25.218275946342796,45.2182759463428,65.2182759463428,85.2182759463428
421,2,22.5,25.218275946342796,45.2182759463428,65.2182759463428,85.2182759463428
422,1,23.6,25.36233465129132,45.36233465129132,65.36233465129132,85.36233465129132
423,1,23.7,25.50639335623984,45.50639335623984,65.50639335623984,85.50639335623984
424,1,24.9,50.75082395350012,70.75082395350012,90.75082395350012,110.75082395350012
425,1,27.4,25.650452061188354,45.65045206118835,65.65045206118836,85.65045206118836
426,1,28.4,25.074217241394283,45.07421724139428,65.07421724139428,85.07421724139428
427,1,28.3,24.20986501170317,44.20986501170317,64.20986501170317,84.20986501170317
428,1,28.1,61.356217382850986,81.35621738285099,101.35621738285099,121.35621738285099
429,1,27.8,23.20145407706354,43.201454077063545,63.201454077063545,83.20145407706354
430,1,27.3,22.913336667166504,42.913336667166504,62.913336667166504,82.9133366671665
431,1,26.2,22.337101847372427,42.33710184737242,62.33710184737242,82.33710184737242
432,1,27.2,22.19304314242391,42.19304314242391,62.19304314242391,82.1930431424239
433,1,27.6,22.769277962217984,42.769277962217984,62.769277962217984,82.76927796221798
434,1,27.5,86.60064798011126,106.60064798011126,126.60064798011126,146.60064798011126
435,1,27.6,24.06580630675465,44.06580630675465,64.06580630675465,84.06580630675465
436,1,27.7,24.06580630675465,44.06580630675465,64.06580630675465,84.06580630675465
437,1,28.1,23.345512782012054,43.34551278201205,63.34551278201205,83.34551278201205
438,1,27.7,23.05739537211502,43.057395372115025,63.057395372115025,83.05739537211502
439,1,24.7,22.481160552320947,42.481160552320944,62.481160552320944,82.48116055232094
440,2,25.8,22.337101847372427,42.33710184737242,62.33710184737242,82.33710184737242
441,1,28.8,22.337101847372427,42.33710184737242,62.33710184737242,82.33710184737242
442,1,30.2,22.19304314242391,42.19304314242391,62.19304314242391,82.1930431424239
443,1,31.4,21.904925732526873,41.90492573252688,61.90492573252688,81.90492573252688
444,1,32.6,21.760867027578357,41.76086702757836,61.76086702757836,81.76086702757836
445,1,35.4,46.86123891989011,66.86123891989011,86.86123891989011,106.86123891989011
446,1,37.6,21.616808322629836,41.616808322629836,61.616808322629836,81.61680832262984
447,1,37.8,21.616808322629836,41.616808322629836,61.616808322629836,81.61680832262984
448,1,36.5,21.47274961768132,41.472749617681316,61.472749617681316,81.47274961768132
449,1,35.3,59.19533680862321,79.19533680862321,99.19533680862321,119.19533680862321
450,1,34.7,21.3286909127328,41.328690912732796,61.328690912732796,81.3286909127328
451,2,33.9,21.47274961768132,41.472749617681316,61.472749617681316,81.47274961768132
452,1,33.3,21.47274961768132,41.472749617681316,61.472749617681316,81.47274961768132
453,2,35.1,21.47274961768132,41.472749617681316,61.472749617681316,81.47274961768132
454,1,36.2,21.760867027578357,41.76086702757836,61.76086702757836,81.76086702757836
455,1,36.8,21.904925732526873,41.90492573252688,61.90492573252688,81.90492573252688
456,1,36.0,85.16006093062609,105.16006093062609,125.16006093062609,145.1600609306261
457,1,34.7,22.048984437475394,42.0489844374754,62.0489844374754,82.0489844374754
458,1,34.0,22.048984437475394,42.0489844374754,62.0489844374754,82.0489844374754
459,1,32.7,22.048984437475394,42.0489844374754,62.0489844374754,82.0489844374754
460,1,31.6,21.904925732526873,41.90492573252688,61.90492573252688,81.90492573252688
461,1,31.4,21.760867027578357,41.76086702757836,61.76086702757836,81.76086702757836
462,1,30.7,21.47274961768132,41.472749617681316,61.472749617681316,81.47274961768132
463,1,29.4,21.3286909127328,41.328690912732796,61.328690912732796,81.3286909127328
464,1,28.9,21.040573502835763,41.04057350283576,61.04057350283576,81.04057350283577
465,2,29.0,20.752456092938722,40.75245609293872,60.75245609293872,80.75245609293873
466,2,29.6,20.032162568196128,40.03216256819613,60.03216256819613,80.03216256819613
467,1,30.0,19.599986453350578,39.59998645335058,59.59998645335058,79.59998645335058
468,2,32.2,18.879692928607984,38.87969292860798,58.87969292860798,78.87969292860798
469,1,35.4,43.83600611597122,63.83600611597122,83.83600611597123,103.83600611597123
470,1,35.6,18.159399403865386,38.159399403865386,58.159399403865386,78.1593994038654
471,1,36.0,17.727223289019836,37.72722328901983,57.72722328901983,77.72722328901983
472,1,35.4,17.439105879122796,37.43910587912279,57.43910587912279,77.43910587912279
473,1,34.6,55.305751775013206,75.3057517750132,95.3057517750132,115.3057517750132
474,1,32.0,17.583164584071316,37.58316458407131,57.58316458407131,77.58316458407131
475,1,31.2,17.583164584071316,37.58316458407131,57.58316458407131,77.58316458407131
476,1,30.1,17.15098846922576,37.15098846922576,57.15098846922576,77.15098846922575
477,1,29.4,16.86287105932872,36.862871059328725,56.862871059328725,76.86287105932873
478,1,29.9,17.15098846922576,37.15098846922576,57.15098846922576,77.15098846922575
479,1,32.3,17.29504717417428,37.29504717417428,57.29504717417428,77.29504717417427
480,1,32.5,80.83829978217054,100.83829978217054,120.83829978217054,140.83829978217054
481,1,32.4,18.30345810881391,38.30345810881391,58.30345810881391,78.30345810881391
482,1,32.1,18.879692928607984,38.87969292860798,58.87969292860798,78.87969292860798
483,1,32.3,19.599986453350578,39.59998645335058,59.59998645335058,79.59998645335058
484,1,32.2,19.744045158299095,39.744045158299095,59.744045158299095,79.74404515829909
485,2,31.4,19.0237516335565,39.0237516335565,59.0237516335565,79.0237516335565
486,1,31.8,18.879692928607984,38.87969292860798,58.87969292860798,78.87969292860798
487,1,31.3,19.0237516335565,39.0237516335565,59.0237516335565,79.0237516335565
488,1,31.8,19.311869043453537,39.31186904345354,59.31186904345354,79.31186904345354
489,1,31.9,19.599986453350578,39.59998645335058,59.59998645335058,79.59998645335058
490,1,32.6,19.88810386324761,39.88810386324761,59.88810386324761,79.88810386324761
491,1,33.7,20.032162568196128,40.03216256819613,60.03216256819613,80.03216256819613
492,1,34.4,45.564710575353445,65.56471057535344,85.56471057535344,105.56471057535344
493,1,35.0,19.455927748402058,39.45592774840206,59.45592774840206,79.45592774840206
494,1,36.4,18.30345810881391,38.30345810881391,58.30345810881391,78.30345810881391
495,1,36.2,18.159399403865386,38.159399403865386,58.159399403865386,78.1593994038654
496,1,34.8,56.314162709652834,76.31416270965283,96.31416270965283,116.31416270965283
497,1,34.0,17.727223289019836,37.72722328901983,57.72722328901983,77.72722328901983
498,2,34.6,16.574753649431685,36.574753649431685,56.574753649431685,76.57475364943168
499,1,32.7,15.710401419740574,35.71040141974058,55.71040141974058,75.71040141974058
500,1,31.6,15.854460124689094,35.8544601246891,55.8544601246891,75.8544601246891
501,1,32.2,18.591575518710947,38.59157551871095,58.59157551871095,78.59157551871095
502,1,31.6,81.70265201186164,101.70265201186164,121.70265201186164,141.70265201186163
503,1,31.8,19.0237516335565,39.0237516335565,59.0237516335565,79.0237516335565
504,1,31.0,18.447516813762427,38.44751681376243,58.44751681376243,78.44751681376243
505,1,30.6,17.583164584071316,37.58316458407131,57.58316458407131,77.58316458407131
506,1,29.0,17.439105879122796,37.43910587912279,57.43910587912279,77.43910587912279
507,1,27.7,17.29504717417428,37.29504717417428,57.29504717417428,77.29504717417427
508,1,28.6,17.15098846922576,37.15098846922576,57.15098846922576,77.15098846922575
509,1,29.2,17.006929764277242,37.006929764277245,57.006929764277245,77.00692976427725
510,1,28.2,17.006929764277242,37.006929764277245,57.006929764277245,77.00692976427725
511,1,27.4,16.430694944483168,36.430694944483164,56.430694944483164,76.43069494448316
512,1,27.7,16.28663623953465,36.28663623953465,56.28663623953465,76.28663623953466
513,1,27.2,16.430694944483168,36.430694944483164,56.430694944483164,76.43069494448316
514,1,28.4,16.430694944483168,36.430694944483164,56.430694944483164,76.43069494448316
515,1,28.7,42.107301656589,62.107301656589,82.107301656589,102.107301656589
516,1,29.8,16.28663623953465,36.28663623953465,56.28663623953465,76.28663623953466
517,1,31.5,16.28663623953465,36.28663623953465,56.28663623953465,76.28663623953466
518,1,32.1,16.28663623953465,36.28663623953465,56.28663623953465,76.28663623953466
519,1,30.1,54.00922343047654,74.00922343047654,94.00922343047654,114.00922343047654
520,1,27.8,15.99851882963761,35.99851882963761,55.99851882963761,75.99851882963762
521,1,27.2,15.99851882963761,35.99851882963761,55.99851882963761,75.99851882963762
522,1,26.6,16.718812354380205,36.718812354380205,56.718812354380205,76.7188123543802
523,1,26.5,17.87128199396835,37.87128199396835,57.87128199396835,77.87128199396835
524,1,26.5,19.16781033850502,39.16781033850502,59.16781033850502,79.16781033850502
525,1,28.4,20.176221273144648,40.17622127314465,60.17622127314465,80.17622127314465
526,1,30.6,83.43135647124386,103.43135647124386,123.43135647124386,143.43135647124387
527,1,30.5,20.32027997809317,40.32027997809317,60.32027997809317,80.32027997809317
528,1,29.7,20.464338683041685,40.46433868304169,60.46433868304169,80.46433868304169
529,1,27.8,20.752456092938722,40.75245609293872,60.75245609293872,80.75245609293873
530,1,26.6,21.47274961768132,41.472749617681316,61.472749617681316,81.47274961768132
531,1,25.4,22.337101847372427,42.33710184737242,62.33710184737242,82.33710184737242
532,2,21.9,22.481160552320947,42.481160552320944,62.481160552320944,82.48116055232094
533,1,21.6,23.20145407706354,43.201454077063545,63.201454077063545,83.20145407706354
534,1,21.6,23.77768889685761,43.77768889685761,63.77768889685761,83.77768889685761
535,1,22.6,24.49798242160021,44.49798242160021,64.49798242160021,84.49798242160021
536,1,22.0,24.93015853644576,44.93015853644576,64.93015853644576,84.93015853644576
537,1,22.1,24.786099831497243,44.78609983149724,64.78609983149724,84.78609983149724
538,1,22.3,25.50639335623984,45.50639335623984,65.50639335623984,85.50639335623984
539,1,23.5,51.47111747824271,71.47111747824272,91.47111747824272,111.47111747824272
540,1,25.2,26.802921700776505,46.80292170077651,66.80292170077651,86.80292170077651
541,2,25.2,25.50639335623984,45.50639335623984,65.50639335623984,85.50639335623984
542,1,24.5,24.06580630675465,44.06580630675465,64.06580630675465,84.06580630675465
543,1,24.6,60.49186515315988,80.49186515315988,100.49186515315988,120.49186515315988
544,1,24.4,21.904925732526873,41.90492573252688,61.90492573252688,81.90492573252688
545,1,25.0,21.760867027578357,41.76086702757836,61.76086702757836,81.76086702757836
546,1,25.3,22.481160552320947,42.481160552320944,62.481160552320944,82.48116055232094
547,2,24.8,23.05739537211502,43.057395372115025,63.057395372115025,83.05739537211502
548,1,24.5,23.489571486960575,43.48957148696057,63.48957148696057,83.48957148696057
549,1,25.2,23.633630191909095,43.63363019190909,63.63363019190909,83.63363019190909
550,1,24.5,86.60064798011126,106.60064798011126,126.60064798011126,146.60064798011126
551,1,23.2,24.06580630675465,44.06580630675465,64.06580630675465,84.06580630675465
552,1,23.4,25.218275946342796,45.2182759463428,65.2182759463428,85.2182759463428
553,1,24.7,24.93015853644576,44.93015853644576,64.93015853644576,84.93015853644576
554,1,24.5,23.633630191909095,43.63363019190909,63.63363019190909,83.63363019190909
555,1,23.4,23.05739537211502,43.057395372115025,63.057395372115025,83.05739537211502
556,1,22.5,23.05739537211502,43.057395372115025,63.057395372115025,83.05739537211502
557,1,22.4,23.20145407706354,43.201454077063545,63.201454077063545,83.20145407706354
558,1,22.1,22.913336667166504,42.913336667166504,62.913336667166504,82.9133366671665
559,2,21.5,22.913336667166504,42.913336667166504,62.913336667166504,82.9133366671665
560,1,21.3,23.05739537211502,43.057395372115025,63.057395372115025,83.05739537211502
561,1,21.8,22.913336667166504,42.913336667166504,62.913336667166504,82.9133366671665
562,1,23.4,22.337101847372427,42.33710184737242,62.33710184737242,82.33710184737242
563,1,26.4,47.29341503473567,67.29341503473567,87.29341503473567,107.29341503473567
564,1,30.2,22.048984437475394,42.0489844374754,62.0489844374754,82.0489844374754
565,1,29.9,21.904925732526873,41.90492573252688,61.90492573252688,81.90492573252688
566,1,30.3,22.481160552320947,42.481160552320944,62.481160552320944,82.48116055232094
567,1,26.8,23.633630191909095,43.63363019190909,63.63363019190909,83.63363019190909
568,1,26.2,23.921747601806135,43.92174760180613,63.92174760180613,83.92174760180613
569,1,25.1,24.20986501170317,44.20986501170317,64.20986501170317,84.20986501170317
570,1,26.2,24.20986501170317,44.20986501170317,64.20986501170317,84.20986501170317
571,2,28.9,24.353923716651693,44.35392371665169,64.35392371665169,84.35392371665169
572,1,32.8,24.93015853644576,44.93015853644576,64.93015853644576,84.93015853644576
573,1,33.8,88.47341114444201,108.47341114444201,128.47341114444203,148.47341114444203
574,1,34.8,25.50639335623984,45.50639335623984,65.50639335623984,85.50639335623984
575,1,34.4,25.650452061188354,45.65045206118835,65.65045206118836,85.65045206118836
576,1,33.9,26.370745585930948,46.37074558593095,66.37074558593095,86.37074558593095
577,1,33.5,26.946980405725025,46.94698040572503,66.94698040572503,86.94698040572503
578,1,33.4,27.66727393046762,47.667273930467616,67.66727393046762,87.66727393046762
579,1,32.1,27.811332635416132,47.811332635416136,67.81133263541614,87.81133263541614
580,1,32.5,27.66727393046762,47.667273930467616,67.66727393046762,87.66727393046762
581,1,31.2,27.523215225519095,47.523215225519095,67.5232152255191,87.5232152255191
582,1,29.3,27.523215225519095,47.523215225519095,67.5232152255191,87.5232152255191
583,1,27.9,27.523215225519095,47.523215225519095,67.5232152255191,87.5232152255191
584,2,28.7,27.523215225519095,47.523215225519095,67.5232152255191,87.5232152255191
585,1,30.2,52.76764582277937,72.76764582277937,92.76764582277937,112.76764582277937
586,1,30.2,27.66727393046762,47.667273930467616,67.66727393046762,87.66727393046762
587,1,30.3,27.523215225519095,47.523215225519095,67.5232152255191,87.5232152255191
588,1,27.6,27.23509781562206,47.235097815622055,67.23509781562205,87.23509781562205
589,1,26.7,64.95768500656395,84.95768500656395,104.95768500656395,124.95768500656395
590,1,25.5,26.514804290879468,46.51480429087947,66.51480429087947,86.51480429087947
591,1,24.2,26.226686880982435,46.226686880982435,66.22668688098244,86.22668688098244
592,2,23.9,26.226686880982435,46.226686880982435,66.22668688098244,86.22668688098244
593,1,24.9,26.370745585930948,46.37074558593095,66.37074558593095,86.37074558593095
594,1,24.7,26.658862995827985,46.65886299582799,66.65886299582799,86.65886299582799
595,1,26.4,26.946980405725025,46.94698040572503,66.94698040572503,86.94698040572503
596,1,28.1,90.20211560382424,110.20211560382424,130.20211560382424,150.20211560382424
597,1,27.5,27.23509781562206,47.235097815622055,67.23509781562205,87.23509781562205
598,1,26.8,27.09103911067354,47.09103911067354,67.09103911067353,87.09103911067353
599,1,27.5,27.09103911067354,47.09103911067354,67.09103911067353,87.09103911067353
600,1,28.1,27.37915652057058,47.379156520570575,67.37915652057058,87.37915652057058
601,1,27.2,27.523215225519095,47.523215225519095,67.5232152255191,87.5232152255191
602,1,26.1,27.955391340364653,47.955391340364656,67.95539134036466,87.95539134036466
603,1,24.7,28.531626160158723,48.53162616015872,68.53162616015872,88.53162616015872
604,1,23.6,28.81974357005576,48.81974357005576,68.81974357005576,88.81974357005576
605,2,22.8,29.1078609799528,49.107860979952804,69.1078609799528,89.1078609799528
606,1,22.4,29.1078609799528,49.107860979952804,69.1078609799528,89.1078609799528
607,1,23.4,29.1078609799528,49.107860979952804,69.1078609799528,89.1078609799528
608,1,23.7,29.684095799746874,49.68409579974687,69.68409579974687,89.68409579974687
609,1,24.8,55.36070251185271,75.36070251185271,95.36070251185271,115.36070251185271
610,2,26.5,30.692506734386505,50.692506734386505,70.69250673438651,90.69250673438651
611,1,26.7,31.412800259129092,51.41280025912909,71.41280025912909,91.41280025912909
612,2,25.9,30.980624144283546,50.980624144283546,70.98062414428355,90.98062414428355
613,1,23.7,68.27103522037987,88.27103522037987,108.27103522037987,128.27103522037987
614,1,21.8,29.395978389849837,49.39597838984984,69.39597838984983,89.39597838984983
615,1,21.8,29.251919684901317,49.25191968490132,69.25191968490131,89.25191968490131
616,1,21.9,30.11627191459243,50.11627191459243,70.11627191459243,90.11627191459243
617,1,22.4,31.98903507892317,51.989035078923166,71.98903507892317,91.98903507892317
618,1,24.1,34.14991565315095,54.14991565315095,74.14991565315094,94.14991565315094
619,1,25.0,35.73456140758466,55.73456140758466,75.73456140758466,95.73456140758466
620,1,25.1,99.56593142547794,119.56593142547794,139.56593142547794,159.56593142547794
621,1,24.8,37.17514845706984,57.17514845706984,77.17514845706984,97.17514845706984
622,1,24.4,37.75138327686391,57.75138327686391,77.75138327686392,97.75138327686392
623,1,23.6,38.183559391709466,58.183559391709466,78.18355939170947,98.18355939170947
624,1,23.2,38.615735506555026,58.615735506555026,78.61573550655503,98.61573550655503
625,1,22.9,36.74297234222428,56.74297234222428,76.74297234222428,96.74297234222428
626,1,24.2,35.44644399768761,55.44644399768761,75.44644399768761,95.44644399768761
627,1,25.1,34.29397435809947,54.29397435809947,74.29397435809946,94.29397435809946
628,1,24.4,33.573680833356875,53.573680833356875,73.57368083335687,93.57368083335687
629,1,23.4,32.85338730861428,52.85338730861428,72.85338730861429,92.85338730861429
630,1,23.4,32.27715248882021,52.27715248882021,72.2771524888202,92.2771524888202
631,1,23.4,31.70091766902613,51.700917669026126,71.70091766902613,91.70091766902613
632,1,25.2,31.124682849232055,51.12468284923206,71.12468284923206,91.12468284923206
633,1,26.8,55.64881992174974,75.64881992174975,95.64881992174975,115.64881992174975
634,1,28.1,29.395978389849837,49.39597838984984,69.39597838984983,89.39597838984983
635,1,29.9,28.243508750261686,48.24350875026168,68.24350875026168,88.24350875026168
636,1,29.7,27.23509781562206,47.235097815622055,67.23509781562205,87.23509781562205
637,1,28.9,64.09333277687284,84.09333277687284,104.09333277687284,124.09333277687284
638,1,28.7,25.650452061188354,45.65045206118835,65.65045206118836,85.65045206118836
639,1,27.8,25.36233465129132,45.36233465129132,65.36233465129132,85.36233465129132
640,1,26.6,25.36233465129132,45.36233465129132,65.36233465129132,85.36233465129132
641,1,27.1,25.218275946342796,45.2182759463428,65.2182759463428,85.2182759463428
642,2,27.4,25.218275946342796,45.2182759463428,65.2182759463428,85.2182759463428
643,1,29.3,25.36233465129132,45.36233465129132,65.36233465129132,85.36233465129132
644,1,30.7,88.47341114444201,108.47341114444201,128.47341114444203,148.47341114444203
645,1,30.3,25.50639335623984,45.50639335623984,65.50639335623984,85.50639335623984
646,1,31.5,25.650452061188354,45.65045206118835,65.65045206118836,85.65045206118836
647,1,31.3,25.93856947108539,45.93856947108539,65.93856947108539,85.93856947108539
648,1,30.2,26.08262817603391,46.08262817603391,66.08262817603391,86.08262817603391
649,1,28.5,26.226686880982435,46.226686880982435,66.22668688098244,86.22668688098244
650,1,27.2,26.802921700776505,46.80292170077651,66.80292170077651,86.80292170077651
651,1,27.0,27.523215225519095,47.523215225519095,67.5232152255191,87.5232152255191
652,2,27.1,27.66727393046762,47.667273930467616,67.66727393046762,87.66727393046762
653,1,26.0,27.955391340364653,47.955391340364656,67.95539134036466,87.95539134036466
654,1,25.2,28.387567455210206,48.3875674552102,68.3875674552102,88.3875674552102
655,1,25.2,28.96380227500428,48.963802275004284,68.96380227500428,88.96380227500428
656,2,25.9,29.540037094798354,49.54003709479835,69.54003709479835,89.54003709479835
657,1,27.0,55.21664380690419,75.21664380690419,95.21664380690419,115.21664380690419
658,1,26.2,30.692506734386505,50.692506734386505,70.69250673438651,90.69250673438651
659,1,25.6,31.124682849232055,51.12468284923206,71.12468284923206,91.12468284923206
660,1,25.7,31.268741554180583,51.26874155418058,71.26874155418058,91.26874155418058
661,1,26.4,69.135387450071,89.135387450071,109.135387450071,129.135387450071
662,1,24.9,30.83656543933502,50.83656543933502,70.83656543933502,90.83656543933502
663,2,23.6,29.97221320964391,49.97221320964391,69.97221320964391,89.97221320964391
664,1,22.7,29.251919684901317,49.25191968490132,69.25191968490131,89.25191968490131
665,1,21.8,28.96380227500428,48.963802275004284,68.96380227500428,88.96380227500428
666,1,21.2,28.96380227500428,48.963802275004284,68.96380227500428,88.96380227500428
667,1,20.9,29.1078609799528,49.107860979952804,69.1078609799528,89.1078609799528
668,1,20.7,92.65111358794906,112.65111358794906,132.65111358794906,152.65111358794906
669,1,20.4,29.684095799746874,49.68409579974687,69.68409579974687,89.68409579974687
670,1,20.8,30.260330619540948,50.26033061954095,70.26033061954095,90.26033061954095
671,1,20.9,30.548448029437985,50.548448029437985,70.54844802943799,90.54844802943799
672,1,20.1,31.412800259129092,51.41280025912909,71.41280025912909,91.41280025912909
673,1,20.5,32.133093783871686,52.133093783871686,72.13309378387169,92.13309378387169
674,1,22.0,32.42121119376873,52.42121119376873,72.42121119376873,92.42121119376873
675,1,22.4,32.42121119376873,52.42121119376873,72.42121119376873,92.42121119376873
676,1,22.3,33.429622128408354,53.429622128408354,73.42962212840835,93.42962212840835
677,1,22.5,34.5820917679965,54.5820917679965,74.5820917679965,94.5820917679965
678,1,22.8,35.59050270263613,55.59050270263613,75.59050270263613,95.59050270263613
679,1,23.3,37.31920716201835,57.31920716201835,77.31920716201836,97.31920716201836
680,1,25.4,39.04791162140057,59.04791162140057,79.04791162140057,99.04791162140057
681,1,27.7,64.86857703845493,84.86857703845493,104.86857703845493,124.86857703845493
682,1,27.0,40.05632255604021,60.05632255604021,80.05632255604021,100.05632255604021
683,1,26.6,40.20038126098873,60.20038126098873,80.20038126098873,100.20038126098873
684,1,25.3,39.33602903129761,59.33602903129761,79.33602903129761,99.33602903129761
685,1,22.5,75.32991176285728,95.32991176285728,115.32991176285728,135.32991176285728
686,1,25.9,36.8870310471728,56.8870310471728,76.8870310471728,96.8870310471728
687,1,26.3,36.310796227378724,56.310796227378724,76.31079622737872,96.31079622737872
688,1,25.0,36.598913637275764,56.598913637275764,76.59891363727576,96.59891363727576
689,1,25.1,37.75138327686391,57.75138327686391,77.75138327686392,97.75138327686392
690,1,25.8,39.48008773624613,59.48008773624613,79.48008773624613,99.48008773624613
691,1,26.4,39.76820514614317,59.76820514614317,79.76820514614317,99.76820514614317
692,1,25.2,103.31145775413943,123.31145775413943,143.31145775413944,163.31145775413944
693,1,26.5,41.064733490679835,61.064733490679835,81.06473349067983,101.06473349067983
694,1,27.8,41.78502701542242,61.78502701542242,81.78502701542243,101.78502701542243
695,1,28.0,42.21720313026799,62.21720313026799,82.21720313026799,102.21720313026799
696,1,28.0,40.48849867088576,60.48849867088576,80.48849867088576,100.48849867088576
697,1,27.7,38.03950068676095,58.03950068676095,78.03950068676096,98.03950068676096
698,1,28.7,37.89544198181243,57.89544198181243,77.89544198181244,97.89544198181244
699,1,28.5,39.76820514614317,59.76820514614317,79.76820514614317,99.76820514614317
700,1,28.6,41.35285090057687,61.35285090057687,81.35285090057687,101.35285090057687
701,1,29.1,42.50532054016502,62.50532054016502,82.50532054016503,102.50532054016503
702,1,29.9,43.51373147480464,63.51373147480464,83.51373147480464,103.51373147480464
703,1,30.8,44.08996629459872,64.08996629459872,84.08996629459872,104.08996629459872
704,1,32.3,44.37808370449576,64.37808370449577,84.37808370449577,104.37808370449577
705,1,36.7,69.62251430175604,89.62251430175604,109.62251430175604,129.62251430175604
706,1,37.1,43.51373147480464,63.51373147480464,83.51373147480464,103.51373147480464
707,1,36.4,40.632557375834274,60.632557375834274,80.63255737583427,100.63255737583427
708,1,34.7,37.60732457191539,57.60732457191539,77.6073245719154,97.6073245719154
709,1,33.9,72.3046789589384,92.3046789589384,112.3046789589384,132.30467895893838
710,1,31.7,32.56526989871724,52.56526989871724,72.56526989871725,92.56526989871725
711,1,31.6,31.412800259129092,51.41280025912909,71.41280025912909,91.41280025912909
712,1,31.6,31.844976373974653,51.84497637397465,71.84497637397465,91.84497637397465
713,1,31.4,33.86179824325391,53.86179824325391,73.8617982432539,93.8617982432539
714,1,32.5,36.02267881748169,56.02267881748169,76.02267881748169,96.02267881748169
715,1,34.2,36.74297234222428,56.74297234222428,76.74297234222428,96.74297234222428
716,1,34.9,100.57434236011757,120.57434236011757,140.57434236011756,160.57434236011756
717,1,35.4,38.75979421150354,58.75979421150354,78.75979421150353,98.75979421150353
718,1,35.8,39.33602903129761,59.33602903129761,79.33602903129761,99.33602903129761
719,1,38.0,38.90385291645206,58.90385291645206,78.90385291645205,98.90385291645205
720,1,39.6,36.74297234222428,56.74297234222428,76.74297234222428,96.74297234222428
721,1,37.6,35.014267882842056,55.014267882842056,75.01426788284206,95.01426788284206
722,1,36.6,35.44644399768761,55.44644399768761,75.44644399768761,95.44644399768761
723,1,36.4,36.310796227378724,56.310796227378724,76.31079622737872,96.31079622737872
724,1,36.8,37.46326586696687,57.46326586696687,77.46326586696688,97.46326586696688
725,1,37.0,36.310796227378724,56.310796227378724,76.31079622737872,96.31079622737872
726,1,36.8,36.74297234222428,56.74297234222428,76.74297234222428,96.74297234222428
727,1,38.5,38.4716768016065,58.4716768016065,78.47167680160649,98.47167680160649
728,1,37.6,39.76820514614317,59.76820514614317,79.76820514614317,99.76820514614317
729,1,38.4,65.58887056319753,85.58887056319753,105.58887056319753,125.58887056319753
730,1,40.0,39.91226385109169,59.91226385109169,79.9122638510917,99.9122638510917
731,1,40.6,38.183559391709466,58.183559391709466,78.18355939170947,98.18355939170947
732,1,38.5,36.02267881748169,56.02267881748169,76.02267881748169,96.02267881748169
733,1,36.8,71.44032672924729,91.44032672924729,111.44032672924729,131.4403267292473
734,1,36.8,32.56526989871724,52.56526989871724,72.56526989871725,92.56526989871725
735,1,35.8,32.133093783871686,52.133093783871686,72.13309378387169,92.13309378387169
736,1,34.9,32.9974460135628,52.9974460135628,72.99744601356281,92.99744601356281
737,1,35.2,34.726150472945015,54.726150472945015,74.72615047294502,94.72615047294502
738,1,35.4,36.02267881748169,56.02267881748169,76.02267881748169,96.02267881748169
739,1,36.1,35.59050270263613,55.59050270263613,75.59050270263613,95.59050270263613
740,1,35.9,98.12534437599275,118.12534437599275,138.12534437599277,158.12534437599277
741,1,34.4,35.302385292739096,55.302385292739096,75.3023852927391,95.3023852927391
742,1,33.9,36.1667375224302,56.1667375224302,76.1667375224302,96.1667375224302
743,1,34.5,37.31920716201835,57.31920716201835,77.31920716201836,97.31920716201836
744,1,34.4,38.4716768016065,58.4716768016065,78.47167680160649,98.47167680160649
745,1,33.5,39.62414644119465,59.62414644119465,79.62414644119465,99.62414644119465
746,1,33.7,40.7766160807828,60.7766160807828,80.7766160807828,100.7766160807828
747,1,33.0,41.78502701542242,61.78502701542242,81.78502701542243,101.78502701542243
748,1,31.4,42.07314442531947,62.07314442531947,82.07314442531947,102.07314442531947
749,1,30.8,41.35285090057687,61.35285090057687,81.35285090057687,101.35285090057687
750,1,30.5,40.48849867088576,60.48849867088576,80.48849867088576,100.48849867088576
751,1,31.2,38.615735506555026,58.615735506555026,78.61573550655503,98.61573550655503
752,1,30.4,36.8870310471728,56.8870310471728,76.8870310471728,96.8870310471728
753,1,33.3,60.11463977515382,80.11463977515382,100.11463977515382,120.11463977515382
754,1,36.6,31.412800259129092,51.41280025912909,71.41280025912909,91.41280025912909
755,1,35.6,28.387567455210206,48.3875674552102,68.3875674552102,88.3875674552102
756,1,36.1,26.658862995827985,46.65886299582799,66.65886299582799,86.65886299582799
757,1,36.1,63.66115666202729,83.66115666202728,103.66115666202728,123.66115666202728
758,1,36.9,25.50639335623984,45.50639335623984,65.50639335623984,85.50639335623984
759,1,37.1,25.650452061188354,45.65045206118835,65.65045206118836,85.65045206118836
760,1,35.2,25.93856947108539,45.93856947108539,65.93856947108539,85.93856947108539
761,1,34.8,26.226686880982435,46.226686880982435,66.22668688098244,86.22668688098244
762,1,35.4,26.370745585930948,46.37074558593095,66.37074558593095,86.37074558593095
763,1,38.7,26.514804290879468,46.51480429087947,66.51480429087947,86.51480429087947
764,1,40.3,89.62588078403016,109.62588078403016,129.62588078403016,149.62588078403016
765,1,38.3,26.946980405725025,46.94698040572503,66.94698040572503,86.94698040572503
766,1,37.6,27.523215225519095,47.523215225519095,67.5232152255191,87.5232152255191
767,1,37.8,28.243508750261686,48.24350875026168,68.24350875026168,88.24350875026168
768,1,37.5,28.675684865107243,48.67568486510724,68.67568486510724,88.67568486510724
769,1,34.5,28.675684865107243,48.67568486510724,68.67568486510724,88.67568486510724
770,1,34.4,29.1078609799528,49.107860979952804,69.1078609799528,89.1078609799528
771,1,35.8,29.395978389849837,49.39597838984984,69.39597838984983,89.39597838984983
772,1,36.2,30.260330619540948,50.26033061954095,70.26033061954095,90.26033061954095
773,1,33.9,31.98903507892317,51.989035078923166,71.98903507892317,91.98903507892317
774,1,33.5,32.9974460135628,52.9974460135628,72.99744601356281,92.99744601356281
775,1,32.9,33.573680833356875,53.573680833356875,73.57368083335687,93.57368083335687
776,1,34.6,34.14991565315095,54.14991565315095,74.14991565315094,94.14991565315094
777,1,36.7,59.68246366030826,79.68246366030826,99.68246366030826,119.68246366030826
778,1,38.8,34.43803306304798,54.43803306304798,74.43803306304798,94.43803306304798
779,1,37.9,34.14991565315095,54.14991565315095,74.14991565315094,94.14991565315094
780,1,36.4,32.85338730861428,52.85338730861428,72.85338730861429,92.85338730861429
781,1,34.9,70.14379838471062,90.14379838471062,110.14379838471062,130.14379838471064
782,1,33.3,32.27715248882021,52.27715248882021,72.2771524888202,92.2771524888202
783,1,31.3,32.42121119376873,52.42121119376873,72.42121119376873,92.42121119376873
784,1,31.7,32.70932860366576,52.70932860366576,72.70932860366577,92.70932860366577
785,1,32.4,33.573680833356875,53.573680833356875,73.57368083335687,93.57368083335687
786,1,33.0,34.29397435809947,54.29397435809947,74.29397435809946,94.29397435809946
787,1,33.0,34.00585694820243,54.00585694820243,74.00585694820242,94.00585694820242
788,1,32.1,96.9728747364046,116.9728747364046,136.9728747364046,156.9728747364046
789,1,30.6,34.29397435809947,54.29397435809947,74.29397435809946,94.29397435809946
790,1,30.5,34.726150472945015,54.726150472945015,74.72615047294502,94.72615047294502
791,1,30.1,35.302385292739096,55.302385292739096,75.3023852927391,95.3023852927391
792,1,28.4,35.73456140758466,55.73456140758466,75.73456140758466,95.73456140758466
793,1,27.4,36.310796227378724,56.310796227378724,76.31079622737872,96.31079622737872
794,1,26.6,37.03108975212131,57.03108975212131,77.03108975212132,97.03108975212132
795,1,24.5,37.46326586696687,57.46326586696687,77.46326586696688,97.46326586696688
796,1,24.4,36.1667375224302,56.1667375224302,76.1667375224302,96.1667375224302
797,1,24.4,35.014267882842056,55.014267882842056,75.01426788284206,95.01426788284206
798,1,24.4,36.310796227378724,56.310796227378724,76.31079622737872,96.31079622737872
799,1,24.6,36.74297234222428,56.74297234222428,76.74297234222428,96.74297234222428
800,1,25.3,36.8870310471728,56.8870310471728,76.8870310471728,96.8870310471728
801,1,27.4,61.69928552958753,81.69928552958753,101.69928552958753,121.69928552958753
802,1,28.3,35.87862011253317,55.87862011253317,75.87862011253317,95.87862011253317
803,1,27.5,35.302385292739096,55.302385292739096,75.3023852927391,95.3023852927391
804,1,27.6,35.014267882842056,55.014267882842056,75.01426788284206,95.01426788284206
805,1,27.2,72.01656154904136,92.01656154904136,112.01656154904136,132.01656154904134
806,1,26.9,33.429622128408354,53.429622128408354,73.42962212840835,93.42962212840835
807,1,26.8,33.14150471851132,53.14150471851132,73.14150471851133,93.14150471851133
808,1,24.9,33.717739538305395,53.717739538305395,73.7177395383054,93.7177395383054
809,1,24.4,34.5820917679965,54.5820917679965,74.5820917679965,94.5820917679965
810,1,23.9,34.870209177893535,54.870209177893535,74.87020917789354,94.87020917789354
811,1,24.2,34.43803306304798,54.43803306304798,74.43803306304798,94.43803306304798
812,1,23.9,98.12534437599275,118.12534437599275,138.12534437599277,158.12534437599277
813,1,24.0,36.02267881748169,56.02267881748169,76.02267881748169,96.02267881748169
814,2,23.8,36.454854932327244,56.454854932327244,76.45485493232724,96.45485493232724
815,1,23.4,36.598913637275764,56.598913637275764,76.59891363727576,96.59891363727576
816,1,22.5,36.598913637275764,56.598913637275764,76.59891363727576,96.59891363727576
817,1,22.5,36.1667375224302,56.1667375224302,76.1667375224302,96.1667375224302
818,1,25.8,36.02267881748169,56.02267881748169,76.02267881748169,96.02267881748169
819,1,25.0,35.44644399768761,55.44644399768761,75.44644399768761,95.44644399768761
820,1,24.9,35.44644399768761,55.44644399768761,75.44644399768761,95.44644399768761
821,1,24.3,36.02267881748169,56.02267881748169,76.02267881748169,96.02267881748169
822,1,24.0,36.310796227378724,56.310796227378724,76.31079622737872,96.31079622737872
823,1,24.5,35.59050270263613,55.59050270263613,75.59050270263613,95.59050270263613
824,2,25.8,35.87862011253317,55.87862011253317,75.87862011253317,95.87862011253317
825,1,26.8,61.84334423453604,81.84334423453603,101.84334423453603,121.84334423453603
826,1,27.1,36.8870310471728,56.8870310471728,76.8870310471728,96.8870310471728
827,1,27.9,34.29397435809947,54.29397435809947,74.29397435809946,94.29397435809946
828,1,27.2,31.98903507892317,51.989035078923166,71.98903507892317,91.98903507892317
829,1,25.7,68.70321133522543,88.70321133522543,108.70321133522543,128.70321133522543
830,1,24.2,30.11627191459243,50.11627191459243,70.11627191459243,90.11627191459243
831,1,23.8,29.97221320964391,49.97221320964391,69.97221320964391,89.97221320964391
832,1,23.3,31.124682849232055,51.12468284923206,71.12468284923206,91.12468284923206
833,1,23.8,32.9974460135628,52.9974460135628,72.99744601356281,92.99744601356281
834,1,24.5,35.302385292739096,55.302385292739096,75.3023852927391,95.3023852927391
835,1,24.8,35.15832658779058,55.15832658779058,75.15832658779058,95.15832658779058
836,1,26.0,98.12534437599275,118.12534437599275,138.12534437599277,158.12534437599277
837,1,26.7,35.44644399768761,55.44644399768761,75.44644399768761,95.44644399768761
838,1,26.5,35.87862011253317,55.87862011253317,75.87862011253317,95.87862011253317
839,1,26.3,34.29397435809947,54.29397435809947,74.29397435809946,94.29397435809946
840,1,25.1,35.73456140758466,55.73456140758466,75.73456140758466,95.73456140758466
841,1,24.6,35.15832658779058,55.15832658779058,75.15832658779058,95.15832658779058
842,1,24.1,36.1667375224302,56.1667375224302,76.1667375224302,96.1667375224302
843,1,23.6,37.89544198181243,57.89544198181243,77.89544198181244,97.89544198181244
844,1,22.9,38.183559391709466,58.183559391709466,78.18355939170947,98.18355939170947
845,1,22.6,39.62414644119465,59.62414644119465,79.62414644119465,99.62414644119465
846,1,23.0,40.632557375834274,60.632557375834274,80.63255737583427,100.63255737583427
847,1,23.9,40.34443996593725,60.34443996593725,80.34443996593726,100.34443996593726
848,1,23.5,37.31920716201835,57.31920716201835,77.31920716201836,97.31920716201836
849,1,23.6,60.97899200484493,80.97899200484494,100.97899200484494,120.97899200484494
850,1,23.5,36.1667375224302,56.1667375224302,76.1667375224302,96.1667375224302
851,1,23.9,35.014267882842056,55.014267882842056,75.01426788284206,95.01426788284206
852,1,24.9,34.726150472945015,54.726150472945015,74.72615047294502,94.72615047294502
853,1,25.2,70.57597449955617,90.57597449955617,110.57597449955617,130.57597449955617
854,1,24.8,31.70091766902613,51.700917669026126,71.70091766902613,91.70091766902613
855,1,24.3,30.83656543933502,50.83656543933502,70.83656543933502,90.83656543933502
856,1,23.1,31.412800259129092,51.41280025912909,71.41280025912909,91.41280025912909
857,1,23.1,32.133093783871686,52.133093783871686,72.13309378387169,92.13309378387169
858,1,23.5,32.42121119376873,52.42121119376873,72.42121119376873,92.42121119376873
859,1,24.1,32.56526989871724,52.56526989871724,72.56526989871725,92.56526989871725
860,1,26.3,95.10011157207387,115.10011157207387,135.10011157207387,155.10011157207387
861,1,27.0,32.27715248882021,52.27715248882021,72.2771524888202,92.2771524888202
862,1,27.3,32.9974460135628,52.9974460135628,72.99744601356281,92.99744601356281
863,1,29.4,32.27715248882021,52.27715248882021,72.2771524888202,92.2771524888202
864,1,31.6,32.42121119376873,52.42121119376873,72.42121119376873,92.42121119376873
865,1,32.0,34.726150472945015,54.726150472945015,74.72615047294502,94.72615047294502
866,1,31.5,35.87862011253317,55.87862011253317,75.87862011253317,95.87862011253317
867,1,30.6,36.74297234222428,56.74297234222428,76.74297234222428,96.74297234222428
868,1,29.2,38.03950068676095,58.03950068676095,78.03950068676096,98.03950068676096
869,1,29.6,39.91226385109169,59.91226385109169,79.9122638510917,99.9122638510917
870,1,30.0,41.208792195628355,61.208792195628355,81.20879219562835,101.20879219562835
871,1,31.2,40.632557375834274,60.632557375834274,80.63255737583427,100.63255737583427
872,1,33.4,37.46326586696687,57.46326586696687,77.46326586696688,97.46326586696688
873,1,33.9,62.131461644433074,82.13146164443307,102.13146164443307,122.13146164443307
874,1,35.9,35.014267882842056,55.014267882842056,75.01426788284206,95.01426788284206
875,1,33.9,33.573680833356875,53.573680833356875,73.57368083335687,93.57368083335687
876,1,32.1,32.133093783871686,52.133093783871686,72.13309378387169,92.13309378387169
877,1,29.6,69.135387450071,89.135387450071,109.135387450071,129.135387450071
878,1,27.7,31.412800259129092,51.41280025912909,71.41280025912909,91.41280025912909
879,1,25.9,31.556858964077616,51.55685896407762,71.55685896407762,91.55685896407762
880,1,24.5,31.70091766902613,51.700917669026126,71.70091766902613,91.70091766902613
881,1,24.7,32.85338730861428,52.85338730861428,72.85338730861429,92.85338730861429
882,2,26.3,35.44644399768761,55.44644399768761,75.44644399768761,95.44644399768761
883,1,28.8,36.598913637275764,56.598913637275764,76.59891363727576,96.59891363727576
884,1,30.3,100.14216624527201,120.14216624527201,140.142166245272,160.142166245272
885,1,29.9,35.87862011253317,55.87862011253317,75.87862011253317,95.87862011253317
886,1,30.1,35.73456140758466,55.73456140758466,75.73456140758466,95.73456140758466
887,1,31.8,34.726150472945015,54.726150472945015,74.72615047294502,94.72615047294502
888,1,31.8,36.598913637275764,56.598913637275764,76.59891363727576,96.59891363727576
889,1,30.4,36.1667375224302,56.1667375224302,76.1667375224302,96.1667375224302
890,1,31.6,35.302385292739096,55.302385292739096,75.3023852927391,95.3023852927391
891,1,32.6,35.15832658779058,55.15832658779058,75.15832658779058,95.15832658779058
892,1,32.1,36.74297234222428,56.74297234222428,76.74297234222428,96.74297234222428
893,1,30.1,36.74297234222428,56.74297234222428,76.74297234222428,96.74297234222428
894,1,29.2,36.310796227378724,56.310796227378724,76.31079622737872,96.31079622737872
895,1,28.1,36.8870310471728,56.8870310471728,76.8870310471728,96.8870310471728
896,1,27.7,36.310796227378724,56.310796227378724,76.31079622737872,96.31079622737872
897,1,29.2,60.40275718505086,80.40275718505086,100.40275718505086,120.40275718505086
898,1,31.7,35.15832658779058,55.15832658779058,75.15832658779058,95.15832658779058
899,1,30.7,33.573680833356875,53.573680833356875,73.57368083335687,93.57368083335687
900,1,29.0,31.70091766902613,51.700917669026126,71.70091766902613,91.70091766902613
901,1,26.7,67.98291781048285,87.98291781048285,107.98291781048285,127.98291781048285
902,1,23.4,28.675684865107243,48.67568486510724,68.67568486510724,88.67568486510724
903,1,22.2,27.955391340364653,47.955391340364656,67.95539134036466,87.95539134036466
904,1,21.9,28.387567455210206,48.3875674552102,68.3875674552102,88.3875674552102
905,1,22.6,30.404389324489465,50.404389324489465,70.40438932448947,90.40438932448947
906,1,23.5,32.9974460135628,52.9974460135628,72.99744601356281,92.99744601356281
907,1,24.0,35.59050270263613,55.59050270263613,75.59050270263613,95.59050270263613
908,1,24.8,100.14216624527201,120.14216624527201,140.142166245272,160.142166245272
909,1,26.5,38.4716768016065,58.4716768016065,78.47167680160649,98.47167680160649
910,1,26.8,40.20038126098873,60.20038126098873,80.20038126098873,100.20038126098873
911,1,26.9,40.48849867088576,60.48849867088576,80.48849867088576,100.48849867088576
912,1,26.7,41.064733490679835,61.064733490679835,81.06473349067983,101.06473349067983
913,1,25.8,41.640968310473916,61.640968310473916,81.64096831047391,101.64096831047391
914,1,26.5,42.649379245113536,62.649379245113536,82.64937924511354,102.64937924511354
915,1,26.8,43.22561406490762,63.22561406490762,83.22561406490762,103.22561406490762
916,1,26.2,43.51373147480464,63.51373147480464,83.51373147480464,103.51373147480464
917,1,25.2,43.51373147480464,63.51373147480464,83.51373147480464,103.51373147480464
918,1,25.3,43.94590758965021,63.94590758965021,83.9459075896502,103.9459075896502
919,1,26.5,44.234024999547245,64.23402499954724,84.23402499954724,104.23402499954724
920,1,27.9,44.522142409444285,64.52214240944429,84.52214240944429,104.52214240944429
921,1,29.9,69.76657300670456,89.76657300670456,109.76657300670456,129.76657300670456
922,1,32.0,43.51373147480464,63.51373147480464,83.51373147480464,103.51373147480464
923,1,31.6,39.91226385109169,59.91226385109169,79.9122638510917,99.9122638510917
924,1,27.7,35.73456140758466,55.73456140758466,75.73456140758466,95.73456140758466
925,1,25.3,70.72003320450469,90.72003320450469,110.72003320450469,130.7200332045047
926,1,22.9,31.412800259129092,51.41280025912909,71.41280025912909,91.41280025912909
927,1,23.0,30.404389324489465,50.404389324489465,70.40438932448947,90.40438932448947
928,1,23.0,31.412800259129092,51.41280025912909,71.41280025912909,91.41280025912909
929,1,22.8,33.573680833356875,53.573680833356875,73.57368083335687,93.57368083335687
930,1,22.6,36.74297234222428,56.74297234222428,76.74297234222428,96.74297234222428
931,1,23.6,39.19197032634909,59.19197032634909,79.1919703263491,99.1919703263491
932,1,25.7,104.89610350857312,124.89610350857312,144.8961035085731,164.8961035085731
933,1,26.4,42.79343795006206,62.79343795006206,82.79343795006206,102.79343795006206
934,1,26.4,44.08996629459872,64.08996629459872,84.08996629459872,104.08996629459872
935,1,26.9,45.530553344083906,65.5305533440839,85.5305533440839,105.5305533440839
936,1,26.4,46.68302298367205,66.68302298367206,86.68302298367206,106.68302298367206
937,1,26.4,47.69143391831169,67.69143391831169,87.69143391831169,107.69143391831169
938,1,26.4,48.555786148002795,68.5557861480028,88.5557861480028,108.5557861480028
939,1,26.0,49.2760796727454,69.2760796727454,89.2760796727454,109.2760796727454
940,1,26.0,50.14043190243651,70.14043190243652,90.14043190243652,110.14043190243652
941,1,25.6,50.8607254271791,70.86072542717909,90.86072542717909,110.86072542717909
942,1,25.0,51.14884283707613,71.14884283707613,91.14884283707613,111.14884283707613
943,1,24.8,49.85231449253947,69.85231449253948,89.85231449253948,109.85231449253948
944,1,26.9,47.40331650841465,67.40331650841465,87.40331650841465,107.40331650841465
945,1,30.1,70.48686653144716,90.48686653144716,110.48686653144716,130.48686653144716
946,1,31.9,43.0815553599591,63.0815553599591,83.0815553599591,103.0815553599591
947,1,31.5,40.48849867088576,60.48849867088576,80.48849867088576,100.48849867088576
948,1,28.1,37.17514845706984,57.17514845706984,77.17514845706984,97.17514845706984
949,1,26.4,72.44873766388692,92.44873766388692,112.44873766388692,132.4487376638869
950,1,24.2,32.56526989871724,52.56526989871724,72.56526989871725,92.56526989871725
951,1,25.0,31.844976373974653,51.84497637397465,71.84497637397465,91.84497637397465
952,2,24.5,31.98903507892317,51.989035078923166,71.98903507892317,91.98903507892317
953,1,24.8,31.98903507892317,51.989035078923166,71.98903507892317,91.98903507892317
954,2,26.2,32.85338730861428,52.85338730861428,72.85338730861429,92.85338730861429
955,1,29.2,33.429622128408354,53.429622128408354,73.42962212840835,93.42962212840835
956,1,30.9,95.82040509681646,115.82040509681646,135.82040509681644,155.82040509681644
957,1,29.5,31.556858964077616,51.55685896407762,71.55685896407762,91.55685896407762
958,1,29.5,31.844976373974653,51.84497637397465,71.84497637397465,91.84497637397465
959,1,28.9,31.70091766902613,51.700917669026126,71.70091766902613,91.70091766902613
960,1,28.1,32.27715248882021,52.27715248882021,72.2771524888202,92.2771524888202
961,1,27.0,35.87862011253317,55.87862011253317,75.87862011253317,95.87862011253317
962,1,26.5,39.19197032634909,59.19197032634909,79.1919703263491,99.1919703263491
963,1,24.7,39.91226385109169,59.91226385109169,79.9122638510917,99.9122638510917
964,1,24.6,40.34443996593725,60.34443996593725,80.34443996593726,100.34443996593726
965,1,24.4,40.7766160807828,60.7766160807828,80.7766160807828,100.7766160807828
966,1,24.4,40.632557375834274,60.632557375834274,80.63255737583427,100.63255737583427
967,1,27.0,41.064733490679835,61.064733490679835,81.06473349067983,101.06473349067983
968,1,29.9,41.064733490679835,61.064733490679835,81.06473349067983,101.06473349067983
969,1,32.6,65.44481185824901,85.44481185824901,105.44481185824901,125.44481185824901
970,1,32.9,38.90385291645206,58.90385291645206,78.90385291645205,98.90385291645205
971,1,32.0,38.183559391709466,58.183559391709466,78.18355939170947,98.18355939170947
972,1,29.3,36.74297234222428,56.74297234222428,76.74297234222428,96.74297234222428
973,1,28.6,73.74526600842358,93.74526600842358,113.74526600842358,133.74526600842358
974,1,28.8,36.310796227378724,56.310796227378724,76.31079622737872,96.31079622737872
975,1,28.5,34.43803306304798,54.43803306304798,74.43803306304798,94.43803306304798
976,1,27.3,34.29397435809947,54.29397435809947,74.29397435809946,94.29397435809946
977,1,26.7,36.1667375224302,56.1667375224302,76.1667375224302,96.1667375224302
978,1,28.4,35.87862011253317,55.87862011253317,75.87862011253317,95.87862011253317
979,1,30.5,100.43028365516905,120.43028365516905,140.43028365516903,160.43028365516903
980,1,31.1,38.75979421150354,58.75979421150354,78.75979421150353,98.75979421150353
981,1,31.7,39.48008773624613,59.48008773624613,79.48008773624613,99.48008773624613
982,1,30.9,40.05632255604021,60.05632255604021,80.05632255604021,100.05632255604021
983,1,30.7,41.78502701542242,61.78502701542242,81.78502701542243,101.78502701542243
984,1,30.8,42.07314442531947,62.07314442531947,82.07314442531947,102.07314442531947
985,1,30.3,43.0815553599591,63.0815553599591,83.0815553599591,103.0815553599591
986,1,29.9,43.80184888470169,63.80184888470169,83.80184888470168,103.80184888470168
987,1,28.8,43.65779017975317,63.65779017975317,83.65779017975316,103.65779017975316
988,1,28.5,42.50532054016502,62.50532054016502,82.50532054016503,102.50532054016503
989,1,27.8,41.49690960552539,61.49690960552539,81.49690960552539,101.49690960552539
990,1,27.8,39.91226385109169,59.91226385109169,79.9122638510917,99.9122638510917
991,1,27.6,38.327618096657986,58.327618096657986,78.32761809665799,98.32761809665799
992,1,28.3,60.97899200484493,80.97899200484494,100.97899200484494,120.97899200484494
993,1,29.7,34.43803306304798,54.43803306304798,74.43803306304798,94.43803306304798
994,1,29.4,32.56526989871724,52.56526989871724,72.56526989871725,92.56526989871725
995,1,27.4,29.540037094798354,49.54003709479835,69.54003709479835,89.54003709479835
996,1,26.8,65.67797853130654,85.67797853130654,105.67797853130654,125.67797853130654
997,1,27.1,25.93856947108539,45.93856947108539,65.93856947108539,85.93856947108539
998,1,27.2,24.20986501170317,44.20986501170317,64.20986501170317,84.20986501170317
999,1,27.4,24.642041126548726,44.642041126548726,64.64204112654872,84.64204112654872
1000,1,27.4,25.50639335623984,45.50639335623984,65.50639335623984,85.50639335623984
1001,1,27.1,26.946980405725025,46.94698040572503,66.94698040572503,86.94698040572503
1002,1,27.2,27.66727393046762,47.667273930467616,67.66727393046762,87.66727393046762
1003,1,28.3,90.34617430877276,110.34617430877276,130.34617430877276,150.34617430877276
1004,1,27.7,27.23509781562206,47.235097815622055,67.23509781562205,87.23509781562205
1005,1,27.3,27.811332635416132,47.811332635416136,67.81133263541614,87.81133263541614
1006,1,27.1,28.675684865107243,48.67568486510724,68.67568486510724,88.67568486510724
1007,1,26.5,29.97221320964391,49.97221320964391,69.97221320964391,89.97221320964391
1008,1,25.8,31.556858964077616,51.55685896407762,71.55685896407762,91.55685896407762
1009,1,25.8,32.42121119376873,52.42121119376873,72.42121119376873,92.42121119376873
1010,1,25.6,32.9974460135628,52.9974460135628,72.99744601356281,92.99744601356281
1011,1,25.7,34.29397435809947,54.29397435809947,74.29397435809946,94.29397435809946
1012,1,25.9,35.73456140758466,55.73456140758466,75.73456140758466,95.73456140758466
1013,1,25.4,36.1667375224302,56.1667375224302,76.1667375224302,96.1667375224302
1014,1,26.0,36.1667375224302,56.1667375224302,76.1667375224302,96.1667375224302
1015,1,26.6,36.454854932327244,56.454854932327244,76.45485493232724,96.45485493232724
1016,1,26.4,62.131461644433074,82.13146164443307,102.13146164443307,122.13146164443307
1017,1,26.7,34.43803306304798,54.43803306304798,74.43803306304798,94.43803306304798
1018,1,26.6,31.268741554180583,51.26874155418058,71.26874155418058,91.26874155418058
1019,1,26.4,28.099450045313173,48.099450045313176,68.09945004531318,88.09945004531318
1020,1,26.1,63.66115666202729,83.66115666202728,103.66115666202728,123.66115666202728
1021,1,25.7,23.921747601806135,43.92174760180613,63.92174760180613,83.92174760180613
1022,1,25.4,23.05739537211502,43.057395372115025,63.057395372115025,83.05739537211502
1023,1,24.9,23.20145407706354,43.201454077063545,63.201454077063545,83.20145407706354
1024,1,24.8,24.20986501170317,44.20986501170317,64.20986501170317,84.20986501170317
1025,1,25.4,25.650452061188354,45.65045206118835,65.65045206118836,85.65045206118836
1026,1,25.5,26.802921700776505,46.80292170077651,66.80292170077651,86.80292170077651
1027,1,24.7,90.49023301372128,110.49023301372128,130.49023301372128,150.49023301372128
1028,1,25.8,27.811332635416132,47.811332635416136,67.81133263541614,87.81133263541614
1029,1,27.0,28.531626160158723,48.53162616015872,68.53162616015872,88.53162616015872
1030,1,27.6,28.531626160158723,48.53162616015872,68.53162616015872,88.53162616015872
1031,1,28.9,28.387567455210206,48.3875674552102,68.3875674552102,88.3875674552102
1032,1,27.9,27.66727393046762,47.667273930467616,67.66727393046762,87.66727393046762
1033,1,27.0,27.37915652057058,47.379156520570575,67.37915652057058,87.37915652057058
1034,1,25.8,26.802921700776505,46.80292170077651,66.80292170077651,86.80292170077651
1035,1,24.5,26.08262817603391,46.08262817603391,66.08262817603391,86.08262817603391
1036,1,25.9,25.50639335623984,45.50639335623984,65.50639335623984,85.50639335623984
1037,1,26.2,25.50639335623984,45.50639335623984,65.50639335623984,85.50639335623984
1038,1,29.1,50.89488265844863,70.89488265844864,90.89488265844864,110.89488265844864
1039,1,30.1,24.93015853644576,44.93015853644576,64.93015853644576,84.93015853644576
1040,1,29.5,24.06580630675465,44.06580630675465,64.06580630675465,84.06580630675465
1041,1,27.9,22.913336667166504,42.913336667166504,62.913336667166504,82.9133366671665
1042,1,26.6,60.6359238581084,80.6359238581084,100.6359238581084,120.6359238581084
1043,1,24.8,22.769277962217984,42.769277962217984,62.769277962217984,82.76927796221798
1044,1,23.6,22.481160552320947,42.481160552320944,62.481160552320944,82.48116055232094
1045,2,23.1,22.769277962217984,42.769277962217984,62.769277962217984,82.76927796221798
1046,1,22.9,23.77768889685761,43.77768889685761,63.77768889685761,83.77768889685761
1047,1,23.1,25.50639335623984,45.50639335623984,65.50639335623984,85.50639335623984
1048,1,25.2,89.76993948897868,109.76993948897868,129.76993948897868,149.76993948897868
1049,1,24.6,27.23509781562206,47.235097815622055,67.23509781562205,87.23509781562205
1050,1,23.5,29.395978389849837,49.39597838984984,69.39597838984983,89.39597838984983
1051,1,23.0,31.98903507892317,51.989035078923166,71.98903507892317,91.98903507892317
1052,1,22.8,33.717739538305395,53.717739538305395,73.7177395383054,93.7177395383054
1053,1,21.7,35.014267882842056,55.014267882842056,75.01426788284206,95.01426788284206
1054,1,21.1,34.5820917679965,54.5820917679965,74.5820917679965,94.5820917679965
1055,1,21.0,33.429622128408354,53.429622128408354,73.42962212840835,93.42962212840835
1056,1,23.1,32.56526989871724,52.56526989871724,72.56526989871725,92.56526989871725
1057,1,23.7,31.844976373974653,51.84497637397465,71.84497637397465,91.84497637397465
1058,1,23.1,31.556858964077616,51.55685896407762,71.55685896407762,91.55685896407762
1059,1,23.6,31.844976373974653,51.84497637397465,71.84497637397465,91.84497637397465
1060,1,23.5,33.14150471851132,53.14150471851132,73.14150471851133,93.14150471851133
1061,1,25.1,60.54681588999937,80.54681588999938,100.54681588999938,120.54681588999938
1062,1,26.5,34.29397435809947,54.29397435809947,74.29397435809946,94.29397435809946
1063,1,27.1,32.56526989871724,52.56526989871724,72.56526989871725,92.56526989871725
1064,1,24.1,30.548448029437985,50.548448029437985,70.54844802943799,90.54844802943799
1065,1,22.9,66.25421335110062,86.25421335110062,106.25421335110062,126.25421335110062
1066,1,22.6,27.811332635416132,47.811332635416136,67.81133263541614,87.81133263541614
1067,1,22.3,26.946980405725025,46.94698040572503,66.94698040572503,86.94698040572503
1068,1,21.5,27.523215225519095,47.523215225519095,67.5232152255191,87.5232152255191
1069,1,22.4,29.828154504695394,49.82815450469539,69.82815450469539,89.82815450469539
1070,1,23.6,32.9974460135628,52.9974460135628,72.99744601356281,92.99744601356281
1071,1,25.2,36.8870310471728,56.8870310471728,76.8870310471728,96.8870310471728
1072,1,26.5,101.29463588486016,121.29463588486016,141.29463588486016,161.29463588486016
1073,1,26.3,40.20038126098873,60.20038126098873,80.20038126098873,100.20038126098873
1074,1,27.3,40.92067478573132,60.92067478573132,80.92067478573132,100.92067478573132
1075,1,27.7,41.208792195628355,61.208792195628355,81.20879219562835,101.20879219562835
1076,1,26.8,41.35285090057687,61.35285090057687,81.35285090057687,101.35285090057687
1077,1,24.7,41.49690960552539,61.49690960552539,81.49690960552539,101.49690960552539
1078,1,24.4,41.49690960552539,61.49690960552539,81.49690960552539,101.49690960552539
1079,1,24.8,42.3612618352165,62.3612618352165,82.36126183521651,102.36126183521651
1080,1,24.5,42.649379245113536,62.649379245113536,82.64937924511354,102.64937924511354
1081,1,23.7,41.064733490679835,61.064733490679835,81.06473349067983,101.06473349067983
1082,1,22.9,40.48849867088576,60.48849867088576,80.48849867088576,100.48849867088576
1083,1,23.6,38.615735506555026,58.615735506555026,78.61573550655503,98.61573550655503
1084,1,25.4,39.19197032634909,59.19197032634909,79.1919703263491,99.1919703263491
1085,1,27.5,65.30075315330049,85.30075315330049,105.30075315330049,125.30075315330049
1086,1,29.3,38.4716768016065,58.4716768016065,78.47167680160649,98.47167680160649
1087,1,29.3,35.014267882842056,55.014267882842056,75.01426788284206,95.01426788284206
1088,1,27.7,32.27715248882021,52.27715248882021,72.2771524888202,92.2771524888202
1089,1,25.8,67.6948004005858,87.6948004005858,107.6948004005858,127.6948004005858
1090,1,25.1,28.099450045313173,48.099450045313176,68.09945004531318,88.09945004531318
1091,1,25.0,26.802921700776505,46.80292170077651,66.80292170077651,86.80292170077651
1092,1,25.6,26.370745585930948,46.37074558593095,66.37074558593095,86.37074558593095
1093,1,26.6,26.802921700776505,46.80292170077651,66.80292170077651,86.80292170077651
1094,1,29.1,27.09103911067354,47.09103911067354,67.09103911067353,87.09103911067353
1095,1,29.8,90.05805689887572,110.05805689887572,130.05805689887572,150.05805689887572
1096,1,28.0,26.514804290879468,46.51480429087947,66.51480429087947,86.51480429087947
1097,1,27.2,26.514804290879468,46.51480429087947,66.51480429087947,86.51480429087947
1098,1,26.6,26.514804290879468,46.51480429087947,66.51480429087947,86.51480429087947
1099,1,25.8,26.658862995827985,46.65886299582799,66.65886299582799,86.65886299582799
1100,1,25.3,26.658862995827985,46.65886299582799,66.65886299582799,86.65886299582799
1101,2,24.8,26.946980405725025,46.94698040572503,66.94698040572503,86.94698040572503
1102,1,24.3,27.09103911067354,47.09103911067354,67.09103911067353,87.09103911067353
1103,2,24.9,27.523215225519095,47.523215225519095,67.5232152255191,87.5232152255191
1104,1,24.5,27.955391340364653,47.955391340364656,67.95539134036466,87.95539134036466
1105,1,24.2,28.099450045313173,48.099450045313176,68.09945004531318,88.09945004531318
1106,1,24.7,28.387567455210206,48.3875674552102,68.3875674552102,88.3875674552102
1107,1,27.3,30.11627191459243,50.11627191459243,70.11627191459243,90.11627191459243
1108,1,32.2,55.64881992174974,75.64881992174975,95.64881992174975,115.64881992174975
1109,1,32.4,29.540037094798354,49.54003709479835,69.54003709479835,89.54003709479835
1110,1,31.2,28.675684865107243,48.67568486510724,68.67568486510724,88.67568486510724
1111,1,31.1,28.243508750261686,48.24350875026168,68.24350875026168,88.24350875026168
1112,1,29.2,66.25421335110062,86.25421335110062,106.25421335110062,126.25421335110062
1113,1,28.1,28.099450045313173,48.099450045313176,68.09945004531318,88.09945004531318
1114,1,28.2,28.243508750261686,48.24350875026168,68.24350875026168,88.24350875026168
1115,1,27.7,28.243508750261686,48.24350875026168,68.24350875026168,88.24350875026168
1116,1,27.8,28.387567455210206,48.3875674552102,68.3875674552102,88.3875674552102
1117,1,27.2,28.81974357005576,48.81974357005576,68.81974357005576,88.81974357005576
1118,1,28.4,29.1078609799528,49.107860979952804,69.1078609799528,89.1078609799528
1119,1,29.8,92.50705488300054,112.50705488300054,132.50705488300054,152.50705488300054
1120,1,29.4,29.828154504695394,49.82815450469539,69.82815450469539,89.82815450469539
1121,1,28.6,30.404389324489465,50.404389324489465,70.40438932448947,90.40438932448947
1122,1,28.1,31.124682849232055,51.12468284923206,71.12468284923206,91.12468284923206
1123,1,28.2,31.844976373974653,51.84497637397465,71.84497637397465,91.84497637397465
1124,1,28.2,32.70932860366576,52.70932860366576,72.70932860366577,92.70932860366577
1125,1,25.7,32.42121119376873,52.42121119376873,72.42121119376873,92.42121119376873
1126,1,25.1,32.42121119376873,52.42121119376873,72.42121119376873,92.42121119376873
1127,1,25.2,32.27715248882021,52.27715248882021,72.2771524888202,92.2771524888202
1128,1,25.1,31.98903507892317,51.989035078923166,71.98903507892317,91.98903507892317
1129,1,24.6,31.556858964077616,51.55685896407762,71.55685896407762,91.55685896407762
1130,1,26.5,30.980624144283546,50.980624144283546,70.98062414428355,90.98062414428355
1131,1,28.9,55.50476121680123,75.50476121680123,95.50476121680123,115.50476121680123
1132,1,31.1,29.251919684901317,49.25191968490132,69.25191968490131,89.25191968490131
1133,1,28.0,28.099450045313173,48.099450045313176,68.09945004531318,88.09945004531318
1134,2,26.0,26.658862995827985,46.65886299582799,66.65886299582799,86.65886299582799
1135,1,24.0,63.94927407192432,83.94927407192432,103.94927407192432,123.94927407192432
1136,1,24.1,25.50639335623984,45.50639335623984,65.50639335623984,85.50639335623984
1137,1,23.6,25.50639335623984,45.50639335623984,65.50639335623984,85.50639335623984
1138,1,23.5,25.93856947108539,45.93856947108539,65.93856947108539,85.93856947108539
1139,1,23.2,26.370745585930948,46.37074558593095,66.37074558593095,86.37074558593095
1140,1,24.1,26.658862995827985,46.65886299582799,66.65886299582799,86.65886299582799
1141,1,27.6,89.76993948897868,109.76993948897868,129.76993948897868,149.76993948897868
1142,1,26.1,26.658862995827985,46.65886299582799,66.65886299582799,86.65886299582799
1143,1,27.1,26.08262817603391,46.08262817603391,66.08262817603391,86.08262817603391
1144,2,28.3,25.36233465129132,45.36233465129132,65.36233465129132,85.36233465129132
1145,1,27.4,24.786099831497243,44.78609983149724,64.78609983149724,84.78609983149724
1146,1,26.3,24.20986501170317,44.20986501170317,64.20986501170317,84.20986501170317
1147,1,24.7,23.489571486960575,43.48957148696057,63.48957148696057,83.48957148696057
1148,1,23.3,23.20145407706354,43.201454077063545,63.201454077063545,83.20145407706354
1149,1,23.4,22.913336667166504,42.913336667166504,62.913336667166504,82.9133366671665
1150,1,23.3,22.625219257269464,42.625219257269464,62.625219257269464,82.62521925726946
1151,1,23.7,22.337101847372427,42.33710184737242,62.33710184737242,82.33710184737242
1152,1,25.2,22.048984437475394,42.0489844374754,62.0489844374754,82.0489844374754
1153,1,25.5,47.29341503473567,67.29341503473567,87.29341503473567,107.29341503473567
1154,1,25.7,21.904925732526873,41.90492573252688,61.90492573252688,81.90492573252688
1155,2,27.1,21.616808322629836,41.616808322629836,61.616808322629836,81.61680832262984
1156,1,27.4,21.18463220778428,41.184632207784276,61.184632207784276,81.18463220778428
1157,1,26.3,58.330984578932096,78.33098457893209,98.33098457893209,118.33098457893209
1158,1,25.5,20.32027997809317,40.32027997809317,60.32027997809317,80.32027997809317
1159,1,25.3,20.032162568196128,40.03216256819613,60.03216256819613,80.03216256819613
1160,1,25.1,20.032162568196128,40.03216256819613,60.03216256819613,80.03216256819613
1161,1,24.8,20.32027997809317,40.32027997809317,60.32027997809317,80.32027997809317
1162,1,24.5,20.464338683041685,40.46433868304169,60.46433868304169,80.46433868304169
1163,1,25.2,20.608397387990205,40.60839738799021,60.60839738799021,80.60839738799021
1164,1,27.3,83.7194738811409,103.7194738811409,123.7194738811409,143.7194738811409
1165,1,29.9,20.752456092938722,40.75245609293872,60.75245609293872,80.75245609293873
1166,2,28.1,20.896514797887242,40.89651479788724,60.89651479788724,80.89651479788725
1167,1,26.0,20.896514797887242,40.89651479788724,60.89651479788724,80.89651479788725
1168,1,24.6,20.896514797887242,40.89651479788724,60.89651479788724,80.89651479788725
1169,1,24.9,20.896514797887242,40.89651479788724,60.89651479788724,80.89651479788725
1170,1,24.1,20.752456092938722,40.75245609293872,60.75245609293872,80.75245609293873
1171,2,23.9,20.752456092938722,40.75245609293872,60.75245609293872,80.75245609293873
1172,1,24.3,20.464338683041685,40.46433868304169,60.46433868304169,80.46433868304169
1173,1,24.8,20.176221273144648,40.17622127314465,60.17622127314465,80.17622127314465
1174,2,25.7,19.88810386324761,39.88810386324761,59.88810386324761,79.88810386324761
1175,1,26.1,44.98847575555937,64.98847575555936,84.98847575555936,104.98847575555936
1176,1,26.4,19.599986453350578,39.59998645335058,59.59998645335058,79.59998645335058
1177,1,26.5,19.311869043453537,39.31186904345354,59.31186904345354,79.31186904345354
1178,1,25.9,18.735634223659464,38.73563422365946,58.73563422365946,78.73563422365946
1179,1,26.0,56.0260452997558,76.0260452997558,96.0260452997558,116.0260452997558
1180,1,24.5,17.727223289019836,37.72722328901983,57.72722328901983,77.72722328901983
1181,2,23.7,17.583164584071316,37.58316458407131,57.58316458407131,77.58316458407131
1182,2,23.1,17.583164584071316,37.58316458407131,57.58316458407131,77.58316458407131
1183,1,24.1,17.727223289019836,37.72722328901983,57.72722328901983,77.72722328901983
1184,1,24.6,17.87128199396835,37.87128199396835,57.87128199396835,77.87128199396835
1185,1,24.8,80.83829978217054,100.83829978217054,120.83829978217054,140.83829978217054
1186,1,26.0,17.583164584071316,37.58316458407131,57.58316458407131,77.58316458407131
1187,1,26.4,17.15098846922576,37.15098846922576,57.15098846922576,77.15098846922575
1188,1,28.1,16.86287105932872,36.862871059328725,56.862871059328725,76.86287105932873
1189,1,30.2,16.718812354380205,36.718812354380205,56.718812354380205,76.7188123543802
1190,1,27.5,16.430694944483168,36.430694944483164,56.430694944483164,76.43069494448316
1191,1,26.1,16.28663623953465,36.28663623953465,56.28663623953465,76.28663623953466
1192,1,24.8,16.718812354380205,36.718812354380205,56.718812354380205,76.7188123543802
1193,1,24.3,17.29504717417428,37.29504717417428,57.29504717417428,77.29504717417427
1194,1,22.5,17.583164584071316,37.58316458407131,57.58316458407131,77.58316458407131
1195,1,21.1,17.583164584071316,37.58316458407131,57.58316458407131,77.58316458407131
1196,1,21.6,17.727223289019836,37.72722328901983,57.72722328901983,77.72722328901983
1197,1,21.4,18.159399403865386,38.159399403865386,58.159399403865386,78.1593994038654
1198,1,21.5,43.6919474110227,63.6919474110227,83.69194741102271,103.69194741102271
1199,1,23.6,17.727223289019836,37.72722328901983,57.72722328901983,77.72722328901983
1200,1,24.9,17.006929764277242,37.006929764277245,57.006929764277245,77.00692976427725
1201,1,23.7,15.99851882963761,35.99851882963761,55.99851882963761,75.99851882963762
1202,1,23.9,52.71269508593988,72.71269508593988,92.71269508593988,112.71269508593988
1203,1,25.6,14.413873075203906,34.41387307520391,54.41387307520391,74.41387307520391
1204,1,25.7,13.693579550461315,33.693579550461315,53.693579550461315,73.69357955046132
1205,1,27.3,14.125755665306873,34.12575566530687,54.12575566530687,74.12575566530687
1206,1,27.9,14.701990485100946,34.70199048510095,54.70199048510095,74.70199048510095
1207,1,29.6,15.566342714792057,35.56634271479206,55.56634271479206,75.56634271479206
1208,1,31.4,15.854460124689094,35.8544601246891,55.8544601246891,75.8544601246891
1209,1,32.8,78.96553661783979,98.96553661783979,118.96553661783979,138.9655366178398
1210,1,30.2,15.710401419740574,35.71040141974058,55.71040141974058,75.71040141974058
1211,1,30.2,15.854460124689094,35.8544601246891,55.8544601246891,75.8544601246891
1212,1,30.1,15.99851882963761,35.99851882963761,55.99851882963761,75.99851882963762
1213,1,31.5,16.14257753458613,36.14257753458613,56.14257753458613,76.14257753458614
1214,1,30.2,17.006929764277242,37.006929764277245,57.006929764277245,77.00692976427725
1215,2,28.8,17.727223289019836,37.72722328901983,57.72722328901983,77.72722328901983
1216,1,30.1,17.727223289019836,37.72722328901983,57.72722328901983,77.72722328901983
1217,1,30.3,17.727223289019836,37.72722328901983,57.72722328901983,77.72722328901983
1218,1,29.6,17.727223289019836,37.72722328901983,57.72722328901983,77.72722328901983
1219,1,30.4,17.87128199396835,37.87128199396835,57.87128199396835,77.87128199396835
1220,1,30.4,18.159399403865386,38.159399403865386,58.159399403865386,78.1593994038654
1221,1,32.0,18.735634223659464,38.73563422365946,58.73563422365946,78.73563422365946
1222,1,35.3,44.4122409357653,64.4122409357653,84.4122409357653,104.4122409357653
1223,1,37.9,19.599986453350578,39.59998645335058,59.59998645335058,79.59998645335058
1224,1,36.5,19.88810386324761,39.88810386324761,59.88810386324761,79.88810386324761
1225,1,36.6,19.88810386324761,39.88810386324761,59.88810386324761,79.88810386324761
1226,1,34.3,57.46663234924099,77.466632349241,97.466632349241,117.466632349241
1227,1,33.8,19.16781033850502,39.16781033850502,59.16781033850502,79.16781033850502
1228,1,32.8,18.735634223659464,38.73563422365946,58.73563422365946,78.73563422365946
1229,1,31.5,18.879692928607984,38.87969292860798,58.87969292860798,78.87969292860798
1230,1,30.5,18.879692928607984,38.87969292860798,58.87969292860798,78.87969292860798
1231,2,32.6,18.879692928607984,38.87969292860798,58.87969292860798,78.87969292860798
1232,1,33.7,19.0237516335565,39.0237516335565,59.0237516335565,79.0237516335565
1233,1,35.0,82.56700424155275,102.56700424155275,122.56700424155275,142.56700424155275
1234,1,34.1,20.032162568196128,40.03216256819613,60.03216256819613,80.03216256819613
1235,1,34.1,20.464338683041685,40.46433868304169,60.46433868304169,80.46433868304169
1236,1,34.0,20.752456092938722,40.75245609293872,60.75245609293872,80.75245609293873
1237,1,33.1,20.752456092938722,40.75245609293872,60.75245609293872,80.75245609293873
1238,1,31.1,20.32027997809317,40.32027997809317,60.32027997809317,80.32027997809317
1239,2,29.3,20.176221273144648,40.17622127314465,60.17622127314465,80.17622127314465
1240,1,27.9,19.744045158299095,39.744045158299095,59.744045158299095,79.74404515829909
1241,1,27.0,19.599986453350578,39.59998645335058,59.59998645335058,79.59998645335058
1242,1,27.4,19.744045158299095,39.744045158299095,59.744045158299095,79.74404515829909
1243,1,27.3,19.88810386324761,39.88810386324761,59.88810386324761,79.88810386324761
1244,1,27.8,19.88810386324761,39.88810386324761,59.88810386324761,79.88810386324761
1245,1,32.5,45.276593165456404,65.2765931654564,85.2765931654564,105.2765931654564
1246,1,33.3,19.599986453350578,39.59998645335058,59.59998645335058,79.59998645335058
1247,1,33.0,18.879692928607984,38.87969292860798,58.87969292860798,78.87969292860798
1248,1,33.4,17.87128199396835,37.87128199396835,57.87128199396835,77.87128199396835
1249,1,31.1,54.87357566016765,74.87357566016766,94.87357566016766,114.87357566016766
1250,1,30.8,16.430694944483168,36.430694944483164,56.430694944483164,76.43069494448316
1251,1,29.3,16.14257753458613,36.14257753458613,56.14257753458613,76.14257753458614
1252,1,30.1,15.710401419740574,35.71040141974058,55.71040141974058,75.71040141974058
1253,1,27.5,15.566342714792057,35.56634271479206,55.56634271479206,75.56634271479206
1254,1,27.3,15.854460124689094,35.8544601246891,55.8544601246891,75.8544601246891
1255,1,27.7,15.99851882963761,35.99851882963761,55.99851882963761,75.99851882963762
1256,1,29.5,79.39771273268535,99.39771273268535,119.39771273268535,139.39771273268536
1257,1,29.4,18.01534069891687,38.01534069891687,58.01534069891687,78.01534069891687
1258,1,29.0,19.311869043453537,39.31186904345354,59.31186904345354,79.31186904345354
1259,1,27.7,20.032162568196128,40.03216256819613,60.03216256819613,80.03216256819613
1260,1,26.4,20.176221273144648,40.17622127314465,60.17622127314465,80.17622127314465
1261,1,25.6,20.32027997809317,40.32027997809317,60.32027997809317,80.32027997809317
1262,1,25.1,20.608397387990205,40.60839738799021,60.60839738799021,80.60839738799021
1263,1,23.7,21.040573502835763,41.04057350283576,61.04057350283576,81.04057350283577
1264,1,22.8,20.896514797887242,40.89651479788724,60.89651479788724,80.89651479788725
1265,1,22.6,20.464338683041685,40.46433868304169,60.46433868304169,80.46433868304169
1266,1,22.2,20.32027997809317,40.32027997809317,60.32027997809317,80.32027997809317
1267,1,23.4,19.599986453350578,39.59998645335058,59.59998645335058,79.59998645335058
1268,1,24.0,18.735634223659464,38.73563422365946,58.73563422365946,78.73563422365946
1269,1,24.8,42.683536476383075,62.683536476383075,82.68353647638307,102.68353647638307
1270,1,27.4,16.14257753458613,36.14257753458613,56.14257753458613,76.14257753458614
1271,1,27.2,14.846049190049467,34.84604919004947,54.84604919004947,74.84604919004947
1272,1,24.3,13.117344730667241,33.11734473066724,53.11734473066724,73.11734473066724
1273,1,23.4,49.8315209869695,69.83152098696951,89.83152098696951,109.83152098696951
1274,1,23.2,10.956464156439463,30.956464156439463,50.956464156439466,70.95646415643947
1275,1,22.1,9.948053221799833,29.94805322179983,49.94805322179983,69.94805322179982
1276,1,21.1,9.659935811902795,29.659935811902795,49.6599358119028,69.6599358119028
1277,1,22.3,9.37181840200576,29.371818402005758,49.37181840200576,69.37181840200576
1278,1,22.6,9.803994516851315,29.803994516851315,49.80399451685132,69.80399451685132
1279,1,23.4,10.236170631696872,30.236170631696872,50.23617063169687,70.23617063169687
1280,1,23.9,73.6353645347446,93.6353645347446,113.6353645347446,133.6353645347446
1281,1,24.6,10.812405451490944,30.812405451490946,50.812405451490946,70.81240545149095
1282,1,24.6,10.956464156439463,30.956464156439463,50.956464156439466,70.95646415643947
1283,1,24.1,10.956464156439463,30.956464156439463,50.956464156439466,70.95646415643947
1284,2,23.6,10.956464156439463,30.956464156439463,50.956464156439466,70.95646415643947
1285,1,22.8,11.2445815663365,31.2445815663365,51.2445815663365,71.2445815663365
1286,1,22.4,11.2445815663365,31.2445815663365,51.2445815663365,71.2445815663365
1287,1,21.3,11.2445815663365,31.2445815663365,51.2445815663365,71.2445815663365
1288,1,21.8,10.956464156439463,30.956464156439463,50.956464156439466,70.95646415643947
1289,1,25.9,10.668346746542426,30.668346746542426,50.668346746542426,70.66834674654243
1290,1,26.9,10.524288041593906,30.524288041593906,50.524288041593906,70.5242880415939
1291,1,26.1,10.668346746542426,30.668346746542426,50.668346746542426,70.66834674654243
1292,1,25.5,10.668346746542426,30.668346746542426,50.668346746542426,70.66834674654243
1293,1,27.4,35.62465993390566,55.62465993390566,75.62465993390566,95.62465993390566
1294,1,29.4,10.236170631696872,30.236170631696872,50.23617063169687,70.23617063169687
1295,1,29.2,9.37181840200576,29.371818402005758,49.37181840200576,69.37181840200576
1296,1,27.5,8.507466172314647,28.507466172314647,48.50746617231465,68.50746617231465
1297,1,25.1,46.085994658308024,66.08599465830802,86.08599465830802,106.08599465830802
1298,1,24.2,7.931231352520573,27.931231352520573,47.93123135252057,67.93123135252057
1299,1,23.4,8.075290057469092,28.07529005746909,48.07529005746909,68.07529005746909
1300,1,22.6,8.795583582211684,28.795583582211684,48.795583582211684,68.79558358221169
1301,1,22.7,8.795583582211684,28.795583582211684,48.795583582211684,68.79558358221169
1302,1,23.2,9.37181840200576,29.371818402005758,49.37181840200576,69.37181840200576
1303,1,23.2,10.236170631696872,30.236170631696872,50.23617063169687,70.23617063169687
1304,1,24.3,73.92348194464164,93.92348194464164,113.92348194464164,133.92348194464165
1305,1,25.0,11.532698976233537,31.532698976233537,51.53269897623353,71.53269897623353
1306,1,26.2,11.964875091079092,31.964875091079094,51.964875091079094,71.9648750910791
1307,1,26.9,12.541109910873166,32.54110991087317,52.54110991087317,72.54110991087316
1308,1,25.6,13.405462140564278,33.40546214056428,53.40546214056428,73.40546214056428
1309,1,26.1,14.125755665306873,34.12575566530687,54.12575566530687,74.12575566530687
1310,1,25.8,15.566342714792057,35.56634271479206,55.56634271479206,75.56634271479206
1311,1,25.3,17.006929764277242,37.006929764277245,57.006929764277245,77.00692976427725
1312,1,25.1,17.87128199396835,37.87128199396835,57.87128199396835,77.87128199396835
1313,2,25.2,18.30345810881391,38.30345810881391,58.30345810881391,78.30345810881391
1314,1,25.6,18.159399403865386,38.159399403865386,58.159399403865386,78.1593994038654
1315,1,27.2,18.735634223659464,38.73563422365946,58.73563422365946,78.73563422365946
1316,1,27.9,18.447516813762427,38.44751681376243,58.44751681376243,78.44751681376243
1317,1,28.9,42.82759518133159,62.82759518133159,82.82759518133159,102.82759518133159
1318,1,29.9,14.990107894997983,34.99010789499798,54.99010789499798,74.99010789499798
1319,1,29.5,12.685168615821684,32.68516861582168,52.68516861582168,72.68516861582168
1320,1,27.9,10.236170631696872,30.236170631696872,50.23617063169687,70.23617063169687
1321,1,26.0,46.51817077315358,66.51817077315357,86.51817077315357,106.51817077315357
1322,1,24.3,7.499055237675016,27.499055237675016,47.499055237675016,67.49905523767501
1323,1,23.5,7.066879122829462,27.066879122829462,47.06687912282946,67.06687912282946
1324,1,23.5,6.922820417880944,26.922820417880942,46.92282041788094,66.92282041788094
1325,1,23.7,7.787172647572055,27.787172647572056,47.787172647572056,67.78717264757205
1326,1,24.9,8.651524877263165,28.651524877263164,48.651524877263164,68.65152487726317
1327,1,25.3,10.380229336645385,30.380229336645385,50.380229336645385,70.38022933664539
1328,1,27.2,75.65218640402387,95.65218640402387,115.65218640402387,135.65218640402387
1329,1,30.5,13.405462140564278,33.40546214056428,53.40546214056428,73.40546214056428
1330,1,30.8,14.846049190049467,34.84604919004947,54.84604919004947,74.84604919004947
1331,1,29.9,15.854460124689094,35.8544601246891,55.8544601246891,75.8544601246891
1332,1,29.7,16.86287105932872,36.862871059328725,56.862871059328725,76.86287105932873
1333,1,29.9,18.01534069891687,38.01534069891687,58.01534069891687,78.01534069891687
1334,1,30.2,18.591575518710947,38.59157551871095,58.59157551871095,78.59157551871095
1335,1,29.5,19.599986453350578,39.59998645335058,59.59998645335058,79.59998645335058
1336,1,29.9,20.464338683041685,40.46433868304169,60.46433868304169,80.46433868304169
1337,1,30.3,21.040573502835763,41.04057350283576,61.04057350283576,81.04057350283577
1338,1,30.8,21.760867027578357,41.76086702757836,61.76086702757836,81.76086702757836
1339,1,30.9,21.904925732526873,41.90492573252688,61.90492573252688,81.90492573252688
1340,1,31.0,22.481160552320947,42.481160552320944,62.481160552320944,82.48116055232094
1341,1,31.5,46.86123891989011,66.86123891989011,86.86123891989011,106.86123891989011
1342,1,32.1,19.0237516335565,39.0237516335565,59.0237516335565,79.0237516335565
1343,1,30.0,16.574753649431685,36.574753649431685,56.574753649431685,76.57475364943168
1344,1,26.7,14.125755665306873,34.12575566530687,54.12575566530687,74.12575566530687
1345,1,23.7,49.68746228202099,69.68746228202099,89.68746228202099,109.68746228202099
1346,1,22.2,11.964875091079092,31.964875091079094,51.964875091079094,71.9648750910791
1347,1,21.7,12.685168615821684,32.68516861582168,52.68516861582168,72.68516861582168
1348,1,20.7,12.973286025718725,32.97328602571872,52.97328602571872,72.97328602571872
1349,1,20.5,13.261403435615758,33.26140343561576,53.26140343561576,73.26140343561576
1350,1,20.3,13.981696960358352,33.98169696035835,53.98169696035835,73.98169696035835
1351,1,22.1,15.42228400984354,35.42228400984354,55.42228400984354,75.42228400984354
1352,1,24.9,79.54177143763387,99.54177143763387,119.54177143763387,139.54177143763388
1353,1,28.8,17.15098846922576,37.15098846922576,57.15098846922576,77.15098846922575
1354,1,30.5,18.01534069891687,38.01534069891687,58.01534069891687,78.01534069891687
1355,1,31.6,19.0237516335565,39.0237516335565,59.0237516335565,79.0237516335565
1356,1,33.6,19.88810386324761,39.88810386324761,59.88810386324761,79.88810386324761
1357,1,32.7,20.32027997809317,40.32027997809317,60.32027997809317,80.32027997809317
1358,2,32.2,19.311869043453537,39.31186904345354,59.31186904345354,79.31186904345354
1359,1,32.0,19.16781033850502,39.16781033850502,59.16781033850502,79.16781033850502
1360,1,31.9,19.455927748402058,39.45592774840206,59.45592774840206,79.45592774840206
1361,1,31.4,18.591575518710947,38.59157551871095,58.59157551871095,78.59157551871095
1362,1,32.4,18.447516813762427,38.44751681376243,58.44751681376243,78.44751681376243
1363,1,34.0,15.99851882963761,35.99851882963761,55.99851882963761,75.99851882963762
1364,1,34.8,15.134166599946504,35.134166599946504,55.134166599946504,75.1341665999465
1365,1,38.9,39.946421082361226,59.946421082361226,79.94642108236123,99.94642108236123
1366,1,39.8,13.693579550461315,33.693579550461315,53.693579550461315,73.69357955046132
1367,1,35.6,12.252992500976127,32.25299250097613,52.25299250097613,72.25299250097612
1368,1,31.7,10.956464156439463,30.956464156439463,50.956464156439466,70.95646415643947
1369,1,28.0,46.6622294781021,66.66222947810209,86.66222947810209,106.66222947810209
1370,1,25.5,6.490644303035387,26.49064430303539,46.49064430303539,66.4906443030354
1371,1,23.8,5.48223336839576,25.48223336839576,45.48223336839576,65.48223336839575
1372,1,24.1,5.48223336839576,25.48223336839576,45.48223336839576,65.48223336839575
1373,1,23.8,6.202526893138352,26.20252689313835,46.202526893138355,66.20252689313836
1374,1,24.0,8.795583582211684,28.795583582211684,48.795583582211684,68.79558358221169
1375,1,25.3,12.973286025718725,32.97328602571872,52.97328602571872,72.97328602571872
1376,1,28.3,78.2452430930972,98.2452430930972,118.2452430930972,138.2452430930972
1377,1,30.5,17.583164584071316,37.58316458407131,57.58316458407131,77.58316458407131
1378,1,30.8,19.744045158299095,39.744045158299095,59.744045158299095,79.74404515829909
1379,2,32.1,21.47274961768132,41.472749617681316,61.472749617681316,81.47274961768132
1380,1,31.3,22.625219257269464,42.625219257269464,62.625219257269464,82.62521925726946
1381,2,31.0,23.345512782012054,43.34551278201205,63.34551278201205,83.34551278201205
1382,1,31.4,23.489571486960575,43.48957148696057,63.48957148696057,83.48957148696057
1383,1,29.9,22.913336667166504,42.913336667166504,62.913336667166504,82.9133366671665
1384,3,29.8,22.337101847372427,42.33710184737242,62.33710184737242,82.33710184737242
1385,1,28.9,21.760867027578357,41.76086702757836,61.76086702757836,81.76086702757836
1386,1,28.8,21.760867027578357,41.76086702757836,61.76086702757836,81.76086702757836
1387,1,30.0,21.760867027578357,41.76086702757836,61.76086702757836,81.76086702757836
1388,1,31.3,21.616808322629836,41.616808322629836,61.616808322629836,81.61680832262984
1389,1,35.3,46.14094539514752,66.14094539514753,86.14094539514753,106.14094539514753
1390,1,35.1,19.599986453350578,39.59998645335058,59.59998645335058,79.59998645335058
1391,1,32.1,16.574753649431685,36.574753649431685,56.574753649431685,76.57475364943168
1392,1,28.8,15.134166599946504,35.134166599946504,55.134166599946504,75.1341665999465
1393,1,27.0,49.68746228202099,69.68746228202099,89.68746228202099,109.68746228202099
1394,1,25.4,9.659935811902795,29.659935811902795,49.6599358119028,69.6599358119028
1395,1,24.0,9.227759697057241,29.22775969705724,49.22775969705724,69.22775969705724
1396,1,23.3,8.21934876241761,28.21934876241761,48.21934876241761,68.21934876241761
1397,1,23.9,8.939642287160202,28.939642287160204,48.939642287160204,68.93964228716021
1398,1,23.8,11.388640271285018,31.38864027128502,51.38864027128502,71.38864027128503
1399,1,25.3,13.693579550461315,33.693579550461315,53.693579550461315,73.69357955046132
1400,1,27.6,77.5249495683546,97.5249495683546,117.5249495683546,137.5249495683546
1401,1,29.1,14.26981437025539,34.26981437025539,54.26981437025539,74.26981437025539
1402,1,29.2,13.837638255409832,33.83763825540983,53.83763825540983,73.83763825540983
1403,1,28.9,13.837638255409832,33.83763825540983,53.83763825540983,73.83763825540983
1404,2,29.3,13.837638255409832,33.83763825540983,53.83763825540983,73.83763825540983
1405,1,28.7,15.27822530489502,35.27822530489502,55.27822530489502,75.27822530489502
1406,1,28.2,16.14257753458613,36.14257753458613,56.14257753458613,76.14257753458614
1407,1,28.2,16.28663623953465,36.28663623953465,56.28663623953465,76.28663623953466
1408,2,29.1,17.006929764277242,37.006929764277245,57.006929764277245,77.00692976427725
1409,1,30.2,17.15098846922576,37.15098846922576,57.15098846922576,77.15098846922575
1410,1,31.9,18.01534069891687,38.01534069891687,58.01534069891687,78.01534069891687
1411,1,32.7,19.311869043453537,39.31186904345354,59.31186904345354,79.31186904345354
1412,1,35.4,43.11571259122863,63.11571259122863,83.11571259122863,103.11571259122863
1413,1,36.7,16.574753649431685,36.574753649431685,56.574753649431685,76.57475364943168
1414,1,33.1,13.981696960358352,33.98169696035835,53.98169696035835,73.98169696035835
1415,1,29.2,11.676757681182053,31.676757681182053,51.67675768118205,71.67675768118205
1416,1,26.4,48.2468752325358,68.2468752325358,88.2468752325358,108.2468752325358
1417,1,23.5,10.092111926748352,30.092111926748352,50.09211192674835,70.09211192674834
1418,1,21.5,9.659935811902795,29.659935811902795,49.6599358119028,69.6599358119028
1419,1,20.2,9.37181840200576,29.371818402005758,49.37181840200576,69.37181840200576
1420,1,19.5,10.092111926748352,30.092111926748352,50.09211192674835,70.09211192674834
1421,1,19.9,12.252992500976127,32.25299250097613,52.25299250097613,72.25299250097612
1422,1,20.8,17.29504717417428,37.29504717417428,57.29504717417428,77.29504717417427
1423,1,23.2,83.57541517619238,103.57541517619238,123.57541517619238,143.5754151761924
1424,1,26.4,22.337101847372427,42.33710184737242,62.33710184737242,82.33710184737242
1425,1,28.5,23.345512782012054,43.34551278201205,63.34551278201205,83.34551278201205
1426,1,29.1,23.633630191909095,43.63363019190909,63.63363019190909,83.63363019190909
1427,1,28.2,22.481160552320947,42.481160552320944,62.481160552320944,82.48116055232094
1428,2,28.2,22.048984437475394,42.0489844374754,62.0489844374754,82.0489844374754
1429,1,27.4,21.47274961768132,41.472749617681316,61.472749617681316,81.47274961768132
1430,1,26.9,21.040573502835763,41.04057350283576,61.04057350283576,81.04057350283577
1431,1,26.7,20.608397387990205,40.60839738799021,60.60839738799021,80.60839738799021
1432,1,26.6,21.040573502835763,41.04057350283576,61.04057350283576,81.04057350283577
1433,1,28.4,22.19304314242391,42.19304314242391,62.19304314242391,82.1930431424239
1434,1,29.2,22.19304314242391,42.19304314242391,62.19304314242391,82.1930431424239
1435,1,31.0,46.86123891989011,66.86123891989011,86.86123891989011,106.86123891989011
1436,1,32.9,19.16781033850502,39.16781033850502,59.16781033850502,79.16781033850502
1437,1,29.2,16.574753649431685,36.574753649431685,56.574753649431685,76.57475364943168
1438,1,27.0,13.837638255409832,33.83763825540983,53.83763825540983,73.83763825540983
1439,1,24.5,49.68746228202099,69.68746228202099,89.68746228202099,109.68746228202099
1440,1,23.9,10.956464156439463,30.956464156439463,50.956464156439466,70.95646415643947
1441,1,24.6,11.820816386130574,31.820816386130574,51.82081638613057,71.82081638613057
1442,1,25.2,12.397051205924647,32.39705120592465,52.39705120592465,72.39705120592464
1443,1,25.0,14.26981437025539,34.26981437025539,54.26981437025539,74.26981437025539
1444,1,25.9,15.710401419740574,35.71040141974058,55.71040141974058,75.71040141974058
1445,1,26.1,17.727223289019836,37.72722328901983,57.72722328901983,77.72722328901983
1446,1,26.0,81.27047589701608,101.27047589701608,121.27047589701608,141.27047589701607
1447,1,28.2,17.29504717417428,37.29504717417428,57.29504717417428,77.29504717417427
1448,1,29.4,17.87128199396835,37.87128199396835,57.87128199396835,77.87128199396835
1449,1,30.0,17.87128199396835,37.87128199396835,57.87128199396835,77.87128199396835
1450,1,30.0,19.16781033850502,39.16781033850502,59.16781033850502,79.16781033850502
1451,1,30.0,20.32027997809317,40.32027997809317,60.32027997809317,80.32027997809317
1452,1,29.5,21.616808322629836,41.616808322629836,61.616808322629836,81.61680832262984
1453,1,30.5,23.05739537211502,43.057395372115025,63.057395372115025,83.05739537211502
1454,1,30.2,23.77768889685761,43.77768889685761,63.77768889685761,83.77768889685761
1455,1,30.0,24.93015853644576,44.93015853644576,64.93015853644576,84.93015853644576
1456,1,29.8,25.50639335623984,45.50639335623984,65.50639335623984,85.50639335623984
1457,1,34.6,50.89488265844863,70.89488265844864,90.89488265844864,110.89488265844864
1458,1,35.8,22.913336667166504,42.913336667166504,62.913336667166504,82.9133366671665
1459,1,34.7,21.47274961768132,41.472749617681316,61.472749617681316,81.47274961768132
1460,1,32.2,20.032162568196128,40.03216256819613,60.03216256819613,80.03216256819613
1461,1,29.4,56.17010400470432,76.17010400470431,96.17010400470431,116.17010400470431
1462,1,28.0,17.439105879122796,37.43910587912279,57.43910587912279,77.43910587912279
1463,1,27.4,17.583164584071316,37.58316458407131,57.58316458407131,77.58316458407131
1464,1,27.4,18.01534069891687,38.01534069891687,58.01534069891687,78.01534069891687
1465,2,28.2,20.176221273144648,40.17622127314465,60.17622127314465,80.17622127314465
1466,1,28.0,21.616808322629836,41.616808322629836,61.616808322629836,81.61680832262984
1467,1,28.3,24.49798242160021,44.49798242160021,64.49798242160021,84.49798242160021
1468,1,30.3,88.47341114444201,108.47341114444201,128.47341114444203,148.47341114444203
1469,1,31.7,25.36233465129132,45.36233465129132,65.36233465129132,85.36233465129132
1470,1,32.3,25.794510766136877,45.79451076613688,65.79451076613688,85.79451076613688
1471,1,30.7,27.37915652057058,47.379156520570575,67.37915652057058,87.37915652057058
1472,1,30.7,27.955391340364653,47.955391340364656,67.95539134036466,87.95539134036466
1473,1,30.7,28.531626160158723,48.53162616015872,68.53162616015872,88.53162616015872
1474,1,30.8,28.675684865107243,48.67568486510724,68.67568486510724,88.67568486510724
1475,1,29.8,28.531626160158723,48.53162616015872,68.53162616015872,88.53162616015872
1476,1,30.6,28.243508750261686,48.24350875026168,68.24350875026168,88.24350875026168
1477,2,31.1,28.675684865107243,48.67568486510724,68.67568486510724,88.67568486510724
1478,1,31.9,28.387567455210206,48.3875674552102,68.3875674552102,88.3875674552102
1479,1,32.6,28.531626160158723,48.53162616015872,68.53162616015872,88.53162616015872
1480,1,33.4,52.47952841288233,72.47952841288233,92.47952841288233,112.47952841288233
1481,1,32.8,25.218275946342796,45.2182759463428,65.2182759463428,85.2182759463428
1482,1,30.4,23.633630191909095,43.63363019190909,63.63363019190909,83.63363019190909
1483,1,27.9,22.625219257269464,42.625219257269464,62.625219257269464,82.62521925726946
1484,1,25.8,59.771571628417284,79.77157162841729,99.77157162841729,119.77157162841729
1485,1,24.8,21.3286909127328,41.328690912732796,61.328690912732796,81.3286909127328
1486,1,23.8,20.752456092938722,40.75245609293872,60.75245609293872,80.75245609293873
1487,1,23.0,20.608397387990205,40.60839738799021,60.60839738799021,80.60839738799021
1488,1,23.0,21.040573502835763,41.04057350283576,61.04057350283576,81.04057350283577
1489,1,24.0,21.760867027578357,41.76086702757836,61.76086702757836,81.76086702757836
1490,2,24.2,24.93015853644576,44.93015853644576,64.93015853644576,84.93015853644576
1491,1,25.8,89.76993948897868,109.76993948897868,129.76993948897868,149.76993948897868
1492,1,28.9,27.37915652057058,47.379156520570575,67.37915652057058,87.37915652057058
1493,1,29.1,27.37915652057058,47.379156520570575,67.37915652057058,87.37915652057058
1494,1,29.3,27.09103911067354,47.09103911067354,67.09103911067353,87.09103911067353
1495,1,29.2,26.514804290879468,46.51480429087947,66.51480429087947,86.51480429087947
1496,1,29.0,26.802921700776505,46.80292170077651,66.80292170077651,86.80292170077651
1497,1,29.3,26.946980405725025,46.94698040572503,66.94698040572503,86.94698040572503
1498,1,28.6,26.08262817603391,46.08262817603391,66.08262817603391,86.08262817603391
1499,1,28.1,24.93015853644576,44.93015853644576,64.93015853644576,84.93015853644576
1500,1,27.8,23.633630191909095,43.63363019190909,63.63363019190909,83.63363019190909
1501,1,27.1,22.337101847372427,42.33710184737242,62.33710184737242,82.33710184737242
1502,1,28.7,21.3286909127328,41.328690912732796,61.328690912732796,81.3286909127328
1503,1,29.8,45.852827985250485,65.85282798525049,85.85282798525049,105.85282798525049
1504,1,28.7,19.599986453350578,39.59998645335058,59.59998645335058,79.59998645335058
1505,1,26.5,18.159399403865386,38.159399403865386,58.159399403865386,78.1593994038654
1506,1,25.9,16.718812354380205,36.718812354380205,56.718812354380205,76.7188123543802
1507,1,23.3,53.721106020579505,73.7211060205795,93.7211060205795,113.7211060205795
1508,1,21.2,15.134166599946504,35.134166599946504,55.134166599946504,75.1341665999465
1509,1,20.4,14.557931780152426,34.55793178015243,54.55793178015243,74.55793178015243
1510,1,19.8,14.701990485100946,34.70199048510095,54.70199048510095,74.70199048510095
1511,2,19.4,15.134166599946504,35.134166599946504,55.134166599946504,75.1341665999465
1512,1,19.7,15.27822530489502,35.27822530489502,55.27822530489502,75.27822530489502
1513,1,20.3,15.566342714792057,35.56634271479206,55.56634271479206,75.56634271479206
1514,1,22.5,79.10959532278831,99.10959532278831,119.10959532278831,139.10959532278832
1515,1,25.0,17.15098846922576,37.15098846922576,57.15098846922576,77.15098846922575
1516,1,26.1,20.032162568196128,40.03216256819613,60.03216256819613,80.03216256819613
1517,1,29.4,19.88810386324761,39.88810386324761,59.88810386324761,79.88810386324761
1518,1,32.8,21.3286909127328,41.328690912732796,61.328690912732796,81.3286909127328
1519,2,28.0,22.481160552320947,42.481160552320944,62.481160552320944,82.48116055232094
1520,1,26.5,22.625219257269464,42.625219257269464,62.625219257269464,82.62521925726946
1521,1,26.5,23.05739537211502,43.057395372115025,63.057395372115025,83.05739537211502
1522,1,28.0,24.353923716651693,44.35392371665169,64.35392371665169,84.35392371665169
1523,1,30.0,24.49798242160021,44.49798242160021,64.49798242160021,84.49798242160021
1524,1,32.5,49.74241301886049,69.74241301886049,89.74241301886049,109.74241301886049
1525,1,32.9,24.353923716651693,44.35392371665169,64.35392371665169,84.35392371665169
1526,1,28.8,23.77768889685761,43.77768889685761,63.77768889685761,83.77768889685761
1527,1,27.0,23.489571486960575,43.48957148696057,63.48957148696057,83.48957148696057
1528,1,24.4,60.77998256305692,80.77998256305692,100.77998256305692,120.77998256305692
1529,1,22.8,22.048984437475394,42.0489844374754,62.0489844374754,82.0489844374754
1530,1,23.8,21.47274961768132,41.472749617681316,61.472749617681316,81.47274961768132
1531,1,23.5,20.752456092938722,40.75245609293872,60.75245609293872,80.75245609293873
1532,1,23.7,20.464338683041685,40.46433868304169,60.46433868304169,80.46433868304169
1533,1,24.3,20.608397387990205,40.60839738799021,60.60839738799021,80.60839738799021
1534,1,24.3,20.752456092938722,40.75245609293872,60.75245609293872,80.75245609293873
1535,1,26.6,84.00759129103794,104.00759129103794,124.00759129103794,144.00759129103795
1536,1,30.6,23.05739537211502,43.057395372115025,63.057395372115025,83.05739537211502
1537,1,30.7,22.913336667166504,42.913336667166504,62.913336667166504,82.9133366671665
1538,1,30.0,23.345512782012054,43.34551278201205,63.34551278201205,83.34551278201205
1539,1,30.1,23.489571486960575,43.48957148696057,63.48957148696057,83.48957148696057
1540,1,29.8,23.77768889685761,43.77768889685761,63.77768889685761,83.77768889685761
1541,2,29.0,25.074217241394283,45.07421724139428,65.07421724139428,85.07421724139428
1542,1,28.6,26.226686880982435,46.226686880982435,66.22668688098244,86.22668688098244
1543,1,30.0,27.37915652057058,47.379156520570575,67.37915652057058,87.37915652057058
1544,1,31.7,28.099450045313173,48.099450045313176,68.09945004531318,88.09945004531318
1545,1,33.5,52.47952841288233,72.47952841288233,92.47952841288233,112.47952841288233
1546,1,33.1,24.786099831497243,44.78609983149724,64.78609983149724,84.78609983149724
1547,1,28.0,22.913336667166504,42.913336667166504,62.913336667166504,82.9133366671665
1548,1,25.2,21.3286909127328,41.328690912732796,61.328690912732796,81.3286909127328
1549,1,23.2,57.89880846408654,77.89880846408654,97.89880846408654,117.89880846408654
1550,1,22.0,19.16781033850502,39.16781033850502,59.16781033850502,79.16781033850502
1551,1,19.9,18.30345810881391,38.30345810881391,58.30345810881391,78.30345810881391
1552,1,19.2,18.159399403865386,38.159399403865386,58.159399403865386,78.1593994038654
1553,3,18.7,18.447516813762427,38.44751681376243,58.44751681376243,78.44751681376243
1554,1,20.7,20.32027997809317,40.32027997809317,60.32027997809317,80.32027997809317
1555,1,22.7,23.20145407706354,43.201454077063545,63.201454077063545,83.20145407706354
1556,1,24.4,87.89717632464794,107.89717632464794,127.89717632464794,147.89717632464794
1557,1,27.9,25.218275946342796,45.2182759463428,65.2182759463428,85.2182759463428
1558,1,30.5,25.50639335623984,45.50639335623984,65.50639335623984,85.50639335623984
1559,1,32.4,25.650452061188354,45.65045206118835,65.65045206118836,85.65045206118836
1560,1,28.1,26.514804290879468,46.51480429087947,66.51480429087947,86.51480429087947
1561,1,28.4,26.946980405725025,46.94698040572503,66.94698040572503,86.94698040572503
1562,1,28.6,27.523215225519095,47.523215225519095,67.5232152255191,87.5232152255191
1563,1,29.4,27.66727393046762,47.667273930467616,67.66727393046762,87.66727393046762
1564,1,29.2,27.811332635416132,47.811332635416136,67.81133263541614,87.81133263541614
1565,1,29.3,28.099450045313173,48.099450045313176,68.09945004531318,88.09945004531318
1566,1,30.8,27.955391340364653,47.955391340364656,67.95539134036466,87.95539134036466
1567,1,32.3,26.370745585930948,46.37074558593095,66.37074558593095,86.37074558593095
1568,1,34.0,50.318647838654556,70.31864783865456,90.31864783865456,110.31864783865456
1569,1,34.1,24.353923716651693,44.35392371665169,64.35392371665169,84.35392371665169
1570,1,30.7,23.345512782012054,43.34551278201205,63.34551278201205,83.34551278201205
1571,1,26.7,22.481160552320947,42.481160552320944,62.481160552320944,82.48116055232094
1572,1,24.3,59.62751292346877,79.62751292346877,99.62751292346877,119.62751292346877
1573,1,23.5,21.040573502835763,41.04057350283576,61.04057350283576,81.04057350283577
1574,1,24.1,23.77768889685761,43.77768889685761,63.77768889685761,83.77768889685761
1575,1,24.2,24.642041126548726,44.642041126548726,64.64204112654872,84.64204112654872
1576,2,24.4,24.93015853644576,44.93015853644576,64.93015853644576,84.93015853644576
1577,1,27.0,87.89717632464794,107.89717632464794,127.89717632464794,147.89717632464794
1578,1,28.9,25.074217241394283,45.07421724139428,65.07421724139428,85.07421724139428
1579,1,28.0,25.50639335623984,45.50639335623984,65.50639335623984,85.50639335623984
1580,1,27.8,25.93856947108539,45.93856947108539,65.93856947108539,85.93856947108539
1581,1,27.2,26.370745585930948,46.37074558593095,66.37074558593095,86.37074558593095
1582,1,25.3,27.23509781562206,47.235097815622055,67.23509781562205,87.23509781562205
1583,1,24.3,28.243508750261686,48.24350875026168,68.24350875026168,88.24350875026168
1584,1,24.0,29.251919684901317,49.25191968490132,69.25191968490131,89.25191968490131
1585,1,24.2,29.97221320964391,49.97221320964391,69.97221320964391,89.97221320964391
1586,1,24.4,30.404389324489465,50.404389324489465,70.40438932448947,90.40438932448947
1587,1,24.3,31.268741554180583,51.26874155418058,71.26874155418058,91.26874155418058
1588,1,24.6,31.412800259129092,51.41280025912909,71.41280025912909,91.41280025912909
1589,1,26.3,31.412800259129092,51.41280025912909,71.41280025912909,91.41280025912909
1590,1,27.6,56.65723085638937,76.65723085638936,96.65723085638936,116.65723085638936
1591,1,28.9,30.980624144283546,50.980624144283546,70.98062414428355,90.98062414428355
1592,1,29.6,30.260330619540948,50.26033061954095,70.26033061954095,90.26033061954095
1593,1,27.9,29.97221320964391,49.97221320964391,69.97221320964391,89.97221320964391
1594,1,26.9,67.55074169563729,87.55074169563729,107.55074169563729,127.55074169563729
1595,1,25.6,29.684095799746874,49.68409579974687,69.68409579974687,89.68409579974687
1596,1,23.9,28.96380227500428,48.963802275004284,68.96380227500428,88.96380227500428
1597,1,22.9,28.531626160158723,48.53162616015872,68.53162616015872,88.53162616015872
1598,1,23.4,28.531626160158723,48.53162616015872,68.53162616015872,88.53162616015872
1599,1,24.9,28.531626160158723,48.53162616015872,68.53162616015872,88.53162616015872
1600,1,26.0,29.251919684901317,49.25191968490132,69.25191968490131,89.25191968490131
1601,1,27.7,93.0832897027946,113.0832897027946,133.08328970279462,153.08328970279462
1602,1,30.0,30.980624144283546,50.980624144283546,70.98062414428355,90.98062414428355
1603,1,32.4,31.124682849232055,51.12468284923206,71.12468284923206,91.12468284923206
1604,1,32.1,31.556858964077616,51.55685896407762,71.55685896407762,91.55685896407762
1605,1,32.6,31.556858964077616,51.55685896407762,71.55685896407762,91.55685896407762
1606,1,32.4,31.844976373974653,51.84497637397465,71.84497637397465,91.84497637397465
1607,1,31.4,31.70091766902613,51.700917669026126,71.70091766902613,91.70091766902613
1608,1,32.3,31.556858964077616,51.55685896407762,71.55685896407762,91.55685896407762
1609,1,32.5,31.412800259129092,51.41280025912909,71.41280025912909,91.41280025912909
1610,1,32.2,30.980624144283546,50.980624144283546,70.98062414428355,90.98062414428355
1611,1,32.7,29.395978389849837,49.39597838984984,69.39597838984983,89.39597838984983
1612,1,33.2,27.955391340364653,47.955391340364656,67.95539134036466,87.95539134036466
1613,1,35.7,26.658862995827985,46.65886299582799,66.65886299582799,86.65886299582799
1614,1,37.7,49.59835431391197,69.59835431391197,89.59835431391197,109.59835431391197
1615,1,37.5,22.625219257269464,42.625219257269464,62.625219257269464,82.62521925726946
1616,1,33.6,21.18463220778428,41.184632207784276,61.184632207784276,81.18463220778428
1617,2,29.5,19.744045158299095,39.744045158299095,59.744045158299095,79.74404515829909
1618,1,26.4,56.890397529446915,76.89039752944691,96.89039752944691,116.89039752944691
1619,1,23.7,18.735634223659464,38.73563422365946,58.73563422365946,78.73563422365946
1620,1,22.3,18.879692928607984,38.87969292860798,58.87969292860798,78.87969292860798
1621,1,21.5,19.311869043453537,39.31186904345354,59.31186904345354,79.31186904345354
1622,1,21.4,21.760867027578357,41.76086702757836,61.76086702757836,81.76086702757836
1623,1,20.8,22.19304314242391,42.19304314242391,62.19304314242391,82.1930431424239
1624,1,21.7,22.481160552320947,42.481160552320944,62.481160552320944,82.48116055232094
1625,1,23.7,85.59223704547165,105.59223704547165,125.59223704547165,145.59223704547165
1626,1,26.9,22.481160552320947,42.481160552320944,62.481160552320944,82.48116055232094
1627,1,29.6,22.19304314242391,42.19304314242391,62.19304314242391,82.1930431424239
1628,1,30.5,21.904925732526873,41.90492573252688,61.90492573252688,81.90492573252688
1629,1,30.3,21.904925732526873,41.90492573252688,61.90492573252688,81.90492573252688
1630,1,29.1,21.760867027578357,41.76086702757836,61.76086702757836,81.76086702757836
1631,1,28.9,21.616808322629836,41.616808322629836,61.616808322629836,81.61680832262984
1632,2,28.4,21.616808322629836,41.616808322629836,61.616808322629836,81.61680832262984
1633,2,29.0,21.616808322629836,41.616808322629836,61.616808322629836,81.61680832262984
1634,1,30.5,21.3286909127328,41.328690912732796,61.328690912732796,81.3286909127328
1635,1,30.2,21.18463220778428,41.184632207784276,61.184632207784276,81.18463220778428
1636,1,31.4,20.896514797887242,40.89651479788724,60.89651479788724,80.89651479788725
1637,1,31.8,45.708769280301965,65.70876928030196,85.70876928030196,105.70876928030196
1638,1,31.2,19.88810386324761,39.88810386324761,59.88810386324761,79.88810386324761
1639,1,27.6,19.455927748402058,39.45592774840206,59.45592774840206,79.45592774840206
1640,1,24.7,19.599986453350578,39.59998645335058,59.59998645335058,79.59998645335058
1641,1,21.7,57.46663234924099,77.466632349241,97.466632349241,117.466632349241
1642,1,20.5,19.455927748402058,39.45592774840206,59.45592774840206,79.45592774840206
1643,1,19.8,19.0237516335565,39.0237516335565,59.0237516335565,79.0237516335565
1644,1,18.4,18.30345810881391,38.30345810881391,58.30345810881391,78.30345810881391
1645,1,18.6,18.447516813762427,38.44751681376243,58.44751681376243,78.44751681376243
1646,1,20.1,18.879692928607984,38.87969292860798,58.87969292860798,78.87969292860798
1647,1,22.4,82.85512165144979,102.85512165144979,122.85512165144979,142.8551216514498
1648,2,25.4,19.88810386324761,39.88810386324761,59.88810386324761,79.88810386324761
1649,1,28.9,19.16781033850502,39.16781033850502,59.16781033850502,79.16781033850502
1650,1,29.1,18.159399403865386,38.159399403865386,58.159399403865386,78.1593994038654
1651,1,28.5,17.727223289019836,37.72722328901983,57.72722328901983,77.72722328901983
1652,1,28.7,17.87128199396835,37.87128199396835,57.87128199396835,77.87128199396835
1653,1,28.5,18.01534069891687,38.01534069891687,58.01534069891687,78.01534069891687
1654,2,29.0,18.159399403865386,38.159399403865386,58.159399403865386,78.1593994038654
1655,1,29.5,18.591575518710947,38.59157551871095,58.59157551871095,78.59157551871095
1656,1,30.1,19.16781033850502,39.16781033850502,59.16781033850502,79.16781033850502
1657,1,31.1,19.88810386324761,39.88810386324761,59.88810386324761,79.88810386324761
1658,1,30.9,19.599986453350578,39.59998645335058,59.59998645335058,79.59998645335058
1659,1,30.8,44.26818223081678,64.26818223081678,84.26818223081678,104.26818223081678
1660,1,31.1,18.159399403865386,38.159399403865386,58.159399403865386,78.1593994038654
1661,1,27.1,17.29504717417428,37.29504717417428,57.29504717417428,77.29504717417427
1662,1,24.0,16.574753649431685,36.574753649431685,56.574753649431685,76.57475364943168
1663,1,22.3,53.577047315630985,73.57704731563098,93.57704731563098,113.57704731563098
1664,2,22.5,14.125755665306873,34.12575566530687,54.12575566530687,74.12575566530687
1665,1,20.6,13.837638255409832,33.83763825540983,53.83763825540983,73.83763825540983
1666,1,19.4,14.413873075203906,34.41387307520391,54.41387307520391,74.41387307520391
1667,1,19.0,14.701990485100946,34.70199048510095,54.70199048510095,74.70199048510095
1668,1,18.5,15.566342714792057,35.56634271479206,55.56634271479206,75.56634271479206
1669,2,19.4,17.29504717417428,37.29504717417428,57.29504717417428,77.29504717417427
1670,1,22.2,81.70265201186164,101.70265201186164,121.70265201186164,141.70265201186163
1671,1,25.4,19.16781033850502,39.16781033850502,59.16781033850502,79.16781033850502
1672,1,29.3,19.16781033850502,39.16781033850502,59.16781033850502,79.16781033850502
1673,1,30.6,19.599986453350578,39.59998645335058,59.59998645335058,79.59998645335058
1674,1,31.6,20.32027997809317,40.32027997809317,60.32027997809317,80.32027997809317
1675,2,30.7,21.040573502835763,41.04057350283576,61.04057350283576,81.04057350283577
1676,1,30.9,21.3286909127328,41.328690912732796,61.328690912732796,81.3286909127328
1677,1,31.4,21.616808322629836,41.616808322629836,61.616808322629836,81.61680832262984
1678,1,30.1,21.904925732526873,41.90492573252688,61.90492573252688,81.90492573252688
1679,1,31.1,22.481160552320947,42.481160552320944,62.481160552320944,82.48116055232094
1680,1,33.0,22.337101847372427,42.33710184737242,62.33710184737242,82.33710184737242
1681,1,34.6,46.86123891989011,66.86123891989011,86.86123891989011,106.86123891989011
1682,1,33.4,20.032162568196128,40.03216256819613,60.03216256819613,80.03216256819613
1683,1,28.9,18.591575518710947,38.59157551871095,58.59157551871095,78.59157551871095
1684,1,24.5,17.15098846922576,37.15098846922576,57.15098846922576,77.15098846922575
1685,1,23.2,53.43298861068247,73.43298861068247,93.43298861068247,113.43298861068247
1686,1,21.4,13.405462140564278,33.40546214056428,53.40546214056428,73.40546214056428
1687,1,21.0,13.693579550461315,33.693579550461315,53.693579550461315,73.69357955046132
1688,2,20.6,14.413873075203906,34.41387307520391,54.41387307520391,74.41387307520391
1689,1,22.1,15.134166599946504,35.134166599946504,55.134166599946504,75.1341665999465
1690,1,24.0,17.15098846922576,37.15098846922576,57.15098846922576,77.15098846922575
1691,1,25.0,81.55859330691312,101.55859330691312,121.55859330691312,141.5585933069131
1692,1,27.9,19.455927748402058,39.45592774840206,59.45592774840206,79.45592774840206
1693,1,28.1,20.032162568196128,40.03216256819613,60.03216256819613,80.03216256819613
1694,1,29.1,20.608397387990205,40.60839738799021,60.60839738799021,80.60839738799021
1695,1,29.2,20.608397387990205,40.60839738799021,60.60839738799021,80.60839738799021
1696,1,28.8,20.752456092938722,40.75245609293872,60.75245609293872,80.75245609293873
1697,2,28.7,21.040573502835763,41.04057350283576,61.04057350283576,81.04057350283577
1698,1,29.1,21.616808322629836,41.616808322629836,61.616808322629836,81.61680832262984
1699,1,28.5,21.760867027578357,41.76086702757836,61.76086702757836,81.76086702757836
1700,1,29.7,22.19304314242391,42.19304314242391,62.19304314242391,82.1930431424239
1701,1,30.0,22.625219257269464,42.625219257269464,62.625219257269464,82.62521925726946
1702,1,30.5,22.769277962217984,42.769277962217984,62.769277962217984,82.76927796221798
1703,1,31.9,22.625219257269464,42.625219257269464,62.625219257269464,82.62521925726946
1704,1,34.3,46.42906280504455,66.42906280504455,86.42906280504455,106.42906280504455
1705,1,34.0,19.16781033850502,39.16781033850502,59.16781033850502,79.16781033850502
1706,1,32.3,15.710401419740574,35.71040141974058,55.71040141974058,75.71040141974058
1707,1,28.2,13.261403435615758,33.26140343561576,53.26140343561576,73.26140343561576
1708,1,26.0,50.26369710181506,70.26369710181507,90.26369710181507,110.26369710181507
1709,2,23.4,11.676757681182053,31.676757681182053,51.67675768118205,71.67675768118205
1710,1,22.6,12.685168615821684,32.68516861582168,52.68516861582168,72.68516861582168
1711,1,22.3,14.125755665306873,34.12575566530687,54.12575566530687,74.12575566530687
1712,1,22.4,14.413873075203906,34.41387307520391,54.41387307520391,74.41387307520391
1713,1,22.5,15.710401419740574,35.71040141974058,55.71040141974058,75.71040141974058
1714,1,24.1,18.01534069891687,38.01534069891687,58.01534069891687,78.01534069891687
1715,1,24.4,83.86353258608942,103.86353258608942,123.86353258608942,143.86353258608943
1716,1,24.8,22.337101847372427,42.33710184737242,62.33710184737242,82.33710184737242
1717,1,25.2,23.345512782012054,43.34551278201205,63.34551278201205,83.34551278201205
1718,1,26.2,24.49798242160021,44.49798242160021,64.49798242160021,84.49798242160021
1719,1,26.4,24.20986501170317,44.20986501170317,64.20986501170317,84.20986501170317
1720,1,25.8,24.353923716651693,44.35392371665169,64.35392371665169,84.35392371665169
1721,2,24.6,25.218275946342796,45.2182759463428,65.2182759463428,85.2182759463428
1722,1,24.4,25.36233465129132,45.36233465129132,65.36233465129132,85.36233465129132
1723,1,25.4,25.36233465129132,45.36233465129132,65.36233465129132,85.36233465129132
1724,2,25.8,24.786099831497243,44.78609983149724,64.78609983149724,84.78609983149724
1725,1,25.5,25.218275946342796,45.2182759463428,65.2182759463428,85.2182759463428
1726,1,26.8,25.50639335623984,45.50639335623984,65.50639335623984,85.50639335623984
1727,1,27.8,25.074217241394283,45.07421724139428,65.07421724139428,85.07421724139428
1728,1,30.1,47.72559114958122,67.72559114958122,87.72559114958122,107.72559114958122
1729,1,31.8,16.574753649431685,36.574753649431685,56.574753649431685,76.57475364943168
1730,1,30.0,14.846049190049467,34.84604919004947,54.84604919004947,74.84604919004947
1731,1,28.7,51.56022544635172,71.56022544635172,91.56022544635172,111.56022544635172
1732,1,27.8,13.981696960358352,33.98169696035835,53.98169696035835,73.98169696035835
1733,1,27.5,13.981696960358352,33.98169696035835,53.98169696035835,73.98169696035835
1734,1,27.1,13.981696960358352,33.98169696035835,53.98169696035835,73.98169696035835
1735,1,27.4,14.557931780152426,34.55793178015243,54.55793178015243,74.55793178015243
1736,1,29.4,15.710401419740574,35.71040141974058,55.71040141974058,75.71040141974058
1737,1,31.1,17.439105879122796,37.43910587912279,57.43910587912279,77.43910587912279
1738,1,29.3,82.99918035639831,102.99918035639831,122.99918035639831,142.9991803563983
1739,1,28.9,21.47274961768132,41.472749617681316,61.472749617681316,81.47274961768132
1740,1,29.0,21.760867027578357,41.76086702757836,61.76086702757836,81.76086702757836
1741,1,27.8,21.3286909127328,41.328690912732796,61.328690912732796,81.3286909127328
1742,1,27.3,22.481160552320947,42.481160552320944,62.481160552320944,82.48116055232094
1743,1,26.7,23.633630191909095,43.63363019190909,63.63363019190909,83.63363019190909
1744,1,25.8,23.345512782012054,43.34551278201205,63.34551278201205,83.34551278201205
1745,1,25.7,23.633630191909095,43.63363019190909,63.63363019190909,83.63363019190909
1746,1,25.9,22.769277962217984,42.769277962217984,62.769277962217984,82.76927796221798
1747,1,26.3,23.489571486960575,43.48957148696057,63.48957148696057,83.48957148696057
1748,1,27.7,23.77768889685761,43.77768889685761,63.77768889685761,83.77768889685761
1749,1,29.7,47.5815324446327,67.5815324446327,87.5815324446327,107.5815324446327
1750,2,31.5,20.464338683041685,40.46433868304169,60.46433868304169,80.46433868304169
1751,1,31.0,20.896514797887242,40.89651479788724,60.89651479788724,80.89651479788725
1752,1,28.6,20.176221273144648,40.17622127314465,60.17622127314465,80.17622127314465
1753,1,28.0,58.04286716903506,78.04286716903506,98.04286716903506,118.04286716903506
1754,1,27.1,19.88810386324761,39.88810386324761,59.88810386324761,79.88810386324761
1755,1,25.6,19.455927748402058,39.45592774840206,59.45592774840206,79.45592774840206
1756,1,23.6,18.879692928607984,38.87969292860798,58.87969292860798,78.87969292860798
1757,1,24.1,18.159399403865386,38.159399403865386,58.159399403865386,78.1593994038654
1758,1,25.1,18.735634223659464,38.73563422365946,58.73563422365946,78.73563422365946
1759,1,25.3,21.3286909127328,41.328690912732796,61.328690912732796,81.3286909127328
1760,1,26.5,87.75311761969942,107.75311761969942,127.75311761969942,147.75311761969942
1761,1,26.7,25.93856947108539,45.93856947108539,65.93856947108539,85.93856947108539
1762,1,25.2,26.946980405725025,46.94698040572503,66.94698040572503,86.94698040572503
1763,1,23.7,27.37915652057058,47.379156520570575,67.37915652057058,87.37915652057058
1764,1,23.0,26.946980405725025,46.94698040572503,66.94698040572503,86.94698040572503
1765,1,23.0,25.074217241394283,45.07421724139428,65.07421724139428,85.07421724139428
1766,1,22.3,26.226686880982435,46.226686880982435,66.22668688098244,86.22668688098244
1767,1,20.8,26.802921700776505,46.80292170077651,66.80292170077651,86.80292170077651
1768,1,20.9,27.09103911067354,47.09103911067354,67.09103911067353,87.09103911067353
1769,1,20.7,27.523215225519095,47.523215225519095,67.5232152255191,87.5232152255191
1770,1,20.7,27.811332635416132,47.811332635416136,67.81133263541614,87.81133263541614
1771,1,22.3,27.23509781562206,47.235097815622055,67.23509781562205,87.23509781562205
1772,2,23.2,25.50639335623984,45.50639335623984,65.50639335623984,85.50639335623984
1773,1,25.4,48.73400208422085,68.73400208422085,88.73400208422085,108.73400208422085
1774,1,26.7,20.896514797887242,40.89651479788724,60.89651479788724,80.89651479788725
1775,1,25.3,18.735634223659464,38.73563422365946,58.73563422365946,78.73563422365946
1776,1,21.1,18.735634223659464,38.73563422365946,58.73563422365946,78.73563422365946
1777,1,20.1,55.88198659480728,75.88198659480727,95.88198659480727,115.88198659480727
1778,1,20.3,19.599986453350578,39.59998645335058,59.59998645335058,79.59998645335058
1779,1,19.5,19.455927748402058,39.45592774840206,59.45592774840206,79.45592774840206
1780,1,17.9,20.608397387990205,40.60839738799021,60.60839738799021,80.60839738799021
1781,1,17.2,20.752456092938722,40.75245609293872,60.75245609293872,80.75245609293873
1782,1,16.2,22.625219257269464,42.625219257269464,62.625219257269464,82.62521925726946
1783,1,16.6,23.77768889685761,43.77768889685761,63.77768889685761,83.77768889685761
1784,1,17.7,87.89717632464794,107.89717632464794,127.89717632464794,147.89717632464794
1785,1,19.3,25.650452061188354,45.65045206118835,65.65045206118836,85.65045206118836
1786,1,20.2,26.370745585930948,46.37074558593095,66.37074558593095,86.37074558593095
1787,1,20.0,27.23509781562206,47.235097815622055,67.23509781562205,87.23509781562205
1788,1,20.7,27.955391340364653,47.955391340364656,67.95539134036466,87.95539134036466
1789,1,20.6,28.675684865107243,48.67568486510724,68.67568486510724,88.67568486510724
1790,1,21.5,28.387567455210206,48.3875674552102,68.3875674552102,88.3875674552102
1791,1,21.6,28.81974357005576,48.81974357005576,68.81974357005576,88.81974357005576
1792,1,22.1,29.540037094798354,49.54003709479835,69.54003709479835,89.54003709479835
1793,1,22.5,29.828154504695394,49.82815450469539,69.82815450469539,89.82815450469539
1794,1,22.9,29.97221320964391,49.97221320964391,69.97221320964391,89.97221320964391
1795,1,23.5,29.1078609799528,49.107860979952804,69.1078609799528,89.1078609799528
1796,1,24.1,28.387567455210206,48.3875674552102,68.3875674552102,88.3875674552102
1797,1,24.6,51.903293593088264,71.90329359308826,91.90329359308826,111.90329359308826
1798,1,23.0,25.36233465129132,45.36233465129132,65.36233465129132,85.36233465129132
1799,1,19.9,24.353923716651693,44.35392371665169,64.35392371665169,84.35392371665169
1800,1,18.0,23.489571486960575,43.48957148696057,63.48957148696057,83.48957148696057
1801,1,18.5,60.20374774326284,80.20374774326284,100.20374774326284,120.20374774326284
1802,1,18.5,21.760867027578357,41.76086702757836,61.76086702757836,81.76086702757836
1803,1,17.7,21.3286909127328,41.328690912732796,61.328690912732796,81.3286909127328
1804,1,17.1,21.3286909127328,41.328690912732796,61.328690912732796,81.3286909127328
1805,1,16.7,21.47274961768132,41.472749617681316,61.472749617681316,81.47274961768132
1806,1,16.5,22.048984437475394,42.0489844374754,62.0489844374754,82.0489844374754
1807,1,16.3,23.633630191909095,43.63363019190909,63.63363019190909,83.63363019190909
1808,1,17.5,87.46500020980238,107.46500020980238,127.46500020980238,147.46500020980238
1809,1,20.5,24.49798242160021,44.49798242160021,64.49798242160021,84.49798242160021
1810,2,24.7,25.218275946342796,45.2182759463428,65.2182759463428,85.2182759463428
1811,1,25.9,24.06580630675465,44.06580630675465,64.06580630675465,84.06580630675465
1812,1,25.5,23.633630191909095,43.63363019190909,63.63363019190909,83.63363019190909
1813,1,26.4,23.345512782012054,43.34551278201205,63.34551278201205,83.34551278201205
1814,1,26.8,23.489571486960575,43.48957148696057,63.48957148696057,83.48957148696057
1815,1,27.5,23.921747601806135,43.92174760180613,63.92174760180613,83.92174760180613
1816,1,29.4,46.71718021494159,66.71718021494159,86.71718021494159,106.71718021494159
1817,1,26.7,19.88810386324761,39.88810386324761,59.88810386324761,79.88810386324761
1818,1,22.0,18.591575518710947,38.59157551871095,58.59157551871095,78.59157551871095
1819,2,18.8,15.99851882963761,35.99851882963761,55.99851882963761,75.99851882963762
1820,1,19.2,52.56863638099136,72.56863638099136,92.56863638099136,112.56863638099136
1821,1,18.8,12.397051205924647,32.39705120592465,52.39705120592465,72.39705120592464
1822,1,17.5,11.820816386130574,31.820816386130574,51.82081638613057,71.82081638613057
1823,1,16.9,11.676757681182053,31.676757681182053,51.67675768118205,71.67675768118205
1824,2,17.1,11.388640271285018,31.38864027128502,51.38864027128502,71.38864027128503
1825,1,17.5,12.685168615821684,32.68516861582168,52.68516861582168,72.68516861582168
1826,1,18.4,13.549520845512799,33.5495208455128,53.5495208455128,73.5495208455128
1827,1,20.5,77.09277345350904,97.09277345350904,117.09277345350904,137.09277345350904
1828,2,23.5,15.27822530489502,35.27822530489502,55.27822530489502,75.27822530489502
1829,1,24.7,16.28663623953465,36.28663623953465,56.28663623953465,76.28663623953466
1830,1,27.8,16.14257753458613,36.14257753458613,56.14257753458613,76.14257753458614
1831,1,30.6,16.430694944483168,36.430694944483164,56.430694944483164,76.43069494448316
1832,1,30.8,16.86287105932872,36.862871059328725,56.862871059328725,76.86287105932873
1833,1,29.3,16.28663623953465,36.28663623953465,56.28663623953465,76.28663623953466
1834,1,29.5,16.430694944483168,36.430694944483164,56.430694944483164,76.43069494448316
1835,1,30.9,17.583164584071316,37.58316458407131,57.58316458407131,77.58316458407131
1836,1,30.4,18.30345810881391,38.30345810881391,58.30345810881391,78.30345810881391
1837,1,31.3,18.879692928607984,38.87969292860798,58.87969292860798,78.87969292860798
1838,1,32.8,19.0237516335565,39.0237516335565,59.0237516335565,79.0237516335565
1839,1,33.9,42.97165388628011,62.97165388628011,82.97165388628011,102.97165388628011
1840,1,29.9,15.566342714792057,35.56634271479206,55.56634271479206,75.56634271479206
1841,1,25.8,14.846049190049467,34.84604919004947,54.84604919004947,74.84604919004947
1842,1,23.2,52.136460266145804,72.1364602661458,92.1364602661458,112.1364602661458
1843,2,21.9,13.981696960358352,33.98169696035835,53.98169696035835,73.98169696035835
1844,1,19.5,13.981696960358352,33.98169696035835,53.98169696035835,73.98169696035835
1845,1,17.2,14.26981437025539,34.26981437025539,54.26981437025539,74.26981437025539
1846,1,17.3,15.27822530489502,35.27822530489502,55.27822530489502,75.27822530489502
1847,1,17.7,15.42228400984354,35.42228400984354,55.42228400984354,75.42228400984354
1848,2,18.4,16.430694944483168,36.430694944483164,56.430694944483164,76.43069494448316
1849,1,20.6,80.40612366732498,100.40612366732498,120.40612366732498,140.40612366732498
1850,1,23.5,19.0237516335565,39.0237516335565,59.0237516335565,79.0237516335565
1851,2,24.6,20.608397387990205,40.60839738799021,60.60839738799021,80.60839738799021
1852,1,26.7,21.18463220778428,41.184632207784276,61.184632207784276,81.18463220778428
1853,1,29.6,21.040573502835763,41.04057350283576,61.04057350283576,81.04057350283577
1854,1,30.7,21.760867027578357,41.76086702757836,61.76086702757836,81.76086702757836
1855,2,31.3,21.904925732526873,41.90492573252688,61.90492573252688,81.90492573252688
1856,1,31.8,21.616808322629836,41.616808322629836,61.616808322629836,81.61680832262984
1857,1,31.7,20.896514797887242,40.89651479788724,60.89651479788724,80.89651479788725
1858,1,32.2,19.88810386324761,39.88810386324761,59.88810386324761,79.88810386324761
1859,1,33.2,43.40383000112566,63.40383000112566,83.40383000112567,103.40383000112567
1860,1,33.7,16.718812354380205,36.718812354380205,56.718812354380205,76.7188123543802
1861,1,28.0,14.557931780152426,34.55793178015243,54.55793178015243,74.55793178015243
1862,1,23.8,12.108933796027612,32.108933796027614,52.108933796027614,72.10893379602761
1863,1,21.0,47.09440559294765,67.09440559294765,87.09440559294765,107.09440559294765
1864,1,17.7,8.651524877263165,28.651524877263164,48.651524877263164,68.65152487726317
1865,1,15.2,7.643113942623536,27.643113942623536,47.643113942623536,67.64311394262353
1866,1,13.9,7.066879122829462,27.066879122829462,47.06687912282946,67.06687912282946
1867,1,13.3,7.787172647572055,27.787172647572056,47.787172647572056,67.78717264757205
1868,1,13.3,8.939642287160202,28.939642287160204,48.939642287160204,68.93964228716021
1869,2,14.6,10.092111926748352,30.092111926748352,50.09211192674835,70.09211192674834
1870,1,15.7,75.07595158422978,95.07595158422978,115.07595158422978,135.07595158422978
1871,1,17.6,13.117344730667241,33.11734473066724,53.11734473066724,73.11734473066724
1872,1,20.2,13.549520845512799,33.5495208455128,53.5495208455128,73.5495208455128
1873,1,20.5,13.549520845512799,33.5495208455128,53.5495208455128,73.5495208455128
1874,2,21.9,14.26981437025539,34.26981437025539,54.26981437025539,74.26981437025539
1875,1,22.8,15.99851882963761,35.99851882963761,55.99851882963761,75.99851882963762
1876,1,23.6,17.439105879122796,37.43910587912279,57.43910587912279,77.43910587912279
1877,1,23.3,17.29504717417428,37.29504717417428,57.29504717417428,77.29504717417427
1878,2,25.4,17.87128199396835,37.87128199396835,57.87128199396835,77.87128199396835
1879,1,27.0,18.591575518710947,38.59157551871095,58.59157551871095,78.59157551871095
1880,1,27.3,21.040573502835763,41.04057350283576,61.04057350283576,81.04057350283577
1881,1,27.0,21.904925732526873,41.90492573252688,61.90492573252688,81.90492573252688
1882,1,27.3,20.176221273144648,40.17622127314465,60.17622127314465,80.17622127314465
1883,1,28.3,41.67512554174345,61.67512554174345,81.67512554174345,101.67512554174345
1884,1,27.1,12.829227320770205,32.8292273207702,52.8292273207702,72.8292273207702
1885,1,22.6,8.939642287160202,28.939642287160204,48.939642287160204,68.93964228716021
1886,1,19.6,6.490644303035387,26.49064430303539,46.49064430303539,66.4906443030354
1887,1,18.3,42.721344087671234,62.721344087671234,82.72134408767124,102.72134408767124
1888,2,16.8,4.854698191780822,24.854698191780823,44.85469819178083,64.85469819178083
1889,1,16.0,4.854698191780822,24.854698191780823,44.85469819178083,64.85469819178083
1890,9,13.9,4.854698191780822,24.854698191780823,44.85469819178083,64.85469819178083
1891,5,13.6,4.854698191780822,24.854698191780823,44.85469819178083,64.85469819178083
1892,4,13.4,4.854698191780822,24.854698191780823,44.85469819178083,64.85469819178083
1893,1,15.1,6.634703007983905,26.634703007983905,46.6347030079839,66.6347030079839
1894,1,15.0,72.19477748525942,92.19477748525942,112.19477748525942,132.1947774852594
1895,1,17.3,10.524288041593906,30.524288041593906,50.524288041593906,70.5242880415939
1896,1,19.6,11.820816386130574,31.820816386130574,51.82081638613057,71.82081638613057
1897,1,21.6,12.685168615821684,32.68516861582168,52.68516861582168,72.68516861582168
1898,1,21.7,13.693579550461315,33.693579550461315,53.693579550461315,73.69357955046132
1899,2,21.4,14.413873075203906,34.41387307520391,54.41387307520391,74.41387307520391
1900,1,21.5,15.854460124689094,35.8544601246891,55.8544601246891,75.8544601246891
1901,1,22.5,16.718812354380205,36.718812354380205,56.718812354380205,76.7188123543802
1902,1,22.0,15.99851882963761,35.99851882963761,55.99851882963761,75.99851882963762
1903,1,23.0,15.134166599946504,35.134166599946504,55.134166599946504,75.1341665999465
1904,2,24.1,14.557931780152426,34.55793178015243,54.55793178015243,74.55793178015243
1905,1,24.2,14.413873075203906,34.41387307520391,54.41387307520391,74.41387307520391
1906,1,22.2,14.413873075203906,34.41387307520391,54.41387307520391,74.41387307520391
1907,1,23.3,39.658303672464186,59.658303672464186,79.65830367246419,99.65830367246419
1908,1,25.4,14.413873075203906,34.41387307520391,54.41387307520391,74.41387307520391
1909,1,20.7,13.837638255409832,33.83763825540983,53.83763825540983,73.83763825540983
1910,1,16.8,11.820816386130574,31.820816386130574,51.82081638613057,71.82081638613057
1911,1,15.6,46.80628818305061,66.80628818305061,86.80628818305061,106.80628818305061
1912,1,14.6,7.066879122829462,27.066879122829462,47.06687912282946,67.06687912282946
1913,1,13.3,6.202526893138352,26.20252689313835,46.202526893138355,66.20252689313836
1914,2,12.1,6.634703007983905,26.634703007983905,46.6347030079839,66.6347030079839
1915,1,11.7,7.787172647572055,27.787172647572056,47.787172647572056,67.78717264757205
1916,1,11.2,8.651524877263165,28.651524877263164,48.651524877263164,68.65152487726317
1917,1,10.5,9.803994516851315,29.803994516851315,49.80399451685132,69.80399451685132
1918,1,11.4,74.06754064959016,94.06754064959016,114.06754064959016,134.06754064959017
1919,1,13.7,12.252992500976127,32.25299250097613,52.25299250097613,72.25299250097612
1920,1,15.5,12.973286025718725,32.97328602571872,52.97328602571872,72.97328602571872
1921,1,16.2,13.549520845512799,33.5495208455128,53.5495208455128,73.5495208455128
1922,2,17.1,13.549520845512799,33.5495208455128,53.5495208455128,73.5495208455128
1923,1,16.9,14.413873075203906,34.41387307520391,54.41387307520391,74.41387307520391
1924,1,16.9,15.27822530489502,35.27822530489502,55.27822530489502,75.27822530489502
1925,1,18.0,15.42228400984354,35.42228400984354,55.42228400984354,75.42228400984354
1926,1,19.0,15.42228400984354,35.42228400984354,55.42228400984354,75.42228400984354
1927,1,19.6,16.14257753458613,36.14257753458613,56.14257753458613,76.14257753458614
1928,1,19.1,17.439105879122796,37.43910587912279,57.43910587912279,77.43910587912279
1929,1,19.0,18.01534069891687,38.01534069891687,58.01534069891687,78.01534069891687
1930,1,19.9,17.29504717417428,37.29504717417428,57.29504717417428,77.29504717417427
1931,1,21.4,40.81077331205233,60.81077331205233,80.81077331205233,100.81077331205233
1932,1,20.4,13.549520845512799,33.5495208455128,53.5495208455128,73.5495208455128
1933,2,16.7,11.676757681182053,31.676757681182053,51.67675768118205,71.67675768118205
1934,2,13.8,10.092111926748352,30.092111926748352,50.09211192674835,70.09211192674834
1935,1,12.6,46.6622294781021,66.66222947810209,86.66222947810209,106.66222947810209
1936,1,12.3,7.499055237675016,27.499055237675016,47.499055237675016,67.49905523767501
1937,1,12.0,7.066879122829462,27.066879122829462,47.06687912282946,67.06687912282946
1938,1,10.9,7.066879122829462,27.066879122829462,47.06687912282946,67.06687912282946
1939,1,10.3,7.210937827777981,27.210937827777983,47.21093782777798,67.21093782777798
1940,1,10.3,8.939642287160202,28.939642287160204,48.939642287160204,68.93964228716021
1941,1,10.6,11.100522861387981,31.10052286138798,51.10052286138798,71.10052286138799
1942,1,11.5,75.65218640402387,95.65218640402387,115.65218640402387,135.65218640402387
1943,1,12.5,13.837638255409832,33.83763825540983,53.83763825540983,73.83763825540983
1944,1,13.5,14.846049190049467,34.84604919004947,54.84604919004947,74.84604919004947
1945,2,13.2,15.566342714792057,35.56634271479206,55.56634271479206,75.56634271479206
1946,1,13.6,16.574753649431685,36.574753649431685,56.574753649431685,76.57475364943168
1947,1,13.5,18.01534069891687,38.01534069891687,58.01534069891687,78.01534069891687
1948,2,13.7,18.591575518710947,38.59157551871095,58.59157551871095,78.59157551871095
1949,1,13.7,19.16781033850502,39.16781033850502,59.16781033850502,79.16781033850502
1950,1,13.9,19.744045158299095,39.744045158299095,59.744045158299095,79.74404515829909
1951,2,14.7,19.311869043453537,39.31186904345354,59.31186904345354,79.31186904345354
1952,2,14.6,18.591575518710947,38.59157551871095,58.59157551871095,78.59157551871095
1953,2,15.1,18.01534069891687,38.01534069891687,58.01534069891687,78.01534069891687
1954,2,16.0,16.86287105932872,36.862871059328725,56.862871059328725,76.86287105932873
1955,1,16.5,40.37859719720678,60.37859719720678,80.37859719720677,100.37859719720677
1956,1,16.6,13.261403435615758,33.26140343561576,53.26140343561576,73.26140343561576
1957,1,16.4,11.2445815663365,31.2445815663365,51.2445815663365,71.2445815663365
1958,1,17.3,11.100522861387981,31.10052286138798,51.10052286138798,71.10052286138799
1959,1,17.0,47.09440559294765,67.09440559294765,87.09440559294765,107.09440559294765
1960,1,16.2,6.34658559808687,26.346585598086868,46.34658559808687,66.34658559808688
1961,1,15.7,5.050057253550202,25.0500572535502,45.0500572535502,65.0500572535502
1962,1,15.2,5.770350778292794,25.770350778292794,45.770350778292794,65.7703507782928
1963,1,14.8,5.914409483241313,25.914409483241315,45.914409483241315,65.91440948324131
1964,1,14.8,6.634703007983905,26.634703007983905,46.6347030079839,66.6347030079839
1965,2,15.1,8.507466172314647,28.507466172314647,48.50746617231465,68.50746617231465
1966,1,16.2,73.20318841989905,93.20318841989905,113.20318841989905,133.20318841989905
1967,1,18.4,11.532698976233537,31.532698976233537,51.53269897623353,71.53269897623353
1968,1,20.5,11.964875091079092,31.964875091079094,51.964875091079094,71.9648750910791
1969,2,20.6,12.541109910873166,32.54110991087317,52.54110991087317,72.54110991087316
1970,1,21.4,13.261403435615758,33.26140343561576,53.26140343561576,73.26140343561576
1971,1,20.8,13.693579550461315,33.693579550461315,53.693579550461315,73.69357955046132
1972,1,20.4,14.413873075203906,34.41387307520391,54.41387307520391,74.41387307520391
1973,1,20.7,16.28663623953465,36.28663623953465,56.28663623953465,76.28663623953466
1974,1,22.4,17.006929764277242,37.006929764277245,57.006929764277245,77.00692976427725
1975,1,23.5,17.15098846922576,37.15098846922576,57.15098846922576,77.15098846922575
1976,1,22.3,17.439105879122796,37.43910587912279,57.43910587912279,77.43910587912279
1977,1,21.9,16.28663623953465,36.28663623953465,56.28663623953465,76.28663623953466
1978,1,22.0,15.134166599946504,35.134166599946504,55.134166599946504,75.1341665999465
1979,1,22.0,37.929599213081964,57.929599213081964,77.92959921308196,97.92959921308196
1980,1,21.9,10.380229336645385,30.380229336645385,50.380229336645385,70.38022933664539
1981,1,22.3,7.499055237675016,27.499055237675016,47.499055237675016,67.49905523767501
1982,1,20.0,4.854698191780822,24.854698191780823,44.85469819178083,64.85469819178083
1983,1,18.2,42.721344087671234,62.721344087671234,82.72134408767124,102.72134408767124
1984,2,15.3,4.854698191780822,24.854698191780823,44.85469819178083,64.85469819178083
1985,1,13.2,5.770350778292794,25.770350778292794,45.770350778292794,65.7703507782928
1986,1,13.7,7.787172647572055,27.787172647572056,47.787172647572056,67.78717264757205
1987,1,14.2,10.092111926748352,30.092111926748352,50.09211192674835,70.09211192674834
1988,1,15.0,75.36406899412682,95.36406899412682,115.36406899412682,135.36406899412682
1989,1,16.8,13.837638255409832,33.83763825540983,53.83763825540983,73.83763825540983
1990,1,17.4,14.990107894997983,34.99010789499798,54.99010789499798,74.99010789499798
1991,1,17.8,15.42228400984354,35.42228400984354,55.42228400984354,75.42228400984354
1992,1,17.8,15.854460124689094,35.8544601246891,55.8544601246891,75.8544601246891
1993,1,17.1,15.99851882963761,35.99851882963761,55.99851882963761,75.99851882963762
1994,2,16.8,16.28663623953465,36.28663623953465,56.28663623953465,76.28663623953466
1995,1,17.5,15.99851882963761,35.99851882963761,55.99851882963761,75.99851882963762
1996,1,17.8,15.99851882963761,35.99851882963761,55.99851882963761,75.99851882963762
1997,1,17.3,15.99851882963761,35.99851882963761,55.99851882963761,75.99851882963762
1998,2,18.2,15.99851882963761,35.99851882963761,55.99851882963761,75.99851882963762
1999,1,20.3,16.14257753458613,36.14257753458613,56.14257753458613,76.14257753458614
2000,1,21.0,42.107301656589,62.107301656589,82.107301656589,102.107301656589
2001,1,19.6,17.439105879122796,37.43910587912279,57.43910587912279,77.43910587912279
2002,2,18.2,17.006929764277242,37.006929764277245,57.006929764277245,77.00692976427725
2003,1,16.8,16.574753649431685,36.574753649431685,56.574753649431685,76.57475364943168
2004,1,14.8,54.15328213542506,74.15328213542506,94.15328213542506,114.15328213542506
2005,1,14.1,15.566342714792057,35.56634271479206,55.56634271479206,75.56634271479206
2006,1,12.8,15.710401419740574,35.71040141974058,55.71040141974058,75.71040141974058
2007,1,12.2,16.718812354380205,36.718812354380205,56.718812354380205,76.7188123543802
2008,1,13.2,16.430694944483168,36.430694944483164,56.430694944483164,76.43069494448316
2009,1,14.5,15.566342714792057,35.56634271479206,55.56634271479206,75.56634271479206
2010,1,15.5,15.27822530489502,35.27822530489502,55.27822530489502,75.27822530489502
2011,1,15.4,77.5249495683546,97.5249495683546,117.5249495683546,137.5249495683546
2012,1,16.2,15.42228400984354,35.42228400984354,55.42228400984354,75.42228400984354
2013,1,17.7,15.27822530489502,35.27822530489502,55.27822530489502,75.27822530489502
2014,2,18.8,14.701990485100946,34.70199048510095,54.70199048510095,74.70199048510095
2015,1,18.7,14.557931780152426,34.55793178015243,54.55793178015243,74.55793178015243
2016,3,19.4,14.701990485100946,34.70199048510095,54.70199048510095,74.70199048510095
2017,1,21.8,14.846049190049467,34.84604919004947,54.84604919004947,74.84604919004947
2018,1,21.9,14.990107894997983,34.99010789499798,54.99010789499798,74.99010789499798
2019,1,22.3,14.990107894997983,34.99010789499798,54.99010789499798,74.99010789499798
2020,1,24.7,14.26981437025539,34.26981437025539,54.26981437025539,74.26981437025539
2021,1,26.1,14.26981437025539,34.26981437025539,54.26981437025539,74.26981437025539
2022,1,30.3,13.693579550461315,33.693579550461315,53.693579550461315,73.69357955046132
2023,1,31.4,38.073657918030484,58.073657918030484,78.07365791803048,98.07365791803048
2024,1,27.6,11.532698976233537,31.532698976233537,51.53269897623353,71.53269897623353
2025,1,25.4,10.956464156439463,30.956464156439463,50.956464156439466,70.95646415643947
2026,1,22.8,48.67905134738135,68.67905134738135,88.67905134738135,108.67905134738135
2027,1,22.6,9.515877106954274,29.515877106954274,49.51587710695428,69.51587710695428
2028,1,23.8,7.931231352520573,27.931231352520573,47.93123135252057,67.93123135252057
2029,1,24.5,6.778761712932424,26.778761712932422,46.77876171293242,66.77876171293242
2030,1,24.0,6.202526893138352,26.20252689313835,46.202526893138355,66.20252689313836
2031,1,26.8,6.490644303035387,26.49064430303539,46.49064430303539,66.4906443030354
2032,1,27.4,6.922820417880944,26.922820417880942,46.92282041788094,66.92282041788094
2033,1,27.3,70.32201432092867,90.32201432092867,110.32201432092867,130.32201432092867
2034,1,26.5,7.210937827777981,27.210937827777983,47.21093782777798,67.21093782777798
2035,1,26.8,7.931231352520573,27.931231352520573,47.93123135252057,67.93123135252057
2036,1,26.6,8.795583582211684,28.795583582211684,48.795583582211684,68.79558358221169
2037,1,26.5,9.227759697057241,29.22775969705724,49.22775969705724,69.22775969705724
2038,1,26.4,9.659935811902795,29.659935811902795,49.6599358119028,69.6599358119028
2039,1,27.8,10.092111926748352,30.092111926748352,50.09211192674835,70.09211192674834
2040,1,28.5,10.380229336645385,30.380229336645385,50.380229336645385,70.38022933664539
2041,1,27.8,10.380229336645385,30.380229336645385,50.380229336645385,70.38022933664539
2042,1,27.5,11.100522861387981,31.10052286138798,51.10052286138798,71.10052286138799
2043,1,28.1,11.676757681182053,31.676757681182053,51.67675768118205,71.67675768118205
2044,1,29.3,10.956464156439463,30.956464156439463,50.956464156439466,70.95646415643947
2045,1,33.3,10.236170631696872,30.236170631696872,50.23617063169687,70.23617063169687
2046,1,36.2,34.47219029431752,54.47219029431752,74.47219029431753,94.47219029431753
2047,1,32.4,7.931231352520573,27.931231352520573,47.93123135252057,67.93123135252057
2048,1,30.3,6.922820417880944,26.922820417880942,46.92282041788094,66.92282041788094
2049,1,28.9,5.914409483241313,25.914409483241315,45.914409483241315,65.91440948324131
2050,1,27.6,42.721344087671234,62.721344087671234,82.72134408767124,102.72134408767124
2051,1,26.8,4.854698191780822,24.854698191780823,44.85469819178083,64.85469819178083
2052,1,25.2,4.854698191780822,24.854698191780823,44.85469819178083,64.85469819178083
2053,2,24.0,4.854698191780822,24.854698191780823,44.85469819178083,64.85469819178083
2054,1,24.5,4.854698191780822,24.854698191780823,44.85469819178083,64.85469819178083
2055,1,25.1,4.854698191780822,24.854698191780823,44.85469819178083,64.85469819178083
2056,1,24.9,67.96577468493152,87.96577468493152,107.96577468493152,127.96577468493152
2057,1,28.8,5.914409483241313,25.914409483241315,45.914409483241315,65.91440948324131
2058,1,30.6,7.643113942623536,27.643113942623536,47.643113942623536,67.64311394262353
2059,1,31.5,8.651524877263165,28.651524877263164,48.651524877263164,68.65152487726317
2060,2,31.2,8.939642287160202,28.939642287160204,48.939642287160204,68.93964228716021
2061,1,31.5,8.939642287160202,28.939642287160204,48.939642287160204,68.93964228716021
2062,1,31.9,9.37181840200576,29.371818402005758,49.37181840200576,69.37181840200576
2063,1,32.0,9.659935811902795,29.659935811902795,49.6599358119028,69.6599358119028
2064,1,32.0,12.397051205924647,32.39705120592465,52.39705120592465,72.39705120592464
2065,1,31.9,14.125755665306873,34.12575566530687,54.12575566530687,74.12575566530687
2066,1,33.1,14.125755665306873,34.12575566530687,54.12575566530687,74.12575566530687
2067,1,35.9,14.701990485100946,34.70199048510095,54.70199048510095,74.70199048510095
2068,1,36.6,40.09047978730975,60.09047978730975,80.09047978730975,100.09047978730975
2069,1,31.8,14.990107894997983,34.99010789499798,54.99010789499798,74.99010789499798
2070,1,28.3,14.990107894997983,34.99010789499798,54.99010789499798,74.99010789499798
2071,1,26.8,15.134166599946504,35.134166599946504,55.134166599946504,75.1341665999465
2072,1,26.5,52.8567537908884,72.8567537908884,92.8567537908884,112.8567537908884
2073,1,26.3,14.701990485100946,34.70199048510095,54.70199048510095,74.70199048510095
2074,1,26.1,13.837638255409832,33.83763825540983,53.83763825540983,73.83763825540983
2075,1,26.5,12.973286025718725,32.97328602571872,52.97328602571872,72.97328602571872
2076,1,25.7,12.541109910873166,32.54110991087317,52.54110991087317,72.54110991087316
2077,1,25.8,12.685168615821684,32.68516861582168,52.68516861582168,72.68516861582168
2078,1,25.7,13.405462140564278,33.40546214056428,53.40546214056428,73.40546214056428
2079,1,26.4,78.10118438814868,98.10118438814868,118.10118438814868,138.10118438814868
2080,1,27.9,16.14257753458613,36.14257753458613,56.14257753458613,76.14257753458614
2081,1,30.7,16.86287105932872,36.862871059328725,56.862871059328725,76.86287105932873
2082,1,31.9,17.29504717417428,37.29504717417428,57.29504717417428,77.29504717417427
2083,1,31.4,17.87128199396835,37.87128199396835,57.87128199396835,77.87128199396835
2084,1,31.7,19.16781033850502,39.16781033850502,59.16781033850502,79.16781033850502
2085,1,32.6,21.3286909127328,41.328690912732796,61.328690912732796,81.3286909127328
2086,1,32.7,22.337101847372427,42.33710184737242,62.33710184737242,82.33710184737242
2087,1,32.0,23.05739537211502,43.057395372115025,63.057395372115025,83.05739537211502
2088,1,32.1,23.489571486960575,43.48957148696057,63.48957148696057,83.48957148696057
2089,1,32.1,24.06580630675465,44.06580630675465,64.06580630675465,84.06580630675465
2090,1,32.8,23.633630191909095,43.63363019190909,63.63363019190909,83.63363019190909
2091,1,36.2,21.040573502835763,41.04057350283576,61.04057350283576,81.04057350283577
2092,1,36.1,43.11571259122863,63.11571259122863,83.11571259122863,103.11571259122863
2093,1,32.7,15.134166599946504,35.134166599946504,55.134166599946504,75.1341665999465
2094,1,30.8,12.829227320770205,32.8292273207702,52.8292273207702,72.8292273207702
2095,1,30.3,11.532698976233537,31.532698976233537,51.53269897623353,71.53269897623353
2096,1,28.7,48.10281652758728,68.10281652758728,88.10281652758728,108.10281652758728
2097,1,27.8,9.515877106954274,29.515877106954274,49.51587710695428,69.51587710695428
2098,1,26.7,9.083700992108723,29.083700992108724,49.083700992108724,69.08370099210873
2099,1,25.7,8.939642287160202,28.939642287160204,48.939642287160204,68.93964228716021
2100,1,25.9,8.795583582211684,28.795583582211684,48.795583582211684,68.79558358221169
2101,1,25.5,9.227759697057241,29.22775969705724,49.22775969705724,69.22775969705724
2102,1,25.8,10.668346746542426,30.668346746542426,50.668346746542426,70.66834674654243
2103,1,26.6,77.09277345350904,97.09277345350904,117.09277345350904,137.09277345350904
2104,1,28.0,14.26981437025539,34.26981437025539,54.26981437025539,74.26981437025539
2105,1,28.4,15.99851882963761,35.99851882963761,55.99851882963761,75.99851882963762
2106,1,28.3,18.447516813762427,38.44751681376243,58.44751681376243,78.44751681376243
2107,2,27.8,18.735634223659464,38.73563422365946,58.73563422365946,78.73563422365946
2108,1,26.9,19.0237516335565,39.0237516335565,59.0237516335565,79.0237516335565
2109,1,26.4,20.32027997809317,40.32027997809317,60.32027997809317,80.32027997809317
2110,1,26.7,20.32027997809317,40.32027997809317,60.32027997809317,80.32027997809317
2111,1,27.5,19.311869043453537,39.31186904345354,59.31186904345354,79.31186904345354
2112,1,27.8,20.032162568196128,40.03216256819613,60.03216256819613,80.03216256819613
2113,1,28.0,19.599986453350578,39.59998645335058,59.59998645335058,79.59998645335058
2114,1,29.1,19.311869043453537,39.31186904345354,59.31186904345354,79.31186904345354
2115,1,29.3,17.006929764277242,37.006929764277245,57.006929764277245,77.00692976427725
2116,1,28.9,40.52265590215529,60.52265590215529,80.5226559021553,100.5226559021553
2117,1,26.9,13.693579550461315,33.693579550461315,53.693579550461315,73.69357955046132
2118,1,25.6,12.685168615821684,32.68516861582168,52.68516861582168,72.68516861582168
2119,1,25.3,11.388640271285018,31.38864027128502,51.38864027128502,71.38864027128503
2120,1,25.1,48.2468752325358,68.2468752325358,88.2468752325358,108.2468752325358
2121,1,24.2,10.812405451490944,30.812405451490946,50.812405451490946,70.81240545149095
2122,1,23.9,13.837638255409832,33.83763825540983,53.83763825540983,73.83763825540983
2123,1,24.9,14.26981437025539,34.26981437025539,54.26981437025539,74.26981437025539
2124,2,23.8,13.117344730667241,33.11734473066724,53.11734473066724,73.11734473066724
2125,1,23.8,13.837638255409832,33.83763825540983,53.83763825540983,73.83763825540983
2126,1,24.4,14.557931780152426,34.55793178015243,54.55793178015243,74.55793178015243
2127,1,23.6,78.67741920794275,98.67741920794275,118.67741920794275,138.67741920794276
2128,1,25.9,15.854460124689094,35.8544601246891,55.8544601246891,75.8544601246891
2129,1,30.1,16.86287105932872,36.862871059328725,56.862871059328725,76.86287105932873
2130,1,29.5,17.006929764277242,37.006929764277245,57.006929764277245,77.00692976427725
2131,1,28.8,17.29504717417428,37.29504717417428,57.29504717417428,77.29504717417427
2132,1,29.0,17.87128199396835,37.87128199396835,57.87128199396835,77.87128199396835
2133,1,29.6,18.591575518710947,38.59157551871095,58.59157551871095,78.59157551871095
2134,1,28.8,19.311869043453537,39.31186904345354,59.31186904345354,79.31186904345354
2135,1,29.2,20.464338683041685,40.46433868304169,60.46433868304169,80.46433868304169
2136,1,28.9,20.896514797887242,40.89651479788724,60.89651479788724,80.89651479788725
2137,1,29.3,20.896514797887242,40.89651479788724,60.89651479788724,80.89651479788725
2138,1,28.7,44.55629964071382,64.55629964071382,84.55629964071382,104.55629964071382
2139,1,25.0,17.727223289019836,37.72722328901983,57.72722328901983,77.72722328901983
2140,1,22.4,15.566342714792057,35.56634271479206,55.56634271479206,75.56634271479206
2141,1,20.9,14.557931780152426,34.55793178015243,54.55793178015243,74.55793178015243
2142,1,19.8,51.56022544635172,71.56022544635172,91.56022544635172,111.56022544635172
2143,1,19.1,12.252992500976127,32.25299250097613,52.25299250097613,72.25299250097612
2144,1,18.5,10.956464156439463,30.956464156439463,50.956464156439466,70.95646415643947
2145,1,17.9,9.659935811902795,29.659935811902795,49.6599358119028,69.6599358119028
2146,1,17.7,9.37181840200576,29.371818402005758,49.37181840200576,69.37181840200576
2147,1,18.8,9.803994516851315,29.803994516851315,49.80399451685132,69.80399451685132
2148,1,19.1,11.2445815663365,31.2445815663365,51.2445815663365,71.2445815663365
2149,1,20.6,75.2200102891783,95.2200102891783,115.2200102891783,135.2200102891783
2150,1,22.7,12.397051205924647,32.39705120592465,52.39705120592465,72.39705120592464
2151,1,24.6,13.837638255409832,33.83763825540983,53.83763825540983,73.83763825540983
2152,1,26.1,14.557931780152426,34.55793178015243,54.55793178015243,74.55793178015243
2153,1,27.1,15.42228400984354,35.42228400984354,55.42228400984354,75.42228400984354
2154,1,26.4,16.574753649431685,36.574753649431685,56.574753649431685,76.57475364943168
2155,1,26.3,17.15098846922576,37.15098846922576,57.15098846922576,77.15098846922575
2156,1,25.7,19.311869043453537,39.31186904345354,59.31186904345354,79.31186904345354
2157,1,25.5,20.032162568196128,40.03216256819613,60.03216256819613,80.03216256819613
2158,1,25.1,20.464338683041685,40.46433868304169,60.46433868304169,80.46433868304169
2159,1,24.5,20.32027997809317,40.32027997809317,60.32027997809317,80.32027997809317
2160,1,25.1,18.159399403865386,38.159399403865386,58.159399403865386,78.1593994038654
2161,1,27.2,41.098890721949374,61.098890721949374,81.09889072194937,101.09889072194937
2162,1,25.8,13.405462140564278,33.40546214056428,53.40546214056428,73.40546214056428
2163,1,24.6,11.388640271285018,31.38864027128502,51.38864027128502,71.38864027128503
2164,1,25.2,9.803994516851315,29.803994516851315,49.80399451685132,69.80399451685132
2165,1,25.6,46.085994658308024,66.08599465830802,86.08599465830802,106.08599465830802
2166,1,25.7,6.490644303035387,26.49064430303539,46.49064430303539,66.4906443030354
2167,1,25.5,5.19411595849872,25.19411595849872,45.19411595849872,65.19411595849871
2168,1,25.6,5.050057253550202,25.0500572535502,45.0500572535502,65.0500572535502
2169,1,27.5,5.914409483241313,25.914409483241315,45.914409483241315,65.91440948324131
2170,1,29.0,6.634703007983905,26.634703007983905,46.6347030079839,66.6347030079839
2171,1,30.0,7.499055237675016,27.499055237675016,47.499055237675016,67.49905523767501
2172,1,28.3,71.61854266546534,91.61854266546534,111.61854266546534,131.61854266546533
2173,1,26.0,9.515877106954274,29.515877106954274,49.51587710695428,69.51587710695428
2174,1,25.2,10.380229336645385,30.380229336645385,50.380229336645385,70.38022933664539
2175,1,25.3,11.820816386130574,31.820816386130574,51.82081638613057,71.82081638613057
2176,1,25.3,13.117344730667241,33.11734473066724,53.11734473066724,73.11734473066724
2177,1,25.1,13.981696960358352,33.98169696035835,53.98169696035835,73.98169696035835
2178,1,24.9,15.134166599946504,35.134166599946504,55.134166599946504,75.1341665999465
2179,1,25.5,14.846049190049467,34.84604919004947,54.84604919004947,74.84604919004947
2180,1,26.7,14.413873075203906,34.41387307520391,54.41387307520391,74.41387307520391
2181,1,28.5,20.32027997809317,40.32027997809317,60.32027997809317,80.32027997809317
2182,1,30.5,22.481160552320947,42.481160552320944,62.481160552320944,82.48116055232094
2183,1,31.3,48.58994337927233,68.58994337927233,88.58994337927233,108.58994337927233
2184,1,30.0,23.20145407706354,43.201454077063545,63.201454077063545,83.20145407706354
2185,1,28.4,22.913336667166504,42.913336667166504,62.913336667166504,82.9133366671665
2186,1,27.5,22.625219257269464,42.625219257269464,62.625219257269464,82.62521925726946
2187,1,26.5,59.48345421852025,79.48345421852025,99.48345421852025,119.48345421852025
2188,1,23.9,18.735634223659464,38.73563422365946,58.73563422365946,78.73563422365946
2189,1,22.9,17.439105879122796,37.43910587912279,57.43910587912279,77.43910587912279
2190,1,23.6,16.574753649431685,36.574753649431685,56.574753649431685,76.57475364943168
2191,1,25.2,15.99851882963761,35.99851882963761,55.99851882963761,75.99851882963762
2192,1,23.7,17.439105879122796,37.43910587912279,57.43910587912279,77.43910587912279
2193,1,23.4,82.42294553660423,102.42294553660423,122.42294553660423,142.42294553660423
2194,1,24.3,20.32027997809317,40.32027997809317,60.32027997809317,80.32027997809317
2195,1,26.6,20.32027997809317,40.32027997809317,60.32027997809317,80.32027997809317
2196,1,28.8,21.040573502835763,41.04057350283576,61.04057350283576,81.04057350283577
2197,1,27.4,21.760867027578357,41.76086702757836,61.76086702757836,81.76086702757836
2198,1,26.9,23.20145407706354,43.201454077063545,63.201454077063545,83.20145407706354
2199,1,29.9,23.77768889685761,43.77768889685761,63.77768889685761,83.77768889685761
2200,1,31.1,24.06580630675465,44.06580630675465,64.06580630675465,84.06580630675465
2201,1,30.1,23.633630191909095,43.63363019190909,63.63363019190909,83.63363019190909
2202,1,30.3,23.633630191909095,43.63363019190909,63.63363019190909,83.63363019190909
2203,1,30.3,23.20145407706354,43.201454077063545,63.201454077063545,83.20145407706354
2204,1,33.0,45.420651870404924,65.42065187040492,85.42065187040492,105.42065187040492
2205,1,31.1,17.87128199396835,37.87128199396835,57.87128199396835,77.87128199396835
2206,1,28.2,14.846049190049467,34.84604919004947,54.84604919004947,74.84604919004947
2207,1,26.0,13.981696960358352,33.98169696035835,53.98169696035835,73.98169696035835
2208,1,24.8,50.983990626557656,70.98399062655766,90.98399062655766,110.98399062655766
2209,1,23.5,11.532698976233537,31.532698976233537,51.53269897623353,71.53269897623353
2210,1,24.8,10.380229336645385,30.380229336645385,50.380229336645385,70.38022933664539
2211,1,30.1,10.380229336645385,30.380229336645385,50.380229336645385,70.38022933664539
2212,1,31.7,10.380229336645385,30.380229336645385,50.380229336645385,70.38022933664539
2213,1,31.1,11.100522861387981,31.10052286138798,51.10052286138798,71.10052286138799
2214,1,30.6,12.541109910873166,32.54110991087317,52.54110991087317,72.54110991087316
2215,1,28.9,76.80465604361201,96.80465604361201,116.80465604361201,136.804656043612
2216,1,28.3,13.981696960358352,33.98169696035835,53.98169696035835,73.98169696035835
2217,1,27.8,14.846049190049467,34.84604919004947,54.84604919004947,74.84604919004947
2218,1,26.5,16.430694944483168,36.430694944483164,56.430694944483164,76.43069494448316
2219,2,24.1,19.0237516335565,39.0237516335565,59.0237516335565,79.0237516335565
2220,1,24.3,19.599986453350578,39.59998645335058,59.59998645335058,79.59998645335058
2221,1,24.5,19.744045158299095,39.744045158299095,59.744045158299095,79.74404515829909
2222,2,22.4,20.608397387990205,40.60839738799021,60.60839738799021,80.60839738799021
2223,1,20.9,21.040573502835763,41.04057350283576,61.04057350283576,81.04057350283577
2224,1,21.2,20.752456092938722,40.75245609293872,60.75245609293872,80.75245609293873
2225,1,21.3,20.032162568196128,40.03216256819613,60.03216256819613,80.03216256819613
2226,1,22.7,18.879692928607984,38.87969292860798,58.87969292860798,78.87969292860798
2227,1,23.8,42.82759518133159,62.82759518133159,82.82759518133159,102.82759518133159
2228,1,23.1,15.99851882963761,35.99851882963761,55.99851882963761,75.99851882963762
2229,1,22.2,15.134166599946504,35.134166599946504,55.134166599946504,75.1341665999465
2230,1,22.8,14.26981437025539,34.26981437025539,54.26981437025539,74.26981437025539
2231,1,21.3,51.27210803645469,71.27210803645468,91.27210803645468,111.27210803645468
2232,1,21.3,11.820816386130574,31.820816386130574,51.82081638613057,71.82081638613057
2233,1,21.8,11.100522861387981,31.10052286138798,51.10052286138798,71.10052286138799
2234,1,21.1,10.956464156439463,30.956464156439463,50.956464156439466,70.95646415643947
2235,1,20.7,11.2445815663365,31.2445815663365,51.2445815663365,71.2445815663365
2236,1,21.3,12.108933796027612,32.108933796027614,52.108933796027614,72.10893379602761
2237,1,21.6,13.693579550461315,33.693579550461315,53.693579550461315,73.69357955046132
2238,1,21.9,80.69424107722202,100.69424107722202,120.69424107722202,140.69424107722202
2239,1,21.9,21.18463220778428,41.184632207784276,61.184632207784276,81.18463220778428
2240,1,23.6,23.489571486960575,43.48957148696057,63.48957148696057,83.48957148696057
2241,1,23.5,24.20986501170317,44.20986501170317,64.20986501170317,84.20986501170317
2242,1,22.6,25.36233465129132,45.36233465129132,65.36233465129132,85.36233465129132
2243,1,21.4,26.514804290879468,46.51480429087947,66.51480429087947,86.51480429087947
2244,1,21.2,27.37915652057058,47.379156520570575,67.37915652057058,87.37915652057058
2245,1,21.8,27.66727393046762,47.667273930467616,67.66727393046762,87.66727393046762
2246,1,21.6,27.523215225519095,47.523215225519095,67.5232152255191,87.5232152255191
2247,1,20.7,27.66727393046762,47.667273930467616,67.66727393046762,87.66727393046762
2248,1,20.9,27.955391340364653,47.955391340364656,67.95539134036466,87.95539134036466
2249,1,22.1,26.946980405725025,46.94698040572503,66.94698040572503,86.94698040572503
2250,1,24.5,23.20145407706354,43.201454077063545,63.201454077063545,83.20145407706354
2251,1,29.7,45.13253446050789,65.13253446050788,85.13253446050788,105.13253446050788
2252,1,29.7,17.15098846922576,37.15098846922576,57.15098846922576,77.15098846922575
2253,1,29.7,14.701990485100946,34.70199048510095,54.70199048510095,74.70199048510095
2254,1,29.1,12.685168615821684,32.68516861582168,52.68516861582168,72.68516861582168
2255,1,27.1,49.39934487212395,69.39934487212395,89.39934487212395,109.39934487212395
2256,1,26.4,10.668346746542426,30.668346746542426,50.668346746542426,70.66834674654243
2257,1,25.1,11.2445815663365,31.2445815663365,51.2445815663365,71.2445815663365
2258,1,24.2,11.964875091079092,31.964875091079094,51.964875091079094,71.9648750910791
2259,1,23.5,12.397051205924647,32.39705120592465,52.39705120592465,72.39705120592464
2260,1,23.2,12.252992500976127,32.25299250097613,52.25299250097613,72.25299250097612
2261,1,24.0,12.973286025718725,32.97328602571872,52.97328602571872,72.97328602571872
2262,1,26.1,77.81306697825164,97.81306697825164,117.81306697825164,137.81306697825164
2263,1,28.1,15.27822530489502,35.27822530489502,55.27822530489502,75.27822530489502
2264,1,27.3,16.718812354380205,36.718812354380205,56.718812354380205,76.7188123543802
2265,1,26.6,17.87128199396835,37.87128199396835,57.87128199396835,77.87128199396835
2266,1,25.5,18.159399403865386,38.159399403865386,58.159399403865386,78.1593994038654
2267,1,24.7,18.30345810881391,38.30345810881391,58.30345810881391,78.30345810881391
2268,1,24.6,18.159399403865386,38.159399403865386,58.159399403865386,78.1593994038654
2269,1,25.4,19.744045158299095,39.744045158299095,59.744045158299095,79.74404515829909
2270,1,25.8,20.752456092938722,40.75245609293872,60.75245609293872,80.75245609293873
2271,1,26.0,20.176221273144648,40.17622127314465,60.17622127314465,80.17622127314465
2272,1,25.6,18.591575518710947,38.59157551871095,58.59157551871095,78.59157551871095
2273,1,25.4,17.15098846922576,37.15098846922576,57.15098846922576,77.15098846922575
2274,1,25.4,15.566342714792057,35.56634271479206,55.56634271479206,75.56634271479206
2275,1,24.8,40.09047978730975,60.09047978730975,80.09047978730975,100.09047978730975
2276,1,23.2,15.27822530489502,35.27822530489502,55.27822530489502,75.27822530489502
2277,1,22.0,14.125755665306873,34.12575566530687,54.12575566530687,74.12575566530687
2278,1,21.7,12.973286025718725,32.97328602571872,52.97328602571872,72.97328602571872
2279,1,21.0,50.26369710181506,70.26369710181507,90.26369710181507,110.26369710181507
2280,1,19.3,13.693579550461315,33.693579550461315,53.693579550461315,73.69357955046132
2281,1,20.1,13.549520845512799,33.5495208455128,53.5495208455128,73.5495208455128
2282,1,20.8,11.2445815663365,31.2445815663365,51.2445815663365,71.2445815663365
2283,1,20.0,11.100522861387981,31.10052286138798,51.10052286138798,71.10052286138799
2284,1,19.0,14.990107894997983,34.99010789499798,54.99010789499798,74.99010789499798
2285,1,22.1,18.30345810881391,38.30345810881391,58.30345810881391,78.30345810881391
2286,1,22.6,81.4145346019646,101.4145346019646,121.4145346019646,141.4145346019646
2287,1,24.4,18.447516813762427,38.44751681376243,58.44751681376243,78.44751681376243
2288,1,24.9,18.591575518710947,38.59157551871095,58.59157551871095,78.59157551871095
2289,1,24.3,17.727223289019836,37.72722328901983,57.72722328901983,77.72722328901983
2290,1,23.7,19.0237516335565,39.0237516335565,59.0237516335565,79.0237516335565
2291,1,22.1,20.896514797887242,40.89651479788724,60.89651479788724,80.89651479788725
2292,1,22.0,21.616808322629836,41.616808322629836,61.616808322629836,81.61680832262984
2293,1,22.0,21.904925732526873,41.90492573252688,61.90492573252688,81.90492573252688
2294,1,22.0,21.47274961768132,41.472749617681316,61.472749617681316,81.47274961768132
2295,1,21.9,20.896514797887242,40.89651479788724,60.89651479788724,80.89651479788725
2296,1,22.4,20.752456092938722,40.75245609293872,60.75245609293872,80.75245609293873
2297,1,22.5,19.88810386324761,39.88810386324761,59.88810386324761,79.88810386324761
2298,1,22.2,43.83600611597122,63.83600611597122,83.83600611597123,103.83600611597123
2299,1,20.7,16.86287105932872,36.862871059328725,56.862871059328725,76.86287105932873
2300,1,18.7,13.693579550461315,33.693579550461315,53.693579550461315,73.69357955046132
2301,1,17.3,49.54340357707247,69.54340357707247,89.54340357707247,109.54340357707247
2302,1,16.8,10.236170631696872,30.236170631696872,50.23617063169687,70.23617063169687
2303,1,16.7,9.37181840200576,29.371818402005758,49.37181840200576,69.37181840200576
2304,1,17.4,8.795583582211684,28.795583582211684,48.795583582211684,68.79558358221169
2305,1,15.2,9.227759697057241,29.22775969705724,49.22775969705724,69.22775969705724
2306,1,16.1,9.659935811902795,29.659935811902795,49.6599358119028,69.6599358119028
2307,1,17.9,11.100522861387981,31.10052286138798,51.10052286138798,71.10052286138799
2308,1,18.8,77.09277345350904,97.09277345350904,117.09277345350904,137.09277345350904
2309,2,19.0,15.710401419740574,35.71040141974058,55.71040141974058,75.71040141974058
2310,1,20.8,17.583164584071316,37.58316458407131,57.58316458407131,77.58316458407131
2311,1,22.1,18.591575518710947,38.59157551871095,58.59157551871095,78.59157551871095
2312,2,22.6,18.879692928607984,38.87969292860798,58.87969292860798,78.87969292860798
2313,1,22.8,19.311869043453537,39.31186904345354,59.31186904345354,79.31186904345354
2314,1,23.6,20.464338683041685,40.46433868304169,60.46433868304169,80.46433868304169
2315,1,24.5,21.904925732526873,41.90492573252688,61.90492573252688,81.90492573252688
2316,1,25.1,23.77768889685761,43.77768889685761,63.77768889685761,83.77768889685761
2317,1,25.3,25.50639335623984,45.50639335623984,65.50639335623984,85.50639335623984
2318,1,27.2,20.176221273144648,40.17622127314465,60.17622127314465,80.17622127314465
2319,1,28.7,41.67512554174345,61.67512554174345,81.67512554174345,101.67512554174345
2320,1,24.5,13.837638255409832,33.83763825540983,53.83763825540983,73.83763825540983
2321,1,21.7,11.532698976233537,31.532698976233537,51.53269897623353,71.53269897623353
2322,1,18.9,9.37181840200576,29.371818402005758,49.37181840200576,69.37181840200576
2323,1,17.9,46.51817077315358,66.51817077315357,86.51817077315357,106.51817077315357
2324,1,17.4,8.651524877263165,28.651524877263164,48.651524877263164,68.65152487726317
2325,1,15.6,8.939642287160202,28.939642287160204,48.939642287160204,68.93964228716021
2326,1,15.8,9.803994516851315,29.803994516851315,49.80399451685132,69.80399451685132
2327,2,15.8,10.812405451490944,30.812405451490946,50.812405451490946,70.81240545149095
2328,2,19.1,11.820816386130574,31.820816386130574,51.82081638613057,71.82081638613057
2329,2,18.7,13.981696960358352,33.98169696035835,53.98169696035835,73.98169696035835
2330,1,18.3,81.99076942175867,101.99076942175867,121.99076942175867,141.99076942175867
2331,1,19.8,21.040573502835763,41.04057350283576,61.04057350283576,81.04057350283577
2332,1,21.0,21.760867027578357,41.76086702757836,61.76086702757836,81.76086702757836
2333,1,21.7,21.616808322629836,41.616808322629836,61.616808322629836,81.61680832262984
2334,1,22.7,22.048984437475394,42.0489844374754,62.0489844374754,82.0489844374754
2335,2,23.8,21.760867027578357,41.76086702757836,61.76086702757836,81.76086702757836
2336,1,23.9,21.3286909127328,41.328690912732796,61.328690912732796,81.3286909127328
2337,1,24.7,21.040573502835763,41.04057350283576,61.04057350283576,81.04057350283577
2338,2,26.0,20.608397387990205,40.60839738799021,60.60839738799021,80.60839738799021
2339,1,27.3,20.464338683041685,40.46433868304169,60.46433868304169,80.46433868304169
2340,2,27.6,20.464338683041685,40.46433868304169,60.46433868304169,80.46433868304169
2341,1,28.8,20.32027997809317,40.32027997809317,60.32027997809317,80.32027997809317
2342,1,27.6,44.84441705061086,64.84441705061086,84.84441705061086,104.84441705061086
2343,1,23.9,19.16781033850502,39.16781033850502,59.16781033850502,79.16781033850502
2344,1,20.8,19.16781033850502,39.16781033850502,59.16781033850502,79.16781033850502
2345,1,18.8,18.879692928607984,38.87969292860798,58.87969292860798,78.87969292860798
2346,1,18.7,55.01763436511617,75.01763436511618,95.01763436511618,115.01763436511618
2347,1,18.5,16.574753649431685,36.574753649431685,56.574753649431685,76.57475364943168
2348,1,17.9,15.99851882963761,35.99851882963761,55.99851882963761,75.99851882963762
2349,1,18.1,14.846049190049467,34.84604919004947,54.84604919004947,74.84604919004947
2350,1,17.8,14.557931780152426,34.55793178015243,54.55793178015243,74.55793178015243
2351,2,19.1,14.701990485100946,34.70199048510095,54.70199048510095,74.70199048510095
2352,1,18.9,79.10959532278831,99.10959532278831,119.10959532278831,139.10959532278832
2353,1,19.9,16.86287105932872,36.862871059328725,56.862871059328725,76.86287105932873
2354,1,20.7,17.006929764277242,37.006929764277245,57.006929764277245,77.00692976427725
2355,1,20.7,17.439105879122796,37.43910587912279,57.43910587912279,77.43910587912279
2356,1,21.2,18.879692928607984,38.87969292860798,58.87969292860798,78.87969292860798
2357,1,22.5,18.879692928607984,38.87969292860798,58.87969292860798,78.87969292860798
2358,2,24.5,19.88810386324761,39.88810386324761,59.88810386324761,79.88810386324761
2359,1,25.6,20.608397387990205,40.60839738799021,60.60839738799021,80.60839738799021
2360,1,25.8,21.47274961768132,41.472749617681316,61.472749617681316,81.47274961768132
2361,1,26.5,21.904925732526873,41.90492573252688,61.90492573252688,81.90492573252688
2362,1,26.5,22.048984437475394,42.0489844374754,62.0489844374754,82.0489844374754
2363,1,26.8,21.760867027578357,41.76086702757836,61.76086702757836,81.76086702757836
2364,1,28.7,19.16781033850502,39.16781033850502,59.16781033850502,79.16781033850502
2365,1,29.2,43.11571259122863,63.11571259122863,83.11571259122863,103.11571259122863
2366,1,25.5,16.14257753458613,36.14257753458613,56.14257753458613,76.14257753458614
2367,1,23.5,15.566342714792057,35.56634271479206,55.56634271479206,75.56634271479206
2368,1,21.8,14.701990485100946,34.70199048510095,54.70199048510095,74.70199048510095
2369,1,22.6,52.28051897109432,72.28051897109432,92.28051897109432,112.28051897109432
2370,1,22.5,12.829227320770205,32.8292273207702,52.8292273207702,72.8292273207702
2371,1,21.5,12.252992500976127,32.25299250097613,52.25299250097613,72.25299250097612
2372,1,20.7,13.261403435615758,33.26140343561576,53.26140343561576,73.26140343561576
2373,1,21.5,14.125755665306873,34.12575566530687,54.12575566530687,74.12575566530687
2374,1,20.8,15.566342714792057,35.56634271479206,55.56634271479206,75.56634271479206
2375,1,21.2,81.12641719206756,101.12641719206756,121.12641719206756,141.12641719206755
2376,1,21.3,20.608397387990205,40.60839738799021,60.60839738799021,80.60839738799021
2377,1,21.7,22.19304314242391,42.19304314242391,62.19304314242391,82.1930431424239
2378,1,20.5,23.20145407706354,43.201454077063545,63.201454077063545,83.20145407706354
2379,1,20.4,23.345512782012054,43.34551278201205,63.34551278201205,83.34551278201205
2380,1,21.0,24.353923716651693,44.35392371665169,64.35392371665169,84.35392371665169
2381,1,21.2,24.642041126548726,44.642041126548726,64.64204112654872,84.64204112654872
2382,1,21.2,25.794510766136877,45.79451076613688,65.79451076613688,85.79451076613688
2383,2,20.8,26.514804290879468,46.51480429087947,66.51480429087947,86.51480429087947
2384,1,20.8,26.658862995827985,46.65886299582799,66.65886299582799,86.65886299582799
2385,1,20.4,25.50639335623984,45.50639335623984,65.50639335623984,85.50639335623984
2386,1,21.3,21.904925732526873,41.90492573252688,61.90492573252688,81.90492573252688
2387,1,22.8,44.12412352586826,64.12412352586826,84.12412352586826,104.12412352586826
2388,1,22.7,16.28663623953465,36.28663623953465,56.28663623953465,76.28663623953466
2389,1,20.3,14.125755665306873,34.12575566530687,54.12575566530687,74.12575566530687
2390,1,18.6,12.541109910873166,32.54110991087317,52.54110991087317,72.54110991087316
2391,1,17.4,49.68746228202099,69.68746228202099,89.68746228202099,109.68746228202099
2392,1,15.5,10.956464156439463,30.956464156439463,50.956464156439466,70.95646415643947
2393,1,17.0,11.388640271285018,31.38864027128502,51.38864027128502,71.38864027128503
2394,1,20.8,11.100522861387981,31.10052286138798,51.10052286138798,71.10052286138799
2395,1,22.2,11.100522861387981,31.10052286138798,51.10052286138798,71.10052286138799
2396,1,21.6,11.388640271285018,31.38864027128502,51.38864027128502,71.38864027128503
2397,1,22.2,11.820816386130574,31.820816386130574,51.82081638613057,71.82081638613057
2398,1,22.0,78.10118438814868,98.10118438814868,118.10118438814868,138.10118438814868
2399,1,21.4,19.311869043453537,39.31186904345354,59.31186904345354,79.31186904345354
2400,1,21.8,21.904925732526873,41.90492573252688,61.90492573252688,81.90492573252688
2401,1,21.7,23.921747601806135,43.92174760180613,63.92174760180613,83.92174760180613
2402,1,21.2,24.786099831497243,44.78609983149724,64.78609983149724,84.78609983149724
2403,1,21.0,25.794510766136877,45.79451076613688,65.79451076613688,85.79451076613688
2404,1,20.4,27.09103911067354,47.09103911067354,67.09103911067353,87.09103911067353
2405,1,20.4,27.37915652057058,47.379156520570575,67.37915652057058,87.37915652057058
2406,1,20.6,27.66727393046762,47.667273930467616,67.66727393046762,87.66727393046762
2407,1,20.6,27.37915652057058,47.379156520570575,67.37915652057058,87.37915652057058
2408,1,20.9,24.353923716651693,44.35392371665169,64.35392371665169,84.35392371665169
2409,1,21.7,20.032162568196128,40.03216256819613,60.03216256819613,80.03216256819613
2410,1,22.4,41.53106683679493,61.53106683679493,81.53106683679493,101.53106683679493
2411,1,25.1,9.948053221799833,29.94805322179983,49.94805322179983,69.94805322179982
2412,1,25.0,46.95034688799913,66.95034688799913,86.95034688799913,106.95034688799913
2413,1,22.5,8.36340746736613,28.36340746736613,48.36340746736613,68.36340746736613
2414,1,21.5,8.21934876241761,28.21934876241761,48.21934876241761,68.21934876241761
2415,1,20.9,8.36340746736613,28.36340746736613,48.36340746736613,68.36340746736613
2416,1,19.5,8.939642287160202,28.939642287160204,48.939642287160204,68.93964228716021
2417,1,18.4,10.236170631696872,30.236170631696872,50.23617063169687,70.23617063169687
2418,2,18.0,11.820816386130574,31.820816386130574,51.82081638613057,71.82081638613057
2419,1,18.5,77.81306697825164,97.81306697825164,117.81306697825164,137.81306697825164
2420,1,19.8,17.727223289019836,37.72722328901983,57.72722328901983,77.72722328901983
2421,1,21.5,20.32027997809317,40.32027997809317,60.32027997809317,80.32027997809317
2422,1,22.1,22.19304314242391,42.19304314242391,62.19304314242391,82.1930431424239
2423,1,23.4,23.633630191909095,43.63363019190909,63.63363019190909,83.63363019190909
2424,1,24.4,24.786099831497243,44.78609983149724,64.78609983149724,84.78609983149724
2425,1,24.9,25.36233465129132,45.36233465129132,65.36233465129132,85.36233465129132
2426,1,24.9,25.50639335623984,45.50639335623984,65.50639335623984,85.50639335623984
2427,1,24.4,25.074217241394283,45.07421724139428,65.07421724139428,85.07421724139428
2428,1,23.8,18.447516813762427,38.44751681376243,58.44751681376243,78.44751681376243
2429,1,21.9,40.23453849225826,60.23453849225826,80.23453849225825,100.23453849225825
2430,1,18.9,11.100522861387981,31.10052286138798,51.10052286138798,71.10052286138799
2431,1,17.9,7.643113942623536,27.643113942623536,47.643113942623536,67.64311394262353
2432,1,18.5,6.058468188189831,26.05846818818983,46.058468188189835,66.05846818818983
2433,1,19.2,43.060761854389135,63.060761854389135,83.06076185438914,103.06076185438914
2434,2,18.6,4.854698191780822,24.854698191780823,44.85469819178083,64.85469819178083
2435,1,17.3,4.854698191780822,24.854698191780823,44.85469819178083,64.85469819178083
2436,1,16.5,5.050057253550202,25.0500572535502,45.0500572535502,65.0500572535502
2437,1,15.7,6.058468188189831,26.05846818818983,46.058468188189835,66.05846818818983
2438,1,14.8,7.354996532726499,27.3549965327265,47.3549965327265,67.3549965327265
2439,1,15.2,8.939642287160202,28.939642287160204,48.939642287160204,68.93964228716021
2440,1,14.6,74.49971676443572,94.49971676443572,114.49971676443572,134.49971676443573
2441,1,16.3,14.125755665306873,34.12575566530687,54.12575566530687,74.12575566530687
2442,1,18.6,16.718812354380205,36.718812354380205,56.718812354380205,76.7188123543802
2443,1,19.5,18.735634223659464,38.73563422365946,58.73563422365946,78.73563422365946
2444,1,18.5,19.744045158299095,39.744045158299095,59.744045158299095,79.74404515829909
2445,2,17.6,20.752456092938722,40.75245609293872,60.75245609293872,80.75245609293873
2446,1,17.4,21.616808322629836,41.616808322629836,61.616808322629836,81.61680832262984
2447,1,16.7,22.19304314242391,42.19304314242391,62.19304314242391,82.1930431424239
2448,1,16.6,22.481160552320947,42.481160552320944,62.481160552320944,82.48116055232094
2449,1,16.9,22.481160552320947,42.481160552320944,62.481160552320944,82.48116055232094
2450,1,17.4,22.625219257269464,42.625219257269464,62.625219257269464,82.62521925726946
2451,1,17.9,20.896514797887242,40.89651479788724,60.89651479788724,80.89651479788725
2452,1,18.3,17.727223289019836,37.72722328901983,57.72722328901983,77.72722328901983
2453,1,17.9,39.226127557618625,59.226127557618625,79.22612755761863,99.22612755761863
2454,1,15.3,10.092111926748352,30.092111926748352,50.09211192674835,70.09211192674834
2455,2,14.7,6.490644303035387,26.49064430303539,46.49064430303539,66.4906443030354
2456,3,14.9,4.854698191780822,24.854698191780823,44.85469819178083,64.85469819178083
2457,1,15.3,42.721344087671234,62.721344087671234,82.72134408767124,102.72134408767124
2458,3,15.9,4.854698191780822,24.854698191780823,44.85469819178083,64.85469819178083
2459,6,15.5,4.854698191780822,24.854698191780823,44.85469819178083,64.85469819178083
2460,5,14.3,4.854698191780822,24.854698191780823,44.85469819178083,64.85469819178083
2461,4,14.1,4.854698191780822,24.854698191780823,44.85469819178083,64.85469819178083
2462,6,13.5,4.854698191780822,24.854698191780823,44.85469819178083,64.85469819178083
2463,1,13.2,5.48223336839576,25.48223336839576,45.48223336839576,65.48223336839575
2464,2,13.4,72.0507187803109,92.0507187803109,112.0507187803109,132.0507187803109
2465,1,15.1,12.397051205924647,32.39705120592465,52.39705120592465,72.39705120592464
2466,2,17.6,14.990107894997983,34.99010789499798,54.99010789499798,74.99010789499798
2467,1,18.5,17.439105879122796,37.43910587912279,57.43910587912279,77.43910587912279
2468,1,18.9,18.879692928607984,38.87969292860798,58.87969292860798,78.87969292860798
2469,1,19.5,20.032162568196128,40.03216256819613,60.03216256819613,80.03216256819613
2470,1,20.3,21.3286909127328,41.328690912732796,61.328690912732796,81.3286909127328
2471,1,20.4,22.337101847372427,42.33710184737242,62.33710184737242,82.33710184737242
2472,1,20.7,22.481160552320947,42.481160552320944,62.481160552320944,82.48116055232094
2473,2,21.3,22.913336667166504,42.913336667166504,62.913336667166504,82.9133366671665
2474,1,21.9,22.913336667166504,42.913336667166504,62.913336667166504,82.9133366671665
2475,1,21.8,20.608397387990205,40.60839738799021,60.60839738799021,80.60839738799021
2476,1,22.1,17.006929764277242,37.006929764277245,57.006929764277245,77.00692976427725
2477,1,20.5,37.641481803184924,57.641481803184924,77.64148180318492,97.64148180318492
2478,1,17.3,7.787172647572055,27.787172647572056,47.787172647572056,67.78717264757205
2479,3,15.4,4.854698191780822,24.854698191780823,44.85469819178083,64.85469819178083
2480,3,16.1,4.854698191780822,24.854698191780823,44.85469819178083,64.85469819178083
2481,2,15.0,42.721344087671234,62.721344087671234,82.72134408767124,102.72134408767124
2482,4,13.7,4.854698191780822,24.854698191780823,44.85469819178083,64.85469819178083
2483,8,13.0,4.854698191780822,24.854698191780823,44.85469819178083,64.85469819178083
2484,1,12.6,4.854698191780822,24.854698191780823,44.85469819178083,64.85469819178083
2485,3,12.3,4.854698191780822,24.854698191780823,44.85469819178083,64.85469819178083
2486,5,11.8,4.854698191780822,24.854698191780823,44.85469819178083,64.85469819178083
2487,11,11.5,4.854698191780822,24.854698191780823,44.85469819178083,64.85469819178083
2488,1,12.0,69.31360338628905,89.31360338628905,109.31360338628905,129.31360338628906
2489,1,14.1,11.388640271285018,31.38864027128502,51.38864027128502,71.38864027128503
2490,1,16.7,14.557931780152426,34.55793178015243,54.55793178015243,74.55793178015243
2491,1,19.1,17.006929764277242,37.006929764277245,57.006929764277245,77.00692976427725
2492,3,18.8,19.16781033850502,39.16781033850502,59.16781033850502,79.16781033850502
2493,1,19.5,20.608397387990205,40.60839738799021,60.60839738799021,80.60839738799021
2494,1,20.2,22.337101847372427,42.33710184737242,62.33710184737242,82.33710184737242
2495,1,19.7,23.05739537211502,43.057395372115025,63.057395372115025,83.05739537211502
2496,1,19.5,23.633630191909095,43.63363019190909,63.63363019190909,83.63363019190909
2497,1,20.3,23.921747601806135,43.92174760180613,63.92174760180613,83.92174760180613
2498,2,21.9,23.633630191909095,43.63363019190909,63.63363019190909,83.63363019190909
2499,1,23.4,20.608397387990205,40.60839738799021,60.60839738799021,80.60839738799021
2500,1,23.9,16.28663623953465,36.28663623953465,56.28663623953465,76.28663623953466
2501,1,21.0,36.777129573493816,56.777129573493816,76.77712957349382,96.77712957349382
2502,1,18.1,7.066879122829462,27.066879122829462,47.06687912282946,67.06687912282946
2503,1,17.2,4.854698191780822,24.854698191780823,44.85469819178083,64.85469819178083
2504,2,16.7,4.854698191780822,24.854698191780823,44.85469819178083,64.85469819178083
2505,1,16.0,42.721344087671234,62.721344087671234,82.72134408767124,102.72134408767124
2506,2,14.4,4.854698191780822,24.854698191780823,44.85469819178083,64.85469819178083
2507,3,14.7,4.854698191780822,24.854698191780823,44.85469819178083,64.85469819178083
2508,1,14.7,69.60172079618609,89.60172079618609,109.60172079618609,129.6017207961861
2509,1,16.5,10.092111926748352,30.092111926748352,50.09211192674835,70.09211192674834
2510,1,19.0,13.981696960358352,33.98169696035835,53.98169696035835,73.98169696035835
2511,1,20.2,17.29504717417428,37.29504717417428,57.29504717417428,77.29504717417427
2512,1,20.3,19.744045158299095,39.744045158299095,59.744045158299095,79.74404515829909
2513,1,19.9,21.18463220778428,41.184632207784276,61.184632207784276,81.18463220778428
2514,1,19.7,22.913336667166504,42.913336667166504,62.913336667166504,82.9133366671665
2515,1,20.6,23.05739537211502,43.057395372115025,63.057395372115025,83.05739537211502
2516,1,21.0,24.20986501170317,44.20986501170317,64.20986501170317,84.20986501170317
2517,1,21.4,24.786099831497243,44.78609983149724,64.78609983149724,84.78609983149724
2518,1,21.4,24.49798242160021,44.49798242160021,64.49798242160021,84.49798242160021
2519,1,22.4,21.3286909127328,41.328690912732796,61.328690912732796,81.3286909127328
2520,1,21.4,14.846049190049467,34.84604919004947,54.84604919004947,74.84604919004947
2521,1,20.2,34.328131589369,54.328131589369,74.32813158936901,94.32813158936901
2522,1,18.0,5.338174663447239,25.33817466344724,45.33817466344724,65.33817466344723
2523,2,17.7,4.854698191780822,24.854698191780823,44.85469819178083,64.85469819178083
2524,3,16.2,4.854698191780822,24.854698191780823,44.85469819178083,64.85469819178083
2525,1,14.9,42.721344087671234,62.721344087671234,82.72134408767124,102.72134408767124
2526,8,14.0,4.854698191780822,24.854698191780823,44.85469819178083,64.85469819178083
2527,3,15.2,4.854698191780822,24.854698191780823,44.85469819178083,64.85469819178083
2528,1,15.0,4.854698191780822,24.854698191780823,44.85469819178083,64.85469819178083
2529,1,16.2,67.96577468493152,87.96577468493152,107.96577468493152,127.96577468493152
2530,1,17.8,8.36340746736613,28.36340746736613,48.36340746736613,68.36340746736613
2531,1,19.8,10.812405451490944,30.812405451490946,50.812405451490946,70.81240545149095
2532,1,21.0,12.685168615821684,32.68516861582168,52.68516861582168,72.68516861582168
2533,1,19.9,14.557931780152426,34.55793178015243,54.55793178015243,74.55793178015243
2534,1,19.4,16.14257753458613,36.14257753458613,56.14257753458613,76.14257753458614
2535,1,19.4,17.006929764277242,37.006929764277245,57.006929764277245,77.00692976427725
2536,1,19.8,17.439105879122796,37.43910587912279,57.43910587912279,77.43910587912279
2537,1,20.6,18.30345810881391,38.30345810881391,58.30345810881391,78.30345810881391
2538,1,20.2,19.599986453350578,39.59998645335058,59.59998645335058,79.59998645335058
2539,1,20.4,20.464338683041685,40.46433868304169,60.46433868304169,80.46433868304169
2540,1,21.3,17.006929764277242,37.006929764277245,57.006929764277245,77.00692976427725
2541,1,20.7,11.820816386130574,31.820816386130574,51.82081638613057,71.82081638613057
2542,1,18.5,33.75189676957493,53.75189676957493,73.75189676957493,93.75189676957493
2543,1,16.9,5.19411595849872,25.19411595849872,45.19411595849872,65.19411595849871
2544,6,12.8,4.854698191780822,24.854698191780823,44.85469819178083,64.85469819178083
2545,1,12.5,4.905998548601684,24.905998548601683,44.90599854860169,64.90599854860169
2546,3,12.1,6.202526893138352,26.20252689313835,46.202526893138355,66.20252689313836
2547,2,12.3,6.490644303035387,26.49064430303539,46.49064430303539,66.4906443030354
2548,2,12.5,8.939642287160202,28.939642287160204,48.939642287160204,68.93964228716021
2549,1,13.7,73.49130582979608,93.49130582979608,113.49130582979608,133.4913058297961
2550,1,17.0,11.820816386130574,31.820816386130574,51.82081638613057,71.82081638613057
2551,1,20.4,13.117344730667241,33.11734473066724,53.11734473066724,73.11734473066724
2552,2,19.7,15.134166599946504,35.134166599946504,55.134166599946504,75.1341665999465
2553,1,17.7,17.583164584071316,37.58316458407131,57.58316458407131,77.58316458407131
2554,1,16.6,18.735634223659464,38.73563422365946,58.73563422365946,78.73563422365946
2555,1,16.7,16.574753649431685,36.574753649431685,56.574753649431685,76.57475364943168
2556,1,17.8,16.574753649431685,36.574753649431685,56.574753649431685,76.57475364943168
2557,1,18.1,16.574753649431685,36.574753649431685,56.574753649431685,76.57475364943168
2558,1,18.3,17.006929764277242,37.006929764277245,57.006929764277245,77.00692976427725
2559,1,19.1,18.447516813762427,38.44751681376243,58.44751681376243,78.44751681376243
2560,1,19.7,20.176221273144648,40.17622127314465,60.17622127314465,80.17622127314465
2561,1,20.0,21.616808322629836,41.616808322629836,61.616808322629836,81.61680832262984
2562,1,19.0,47.14935632978715,67.14935632978715,87.14935632978715,107.14935632978715
2563,1,17.2,21.904925732526873,41.90492573252688,61.90492573252688,81.90492573252688
2564,1,16.7,21.616808322629836,41.616808322629836,61.616808322629836,81.61680832262984
2565,1,16.8,21.47274961768132,41.472749617681316,61.472749617681316,81.47274961768132
2566,1,15.6,59.33939551357173,79.33939551357173,99.33939551357173,119.33939551357173
2567,1,15.5,21.18463220778428,41.184632207784276,61.184632207784276,81.18463220778428
2568,1,15.4,21.3286909127328,41.328690912732796,61.328690912732796,81.3286909127328
2569,1,14.7,21.616808322629836,41.616808322629836,61.616808322629836,81.61680832262984
2570,1,14.1,21.040573502835763,41.04057350283576,61.04057350283576,81.04057350283577
2571,1,14.3,20.176221273144648,40.17622127314465,60.17622127314465,80.17622127314465
2572,1,13.9,20.032162568196128,40.03216256819613,60.03216256819613,80.03216256819613
2573,1,13.7,82.99918035639831,102.99918035639831,122.99918035639831,142.9991803563983
2574,1,14.9,20.32027997809317,40.32027997809317,60.32027997809317,80.32027997809317
2575,1,16.5,20.608397387990205,40.60839738799021,60.60839738799021,80.60839738799021
2576,1,17.7,20.608397387990205,40.60839738799021,60.60839738799021,80.60839738799021
2577,2,17.4,20.176221273144648,40.17622127314465,60.17622127314465,80.17622127314465
2578,1,17.2,20.608397387990205,40.60839738799021,60.60839738799021,80.60839738799021
2579,1,17.9,21.3286909127328,41.328690912732796,61.328690912732796,81.3286909127328
2580,1,17.9,21.760867027578357,41.76086702757836,61.76086702757836,81.76086702757836
2581,1,18.2,22.19304314242391,42.19304314242391,62.19304314242391,82.1930431424239
2582,1,18.1,21.760867027578357,41.76086702757836,61.76086702757836,81.76086702757836
2583,1,18.9,20.752456092938722,40.75245609293872,60.75245609293872,80.75245609293873
2584,1,16.9,43.25977129617715,63.25977129617715,83.25977129617715,103.25977129617715
2585,1,15.3,15.854460124689094,35.8544601246891,55.8544601246891,75.8544601246891
2586,1,14.8,14.846049190049467,34.84604919004947,54.84604919004947,74.84604919004947
2587,1,14.1,14.26981437025539,34.26981437025539,54.26981437025539,74.26981437025539
2588,1,13.7,51.41616674140321,71.4161667414032,91.4161667414032,111.4161667414032
2589,1,12.9,12.829227320770205,32.8292273207702,52.8292273207702,72.8292273207702
2590,1,13.6,12.397051205924647,32.39705120592465,52.39705120592465,72.39705120592464
2591,2,13.2,11.676757681182053,31.676757681182053,51.67675768118205,71.67675768118205
2592,1,12.8,10.956464156439463,30.956464156439463,50.956464156439466,70.95646415643947
2593,1,12.7,10.812405451490944,30.812405451490946,50.812405451490946,70.81240545149095
2594,1,13.4,11.532698976233537,31.532698976233537,51.53269897623353,71.53269897623353
2595,1,13.9,76.6605973386635,96.6605973386635,116.6605973386635,136.66059733866348
2596,1,15.4,15.566342714792057,35.56634271479206,55.56634271479206,75.56634271479206
2597,1,15.8,16.574753649431685,36.574753649431685,56.574753649431685,76.57475364943168
2598,1,16.4,17.87128199396835,37.87128199396835,57.87128199396835,77.87128199396835
2599,2,16.2,18.879692928607984,38.87969292860798,58.87969292860798,78.87969292860798
2600,1,16.3,19.455927748402058,39.45592774840206,59.45592774840206,79.45592774840206
2601,1,16.5,20.32027997809317,40.32027997809317,60.32027997809317,80.32027997809317
2602,1,15.6,20.608397387990205,40.60839738799021,60.60839738799021,80.60839738799021
2603,1,15.8,21.18463220778428,41.184632207784276,61.184632207784276,81.18463220778428
2604,1,16.6,21.904925732526873,41.90492573252688,61.90492573252688,81.90492573252688
2605,1,16.3,22.19304314242391,42.19304314242391,62.19304314242391,82.1930431424239
2606,1,16.3,20.896514797887242,40.89651479788724,60.89651479788724,80.89651479788725
2607,1,16.8,19.455927748402058,39.45592774840206,59.45592774840206,79.45592774840206
2608,1,16.8,43.98006482091974,63.98006482091974,83.98006482091975,103.98006482091975
2609,1,15.8,18.159399403865386,38.159399403865386,58.159399403865386,78.1593994038654
2610,1,15.5,17.727223289019836,37.72722328901983,57.72722328901983,77.72722328901983
2611,1,16.3,17.15098846922576,37.15098846922576,57.15098846922576,77.15098846922575
2612,1,16.3,53.721106020579505,73.7211060205795,93.7211060205795,113.7211060205795
2613,1,15.8,15.566342714792057,35.56634271479206,55.56634271479206,75.56634271479206
2614,1,15.5,14.557931780152426,34.55793178015243,54.55793178015243,74.55793178015243
2615,1,15.8,16.28663623953465,36.28663623953465,56.28663623953465,76.28663623953466
2616,1,15.9,14.846049190049467,34.84604919004947,54.84604919004947,74.84604919004947
2617,1,15.4,15.710401419740574,35.71040141974058,55.71040141974058,75.71040141974058
2618,1,14.9,15.710401419740574,35.71040141974058,55.71040141974058,75.71040141974058
2619,1,15.5,80.26206496237646,100.26206496237646,120.26206496237646,140.26206496237646
2620,1,21.1,20.464338683041685,40.46433868304169,60.46433868304169,80.46433868304169
2621,1,21.4,19.599986453350578,39.59998645335058,59.59998645335058,79.59998645335058
2622,1,22.4,21.040573502835763,41.04057350283576,61.04057350283576,81.04057350283577
2623,1,22.7,22.19304314242391,42.19304314242391,62.19304314242391,82.1930431424239
2624,1,22.2,22.625219257269464,42.625219257269464,62.625219257269464,82.62521925726946
2625,1,21.0,23.345512782012054,43.34551278201205,63.34551278201205,83.34551278201205
2626,1,20.9,23.921747601806135,43.92174760180613,63.92174760180613,83.92174760180613
2627,1,20.8,23.20145407706354,43.201454077063545,63.201454077063545,83.20145407706354
2628,1,20.5,23.05739537211502,43.057395372115025,63.057395372115025,83.05739537211502
2629,1,21.1,21.616808322629836,41.616808322629836,61.616808322629836,81.61680832262984
2630,1,22.5,19.311869043453537,39.31186904345354,59.31186904345354,79.31186904345354
2631,1,21.8,43.6919474110227,63.6919474110227,83.69194741102271,103.69194741102271
2632,1,19.0,18.159399403865386,38.159399403865386,58.159399403865386,78.1593994038654
2633,1,17.0,18.30345810881391,38.30345810881391,58.30345810881391,78.30345810881391
2634,1,16.5,17.439105879122796,37.43910587912279,57.43910587912279,77.43910587912279
2635,1,14.8,55.01763436511617,75.01763436511618,95.01763436511618,115.01763436511618
2636,1,15.1,15.566342714792057,35.56634271479206,55.56634271479206,75.56634271479206
2637,1,16.1,16.574753649431685,36.574753649431685,56.574753649431685,76.57475364943168
2638,1,15.2,17.439105879122796,37.43910587912279,57.43910587912279,77.43910587912279
2639,1,15.3,17.87128199396835,37.87128199396835,57.87128199396835,77.87128199396835
2640,1,14.9,19.16781033850502,39.16781033850502,59.16781033850502,79.16781033850502
2641,1,15.2,19.599986453350578,39.59998645335058,59.59998645335058,79.59998645335058
2642,1,13.9,83.28729776629534,103.28729776629534,123.28729776629534,143.28729776629535
2643,1,15.0,22.337101847372427,42.33710184737242,62.33710184737242,82.33710184737242
2644,1,17.5,23.20145407706354,43.201454077063545,63.201454077063545,83.20145407706354
2645,1,19.0,22.769277962217984,42.769277962217984,62.769277962217984,82.76927796221798
2646,1,19.6,22.625219257269464,42.625219257269464,62.625219257269464,82.62521925726946
2647,1,19.8,23.20145407706354,43.201454077063545,63.201454077063545,83.20145407706354
2648,1,19.6,23.05739537211502,43.057395372115025,63.057395372115025,83.05739537211502
2649,1,20.0,22.769277962217984,42.769277962217984,62.769277962217984,82.76927796221798
2650,1,21.5,22.481160552320947,42.481160552320944,62.481160552320944,82.48116055232094
2651,1,21.7,22.769277962217984,42.769277962217984,62.769277962217984,82.76927796221798
2652,1,22.5,21.616808322629836,41.616808322629836,61.616808322629836,81.61680832262984
2653,1,22.3,20.032162568196128,40.03216256819613,60.03216256819613,80.03216256819613
2654,1,20.7,44.26818223081678,64.26818223081678,84.26818223081678,104.26818223081678
2655,1,16.3,18.159399403865386,38.159399403865386,58.159399403865386,78.1593994038654
2656,1,15.3,17.583164584071316,37.58316458407131,57.58316458407131,77.58316458407131
2657,1,15.4,54.4413995453221,74.4413995453221,94.4413995453221,114.4413995453221
2658,1,15.6,15.99851882963761,35.99851882963761,55.99851882963761,75.99851882963762
2659,1,16.3,14.990107894997983,34.99010789499798,54.99010789499798,74.99010789499798
2660,1,17.0,14.26981437025539,34.26981437025539,54.26981437025539,74.26981437025539
2661,2,19.2,14.557931780152426,34.55793178015243,54.55793178015243,74.55793178015243
2662,1,19.4,14.990107894997983,34.99010789499798,54.99010789499798,74.99010789499798
2663,1,20.6,16.14257753458613,36.14257753458613,56.14257753458613,76.14257753458614
2664,1,19.8,79.8298888475309,99.8298888475309,119.8298888475309,139.8298888475309
2665,1,18.8,19.599986453350578,39.59998645335058,59.59998645335058,79.59998645335058
2666,1,19.1,22.19304314242391,42.19304314242391,62.19304314242391,82.1930431424239
2667,1,19.2,23.489571486960575,43.48957148696057,63.48957148696057,83.48957148696057
2668,1,19.2,24.786099831497243,44.78609983149724,64.78609983149724,84.78609983149724
2669,1,18.7,24.93015853644576,44.93015853644576,64.93015853644576,84.93015853644576
2670,1,18.2,24.93015853644576,44.93015853644576,64.93015853644576,84.93015853644576
2671,1,18.9,24.49798242160021,44.49798242160021,64.49798242160021,84.49798242160021
2672,1,20.0,24.93015853644576,44.93015853644576,64.93015853644576,84.93015853644576
2673,1,19.1,26.08262817603391,46.08262817603391,66.08262817603391,86.08262817603391
2674,1,19.3,25.218275946342796,45.2182759463428,65.2182759463428,85.2182759463428
2675,1,21.7,17.87128199396835,37.87128199396835,57.87128199396835,77.87128199396835
2676,1,21.1,39.658303672464186,59.658303672464186,79.65830367246419,99.65830367246419
2677,1,20.0,12.252992500976127,32.25299250097613,52.25299250097613,72.25299250097612
2678,1,19.8,10.380229336645385,30.380229336645385,50.380229336645385,70.38022933664539
2679,1,18.9,8.507466172314647,28.507466172314647,48.50746617231465,68.50746617231465
2680,1,17.8,45.797877248410984,65.79787724841098,85.79787724841098,105.79787724841098
2681,1,17.2,8.21934876241761,28.21934876241761,48.21934876241761,68.21934876241761
2682,1,16.5,8.36340746736613,28.36340746736613,48.36340746736613,68.36340746736613
2683,1,16.6,9.515877106954274,29.515877106954274,49.51587710695428,69.51587710695428
2684,1,17.1,10.524288041593906,30.524288041593906,50.524288041593906,70.5242880415939
2685,1,16.3,11.532698976233537,31.532698976233537,51.53269897623353,71.53269897623353
2686,1,17.1,13.117344730667241,33.11734473066724,53.11734473066724,73.11734473066724
2687,1,17.6,77.09277345350904,97.09277345350904,117.09277345350904,137.09277345350904
2688,1,18.2,15.854460124689094,35.8544601246891,55.8544601246891,75.8544601246891
2689,1,20.0,19.744045158299095,39.744045158299095,59.744045158299095,79.74404515829909
2690,1,21.0,22.337101847372427,42.33710184737242,62.33710184737242,82.33710184737242
2691,1,20.3,23.345512782012054,43.34551278201205,63.34551278201205,83.34551278201205
2692,1,20.5,23.633630191909095,43.63363019190909,63.63363019190909,83.63363019190909
2693,1,20.4,23.921747601806135,43.92174760180613,63.92174760180613,83.92174760180613
2694,1,20.2,24.353923716651693,44.35392371665169,64.35392371665169,84.35392371665169
2695,1,21.4,24.20986501170317,44.20986501170317,64.20986501170317,84.20986501170317
2696,1,22.2,24.353923716651693,44.35392371665169,64.35392371665169,84.35392371665169
2697,1,22.3,23.633630191909095,43.63363019190909,63.63363019190909,83.63363019190909
2698,1,22.8,21.3286909127328,41.328690912732796,61.328690912732796,81.3286909127328
2699,1,23.5,17.439105879122796,37.43910587912279,57.43910587912279,77.43910587912279
2700,1,22.6,40.37859719720678,60.37859719720678,80.37859719720677,100.37859719720677
2701,1,20.1,12.397051205924647,32.39705120592465,52.39705120592465,72.39705120592464
2702,1,17.4,10.524288041593906,30.524288041593906,50.524288041593906,70.5242880415939
2703,3,15.9,11.532698976233537,31.532698976233537,51.53269897623353,71.53269897623353
2704,1,15.0,48.967168757278394,68.96716875727839,88.96716875727839,108.96716875727839
2705,1,14.1,10.092111926748352,30.092111926748352,50.09211192674835,70.09211192674834
2706,1,13.4,9.37181840200576,29.371818402005758,49.37181840200576,69.37181840200576
2707,1,12.5,10.380229336645385,30.380229336645385,50.380229336645385,70.38022933664539
2708,1,11.6,10.524288041593906,30.524288041593906,50.524288041593906,70.5242880415939
2709,1,11.6,11.388640271285018,31.38864027128502,51.38864027128502,71.38864027128503
2710,1,11.7,13.405462140564278,33.40546214056428,53.40546214056428,73.40546214056428
2711,1,14.2,77.66900827330312,97.66900827330312,117.66900827330312,137.66900827330312
2712,1,14.5,16.430694944483168,36.430694944483164,56.430694944483164,76.43069494448316
2713,1,16.6,18.591575518710947,38.59157551871095,58.59157551871095,78.59157551871095
2714,1,17.9,19.455927748402058,39.45592774840206,59.45592774840206,79.45592774840206
2715,1,18.9,21.47274961768132,41.472749617681316,61.472749617681316,81.47274961768132
2716,1,19.1,22.625219257269464,42.625219257269464,62.625219257269464,82.62521925726946
2717,1,19.6,23.489571486960575,43.48957148696057,63.48957148696057,83.48957148696057
2718,1,20.9,23.05739537211502,43.057395372115025,63.057395372115025,83.05739537211502
2719,1,23.3,22.19304314242391,42.19304314242391,62.19304314242391,82.1930431424239
2720,1,25.1,19.744045158299095,39.744045158299095,59.744045158299095,79.74404515829909
2721,1,24.6,16.430694944483168,36.430694944483164,56.430694944483164,76.43069494448316
2722,1,20.5,39.370186262567145,59.370186262567145,79.37018626256715,99.37018626256715
2723,1,15.8,12.252992500976127,32.25299250097613,52.25299250097613,72.25299250097612
2724,1,15.1,10.524288041593906,30.524288041593906,50.524288041593906,70.5242880415939
2725,1,15.2,9.948053221799833,29.94805322179983,49.94805322179983,69.94805322179982
2726,1,14.5,47.670640412741726,67.67064041274173,87.67064041274173,107.67064041274173
2727,1,15.0,10.956464156439463,30.956464156439463,50.956464156439466,70.95646415643947
2728,1,16.8,10.524288041593906,30.524288041593906,50.524288041593906,70.5242880415939
2729,1,16.8,10.812405451490944,30.812405451490946,50.812405451490946,70.81240545149095
2730,1,18.1,11.676757681182053,31.676757681182053,51.67675768118205,71.67675768118205
2731,1,17.0,11.964875091079092,31.964875091079094,51.964875091079094,71.9648750910791
2732,1,17.3,76.22842122381793,96.22842122381793,116.22842122381793,136.22842122381792
2733,1,17.9,16.14257753458613,36.14257753458613,56.14257753458613,76.14257753458614
2734,1,18.4,18.447516813762427,38.44751681376243,58.44751681376243,78.44751681376243
2735,1,18.3,21.18463220778428,41.184632207784276,61.184632207784276,81.18463220778428
2736,1,17.6,23.77768889685761,43.77768889685761,63.77768889685761,83.77768889685761
2737,1,16.7,25.36233465129132,45.36233465129132,65.36233465129132,85.36233465129132
2738,1,16.3,26.514804290879468,46.51480429087947,66.51480429087947,86.51480429087947
2739,1,16.0,27.23509781562206,47.235097815622055,67.23509781562205,87.23509781562205
2740,1,15.9,27.955391340364653,47.955391340364656,67.95539134036466,87.95539134036466
2741,1,15.6,28.099450045313173,48.099450045313176,68.09945004531318,88.09945004531318
2742,1,15.5,27.09103911067354,47.09103911067354,67.09103911067353,87.09103911067353
2743,1,16.3,22.481160552320947,42.481160552320944,62.481160552320944,82.48116055232094
2744,1,16.8,17.727223289019836,37.72722328901983,57.72722328901983,77.72722328901983
2745,1,17.0,39.658303672464186,59.658303672464186,79.65830367246419,99.65830367246419
2746,1,15.7,10.524288041593906,30.524288041593906,50.524288041593906,70.5242880415939
2747,1,14.6,9.227759697057241,29.22775969705724,49.22775969705724,69.22775969705724
2748,1,13.3,46.230053363256545,66.23005336325654,86.23005336325654,106.23005336325654
2749,1,12.9,7.643113942623536,27.643113942623536,47.643113942623536,67.64311394262353
2750,1,11.9,8.075290057469092,28.07529005746909,48.07529005746909,68.07529005746909
2751,1,11.3,7.354996532726499,27.3549965327265,47.3549965327265,67.3549965327265
2752,1,11.7,7.643113942623536,27.643113942623536,47.643113942623536,67.64311394262353
2753,1,11.7,8.075290057469092,28.07529005746909,48.07529005746909,68.07529005746909
2754,2,12.6,8.36340746736613,28.36340746736613,48.36340746736613,68.36340746736613
2755,1,13.9,73.6353645347446,93.6353645347446,113.6353645347446,133.6353645347446
2756,1,14.8,13.693579550461315,33.693579550461315,53.693579550461315,73.69357955046132
2757,1,15.3,16.14257753458613,36.14257753458613,56.14257753458613,76.14257753458614
2758,1,15.9,17.87128199396835,37.87128199396835,57.87128199396835,77.87128199396835
2759,1,15.6,18.879692928607984,38.87969292860798,58.87969292860798,78.87969292860798
2760,1,15.5,20.176221273144648,40.17622127314465,60.17622127314465,80.17622127314465
2761,1,16.2,22.913336667166504,42.913336667166504,62.913336667166504,82.9133366671665
2762,1,17.6,24.786099831497243,44.78609983149724,64.78609983149724,84.78609983149724
2763,1,17.6,25.93856947108539,45.93856947108539,65.93856947108539,85.93856947108539
2764,1,18.2,26.658862995827985,46.65886299582799,66.65886299582799,86.65886299582799
2765,1,19.0,25.218275946342796,45.2182759463428,65.2182759463428,85.2182759463428
2766,1,19.6,21.040573502835763,41.04057350283576,61.04057350283576,81.04057350283577
2767,1,18.4,16.718812354380205,36.718812354380205,56.718812354380205,76.7188123543802
2768,1,15.2,38.64989273782456,58.64989273782456,78.64989273782456,98.64989273782456
2769,1,13.2,11.100522861387981,31.10052286138798,51.10052286138798,71.10052286138799
2770,1,12.6,10.236170631696872,30.236170631696872,50.23617063169687,70.23617063169687
2771,1,12.8,9.948053221799833,29.94805322179983,49.94805322179983,69.94805322179982
2772,1,13.4,47.23846429789617,67.23846429789617,87.23846429789617,107.23846429789617
2773,1,13.0,8.36340746736613,28.36340746736613,48.36340746736613,68.36340746736613
2774,2,12.8,8.507466172314647,28.507466172314647,48.50746617231465,68.50746617231465
2775,1,12.5,7.931231352520573,27.931231352520573,47.93123135252057,67.93123135252057
2776,1,12.1,9.227759697057241,29.22775969705724,49.22775969705724,69.22775969705724
2777,1,12.0,11.388640271285018,31.38864027128502,51.38864027128502,71.38864027128503
2778,1,13.0,76.08436251886943,96.08436251886943,116.08436251886943,136.08436251886943
2779,1,14.5,14.701990485100946,34.70199048510095,54.70199048510095,74.70199048510095
2780,1,16.5,16.86287105932872,36.862871059328725,56.862871059328725,76.86287105932873
2781,1,17.9,18.01534069891687,38.01534069891687,58.01534069891687,78.01534069891687
2782,1,20.1,18.591575518710947,38.59157551871095,58.59157551871095,78.59157551871095
2783,1,19.9,18.591575518710947,38.59157551871095,58.59157551871095,78.59157551871095
2784,1,19.6,18.735634223659464,38.73563422365946,58.73563422365946,78.73563422365946
2785,1,18.2,18.591575518710947,38.59157551871095,58.59157551871095,78.59157551871095
2786,1,16.9,19.16781033850502,39.16781033850502,59.16781033850502,79.16781033850502
2787,1,17.3,18.591575518710947,38.59157551871095,58.59157551871095,78.59157551871095
2788,1,17.5,37.4974230982364,57.4974230982364,77.4974230982364,97.4974230982364
2789,1,14.8,9.948053221799833,29.94805322179983,49.94805322179983,69.94805322179982
2790,1,13.1,7.931231352520573,27.931231352520573,47.93123135252057,67.93123135252057
2791,1,13.4,7.066879122829462,27.066879122829462,47.06687912282946,67.06687912282946
2792,1,12.5,44.645407608822836,64.64540760882284,84.64540760882284,104.64540760882284
2793,1,11.0,7.066879122829462,27.066879122829462,47.06687912282946,67.06687912282946
2794,1,9.8,7.643113942623536,27.643113942623536,47.643113942623536,67.64311394262353
2795,2,9.7,6.922820417880944,26.922820417880942,46.92282041788094,66.92282041788094
2796,1,8.8,6.778761712932424,26.778761712932422,46.77876171293242,66.77876171293242
2797,1,9.3,6.922820417880944,26.922820417880942,46.92282041788094,66.92282041788094
2798,1,9.9,8.795583582211684,28.795583582211684,48.795583582211684,68.79558358221169
2799,1,11.4,75.65218640402387,95.65218640402387,115.65218640402387,135.65218640402387
2800,2,11.6,13.405462140564278,33.40546214056428,53.40546214056428,73.40546214056428
2801,1,12.6,15.566342714792057,35.56634271479206,55.56634271479206,75.56634271479206
2802,1,13.0,16.430694944483168,36.430694944483164,56.430694944483164,76.43069494448316
2803,1,12.8,17.87128199396835,37.87128199396835,57.87128199396835,77.87128199396835
2804,1,13.3,20.32027997809317,40.32027997809317,60.32027997809317,80.32027997809317
2805,1,13.5,22.19304314242391,42.19304314242391,62.19304314242391,82.1930431424239
2806,1,14.9,23.489571486960575,43.48957148696057,63.48957148696057,83.48957148696057
2807,1,14.9,24.49798242160021,44.49798242160021,64.49798242160021,84.49798242160021
2808,1,15.3,25.218275946342796,45.2182759463428,65.2182759463428,85.2182759463428
2809,1,15.7,24.06580630675465,44.06580630675465,64.06580630675465,84.06580630675465
2810,1,16.0,20.608397387990205,40.60839738799021,60.60839738799021,80.60839738799021
2811,1,16.9,15.134166599946504,35.134166599946504,55.134166599946504,75.1341665999465
2812,1,17.4,36.777129573493816,56.777129573493816,76.77712957349382,96.77712957349382
2813,1,16.3,9.083700992108723,29.083700992108724,49.083700992108724,69.08370099210873
2814,1,15.6,7.499055237675016,27.499055237675016,47.499055237675016,67.49905523767501
2815,1,15.5,7.066879122829462,27.066879122829462,47.06687912282946,67.06687912282946
2816,1,16.3,43.92511408408024,63.92511408408024,83.92511408408023,103.92511408408023
2817,1,15.9,5.626292073344276,25.626292073344274,45.626292073344274,65.62629207334427
2818,2,15.8,5.626292073344276,25.626292073344274,45.626292073344274,65.62629207334427
2819,1,15.6,5.770350778292794,25.770350778292794,45.770350778292794,65.7703507782928
2820,2,14.9,6.490644303035387,26.49064430303539,46.49064430303539,66.4906443030354
2821,1,14.8,7.787172647572055,27.787172647572056,47.787172647572056,67.78717264757205
2822,1,15.2,8.795583582211684,28.795583582211684,48.795583582211684,68.79558358221169
2823,1,14.5,73.20318841989905,93.20318841989905,113.20318841989905,133.20318841989905
2824,1,15.5,11.676757681182053,31.676757681182053,51.67675768118205,71.67675768118205
2825,1,17.5,13.117344730667241,33.11734473066724,53.11734473066724,73.11734473066724
2826,1,18.9,14.413873075203906,34.41387307520391,54.41387307520391,74.41387307520391
2827,1,20.7,15.710401419740574,35.71040141974058,55.71040141974058,75.71040141974058
2828,1,21.1,16.718812354380205,36.718812354380205,56.718812354380205,76.7188123543802
2829,1,22.0,17.87128199396835,37.87128199396835,57.87128199396835,77.87128199396835
2830,1,22.3,18.30345810881391,38.30345810881391,58.30345810881391,78.30345810881391
2831,1,22.9,18.591575518710947,38.59157551871095,58.59157551871095,78.59157551871095
2832,1,23.5,19.16781033850502,39.16781033850502,59.16781033850502,79.16781033850502
2833,1,24.4,18.159399403865386,38.159399403865386,58.159399403865386,78.1593994038654
2834,1,24.6,16.718812354380205,36.718812354380205,56.718812354380205,76.7188123543802
2835,1,22.5,14.26981437025539,34.26981437025539,54.26981437025539,74.26981437025539
2836,1,19.6,37.4974230982364,57.4974230982364,77.4974230982364,97.4974230982364
2837,1,16.1,9.803994516851315,29.803994516851315,49.80399451685132,69.80399451685132
2838,1,15.1,7.931231352520573,27.931231352520573,47.93123135252057,67.93123135252057
2839,1,14.6,6.202526893138352,26.20252689313835,46.202526893138355,66.20252689313836
2840,1,13.4,43.63699667418321,63.63699667418321,83.63699667418321,103.63699667418321
2841,1,13.0,5.338174663447239,25.33817466344724,45.33817466344724,65.33817466344723
2842,1,12.4,5.770350778292794,25.770350778292794,45.770350778292794,65.7703507782928
2843,4,12.5,6.634703007983905,26.634703007983905,46.6347030079839,66.6347030079839
2844,1,12.4,7.787172647572055,27.787172647572056,47.787172647572056,67.78717264757205
2845,2,11.7,9.515877106954274,29.515877106954274,49.51587710695428,69.51587710695428
2846,1,12.0,11.100522861387981,31.10052286138798,51.10052286138798,71.10052286138799
2847,1,12.9,75.65218640402387,95.65218640402387,115.65218640402387,135.65218640402387
2848,1,13.8,13.981696960358352,33.98169696035835,53.98169696035835,73.98169696035835
2849,1,14.8,14.990107894997983,34.99010789499798,54.99010789499798,74.99010789499798
2850,1,15.8,15.99851882963761,35.99851882963761,55.99851882963761,75.99851882963762
2851,1,16.3,16.718812354380205,36.718812354380205,56.718812354380205,76.7188123543802
2852,1,17.2,17.006929764277242,37.006929764277245,57.006929764277245,77.00692976427725
2853,2,17.5,16.86287105932872,36.862871059328725,56.862871059328725,76.86287105932873
2854,1,18.2,16.574753649431685,36.574753649431685,56.574753649431685,76.57475364943168
2855,1,19.7,16.28663623953465,36.28663623953465,56.28663623953465,76.28663623953466
2856,1,20.8,15.710401419740574,35.71040141974058,55.71040141974058,75.71040141974058
2857,1,21.8,15.27822530489502,35.27822530489502,55.27822530489502,75.27822530489502
2858,1,23.3,15.710401419740574,35.71040141974058,55.71040141974058,75.71040141974058
2859,1,21.7,16.28663623953465,36.28663623953465,56.28663623953465,76.28663623953466
2860,1,17.5,42.539477771434555,62.539477771434555,82.53947777143455,102.53947777143455
2861,1,13.4,17.583164584071316,37.58316458407131,57.58316458407131,77.58316458407131
2862,1,11.5,17.727223289019836,37.72722328901983,57.72722328901983,77.72722328901983
2863,1,11.2,17.727223289019836,37.72722328901983,57.72722328901983,77.72722328901983
2864,1,9.1,55.73792788985876,75.73792788985875,95.73792788985875,115.73792788985875
2865,1,8.4,18.01534069891687,38.01534069891687,58.01534069891687,78.01534069891687
2866,1,8.2,18.30345810881391,38.30345810881391,58.30345810881391,78.30345810881391
2867,1,8.5,18.159399403865386,38.159399403865386,58.159399403865386,78.1593994038654
2868,1,8.2,18.159399403865386,38.159399403865386,58.159399403865386,78.1593994038654
2869,1,8.3,18.447516813762427,38.44751681376243,58.44751681376243,78.44751681376243
2870,1,8.1,18.591575518710947,38.59157551871095,58.59157551871095,78.59157551871095
2871,1,7.8,82.13482812670719,102.13482812670719,122.13482812670719,142.1348281267072
2872,1,8.3,19.311869043453537,39.31186904345354,59.31186904345354,79.31186904345354
2873,1,9.9,19.455927748402058,39.45592774840206,59.45592774840206,79.45592774840206
2874,1,10.9,19.599986453350578,39.59998645335058,59.59998645335058,79.59998645335058
2875,1,10.8,19.311869043453537,39.31186904345354,59.31186904345354,79.31186904345354
2876,1,11.2,19.311869043453537,39.31186904345354,59.31186904345354,79.31186904345354
2877,1,12.2,19.311869043453537,39.31186904345354,59.31186904345354,79.31186904345354
2878,2,13.2,19.16781033850502,39.16781033850502,59.16781033850502,79.16781033850502
2879,1,14.1,19.0237516335565,39.0237516335565,59.0237516335565,79.0237516335565
2880,1,14.2,18.879692928607984,38.87969292860798,58.87969292860798,78.87969292860798
2881,1,16.1,18.735634223659464,38.73563422365946,58.73563422365946,78.73563422365946
2882,2,16.4,18.447516813762427,38.44751681376243,58.44751681376243,78.44751681376243
2883,1,15.6,17.87128199396835,37.87128199396835,57.87128199396835,77.87128199396835
2884,1,14.5,42.82759518133159,62.82759518133159,82.82759518133159,102.82759518133159
2885,1,13.4,17.439105879122796,37.43910587912279,57.43910587912279,77.43910587912279
2886,1,12.0,17.006929764277242,37.006929764277245,57.006929764277245,77.00692976427725
2887,1,11.4,17.006929764277242,37.006929764277245,57.006929764277245,77.00692976427725
2888,1,10.4,54.72951695521913,74.72951695521914,94.72951695521914,114.72951695521914
2889,1,9.1,16.86287105932872,36.862871059328725,56.862871059328725,76.86287105932873
2890,1,8.5,17.006929764277242,37.006929764277245,57.006929764277245,77.00692976427725
2891,1,8.8,17.006929764277242,37.006929764277245,57.006929764277245,77.00692976427725
2892,1,7.9,17.15098846922576,37.15098846922576,57.15098846922576,77.15098846922575
2893,1,7.6,17.727223289019836,37.72722328901983,57.72722328901983,77.72722328901983
2894,1,7.6,18.159399403865386,38.159399403865386,58.159399403865386,78.1593994038654
2895,1,7.7,81.70265201186164,101.70265201186164,121.70265201186164,141.70265201186163
2896,1,7.9,19.0237516335565,39.0237516335565,59.0237516335565,79.0237516335565
2897,1,8.8,19.455927748402058,39.45592774840206,59.45592774840206,79.45592774840206
2898,2,9.9,19.744045158299095,39.744045158299095,59.744045158299095,79.74404515829909
2899,1,9.8,19.744045158299095,39.744045158299095,59.744045158299095,79.74404515829909
2900,1,9.4,19.88810386324761,39.88810386324761,59.88810386324761,79.88810386324761
2901,1,9.5,20.176221273144648,40.17622127314465,60.17622127314465,80.17622127314465
2902,1,9.8,20.32027997809317,40.32027997809317,60.32027997809317,80.32027997809317
2903,1,9.9,20.752456092938722,40.75245609293872,60.75245609293872,80.75245609293873
2904,1,9.0,20.752456092938722,40.75245609293872,60.75245609293872,80.75245609293873
2905,1,8.9,20.32027997809317,40.32027997809317,60.32027997809317,80.32027997809317
2906,1,9.3,19.744045158299095,39.744045158299095,59.744045158299095,79.74404515829909
2907,1,9.8,19.16781033850502,39.16781033850502,59.16781033850502,79.16781033850502
2908,1,10.2,44.12412352586826,64.12412352586826,84.12412352586826,104.12412352586826
2909,1,9.2,18.447516813762427,38.44751681376243,58.44751681376243,78.44751681376243
2910,1,9.1,17.439105879122796,37.43910587912279,57.43910587912279,77.43910587912279
2911,1,9.3,16.86287105932872,36.862871059328725,56.862871059328725,76.86287105932873
2912,1,9.3,54.4413995453221,74.4413995453221,94.4413995453221,114.4413995453221
2913,1,8.3,16.14257753458613,36.14257753458613,56.14257753458613,76.14257753458614
2914,1,8.1,14.701990485100946,34.70199048510095,54.70199048510095,74.70199048510095
2915,1,8.1,12.541109910873166,32.54110991087317,52.54110991087317,72.54110991087316
2916,1,8.3,12.685168615821684,32.68516861582168,52.68516861582168,72.68516861582168
2917,1,8.1,12.829227320770205,32.8292273207702,52.8292273207702,72.8292273207702
2918,1,8.3,13.405462140564278,33.40546214056428,53.40546214056428,73.40546214056428
2919,1,11.0,77.66900827330312,97.66900827330312,117.66900827330312,137.66900827330312
2920,2,12.7,16.574753649431685,36.574753649431685,56.574753649431685,76.57475364943168
2921,1,13.0,17.87128199396835,37.87128199396835,57.87128199396835,77.87128199396835
2922,1,13.2,18.30345810881391,38.30345810881391,58.30345810881391,78.30345810881391
2923,1,13.4,18.30345810881391,38.30345810881391,58.30345810881391,78.30345810881391
2924,1,13.7,19.88810386324761,39.88810386324761,59.88810386324761,79.88810386324761
2925,1,14.0,21.616808322629836,41.616808322629836,61.616808322629836,81.61680832262984
2926,1,14.0,22.337101847372427,42.33710184737242,62.33710184737242,82.33710184737242
2927,1,14.1,22.481160552320947,42.481160552320944,62.481160552320944,82.48116055232094
2928,1,15.2,22.769277962217984,42.769277962217984,62.769277962217984,82.76927796221798
2929,1,16.1,21.47274961768132,41.472749617681316,61.472749617681316,81.47274961768132
2930,1,15.9,16.86287105932872,36.862871059328725,56.862871059328725,76.86287105932873
2931,1,14.1,13.981696960358352,33.98169696035835,53.98169696035835,73.98169696035835
2932,1,13.0,37.06524698339085,57.06524698339085,77.06524698339085,97.06524698339085
2933,1,13.4,8.795583582211684,28.795583582211684,48.795583582211684,68.79558358221169
2934,1,14.3,6.922820417880944,26.922820417880942,46.92282041788094,66.92282041788094
2935,1,14.4,5.626292073344276,25.626292073344274,45.626292073344274,65.62629207334427
2936,1,14.0,43.34887926428617,63.34887926428617,83.34887926428617,103.34887926428617
2937,1,13.6,5.050057253550202,25.0500572535502,45.0500572535502,65.0500572535502
2938,1,12.4,6.058468188189831,26.05846818818983,46.058468188189835,66.05846818818983
2939,1,12.8,5.19411595849872,25.19411595849872,45.19411595849872,65.19411595849871
2940,1,13.3,5.338174663447239,25.33817466344724,45.33817466344724,65.33817466344723
2941,2,13.3,6.34658559808687,26.346585598086868,46.34658559808687,66.34658559808688
2942,1,12.8,72.91507101000201,92.91507101000201,112.91507101000201,132.915071010002
2943,1,13.5,14.557931780152426,34.55793178015243,54.55793178015243,74.55793178015243
2944,1,15.9,15.42228400984354,35.42228400984354,55.42228400984354,75.42228400984354
2945,1,17.8,16.430694944483168,36.430694944483164,56.430694944483164,76.43069494448316
2946,1,18.2,17.439105879122796,37.43910587912279,57.43910587912279,77.43910587912279
2947,1,18.5,18.735634223659464,38.73563422365946,58.73563422365946,78.73563422365946
2948,1,19.0,19.599986453350578,39.59998645335058,59.59998645335058,79.59998645335058
2949,1,19.9,19.88810386324761,39.88810386324761,59.88810386324761,79.88810386324761
2950,1,19.8,19.599986453350578,39.59998645335058,59.59998645335058,79.59998645335058
2951,1,20.7,19.599986453350578,39.59998645335058,59.59998645335058,79.59998645335058
2952,1,22.2,18.159399403865386,38.159399403865386,58.159399403865386,78.1593994038654
2953,1,22.3,15.566342714792057,35.56634271479206,55.56634271479206,75.56634271479206
2954,1,21.2,12.685168615821684,32.68516861582168,52.68516861582168,72.68516861582168
2955,1,18.3,36.20089475369974,56.20089475369974,76.20089475369974,96.20089475369974
2956,2,15.5,9.227759697057241,29.22775969705724,49.22775969705724,69.22775969705724
2957,1,14.2,8.075290057469092,28.07529005746909,48.07529005746909,68.07529005746909
2958,2,13.9,6.922820417880944,26.922820417880942,46.92282041788094,66.92282041788094
2959,1,12.4,45.941935953359504,65.9419359533595,85.9419359533595,105.9419359533595
2960,1,11.5,9.227759697057241,29.22775969705724,49.22775969705724,69.22775969705724
2961,1,9.6,10.812405451490944,30.812405451490946,50.812405451490946,70.81240545149095
2962,1,10.0,12.252992500976127,32.25299250097613,52.25299250097613,72.25299250097612
2963,1,10.4,12.541109910873166,32.54110991087317,52.54110991087317,72.54110991087316
2964,2,9.7,12.541109910873166,32.54110991087317,52.54110991087317,72.54110991087316
2965,1,9.7,12.829227320770205,32.8292273207702,52.8292273207702,72.8292273207702
2966,1,9.9,76.22842122381793,96.22842122381793,116.22842122381793,136.22842122381792
2967,2,10.9,13.117344730667241,33.11734473066724,53.11734473066724,73.11734473066724
2968,3,12.9,13.261403435615758,33.26140343561576,53.26140343561576,73.26140343561576
2969,1,14.0,13.117344730667241,33.11734473066724,53.11734473066724,73.11734473066724
2970,1,15.3,12.829227320770205,32.8292273207702,52.8292273207702,72.8292273207702
2971,1,15.7,12.397051205924647,32.39705120592465,52.39705120592465,72.39705120592464
2972,3,16.0,12.685168615821684,32.68516861582168,52.68516861582168,72.68516861582168
2973,1,17.0,12.252992500976127,32.25299250097613,52.25299250097613,72.25299250097612
2974,1,17.4,12.108933796027612,32.108933796027614,52.108933796027614,72.10893379602761
2975,1,18.5,10.668346746542426,30.668346746542426,50.668346746542426,70.66834674654243
2976,1,19.7,9.083700992108723,29.083700992108724,49.083700992108724,69.08370099210873
2977,1,20.7,7.354996532726499,27.3549965327265,47.3549965327265,67.3549965327265
2978,1,18.8,5.770350778292794,25.770350778292794,45.770350778292794,65.7703507782928
2979,1,16.6,30.0991287890411,50.0991287890411,70.0991287890411,90.0991287890411
2980,2,13.2,4.854698191780822,24.854698191780823,44.85469819178083,64.85469819178083
2981,10,10.8,4.854698191780822,24.854698191780823,44.85469819178083,64.85469819178083
2982,17,10.1,4.854698191780822,24.854698191780823,44.85469819178083,64.85469819178083
2983,2,9.3,42.721344087671234,62.721344087671234,82.72134408767124,102.72134408767124
2984,17,8.4,4.854698191780822,24.854698191780823,44.85469819178083,64.85469819178083
2985,28,8.2,4.854698191780822,24.854698191780823,44.85469819178083,64.85469819178083
2986,14,7.9,4.854698191780822,24.854698191780823,44.85469819178083,64.85469819178083
2987,19,8.6,4.854698191780822,24.854698191780823,44.85469819178083,64.85469819178083
2988,3,8.6,67.96577468493152,87.96577468493152,107.96577468493152,127.96577468493152
2989,21,8.7,4.854698191780822,24.854698191780823,44.85469819178083,64.85469819178083
2990,19,8.8,4.854698191780822,24.854698191780823,44.85469819178083,64.85469819178083
2991,6,10.5,4.854698191780822,24.854698191780823,44.85469819178083,64.85469819178083
2992,1,9.8,6.490644303035387,26.49064430303539,46.49064430303539,66.4906443030354
2993,1,9.0,7.499055237675016,27.499055237675016,47.499055237675016,67.49905523767501
2994,1,8.3,8.507466172314647,28.507466172314647,48.50746617231465,68.50746617231465
2995,1,8.7,10.092111926748352,30.092111926748352,50.09211192674835,70.09211192674834
2996,1,9.1,10.668346746542426,30.668346746542426,50.668346746542426,70.66834674654243
2997,1,10.3,9.083700992108723,29.083700992108724,49.083700992108724,69.08370099210873
2998,1,10.3,7.066879122829462,27.066879122829462,47.06687912282946,67.06687912282946
2999,1,11.8,30.0991287890411,50.0991287890411,70.0991287890411,90.0991287890411
3000,14,10.2,4.854698191780822,24.854698191780823,44.85469819178083,64.85469819178083
3001,12,9.5,4.854698191780822,24.854698191780823,44.85469819178083,64.85469819178083
3002,3,8.8,42.721344087671234,62.721344087671234,82.72134408767124,102.72134408767124
3003,22,8.0,4.854698191780822,24.854698191780823,44.85469819178083,64.85469819178083
3004,1,8.1,67.96577468493152,87.96577468493152,107.96577468493152,127.96577468493152
3005,8,10.3,4.854698191780822,24.854698191780823,44.85469819178083,64.85469819178083
3006,2,11.1,5.338174663447239,25.33817466344724,45.33817466344724,65.33817466344723
3007,1,11.7,7.210937827777981,27.210937827777983,47.21093782777798,67.21093782777798
3008,1,11.2,9.083700992108723,29.083700992108724,49.083700992108724,69.08370099210873
3009,1,10.4,10.668346746542426,30.668346746542426,50.668346746542426,70.66834674654243
3010,1,10.8,11.676757681182053,31.676757681182053,51.67675768118205,71.67675768118205
3011,1,11.5,12.108933796027612,32.108933796027614,52.108933796027614,72.10893379602761
3012,1,11.2,12.397051205924647,32.39705120592465,52.39705120592465,72.39705120592464
3013,1,11.2,10.092111926748352,30.092111926748352,50.09211192674835,70.09211192674834
3014,1,11.2,5.19411595849872,25.19411595849872,45.19411595849872,65.19411595849871
3015,1,12.9,30.0991287890411,50.0991287890411,70.0991287890411,90.0991287890411
3016,4,12.0,4.854698191780822,24.854698191780823,44.85469819178083,64.85469819178083
3017,12,11.1,4.854698191780822,24.854698191780823,44.85469819178083,64.85469819178083
3018,13,11.0,4.854698191780822,24.854698191780823,44.85469819178083,64.85469819178083
3019,2,10.7,42.721344087671234,62.721344087671234,82.72134408767124,102.72134408767124
3020,8,9.4,4.854698191780822,24.854698191780823,44.85469819178083,64.85469819178083
3021,12,9.1,4.854698191780822,24.854698191780823,44.85469819178083,64.85469819178083
3022,6,9.2,4.854698191780822,24.854698191780823,44.85469819178083,64.85469819178083
3023,2,9.6,67.96577468493152,87.96577468493152,107.96577468493152,127.96577468493152
3024,4,11.3,4.854698191780822,24.854698191780823,44.85469819178083,64.85469819178083
3025,2,12.1,4.854698191780822,24.854698191780823,44.85469819178083,64.85469819178083
3026,4,13.3,4.854698191780822,24.854698191780823,44.85469819178083,64.85469819178083
3027,3,12.4,4.854698191780822,24.854698191780823,44.85469819178083,64.85469819178083
3028,1,13.8,5.914409483241313,25.914409483241315,45.914409483241315,65.91440948324131
3029,2,14.2,4.854698191780822,24.854698191780823,44.85469819178083,64.85469819178083
3030,1,14.5,30.0991287890411,50.0991287890411,70.0991287890411,90.0991287890411
3031,1,12.2,42.721344087671234,62.721344087671234,82.72134408767124,102.72134408767124
3032,2,11.6,4.854698191780822,24.854698191780823,44.85469819178083,64.85469819178083
3033,5,11.2,4.854698191780822,24.854698191780823,44.85469819178083,64.85469819178083
3034,1,10.1,67.96577468493152,87.96577468493152,107.96577468493152,127.96577468493152
3035,13,10.6,4.854698191780822,24.854698191780823,44.85469819178083,64.85469819178083
3036,9,10.7,4.854698191780822,24.854698191780823,44.85469819178083,64.85469819178083
3037,2,9.7,5.48223336839576,25.48223336839576,45.48223336839576,65.48223336839575
3038,1,9.6,6.922820417880944,26.922820417880942,46.92282041788094,66.92282041788094
3039,1,9.9,8.075290057469092,28.07529005746909,48.07529005746909,68.07529005746909
3040,1,10.0,8.795583582211684,28.795583582211684,48.795583582211684,68.79558358221169
3041,1,9.9,7.499055237675016,27.499055237675016,47.499055237675016,67.49905523767501
3042,7,10.9,4.854698191780822,24.854698191780823,44.85469819178083,64.85469819178083
3043,2,11.3,30.0991287890411,50.0991287890411,70.0991287890411,90.0991287890411
3044,3,10.6,42.721344087671234,62.721344087671234,82.72134408767124,102.72134408767124
3045,7,9.7,4.854698191780822,24.854698191780823,44.85469819178083,64.85469819178083
3046,24,8.9,4.854698191780822,24.854698191780823,44.85469819178083,64.85469819178083
3047,27,8.3,4.854698191780822,24.854698191780823,44.85469819178083,64.85469819178083
3048,19,8.5,4.854698191780822,24.854698191780823,44.85469819178083,64.85469819178083
3049,2,8.3,67.96577468493152,87.96577468493152,107.96577468493152,127.96577468493152
3050,1,8.8,7.210937827777981,27.210937827777983,47.21093782777798,67.21093782777798
3051,2,9.7,9.515877106954274,29.515877106954274,49.51587710695428,69.51587710695428
3052,1,9.6,10.956464156439463,30.956464156439463,50.956464156439466,70.95646415643947
3053,1,10.0,11.532698976233537,31.532698976233537,51.53269897623353,71.53269897623353
3054,2,10.2,13.117344730667241,33.11734473066724,53.11734473066724,73.11734473066724
3055,1,10.9,13.261403435615758,33.26140343561576,53.26140343561576,73.26140343561576
3056,1,12.2,13.261403435615758,33.26140343561576,53.26140343561576,73.26140343561576
3057,1,12.7,12.973286025718725,32.97328602571872,52.97328602571872,72.97328602571872
3058,1,12.5,12.685168615821684,32.68516861582168,52.68516861582168,72.68516861582168
3059,2,11.4,12.252992500976127,32.25299250097613,52.25299250097613,72.25299250097612
3060,1,10.7,36.633070868545296,56.633070868545296,76.6330708685453,96.6330708685453
3061,1,10.2,10.812405451490944,30.812405451490946,50.812405451490946,70.81240545149095
3062,1,10.0,9.659935811902795,29.659935811902795,49.6599358119028,69.6599358119028
3063,1,10.5,8.651524877263165,28.651524877263164,48.651524877263164,68.65152487726317
3064,1,11.1,45.22164242861691,65.22164242861692,85.22164242861692,105.22164242861692
3065,1,11.0,6.058468188189831,26.05846818818983,46.058468188189835,66.05846818818983
3066,1,9.4,67.96577468493152,87.96577468493152,107.96577468493152,127.96577468493152
3067,1,10.3,6.058468188189831,26.05846818818983,46.058468188189835,66.05846818818983
3068,1,11.9,7.643113942623536,27.643113942623536,47.643113942623536,67.64311394262353
3069,1,13.3,8.795583582211684,28.795583582211684,48.795583582211684,68.79558358221169
3070,1,15.4,9.515877106954274,29.515877106954274,49.51587710695428,69.51587710695428
3071,1,15.9,10.092111926748352,30.092111926748352,50.09211192674835,70.09211192674834
3072,1,15.9,10.380229336645385,30.380229336645385,50.380229336645385,70.38022933664539
3073,1,15.7,10.380229336645385,30.380229336645385,50.380229336645385,70.38022933664539
3074,1,16.4,10.380229336645385,30.380229336645385,50.380229336645385,70.38022933664539
3075,1,16.4,10.668346746542426,30.668346746542426,50.668346746542426,70.66834674654243
3076,1,16.3,10.668346746542426,30.668346746542426,50.668346746542426,70.66834674654243
3077,2,15.6,10.380229336645385,30.380229336645385,50.380229336645385,70.38022933664539
3078,1,14.8,9.659935811902795,29.659935811902795,49.6599358119028,69.6599358119028
3079,1,13.6,34.04001417947196,54.04001417947196,74.04001417947197,94.04001417947197
3080,1,13.5,8.21934876241761,28.21934876241761,48.21934876241761,68.21934876241761
3081,1,13.8,7.354996532726499,27.3549965327265,47.3549965327265,67.3549965327265
3082,1,14.2,5.19411595849872,25.19411595849872,45.19411595849872,65.19411595849871
3083,1,14.2,42.721344087671234,62.721344087671234,82.72134408767124,102.72134408767124
3084,4,12.2,4.854698191780822,24.854698191780823,44.85469819178083,64.85469819178083
3085,5,11.4,4.854698191780822,24.854698191780823,44.85469819178083,64.85469819178083
3086,2,11.4,67.96577468493152,87.96577468493152,107.96577468493152,127.96577468493152
3087,1,12.4,5.626292073344276,25.626292073344274,45.626292073344274,65.62629207334427
3088,1,14.4,6.202526893138352,26.20252689313835,46.202526893138355,66.20252689313836
3089,1,16.8,6.922820417880944,26.922820417880942,46.92282041788094,66.92282041788094
3090,1,18.1,8.21934876241761,28.21934876241761,48.21934876241761,68.21934876241761
3091,1,18.3,8.507466172314647,28.507466172314647,48.50746617231465,68.50746617231465
3092,1,19.3,8.939642287160202,28.939642287160204,48.939642287160204,68.93964228716021
3093,1,19.8,9.803994516851315,29.803994516851315,49.80399451685132,69.80399451685132
3094,1,20.7,11.100522861387981,31.10052286138798,51.10052286138798,71.10052286138799
3095,1,20.2,11.388640271285018,31.38864027128502,51.38864027128502,71.38864027128503
3096,1,20.9,11.100522861387981,31.10052286138798,51.10052286138798,71.10052286138799
3097,1,19.9,10.092111926748352,30.092111926748352,50.09211192674835,70.09211192674834
3098,1,17.1,9.227759697057241,29.22775969705724,49.22775969705724,69.22775969705724
3099,1,15.0,33.60783806462641,53.60783806462641,73.6078380646264,93.6078380646264
3100,1,13.0,7.499055237675016,27.499055237675016,47.499055237675016,67.49905523767501
3101,1,13.1,6.490644303035387,26.49064430303539,46.49064430303539,66.4906443030354
3102,1,13.8,4.905998548601684,24.905998548601683,44.90599854860169,64.90599854860169
3103,1,13.9,42.721344087671234,62.721344087671234,82.72134408767124,102.72134408767124
3104,1,14.1,5.19411595849872,25.19411595849872,45.19411595849872,65.19411595849871
3105,1,13.0,67.96577468493152,87.96577468493152,107.96577468493152,127.96577468493152
3106,3,13.1,4.854698191780822,24.854698191780823,44.85469819178083,64.85469819178083
3107,1,16.8,8.651524877263165,28.651524877263164,48.651524877263164,68.65152487726317
3108,1,18.2,9.803994516851315,29.803994516851315,49.80399451685132,69.80399451685132
3109,1,19.5,11.100522861387981,31.10052286138798,51.10052286138798,71.10052286138799
3110,1,20.4,12.252992500976127,32.25299250097613,52.25299250097613,72.25299250097612
3111,1,21.7,12.541109910873166,32.54110991087317,52.54110991087317,72.54110991087316
3112,1,22.3,12.829227320770205,32.8292273207702,52.8292273207702,72.8292273207702
3113,1,22.5,13.117344730667241,33.11734473066724,53.11734473066724,73.11734473066724
3114,1,22.4,12.829227320770205,32.8292273207702,52.8292273207702,72.8292273207702
3115,1,20.8,12.108933796027612,32.108933796027614,52.108933796027614,72.10893379602761
3116,1,18.0,11.2445815663365,31.2445815663365,51.2445815663365,71.2445815663365
3117,1,16.0,35.48060122895715,55.48060122895715,75.48060122895714,95.48060122895714
3118,1,13.5,8.651524877263165,28.651524877263164,48.651524877263164,68.65152487726317
3119,6,11.7,4.854698191780822,24.854698191780823,44.85469819178083,64.85469819178083
3120,1,10.3,42.721344087671234,62.721344087671234,82.72134408767124,102.72134408767124
3121,23,7.7,4.854698191780822,24.854698191780823,44.85469819178083,64.85469819178083
3122,26,7.5,4.854698191780822,24.854698191780823,44.85469819178083,64.85469819178083
3123,2,7.6,67.96577468493152,87.96577468493152,107.96577468493152,127.96577468493152
3124,1,8.8,7.066879122829462,27.066879122829462,47.06687912282946,67.06687912282946
3125,1,8.7,8.939642287160202,28.939642287160204,48.939642287160204,68.93964228716021
3126,3,8.4,10.380229336645385,30.380229336645385,50.380229336645385,70.38022933664539
3127,1,8.6,10.668346746542426,30.668346746542426,50.668346746542426,70.66834674654243
3128,1,9.5,11.820816386130574,31.820816386130574,51.82081638613057,71.82081638613057
3129,1,10.4,13.117344730667241,33.11734473066724,53.11734473066724,73.11734473066724
3130,1,10.0,13.549520845512799,33.5495208455128,53.5495208455128,73.5495208455128
3131,1,10.6,12.252992500976127,32.25299250097613,52.25299250097613,72.25299250097612
3132,1,10.8,9.659935811902795,29.659935811902795,49.6599358119028,69.6599358119028
3133,2,11.6,6.634703007983905,26.634703007983905,46.6347030079839,66.6347030079839
3134,2,11.2,30.0991287890411,50.0991287890411,70.0991287890411,90.0991287890411
3135,18,7.8,4.854698191780822,24.854698191780823,44.85469819178083,64.85469819178083
3136,1,7.4,42.721344087671234,62.721344087671234,82.72134408767124,102.72134408767124
3137,29,7.0,4.854698191780822,24.854698191780823,44.85469819178083,64.85469819178083
3138,25,7.3,4.854698191780822,24.854698191780823,44.85469819178083,64.85469819178083
3139,21,7.2,4.854698191780822,24.854698191780823,44.85469819178083,64.85469819178083
3140,27,7.1,4.854698191780822,24.854698191780823,44.85469819178083,64.85469819178083
3141,29,6.6,4.854698191780822,24.854698191780823,44.85469819178083,64.85469819178083
3142,1,6.5,67.96577468493152,87.96577468493152,107.96577468493152,127.96577468493152
3143,31,6.5,4.854698191780822,24.854698191780823,44.85469819178083,64.85469819178083
3144,2,8.0,5.338174663447239,25.33817466344724,45.33817466344724,65.33817466344723
3145,1,7.3,5.626292073344276,25.626292073344274,45.626292073344274,65.62629207334427
3146,1,6.7,6.922820417880944,26.922820417880942,46.92282041788094,66.92282041788094
3147,1,7.2,7.499055237675016,27.499055237675016,47.499055237675016,67.49905523767501
3148,1,7.2,8.36340746736613,28.36340746736613,48.36340746736613,68.36340746736613
3149,1,7.3,9.948053221799833,29.94805322179983,49.94805322179983,69.94805322179982
3150,1,7.6,10.524288041593906,30.524288041593906,50.524288041593906,70.5242880415939
3151,1,8.8,9.659935811902795,29.659935811902795,49.6599358119028,69.6599358119028
3152,1,9.0,8.21934876241761,28.21934876241761,48.21934876241761,68.21934876241761
3153,1,8.3,30.870722670604554,50.87072267060455,70.87072267060455,90.87072267060455
3154,25,6.9,4.854698191780822,24.854698191780823,44.85469819178083,64.85469819178083
3155,38,6.7,4.854698191780822,24.854698191780823,44.85469819178083,64.85469819178083
3156,3,6.6,42.721344087671234,62.721344087671234,82.72134408767124,102.72134408767124
3157,21,6.8,4.854698191780822,24.854698191780823,44.85469819178083,64.85469819178083
3158,9,9.3,4.854698191780822,24.854698191780823,44.85469819178083,64.85469819178083
3159,1,10.6,7.499055237675016,27.499055237675016,47.499055237675016,67.49905523767501
3160,1,10.3,10.092111926748352,30.092111926748352,50.09211192674835,70.09211192674834
3161,1,10.7,12.397051205924647,32.39705120592465,52.39705120592465,72.39705120592464
3162,1,10.8,13.549520845512799,33.5495208455128,53.5495208455128,73.5495208455128
3163,1,10.9,13.837638255409832,33.83763825540983,53.83763825540983,73.83763825540983
3164,1,11.3,13.117344730667241,33.11734473066724,53.11734473066724,73.11734473066724
3165,1,11.9,13.117344730667241,33.11734473066724,53.11734473066724,73.11734473066724
3166,2,12.2,11.964875091079092,31.964875091079094,51.964875091079094,71.9648750910791
3167,1,12.8,10.092111926748352,30.092111926748352,50.09211192674835,70.09211192674834
3168,1,12.7,7.643113942623536,27.643113942623536,47.643113942623536,67.64311394262353
3169,1,13.3,30.0991287890411,50.0991287890411,70.0991287890411,90.0991287890411
3170,1,14.0,42.721344087671234,62.721344087671234,82.72134408767124,102.72134408767124
3171,1,13.6,6.922820417880944,26.922820417880942,46.92282041788094,66.92282041788094
3172,1,12.5,6.490644303035387,26.49064430303539,46.49064430303539,66.4906443030354
3173,1,12.6,6.490644303035387,26.49064430303539,46.49064430303539,66.4906443030354
3174,1,12.2,70.17795561598015,90.17795561598015,110.17795561598015,130.17795561598015
3175,1,12.7,7.931231352520573,27.931231352520573,47.93123135252057,67.93123135252057
3176,1,13.4,8.939642287160202,28.939642287160204,48.939642287160204,68.93964228716021
3177,1,14.1,9.37181840200576,29.371818402005758,49.37181840200576,69.37181840200576
3178,2,13.5,9.659935811902795,29.659935811902795,49.6599358119028,69.6599358119028
3179,1,13.3,10.380229336645385,30.380229336645385,50.380229336645385,70.38022933664539
3180,2,13.5,11.388640271285018,31.38864027128502,51.38864027128502,71.38864027128503
3181,1,14.1,12.252992500976127,32.25299250097613,52.25299250097613,72.25299250097612
3182,1,13.7,14.413873075203906,34.41387307520391,54.41387307520391,74.41387307520391
3183,1,14.4,15.42228400984354,35.42228400984354,55.42228400984354,75.42228400984354
3184,2,14.9,12.829227320770205,32.8292273207702,52.8292273207702,72.8292273207702
3185,1,16.1,8.939642287160202,28.939642287160204,48.939642287160204,68.93964228716021
3186,1,14.8,6.34658559808687,26.346585598086868,46.34658559808687,66.34658559808688
3187,1,11.0,30.0991287890411,50.0991287890411,70.0991287890411,90.0991287890411
3188,11,9.8,4.854698191780822,24.854698191780823,44.85469819178083,64.85469819178083
3189,9,9.9,4.854698191780822,24.854698191780823,44.85469819178083,64.85469819178083
3190,1,11.6,69.7457795011346,89.7457795011346,109.7457795011346,129.74577950113462
3191,1,12.9,7.787172647572055,27.787172647572056,47.787172647572056,67.78717264757205
3192,1,13.7,9.083700992108723,29.083700992108724,49.083700992108724,69.08370099210873
3193,1,16.2,11.820816386130574,31.820816386130574,51.82081638613057,71.82081638613057
3194,1,17.6,12.829227320770205,32.8292273207702,52.8292273207702,72.8292273207702
3195,1,18.8,12.973286025718725,32.97328602571872,52.97328602571872,72.97328602571872
3196,1,19.8,12.252992500976127,32.25299250097613,52.25299250097613,72.25299250097612
3197,1,20.1,12.108933796027612,32.108933796027614,52.108933796027614,72.10893379602761
3198,1,20.9,12.541109910873166,32.54110991087317,52.54110991087317,72.54110991087316
3199,1,19.2,12.397051205924647,32.39705120592465,52.39705120592465,72.39705120592464
3200,1,15.3,36.05683604875122,56.05683604875122,76.05683604875122,96.05683604875122
3201,1,12.1,9.083700992108723,29.083700992108724,49.083700992108724,69.08370099210873
3202,1,11.4,8.36340746736613,28.36340746736613,48.36340746736613,68.36340746736613
3203,1,10.6,45.50975983851395,65.50975983851396,85.50975983851396,105.50975983851396
3204,1,10.2,8.507466172314647,28.507466172314647,48.50746617231465,68.50746617231465
3205,2,9.1,9.37181840200576,29.371818402005758,49.37181840200576,69.37181840200576
3206,1,8.6,10.092111926748352,30.092111926748352,50.09211192674835,70.09211192674834
3207,1,8.3,10.380229336645385,30.380229336645385,50.380229336645385,70.38022933664539
3208,1,8.3,10.236170631696872,30.236170631696872,50.23617063169687,70.23617063169687
3209,1,8.3,10.524288041593906,30.524288041593906,50.524288041593906,70.5242880415939
3210,1,8.5,74.3556580594872,94.3556580594872,114.3556580594872,134.3556580594872
3211,1,9.5,12.252992500976127,32.25299250097613,52.25299250097613,72.25299250097612
3212,1,11.7,13.837638255409832,33.83763825540983,53.83763825540983,73.83763825540983
3213,1,12.7,14.125755665306873,34.12575566530687,54.12575566530687,74.12575566530687
3214,1,13.7,14.557931780152426,34.55793178015243,54.55793178015243,74.55793178015243
3215,1,13.9,14.846049190049467,34.84604919004947,54.84604919004947,74.84604919004947
3216,1,14.6,14.846049190049467,34.84604919004947,54.84604919004947,74.84604919004947
3217,1,14.7,14.846049190049467,34.84604919004947,54.84604919004947,74.84604919004947
3218,1,14.3,14.557931780152426,34.55793178015243,54.55793178015243,74.55793178015243
3219,1,14.4,14.26981437025539,34.26981437025539,54.26981437025539,74.26981437025539
3220,1,14.1,13.549520845512799,33.5495208455128,53.5495208455128,73.5495208455128
3221,1,13.1,12.541109910873166,32.54110991087317,52.54110991087317,72.54110991087316
3222,1,11.7,36.633070868545296,56.633070868545296,76.6330708685453,96.6330708685453
3223,1,10.5,9.948053221799833,29.94805322179983,49.94805322179983,69.94805322179982
3224,2,9.2,7.931231352520573,27.931231352520573,47.93123135252057,67.93123135252057
3225,1,8.5,6.634703007983905,26.634703007983905,46.6347030079839,66.6347030079839
3226,1,8.2,44.21323149397728,64.21323149397728,84.21323149397728,104.21323149397728
3227,1,7.9,5.914409483241313,25.914409483241315,45.914409483241315,65.91440948324131
3228,1,8.1,5.050057253550202,25.0500572535502,45.0500572535502,65.0500572535502
3229,1,7.8,5.338174663447239,25.33817466344724,45.33817466344724,65.33817466344723
3230,1,7.9,6.34658559808687,26.346585598086868,46.34658559808687,66.34658559808688
3231,2,8.8,6.058468188189831,26.05846818818983,46.058468188189835,66.05846818818983
3232,2,9.9,5.48223336839576,25.48223336839576,45.48223336839576,65.48223336839575
3233,1,9.9,69.16954468134053,89.16954468134053,109.16954468134053,129.16954468134054
3234,1,10.2,7.066879122829462,27.066879122829462,47.06687912282946,67.06687912282946
3235,2,10.9,8.795583582211684,28.795583582211684,48.795583582211684,68.79558358221169
3236,1,10.3,9.948053221799833,29.94805322179983,49.94805322179983,69.94805322179982
3237,1,9.7,9.803994516851315,29.803994516851315,49.80399451685132,69.80399451685132
3238,1,9.4,9.659935811902795,29.659935811902795,49.6599358119028,69.6599358119028
3239,1,9.9,10.236170631696872,30.236170631696872,50.23617063169687,70.23617063169687
3240,1,10.4,10.092111926748352,30.092111926748352,50.09211192674835,70.09211192674834
3241,1,11.1,10.236170631696872,30.236170631696872,50.23617063169687,70.23617063169687
3242,1,11.0,10.092111926748352,30.092111926748352,50.09211192674835,70.09211192674834
3243,1,11.4,9.37181840200576,29.371818402005758,49.37181840200576,69.37181840200576
3244,1,11.5,8.36340746736613,28.36340746736613,48.36340746736613,68.36340746736613
3245,1,10.6,7.643113942623536,27.643113942623536,47.643113942623536,67.64311394262353
3246,1,9.8,31.446957490398628,51.44695749039863,71.44695749039863,91.44695749039863
3247,21,8.1,4.854698191780822,24.854698191780823,44.85469819178083,64.85469819178083
3248,4,7.8,42.721344087671234,62.721344087671234,82.72134408767124,102.72134408767124
3249,28,7.6,4.854698191780822,24.854698191780823,44.85469819178083,64.85469819178083
3250,4,7.3,67.96577468493152,87.96577468493152,107.96577468493152,127.96577468493152
3251,1,7.4,5.050057253550202,25.0500572535502,45.0500572535502,65.0500572535502
3252,1,7.8,6.34658559808687,26.346585598086868,46.34658559808687,66.34658559808688
3253,1,8.6,7.210937827777981,27.210937827777983,47.21093782777798,67.21093782777798
3254,1,9.1,7.354996532726499,27.3549965327265,47.3549965327265,67.3549965327265
3255,1,9.0,7.643113942623536,27.643113942623536,47.643113942623536,67.64311394262353
3256,1,8.9,8.507466172314647,28.507466172314647,48.50746617231465,68.50746617231465
3257,1,8.5,8.651524877263165,28.651524877263164,48.651524877263164,68.65152487726317
3258,2,8.8,8.21934876241761,28.21934876241761,48.21934876241761,68.21934876241761
3259,1,9.0,8.651524877263165,28.651524877263164,48.651524877263164,68.65152487726317
3260,1,9.4,8.651524877263165,28.651524877263164,48.651524877263164,68.65152487726317
3261,1,9.8,8.507466172314647,28.507466172314647,48.50746617231465,68.50746617231465
3262,1,9.8,8.36340746736613,28.36340746736613,48.36340746736613,68.36340746736613
3263,1,10.4,33.60783806462641,53.60783806462641,73.6078380646264,93.6078380646264
3264,1,11.1,8.651524877263165,28.651524877263164,48.651524877263164,68.65152487726317
3265,1,10.2,8.651524877263165,28.651524877263164,48.651524877263164,68.65152487726317
3266,1,9.4,9.37181840200576,29.371818402005758,49.37181840200576,69.37181840200576
3267,1,10.1,47.23846429789617,67.23846429789617,87.23846429789617,107.23846429789617
3268,1,8.9,9.227759697057241,29.22775969705724,49.22775969705724,69.22775969705724
3269,1,8.6,9.227759697057241,29.22775969705724,49.22775969705724,69.22775969705724
3270,1,8.7,9.227759697057241,29.22775969705724,49.22775969705724,69.22775969705724
3271,1,8.4,9.659935811902795,29.659935811902795,49.6599358119028,69.6599358119028
3272,2,8.2,10.092111926748352,30.092111926748352,50.09211192674835,70.09211192674834
3273,1,8.3,73.77942323969312,93.77942323969312,113.77942323969312,133.77942323969313
3274,1,8.4,11.100522861387981,31.10052286138798,51.10052286138798,71.10052286138799
3275,1,9.4,11.532698976233537,31.532698976233537,51.53269897623353,71.53269897623353
3276,1,10.3,11.964875091079092,31.964875091079094,51.964875091079094,71.9648750910791
3277,1,10.4,12.397051205924647,32.39705120592465,52.39705120592465,72.39705120592464
3278,1,11.0,12.829227320770205,32.8292273207702,52.8292273207702,72.8292273207702
3279,1,12.9,13.117344730667241,33.11734473066724,53.11734473066724,73.11734473066724
3280,1,12.9,13.405462140564278,33.40546214056428,53.40546214056428,73.40546214056428
3281,1,12.8,13.693579550461315,33.693579550461315,53.693579550461315,73.69357955046132
3282,1,13.4,13.837638255409832,33.83763825540983,53.83763825540983,73.83763825540983
3283,1,14.0,13.981696960358352,33.98169696035835,53.98169696035835,73.98169696035835
3284,1,13.9,13.981696960358352,33.98169696035835,53.98169696035835,73.98169696035835
3285,1,13.1,13.693579550461315,33.693579550461315,53.693579550461315,73.69357955046132
3286,1,12.3,39.226127557618625,59.226127557618625,79.22612755761863,99.22612755761863
3287,1,11.9,14.26981437025539,34.26981437025539,54.26981437025539,74.26981437025539
3288,1,11.6,14.413873075203906,34.41387307520391,54.41387307520391,74.41387307520391
3289,1,11.7,14.557931780152426,34.55793178015243,54.55793178015243,74.55793178015243
3290,1,11.6,52.136460266145804,72.1364602661458,92.1364602661458,112.1364602661458
3291,1,11.6,13.837638255409832,33.83763825540983,53.83763825540983,73.83763825540983
3292,1,10.8,14.125755665306873,34.12575566530687,54.12575566530687,74.12575566530687
3293,1,11.1,13.693579550461315,33.693579550461315,53.693579550461315,73.69357955046132
3294,1,10.3,12.973286025718725,32.97328602571872,52.97328602571872,72.97328602571872
3295,1,8.9,12.397051205924647,32.39705120592465,52.39705120592465,72.39705120592464
3296,1,9.7,11.964875091079092,31.964875091079094,51.964875091079094,71.9648750910791
3297,1,8.5,75.07595158422978,95.07595158422978,115.07595158422978,135.07595158422978
3298,1,9.1,12.108933796027612,32.108933796027614,52.108933796027614,72.10893379602761
3299,1,10.8,12.252992500976127,32.25299250097613,52.25299250097613,72.25299250097612
3300,1,11.7,12.541109910873166,32.54110991087317,52.54110991087317,72.54110991087316
3301,1,11.6,12.973286025718725,32.97328602571872,52.97328602571872,72.97328602571872
3302,1,11.8,13.693579550461315,33.693579550461315,53.693579550461315,73.69357955046132
3303,1,13.1,14.125755665306873,34.12575566530687,54.12575566530687,74.12575566530687
3304,1,13.4,14.413873075203906,34.41387307520391,54.41387307520391,74.41387307520391
3305,2,14.0,14.413873075203906,34.41387307520391,54.41387307520391,74.41387307520391
3306,1,14.1,14.413873075203906,34.41387307520391,54.41387307520391,74.41387307520391
3307,1,13.9,13.837638255409832,33.83763825540983,53.83763825540983,73.83763825540983
3308,2,13.5,12.397051205924647,32.39705120592465,52.39705120592465,72.39705120592464
3309,1,13.0,34.616248999266034,54.616248999266034,74.61624899926603,94.61624899926603
3310,1,12.9,6.058468188189831,26.05846818818983,46.058468188189835,66.05846818818983
3311,6,12.5,4.854698191780822,24.854698191780823,44.85469819178083,64.85469819178083
3312,2,12.3,42.721344087671234,62.721344087671234,82.72134408767124,102.72134408767124
3313,9,10.0,4.854698191780822,24.854698191780823,44.85469819178083,64.85469819178083
3314,1,11.8,67.96577468493152,87.96577468493152,107.96577468493152,127.96577468493152
3315,1,11.7,6.778761712932424,26.778761712932422,46.77876171293242,66.77876171293242
3316,1,11.6,10.092111926748352,30.092111926748352,50.09211192674835,70.09211192674834
3317,2,11.5,10.236170631696872,30.236170631696872,50.23617063169687,70.23617063169687
3318,1,11.9,9.803994516851315,29.803994516851315,49.80399451685132,69.80399451685132
3319,2,12.0,10.092111926748352,30.092111926748352,50.09211192674835,70.09211192674834
3320,1,12.0,12.829227320770205,32.8292273207702,52.8292273207702,72.8292273207702
3321,1,12.2,14.26981437025539,34.26981437025539,54.26981437025539,74.26981437025539
3322,1,12.3,13.837638255409832,33.83763825540983,53.83763825540983,73.83763825540983
3323,1,13.2,10.092111926748352,30.092111926748352,50.09211192674835,70.09211192674834
3324,2,13.0,7.066879122829462,27.066879122829462,47.06687912282946,67.06687912282946
3325,1,11.6,30.0991287890411,50.0991287890411,70.0991287890411,90.0991287890411
3326,1,10.4,42.721344087671234,62.721344087671234,82.72134408767124,102.72134408767124
3327,7,10.4,4.854698191780822,24.854698191780823,44.85469819178083,64.85469819178083
3328,1,11.3,6.922820417880944,26.922820417880942,46.92282041788094,66.92282041788094
3329,1,11.9,9.515877106954274,29.515877106954274,49.51587710695428,69.51587710695428
3330,1,13.1,11.964875091079092,31.964875091079094,51.964875091079094,71.9648750910791
3331,1,11.8,13.981696960358352,33.98169696035835,53.98169696035835,73.98169696035835
3332,1,11.5,15.566342714792057,35.56634271479206,55.56634271479206,75.56634271479206
3333,1,11.6,16.574753649431685,36.574753649431685,56.574753649431685,76.57475364943168
3334,1,12.1,17.29504717417428,37.29504717417428,57.29504717417428,77.29504717417427
3335,1,12.3,16.430694944483168,36.430694944483164,56.430694944483164,76.43069494448316
3336,1,12.3,12.685168615821684,32.68516861582168,52.68516861582168,72.68516861582168
3337,1,12.6,7.066879122829462,27.066879122829462,47.06687912282946,67.06687912282946
3338,1,14.1,30.0991287890411,50.0991287890411,70.0991287890411,90.0991287890411
3339,2,14.6,4.854698191780822,24.854698191780823,44.85469819178083,64.85469819178083
3340,1,14.5,4.854698191780822,24.854698191780823,44.85469819178083,64.85469819178083
3341,1,12.9,42.721344087671234,62.721344087671234,82.72134408767124,102.72134408767124
3342,1,10.4,67.96577468493152,87.96577468493152,107.96577468493152,127.96577468493152
3343,1,12.7,4.905998548601684,24.905998548601683,44.90599854860169,64.90599854860169
3344,1,13.4,5.914409483241313,25.914409483241315,45.914409483241315,65.91440948324131
3345,1,14.2,7.643113942623536,27.643113942623536,47.643113942623536,67.64311394262353
3346,1,14.2,8.21934876241761,28.21934876241761,48.21934876241761,68.21934876241761
3347,1,14.8,7.931231352520573,27.931231352520573,47.93123135252057,67.93123135252057
3348,1,16.0,6.490644303035387,26.49064430303539,46.49064430303539,66.4906443030354
3349,1,13.5,30.0991287890411,50.0991287890411,70.0991287890411,90.0991287890411
3350,1,9.8,42.721344087671234,62.721344087671234,82.72134408767124,102.72134408767124
3351,12,9.0,4.854698191780822,24.854698191780823,44.85469819178083,64.85469819178083
3352,2,8.2,67.96577468493152,87.96577468493152,107.96577468493152,127.96577468493152
3353,1,9.7,8.795583582211684,28.795583582211684,48.795583582211684,68.79558358221169
3354,1,10.0,10.092111926748352,30.092111926748352,50.09211192674835,70.09211192674834
3355,1,10.2,11.532698976233537,31.532698976233537,51.53269897623353,71.53269897623353
3356,1,11.1,12.252992500976127,32.25299250097613,52.25299250097613,72.25299250097612
3357,1,12.4,12.541109910873166,32.54110991087317,52.54110991087317,72.54110991087316
3358,2,13.4,12.108933796027612,32.108933796027614,52.108933796027614,72.10893379602761
3359,1,13.7,11.532698976233537,31.532698976233537,51.53269897623353,71.53269897623353
3360,1,13.3,9.515877106954274,29.515877106954274,49.51587710695428,69.51587710695428
3361,1,12.6,5.19411595849872,25.19411595849872,45.19411595849872,65.19411595849871
3362,2,12.1,30.0991287890411,50.0991287890411,70.0991287890411,90.0991287890411
3363,2,8.2,42.721344087671234,62.721344087671234,82.72134408767124,102.72134408767124
3364,2,8.0,67.96577468493152,87.96577468493152,107.96577468493152,127.96577468493152
3365,10,9.6,4.854698191780822,24.854698191780823,44.85469819178083,64.85469819178083
3366,1,9.8,6.634703007983905,26.634703007983905,46.6347030079839,66.6347030079839
3367,1,10.0,8.21934876241761,28.21934876241761,48.21934876241761,68.21934876241761
3368,3,9.8,9.659935811902795,29.659935811902795,49.6599358119028,69.6599358119028
3369,1,9.7,10.812405451490944,30.812405451490946,50.812405451490946,70.81240545149095
3370,1,9.9,11.820816386130574,31.820816386130574,51.82081638613057,71.82081638613057
3371,1,10.3,12.541109910873166,32.54110991087317,52.54110991087317,72.54110991087316
3372,1,10.5,11.820816386130574,31.820816386130574,51.82081638613057,71.82081638613057
3373,2,10.7,8.939642287160202,28.939642287160204,48.939642287160204,68.93964228716021
3374,1,11.2,5.48223336839576,25.48223336839576,45.48223336839576,65.48223336839575
3375,1,10.7,30.0991287890411,50.0991287890411,70.0991287890411,90.0991287890411
3376,1,9.3,7.643113942623536,27.643113942623536,47.643113942623536,67.64311394262353
3377,1,8.8,9.37181840200576,29.371818402005758,49.37181840200576,69.37181840200576
3378,1,9.4,10.956464156439463,30.956464156439463,50.956464156439466,70.95646415643947
3379,1,10.7,12.108933796027612,32.108933796027614,52.108933796027614,72.10893379602761
3380,1,11.2,13.261403435615758,33.26140343561576,53.26140343561576,73.26140343561576
3381,2,10.9,12.397051205924647,32.39705120592465,52.39705120592465,72.39705120592464
3382,1,10.4,8.075290057469092,28.07529005746909,48.07529005746909,68.07529005746909
3383,1,10.6,30.0991287890411,50.0991287890411,70.0991287890411,90.0991287890411
3384,2,8.6,42.721344087671234,62.721344087671234,82.72134408767124,102.72134408767124
3385,1,8.5,4.905998548601684,24.905998548601683,44.90599854860169,64.90599854860169
3386,2,9.0,6.202526893138352,26.20252689313835,46.202526893138355,66.20252689313836
3387,1,9.4,8.795583582211684,28.795583582211684,48.795583582211684,68.79558358221169
3388,1,10.0,10.812405451490944,30.812405451490946,50.812405451490946,70.81240545149095
3389,1,10.3,11.820816386130574,31.820816386130574,51.82081638613057,71.82081638613057
3390,1,11.0,11.388640271285018,31.38864027128502,51.38864027128502,71.38864027128503
3391,1,10.8,7.499055237675016,27.499055237675016,47.499055237675016,67.49905523767501
3392,1,9.4,30.0991287890411,50.0991287890411,70.0991287890411,90.0991287890411
3393,3,6.8,67.96577468493152,87.96577468493152,107.96577468493152,127.96577468493152
3394,1,7.9,6.202526893138352,26.20252689313835,46.202526893138355,66.20252689313836
3395,2,8.0,7.066879122829462,27.066879122829462,47.06687912282946,67.06687912282946
3396,1,8.2,7.354996532726499,27.3549965327265,47.3549965327265,67.3549965327265
3397,1,8.0,9.083700992108723,29.083700992108724,49.083700992108724,69.08370099210873
3398,1,8.4,8.795583582211684,28.795583582211684,48.795583582211684,68.79558358221169
3399,1,8.6,5.050057253550202,25.0500572535502,45.0500572535502,65.0500572535502
3400,2,7.4,30.0991287890411,50.0991287890411,70.0991287890411,90.0991287890411
3401,4,6.9,42.721344087671234,62.721344087671234,82.72134408767124,102.72134408767124
3402,24,6.3,4.854698191780822,24.854698191780823,44.85469819178083,64.85469819178083
3403,49,5.9,4.854698191780822,24.854698191780823,44.85469819178083,64.85469819178083
3404,63,5.7,4.854698191780822,24.854698191780823,44.85469819178083,64.85469819178083
3405,63,5.8,4.854698191780822,24.854698191780823,44.85469819178083,64.85469819178083
3406,2,5.8,67.96577468493152,87.96577468493152,107.96577468493152,127.96577468493152
3407,57,5.5,4.854698191780822,24.854698191780823,44.85469819178083,64.85469819178083
3408,1,5.5,5.19411595849872,25.19411595849872,45.19411595849872,65.19411595849871
3409,1,5.4,6.34658559808687,26.346585598086868,46.34658559808687,66.34658559808688
3410,1,5.5,7.210937827777981,27.210937827777983,47.21093782777798,67.21093782777798
3411,1,5.6,6.202526893138352,26.20252689313835,46.202526893138355,66.20252689313836
3412,25,6.1,4.854698191780822,24.854698191780823,44.85469819178083,64.85469819178083
3413,3,6.0,30.0991287890411,50.0991287890411,70.0991287890411,90.0991287890411
3414,34,6.0,4.854698191780822,24.854698191780823,44.85469819178083,64.85469819178083
3415,46,6.2,4.854698191780822,24.854698191780823,44.85469819178083,64.85469819178083
3416,2,6.4,42.721344087671234,62.721344087671234,82.72134408767124,102.72134408767124
3417,35,6.4,4.854698191780822,24.854698191780823,44.85469819178083,64.85469819178083
3418,2,6.9,67.96577468493152,87.96577468493152,107.96577468493152,127.96577468493152
3419,19,7.4,4.854698191780822,24.854698191780823,44.85469819178083,64.85469819178083
3420,2,8.8,30.0991287890411,50.0991287890411,70.0991287890411,90.0991287890411
3421,4,8.3,42.721344087671234,62.721344087671234,82.72134408767124,102.72134408767124
3422,3,7.9,67.96577468493152,87.96577468493152,107.96577468493152,127.96577468493152
3423,2,9.2,30.0991287890411,50.0991287890411,70.0991287890411,90.0991287890411
3424,2,7.0,42.721344087671234,62.721344087671234,82.72134408767124,102.72134408767124
3425,3,7.0,67.96577468493152,87.96577468493152,107.96577468493152,127.96577468493152
3426,1,9.1,5.338174663447239,25.33817466344724,45.33817466344724,65.33817466344723
3427,1,9.3,4.905998548601684,24.905998548601683,44.90599854860169,64.90599854860169
3428,2,9.6,30.0991287890411,50.0991287890411,70.0991287890411,90.0991287890411
3429,2,7.2,42.721344087671234,62.721344087671234,82.72134408767124,102.72134408767124
3430,1,7.3,5.050057253550202,25.0500572535502,45.0500572535502,65.0500572535502
3431,1,7.3,5.770350778292794,25.770350778292794,45.770350778292794,65.7703507782928
3432,1,8.2,5.48223336839576,25.48223336839576,45.48223336839576,65.48223336839575
3433,1,8.2,30.0991287890411,50.0991287890411,70.0991287890411,90.0991287890411
3434,2,6.8,42.721344087671234,62.721344087671234,82.72134408767124,102.72134408767124
3435,44,5.4,4.854698191780822,24.854698191780823,44.85469819178083,64.85469819178083
3436,2,5.3,67.96577468493152,87.96577468493152,107.96577468493152,127.96577468493152
3437,42,4.9,4.854698191780822,24.854698191780823,44.85469819178083,64.85469819178083
3438,1,6.1,30.0991287890411,50.0991287890411,70.0991287890411,90.0991287890411
3439,3,5.8,42.721344087671234,62.721344087671234,82.72134408767124,102.72134408767124
3440,60,5.6,4.854698191780822,24.854698191780823,44.85469819178083,64.85469819178083
3441,3,5.7,67.96577468493152,87.96577468493152,107.96577468493152,127.96577468493152
3442,2,5.9,30.0991287890411,50.0991287890411,70.0991287890411,90.0991287890411
3443,2,6.5,42.721344087671234,62.721344087671234,82.72134408767124,102.72134408767124
3444,1,7.6,6.058468188189831,26.05846818818983,46.058468188189835,66.05846818818983
3445,1,7.4,6.922820417880944,26.922820417880942,46.92282041788094,66.92282041788094
3446,1,8.5,7.210937827777981,27.210937827777983,47.21093782777798,67.21093782777798
3447,1,7.8,7.210937827777981,27.210937827777983,47.21093782777798,67.21093782777798
3448,1,7.6,7.499055237675016,27.499055237675016,47.499055237675016,67.49905523767501
3449,1,8.0,6.634703007983905,26.634703007983905,46.6347030079839,66.6347030079839
3450,1,7.6,5.48223336839576,25.48223336839576,45.48223336839576,65.48223336839575
3451,1,8.9,30.0991287890411,50.0991287890411,70.0991287890411,90.0991287890411
3452,1,6.7,42.721344087671234,62.721344087671234,82.72134408767124,102.72134408767124
3453,2,7.7,67.96577468493152,87.96577468493152,107.96577468493152,127.96577468493152
3454,2,9.1,5.48223336839576,25.48223336839576,45.48223336839576,65.48223336839575
3455,1,9.4,5.050057253550202,25.0500572535502,45.0500572535502,65.0500572535502
3456,1,8.6,30.0991287890411,50.0991287890411,70.0991287890411,90.0991287890411
3457,1,6.6,5.19411595849872,25.19411595849872,45.19411595849872,65.19411595849871
3458,1,6.5,6.922820417880944,26.922820417880942,46.92282041788094,66.92282041788094
3459,1,6.4,8.36340746736613,28.36340746736613,48.36340746736613,68.36340746736613
3460,1,7.0,9.227759697057241,29.22775969705724,49.22775969705724,69.22775969705724
3461,1,7.3,8.075290057469092,28.07529005746909,48.07529005746909,68.07529005746909
3462,1,6.9,5.19411595849872,25.19411595849872,45.19411595849872,65.19411595849871
3463,1,7.8,30.0991287890411,50.0991287890411,70.0991287890411,90.0991287890411
3464,4,6.3,42.721344087671234,62.721344087671234,82.72134408767124,102.72134408767124
3465,4,5.8,30.0991287890411,50.0991287890411,70.0991287890411,90.0991287890411
3466,3,6.1,42.721344087671234,62.721344087671234,82.72134408767124,102.72134408767124
3467,6,5.4,67.96577468493152,87.96577468493152,107.96577468493152,127.96577468493152
3468,44,5.2,4.854698191780822,24.854698191780823,44.85469819178083,64.85469819178083
3469,58,5.3,4.854698191780822,24.854698191780823,44.85469819178083,64.85469819178083
3470,1,5.7,30.0991287890411,50.0991287890411,70.0991287890411,90.0991287890411
3471,2,7.7,42.721344087671234,62.721344087671234,82.72134408767124,102.72134408767124
3472,3,6.1,67.96577468493152,87.96577468493152,107.96577468493152,127.96577468493152
3473,2,7.3,30.0991287890411,50.0991287890411,70.0991287890411,90.0991287890411
3474,1,7.2,67.96577468493152,87.96577468493152,107.96577468493152,127.96577468493152
3475,1,8.0,30.0991287890411,50.0991287890411,70.0991287890411,90.0991287890411
3476,1,6.3,67.96577468493152,87.96577468493152,107.96577468493152,127.96577468493152
3477,2,7.6,30.0991287890411,50.0991287890411,70.0991287890411,90.0991287890411
3478,2,6.0,67.96577468493152,87.96577468493152,107.96577468493152,127.96577468493152
3479,47,5.0,4.854698191780822,24.854698191780823,44.85469819178083,64.85469819178083
3480,60,4.7,4.854698191780822,24.854698191780823,44.85469819178083,64.85469819178083
3481,6,4.8,30.0991287890411,50.0991287890411,70.0991287890411,90.0991287890411
3482,3,4.8,67.96577468493152,87.96577468493152,107.96577468493152,127.96577468493152
3483,45,4.6,4.854698191780822,24.854698191780823,44.85469819178083,64.85469819178083
3484,48,4.8,4.854698191780822,24.854698191780823,44.85469819178083,64.85469819178083
3485,67,4.4,4.854698191780822,24.854698191780823,44.85469819178083,64.85469819178083
3486,4,4.5,30.0991287890411,50.0991287890411,70.0991287890411,90.0991287890411
3487,4,5.3,42.721344087671234,62.721344087671234,82.72134408767124,102.72134408767124
3488,2,5.1,67.96577468493152,87.96577468493152,107.96577468493152,127.96577468493152
3489,57,5.1,4.854698191780822,24.854698191780823,44.85469819178083,64.85469819178083
3490,51,4.5,4.854698191780822,24.854698191780823,44.85469819178083,64.85469819178083
3491,53,4.3,4.854698191780822,24.854698191780823,44.85469819178083,64.85469819178083
3492,9,5.1,30.0991287890411,50.0991287890411,70.0991287890411,90.0991287890411
3493,3,5.5,42.721344087671234,62.721344087671234,82.72134408767124,102.72134408767124
3494,5,5.5,67.96577468493152,87.96577468493152,107.96577468493152,127.96577468493152
3495,42,4.2,4.854698191780822,24.854698191780823,44.85469819178083,64.85469819178083
3496,7,4.7,42.721344087671234,62.721344087671234,82.72134408767124,102.72134408767124
3497,1,5.9,67.96577468493152,87.96577468493152,107.96577468493152,127.96577468493152
3498,4,5.4,42.721344087671234,62.721344087671234,82.72134408767124,102.72134408767124
3499,1,5.6,30.0991287890411,50.0991287890411,70.0991287890411,90.0991287890411
3500,2,5.6,42.721344087671234,62.721344087671234,82.72134408767124,102.72134408767124
3501,1,6.2,30.0991287890411,50.0991287890411,70.0991287890411,90.0991287890411
3502,1,5.6,67.96577468493152,87.96577468493152,107.96577468493152,127.96577468493152
3503,1,4.9,4.905998548601684,24.905998548601683,44.90599854860169,64.90599854860169
3504,1,5.0,5.338174663447239,25.33817466344724,45.33817466344724,65.33817466344723
3505,1,4.5,4.905998548601684,24.905998548601683,44.90599854860169,64.90599854860169
3506,3,4.9,30.0991287890411,50.0991287890411,70.0991287890411,90.0991287890411
3507,1,4.9,67.96577468493152,87.96577468493152,107.96577468493152,127.96577468493152
3508,1,5.3,5.338174663447239,25.33817466344724,45.33817466344724,65.33817466344723
3509,2,4.4,30.0991287890411,50.0991287890411,70.0991287890411,90.0991287890411
3510,2,6.2,5.338174663447239,25.33817466344724,45.33817466344724,65.33817466344723
3511,1,6.5,5.770350778292794,25.770350778292794,45.770350778292794,65.7703507782928
3512,1,6.6,5.338174663447239,25.33817466344724,45.33817466344724,65.33817466344723
3513,5,5.2,67.96577468493152,87.96577468493152,107.96577468493152,127.96577468493152
3514,1,6.5,30.0991287890411,50.0991287890411,70.0991287890411,90.0991287890411
3515,1,5.9,42.721344087671234,62.721344087671234,82.72134408767124,102.72134408767124
3516,1,7.1,30.0991287890411,50.0991287890411,70.0991287890411,90.0991287890411
3517,3,5.7,42.721344087671234,62.721344087671234,82.72134408767124,102.72134408767124
3518,2,6.3,30.0991287890411,50.0991287890411,70.0991287890411,90.0991287890411
3519,2,4.6,67.96577468493152,87.96577468493152,107.96577468493152,127.96577468493152
3520,2,4.7,67.96577468493152,87.96577468493152,107.96577468493152,127.96577468493152
3521,5,4.3,30.0991287890411,50.0991287890411,70.0991287890411,90.0991287890411
3522,2,6.7,67.96577468493152,87.96577468493152,107.96577468493152,127.96577468493152
3523,4,6.6,30.0991287890411,50.0991287890411,70.0991287890411,90.0991287890411
3524,3,4.1,67.96577468493152,87.96577468493152,107.96577468493152,127.96577468493152
3525,34,4.0,4.854698191780822,24.854698191780823,44.85469819178083,64.85469819178083
3526,28,3.9,4.854698191780822,24.854698191780823,44.85469819178083,64.85469819178083
3527,4,4.2,42.721344087671234,62.721344087671234,82.72134408767124,102.72134408767124
3528,32,4.1,4.854698191780822,24.854698191780823,44.85469819178083,64.85469819178083
3529,3,4.2,67.96577468493152,87.96577468493152,107.96577468493152,127.96577468493152
3530,2,4.3,42.721344087671234,62.721344087671234,82.72134408767124,102.72134408767124
3531,7,4.4,67.96577468493152,87.96577468493152,107.96577468493152,127.96577468493152
3532,2,5.4,30.0991287890411,50.0991287890411,70.0991287890411,90.0991287890411
3533,2,4.9,42.721344087671234,62.721344087671234,82.72134408767124,102.72134408767124
3534,1,5.3,30.0991287890411,50.0991287890411,70.0991287890411,90.0991287890411
3535,2,4.6,42.721344087671234,62.721344087671234,82.72134408767124,102.72134408767124
3536,14,3.8,4.854698191780822,24.854698191780823,44.85469819178083,64.85469819178083
3537,1,4.4,42.721344087671234,62.721344087671234,82.72134408767124,102.72134408767124
3538,1,3.9,5.19411595849872,25.19411595849872,45.19411595849872,65.19411595849871
3539,1,4.0,6.634703007983905,26.634703007983905,46.6347030079839,66.6347030079839
3540,1,4.4,7.210937827777981,27.210937827777983,47.21093782777798,67.21093782777798
3541,1,4.7,4.905998548601684,24.905998548601683,44.90599854860169,64.90599854860169
3542,1,4.1,30.0991287890411,50.0991287890411,70.0991287890411,90.0991287890411
3543,2,4.3,67.96577468493152,87.96577468493152,107.96577468493152,127.96577468493152
3544,1,4.2,30.0991287890411,50.0991287890411,70.0991287890411,90.0991287890411
3545,2,4.1,42.721344087671234,62.721344087671234,82.72134408767124,102.72134408767124
3546,7,4.0,67.96577468493152,87.96577468493152,107.96577468493152,127.96577468493152
3547,19,3.7,4.854698191780822,24.854698191780823,44.85469819178083,64.85469819178083
3548,1,3.5,6.490644303035387,26.49064430303539,46.49064430303539,66.4906443030354
3549,2,3.6,7.787172647572055,27.787172647572056,47.787172647572056,67.78717264757205
3550,1,3.8,8.21934876241761,28.21934876241761,48.21934876241761,68.21934876241761
3551,1,3.9,8.075290057469092,28.07529005746909,48.07529005746909,68.07529005746909
3552,1,4.0,6.202526893138352,26.20252689313835,46.202526893138355,66.20252689313836
3553,1,3.8,30.0991287890411,50.0991287890411,70.0991287890411,90.0991287890411
3554,1,3.8,42.721344087671234,62.721344087671234,82.72134408767124,102.72134408767124
3555,18,3.6,4.854698191780822,24.854698191780823,44.85469819178083,64.85469819178083
3556,2,3.7,5.914409483241313,25.914409483241315,45.914409483241315,65.91440948324131
3557,2,3.5,7.787172647572055,27.787172647572056,47.787172647572056,67.78717264757205
3558,1,3.3,7.643113942623536,27.643113942623536,47.643113942623536,67.64311394262353
3559,1,3.3,6.778761712932424,26.778761712932422,46.77876171293242,66.77876171293242
3560,10,3.4,4.854698191780822,24.854698191780823,44.85469819178083,64.85469819178083
3561,6,3.3,4.854698191780822,24.854698191780823,44.85469819178083,64.85469819178083
3562,21,3.5,4.854698191780822,24.854698191780823,44.85469819178083,64.85469819178083
3563,2,3.6,30.0991287890411,50.0991287890411,70.0991287890411,90.0991287890411
3564,3,3.6,42.721344087671234,62.721344087671234,82.72134408767124,102.72134408767124
3565,1,3.7,67.96577468493152,87.96577468493152,107.96577468493152,127.96577468493152
3566,10,3.2,4.854698191780822,24.854698191780823,44.85469819178083,64.85469819178083
3567,1,3.1,5.050057253550202,25.0500572535502,45.0500572535502,65.0500572535502
3568,2,3.1,4.854698191780822,24.854698191780823,44.85469819178083,64.85469819178083
3569,1,3.2,30.0991287890411,50.0991287890411,70.0991287890411,90.0991287890411
3570,2,3.5,6.922820417880944,26.922820417880942,46.92282041788094,66.92282041788094
3571,1,3.4,7.499055237675016,27.499055237675016,47.499055237675016,67.49905523767501
3572,2,3.7,7.787172647572055,27.787172647572056,47.787172647572056,67.78717264757205
3573,1,3.6,7.499055237675016,27.499055237675016,47.499055237675016,67.49905523767501
3574,2,3.8,4.905998548601684,24.905998548601683,44.90599854860169,64.90599854860169
3575,1,3.5,30.0991287890411,50.0991287890411,70.0991287890411,90.0991287890411
3576,2,3.7,42.721344087671234,62.721344087671234,82.72134408767124,102.72134408767124
3577,2,3.6,67.96577468493152,87.96577468493152,107.96577468493152,127.96577468493152
3578,1,3.0,4.854698191780822,24.854698191780823,44.85469819178083,64.85469819178083
3579,1,3.3,30.0991287890411,50.0991287890411,70.0991287890411,90.0991287890411
3580,1,3.8,67.96577468493152,87.96577468493152,107.96577468493152,127.96577468493152
3581,3,4.0,42.721344087671234,62.721344087671234,82.72134408767124,102.72134408767124
3582,3,5.2,30.0991287890411,50.0991287890411,70.0991287890411,90.0991287890411
3583,3,5.1,42.721344087671234,62.721344087671234,82.72134408767124,102.72134408767124
3584,1,4.0,5.050057253550202,25.0500572535502,45.0500572535502,65.0500572535502
3585,1,3.9,6.058468188189831,26.05846818818983,46.058468188189835,66.05846818818983
3586,1,4.1,6.202526893138352,26.20252689313835,46.202526893138355,66.20252689313836
3587,1,4.1,6.058468188189831,26.05846818818983,46.058468188189835,66.05846818818983
3588,1,3.6,8.36340746736613,28.36340746736613,48.36340746736613,68.36340746736613
3589,1,3.7,9.227759697057241,29.22775969705724,49.22775969705724,69.22775969705724
3590,1,4.1,4.905998548601684,24.905998548601683,44.90599854860169,64.90599854860169
3591,1,4.1,5.770350778292794,25.770350778292794,45.770350778292794,65.7703507782928
3592,2,3.9,6.490644303035387,26.49064430303539,46.49064430303539,66.4906443030354
3593,1,3.8,7.066879122829462,27.066879122829462,47.06687912282946,67.06687912282946
3594,1,4.1,7.499055237675016,27.499055237675016,47.499055237675016,67.49905523767501
3595,1,3.5,7.066879122829462,27.066879122829462,47.06687912282946,67.06687912282946
3596,1,3.3,6.634703007983905,26.634703007983905,46.6347030079839,66.6347030079839
3597,1,3.6,7.354996532726499,27.3549965327265,47.3549965327265,67.3549965327265
3598,1,3.7,6.490644303035387,26.49064430303539,46.49064430303539,66.4906443030354
3599,1,4.1,5.48223336839576,25.48223336839576,45.48223336839576,65.48223336839575
3600,1,3.8,6.778761712932424,26.778761712932422,46.77876171293242,66.77876171293242
3601,1,3.2,8.939642287160202,28.939642287160204,48.939642287160204,68.93964228716021
3602,1,3.3,9.948053221799833,29.94805322179983,49.94805322179983,69.94805322179982
3603,1,3.9,8.36340746736613,28.36340746736613,48.36340746736613,68.36340746736613
3604,1,4.4,5.050057253550202,25.0500572535502,45.0500572535502,65.0500572535502
3605,1,4.3,6.778761712932424,26.778761712932422,46.77876171293242,66.77876171293242
3606,1,4.6,8.507466172314647,28.507466172314647,48.50746617231465,68.50746617231465
3607,1,4.7,9.948053221799833,29.94805322179983,49.94805322179983,69.94805322179982
3608,1,4.9,11.100522861387981,31.10052286138798,51.10052286138798,71.10052286138799
3609,1,5.1,11.820816386130574,31.820816386130574,51.82081638613057,71.82081638613057
3610,1,5.5,10.668346746542426,30.668346746542426,50.668346746542426,70.66834674654243
3611,1,5.6,5.914409483241313,25.914409483241315,45.914409483241315,65.91440948324131
3612,1,5.3,5.19411595849872,25.19411595849872,45.19411595849872,65.19411595849871
3613,1,5.8,5.626292073344276,25.626292073344274,45.626292073344274,65.62629207334427
3614,1,5.0,42.721344087671234,62.721344087671234,82.72134408767124,102.72134408767124
3615,3,5.0,67.96577468493152,87.96577468493152,107.96577468493152,127.96577468493152
3616,1,4.5,67.96577468493152,87.96577468493152,107.96577468493152,127.96577468493152
3617,1,4.9,5.19411595849872,25.19411595849872,45.19411595849872,65.19411595849871
3618,1,4.0,5.770350778292794,25.770350778292794,45.770350778292794,65.7703507782928
3619,1,3.8,6.202526893138352,26.20252689313835,46.202526893138355,66.20252689313836
3620,1,3.8,6.922820417880944,26.922820417880942,46.92282041788094,66.92282041788094
3621,1,4.0,7.643113942623536,27.643113942623536,47.643113942623536,67.64311394262353
3622,1,4.2,7.354996532726499,27.3549965327265,47.3549965327265,67.3549965327265
3623,3,4.6,30.0991287890411,50.0991287890411,70.0991287890411,90.0991287890411
3624,1,7.1,42.721344087671234,62.721344087671234,82.72134408767124,102.72134408767124
3625,1,4.8,5.626292073344276,25.626292073344274,45.626292073344274,65.62629207334427
3626,1,3.2,5.48223336839576,25.48223336839576,45.48223336839576,65.48223336839575
3627,1,4.8,42.721344087671234,62.721344087671234,82.72134408767124,102.72134408767124
3628,1,5.7,5.19411595849872,25.19411595849872,45.19411595849872,65.19411595849871
3629,1,5.4,5.338174663447239,25.33817466344724,45.33817466344724,65.33817466344723
3630,1,5.0,5.914409483241313,25.914409483241315,45.914409483241315,65.91440948324131
3631,1,5.3,6.058468188189831,26.05846818818983,46.058468188189835,66.05846818818983
3632,1,4.9,6.058468188189831,26.05846818818983,46.058468188189835,66.05846818818983
3633,1,5.2,5.770350778292794,25.770350778292794,45.770350778292794,65.7703507782928
3634,1,5.1,6.202526893138352,26.20252689313835,46.202526893138355,66.20252689313836
3635,1,5.1,6.634703007983905,26.634703007983905,46.6347030079839,66.6347030079839
3636,1,5.5,6.778761712932424,26.778761712932422,46.77876171293242,66.77876171293242
3637,1,5.0,31.591016195347148,51.59101619534715,71.59101619534715,91.59101619534715
3638,2,5.4,4.905998548601684,24.905998548601683,44.90599854860169,64.90599854860169
3639,1,4.5,5.19411595849872,25.19411595849872,45.19411595849872,65.19411595849871
3640,1,4.3,5.770350778292794,25.770350778292794,45.770350778292794,65.7703507782928
3641,1,4.0,6.922820417880944,26.922820417880942,46.92282041788094,66.92282041788094
3642,1,4.0,7.066879122829462,27.066879122829462,47.06687912282946,67.06687912282946
3643,1,3.7,6.202526893138352,26.20252689313835,46.202526893138355,66.20252689313836
3644,2,5.2,42.721344087671234,62.721344087671234,82.72134408767124,102.72134408767124
3645,1,5.5,5.914409483241313,25.914409483241315,45.914409483241315,65.91440948324131
3646,1,4.8,7.787172647572055,27.787172647572056,47.787172647572056,67.78717264757205
3647,1,4.5,8.075290057469092,28.07529005746909,48.07529005746909,68.07529005746909
3648,1,4.3,7.066879122829462,27.066879122829462,47.06687912282946,67.06687912282946
3649,1,4.5,6.34658559808687,26.346585598086868,46.34658559808687,66.34658559808688
3650,1,4.6,7.499055237675016,27.499055237675016,47.499055237675016,67.49905523767501
3651,1,4.5,8.939642287160202,28.939642287160204,48.939642287160204,68.93964228716021
3652,1,4.3,6.922820417880944,26.922820417880942,46.92282041788094,66.92282041788094
3653,1,6.2,67.96577468493152,87.96577468493152,107.96577468493152,127.96577468493152
3654,2,6.1,7.210937827777981,27.210937827777983,47.21093782777798,67.21093782777798
3655,1,6.4,8.651524877263165,28.651524877263164,48.651524877263164,68.65152487726317
3656,1,6.4,9.227759697057241,29.22775969705724,49.22775969705724,69.22775969705724
3657,1,5.2,8.939642287160202,28.939642287160204,48.939642287160204,68.93964228716021
3658,1,5.5,10.380229336645385,30.380229336645385,50.380229336645385,70.38022933664539
3659,1,5.5,11.532698976233537,31.532698976233537,51.53269897623353,71.53269897623353
3660,1,6.1,11.964875091079092,31.964875091079094,51.964875091079094,71.9648750910791
3661,1,6.2,12.108933796027612,32.108933796027614,52.108933796027614,72.10893379602761
3662,1,6.2,12.685168615821684,32.68516861582168,52.68516861582168,72.68516861582168
3663,1,5.9,10.092111926748352,30.092111926748352,50.09211192674835,70.09211192674834
3664,1,6.8,30.0991287890411,50.0991287890411,70.0991287890411,90.0991287890411
3665,2,6.2,42.721344087671234,62.721344087671234,82.72134408767124,102.72134408767124
3666,1,5.2,4.905998548601684,24.905998548601683,44.90599854860169,64.90599854860169
3667,1,5.2,5.338174663447239,25.33817466344724,45.33817466344724,65.33817466344723
3668,1,5.9,6.634703007983905,26.634703007983905,46.6347030079839,66.6347030079839
3669,2,5.7,7.643113942623536,27.643113942623536,47.643113942623536,67.64311394262353
3670,1,5.9,8.507466172314647,28.507466172314647,48.50746617231465,68.50746617231465
3671,1,5.4,10.236170631696872,30.236170631696872,50.23617063169687,70.23617063169687
3672,1,5.7,10.668346746542426,30.668346746542426,50.668346746542426,70.66834674654243
3673,1,5.6,9.227759697057241,29.22775969705724,49.22775969705724,69.22775969705724
3674,1,5.7,7.210937827777981,27.210937827777983,47.21093782777798,67.21093782777798
3675,1,6.1,30.29448785081048,50.294487850810484,70.29448785081048,90.29448785081048
3676,1,5.6,6.058468188189831,26.05846818818983,46.058468188189835,66.05846818818983
3677,1,5.4,7.354996532726499,27.3549965327265,47.3549965327265,67.3549965327265
3678,1,5.5,9.227759697057241,29.22775969705724,49.22775969705724,69.22775969705724
3679,1,5.9,10.956464156439463,30.956464156439463,50.956464156439466,70.95646415643947
3680,1,6.3,11.676757681182053,31.676757681182053,51.67675768118205,71.67675768118205
3681,1,6.3,11.964875091079092,31.964875091079094,51.964875091079094,71.9648750910791
3682,1,6.6,12.397051205924647,32.39705120592465,52.39705120592465,72.39705120592464
3683,1,6.4,13.405462140564278,33.40546214056428,53.40546214056428,73.40546214056428
3684,1,6.7,13.693579550461315,33.693579550461315,53.693579550461315,73.69357955046132
3685,1,6.3,11.388640271285018,31.38864027128502,51.38864027128502,71.38864027128503
3686,1,6.8,6.922820417880944,26.922820417880942,46.92282041788094,66.92282041788094
3687,1,6.0,42.721344087671234,62.721344087671234,82.72134408767124,102.72134408767124
3688,1,6.2,5.19411595849872,25.19411595849872,45.19411595849872,65.19411595849871
3689,1,5.7,5.770350778292794,25.770350778292794,45.770350778292794,65.7703507782928
3690,1,5.7,69.88983820608311,89.88983820608311,109.88983820608311,129.8898382060831
3691,1,5.8,7.354996532726499,27.3549965327265,47.3549965327265,67.3549965327265
3692,1,5.9,7.066879122829462,27.066879122829462,47.06687912282946,67.06687912282946
3693,1,6.1,6.778761712932424,26.778761712932422,46.77876171293242,66.77876171293242
3694,1,6.0,6.634703007983905,26.634703007983905,46.6347030079839,66.6347030079839
3695,1,6.8,6.634703007983905,26.634703007983905,46.6347030079839,66.6347030079839
3696,1,6.2,6.34658559808687,26.346585598086868,46.34658559808687,66.34658559808688
3697,1,6.3,5.770350778292794,25.770350778292794,45.770350778292794,65.7703507782928
3698,1,4.7,30.0991287890411,50.0991287890411,70.0991287890411,90.0991287890411
3699,1,6.4,67.96577468493152,87.96577468493152,107.96577468493152,127.96577468493152
3700,1,7.6,6.34658559808687,26.346585598086868,46.34658559808687,66.34658559808688
3701,1,7.9,6.634703007983905,26.634703007983905,46.6347030079839,66.6347030079839
3702,1,8.9,7.499055237675016,27.499055237675016,47.499055237675016,67.49905523767501
3703,1,8.6,8.21934876241761,28.21934876241761,48.21934876241761,68.21934876241761
3704,1,8.8,8.795583582211684,28.795583582211684,48.795583582211684,68.79558358221169
3705,1,9.0,8.939642287160202,28.939642287160204,48.939642287160204,68.93964228716021
3706,1,9.5,9.37181840200576,29.371818402005758,49.37181840200576,69.37181840200576
3707,1,9.8,9.515877106954274,29.515877106954274,49.51587710695428,69.51587710695428
3708,1,10.1,8.21934876241761,28.21934876241761,48.21934876241761,68.21934876241761
3709,1,10.7,5.19411595849872,25.19411595849872,45.19411595849872,65.19411595849871
3710,1,9.9,30.0991287890411,50.0991287890411,70.0991287890411,90.0991287890411
3711,1,7.0,5.770350778292794,25.770350778292794,45.770350778292794,65.7703507782928
3712,1,7.0,7.931231352520573,27.931231352520573,47.93123135252057,67.93123135252057
3713,1,7.3,9.37181840200576,29.371818402005758,49.37181840200576,69.37181840200576
3714,1,7.8,10.380229336645385,30.380229336645385,50.380229336645385,70.38022933664539
3715,1,7.8,10.524288041593906,30.524288041593906,50.524288041593906,70.5242880415939
3716,1,7.8,10.668346746542426,30.668346746542426,50.668346746542426,70.66834674654243
3717,1,8.0,10.956464156439463,30.956464156439463,50.956464156439466,70.95646415643947
3718,1,8.2,10.524288041593906,30.524288041593906,50.524288041593906,70.5242880415939
3719,1,8.3,10.092111926748352,30.092111926748352,50.09211192674835,70.09211192674834
3720,1,10.3,5.338174663447239,25.33817466344724,45.33817466344724,65.33817466344723
3721,1,11.1,30.0991287890411,50.0991287890411,70.0991287890411,90.0991287890411
3722,1,7.1,5.19411595849872,25.19411595849872,45.19411595849872,65.19411595849871
3723,1,7.7,6.634703007983905,26.634703007983905,46.6347030079839,66.6347030079839
3724,2,8.1,7.499055237675016,27.499055237675016,47.499055237675016,67.49905523767501
3725,1,8.7,6.202526893138352,26.20252689313835,46.202526893138355,66.20252689313836
3726,1,8.7,5.338174663447239,25.33817466344724,45.33817466344724,65.33817466344723
3727,1,8.5,5.19411595849872,25.19411595849872,45.19411595849872,65.19411595849871
3728,1,8.7,5.19411595849872,25.19411595849872,45.19411595849872,65.19411595849871
3729,1,9.6,6.778761712932424,26.778761712932422,46.77876171293242,66.77876171293242
3730,2,10.5,7.787172647572055,27.787172647572056,47.787172647572056,67.78717264757205
3731,1,11.0,8.36340746736613,28.36340746736613,48.36340746736613,68.36340746736613
3732,2,11.5,8.075290057469092,28.07529005746909,48.07529005746909,68.07529005746909
3733,1,13.0,5.48223336839576,25.48223336839576,45.48223336839576,65.48223336839575
3734,1,9.2,42.721344087671234,62.721344087671234,82.72134408767124,102.72134408767124
3735,1,9.0,6.058468188189831,26.05846818818983,46.058468188189835,66.05846818818983
3736,1,9.5,7.210937827777981,27.210937827777983,47.21093782777798,67.21093782777798
3737,1,10.1,8.507466172314647,28.507466172314647,48.50746617231465,68.50746617231465
3738,2,9.2,9.803994516851315,29.803994516851315,49.80399451685132,69.80399451685132
3739,1,9.0,10.236170631696872,30.236170631696872,50.23617063169687,70.23617063169687
3740,2,8.9,11.2445815663365,31.2445815663365,51.2445815663365,71.2445815663365
3741,1,8.5,12.829227320770205,32.8292273207702,52.8292273207702,72.8292273207702
3742,1,8.5,13.405462140564278,33.40546214056428,53.40546214056428,73.40546214056428
3743,1,8.9,14.26981437025539,34.26981437025539,54.26981437025539,74.26981437025539
3744,1,9.5,12.685168615821684,32.68516861582168,52.68516861582168,72.68516861582168
3745,1,10.4,31.446957490398628,51.44695749039863,71.44695749039863,91.44695749039863
3746,1,12.1,5.050057253550202,25.0500572535502,45.0500572535502,65.0500572535502
3747,1,12.0,5.770350778292794,25.770350778292794,45.770350778292794,65.7703507782928
3748,1,12.1,5.48223336839576,25.48223336839576,45.48223336839576,65.48223336839575
3749,1,12.6,7.210937827777981,27.210937827777983,47.21093782777798,67.21093782777798
3750,1,12.8,6.922820417880944,26.922820417880942,46.92282041788094,66.92282041788094
3751,1,12.3,31.446957490398628,51.44695749039863,71.44695749039863,91.44695749039863
3752,1,10.0,5.626292073344276,25.626292073344274,45.626292073344274,65.62629207334427
3753,1,6.9,70.89824914072275,90.89824914072275,110.89824914072275,130.89824914072275
3754,1,7.4,11.676757681182053,31.676757681182053,51.67675768118205,71.67675768118205
3755,1,7.8,13.405462140564278,33.40546214056428,53.40546214056428,73.40546214056428
3756,1,8.1,14.990107894997983,34.99010789499798,54.99010789499798,74.99010789499798
3757,1,8.0,15.99851882963761,35.99851882963761,55.99851882963761,75.99851882963762
3758,1,8.6,16.430694944483168,36.430694944483164,56.430694944483164,76.43069494448316
3759,1,8.7,15.99851882963761,35.99851882963761,55.99851882963761,75.99851882963762
3760,1,9.2,15.710401419740574,35.71040141974058,55.71040141974058,75.71040141974058
3761,1,9.3,15.710401419740574,35.71040141974058,55.71040141974058,75.71040141974058
3762,1,9.4,15.99851882963761,35.99851882963761,55.99851882963761,75.99851882963762
3763,1,9.4,16.430694944483168,36.430694944483164,56.430694944483164,76.43069494448316
3764,1,10.1,15.27822530489502,35.27822530489502,55.27822530489502,75.27822530489502
3765,1,11.0,12.541109910873166,32.54110991087317,52.54110991087317,72.54110991087316
3766,1,10.3,34.904366409163075,54.904366409163075,74.90436640916307,94.90436640916307
3767,1,9.7,7.066879122829462,27.066879122829462,47.06687912282946,67.06687912282946
3768,1,8.3,5.050057253550202,25.0500572535502,45.0500572535502,65.0500572535502
3769,1,7.3,42.721344087671234,62.721344087671234,82.72134408767124,102.72134408767124
3770,1,8.7,5.770350778292794,25.770350778292794,45.770350778292794,65.7703507782928
3771,1,8.6,72.77101230505349,92.77101230505349,112.77101230505349,132.7710123050535
3772,1,9.0,13.117344730667241,33.11734473066724,53.11734473066724,73.11734473066724
3773,1,8.7,15.134166599946504,35.134166599946504,55.134166599946504,75.1341665999465
3774,1,9.0,16.718812354380205,36.718812354380205,56.718812354380205,76.7188123543802
3775,1,9.8,18.01534069891687,38.01534069891687,58.01534069891687,78.01534069891687
3776,1,10.3,19.311869043453537,39.31186904345354,59.31186904345354,79.31186904345354
3777,1,11.9,20.32027997809317,40.32027997809317,60.32027997809317,80.32027997809317
3778,1,11.6,21.18463220778428,41.184632207784276,61.184632207784276,81.18463220778428
3779,1,11.6,21.904925732526873,41.90492573252688,61.90492573252688,81.90492573252688
3780,1,11.4,22.337101847372427,42.33710184737242,62.33710184737242,82.33710184737242
3781,1,12.1,21.904925732526873,41.90492573252688,61.90492573252688,81.90492573252688
3782,1,13.0,19.88810386324761,39.88810386324761,59.88810386324761,79.88810386324761
3783,1,13.9,16.86287105932872,36.862871059328725,56.862871059328725,76.86287105932873
3784,1,14.4,37.20930568833937,57.20930568833937,77.20930568833937,97.20930568833937
3785,2,12.2,7.931231352520573,27.931231352520573,47.93123135252057,67.93123135252057
3786,2,10.8,4.905998548601684,24.905998548601683,44.90599854860169,64.90599854860169
3787,1,9.3,67.96577468493152,87.96577468493152,107.96577468493152,127.96577468493152
3788,1,9.8,6.34658559808687,26.346585598086868,46.34658559808687,66.34658559808688
3789,1,10.4,7.066879122829462,27.066879122829462,47.06687912282946,67.06687912282946
3790,2,12.0,7.787172647572055,27.787172647572056,47.787172647572056,67.78717264757205
3791,1,13.6,9.227759697057241,29.22775969705724,49.22775969705724,69.22775969705724
3792,2,14.1,8.651524877263165,28.651524877263164,48.651524877263164,68.65152487726317
3793,1,14.2,7.787172647572055,27.787172647572056,47.787172647572056,67.78717264757205
3794,1,14.5,8.36340746736613,28.36340746736613,48.36340746736613,68.36340746736613
3795,1,15.8,8.651524877263165,28.651524877263164,48.651524877263164,68.65152487726317
3796,1,16.4,9.515877106954274,29.515877106954274,49.51587710695428,69.51587710695428
3797,1,17.4,9.948053221799833,29.94805322179983,49.94805322179983,69.94805322179982
3798,1,18.9,7.066879122829462,27.066879122829462,47.06687912282946,67.06687912282946
3799,1,18.3,30.0991287890411,50.0991287890411,70.0991287890411,90.0991287890411
3800,1,15.7,4.854698191780822,24.854698191780823,44.85469819178083,64.85469819178083
3801,1,9.6,42.721344087671234,62.721344087671234,82.72134408767124,102.72134408767124
3802,1,8.4,67.96577468493152,87.96577468493152,107.96577468493152,127.96577468493152
3803,1,8.8,5.338174663447239,25.33817466344724,45.33817466344724,65.33817466344723
3804,1,10.0,6.922820417880944,26.922820417880942,46.92282041788094,66.92282041788094
3805,1,11.3,8.075290057469092,28.07529005746909,48.07529005746909,68.07529005746909
3806,2,12.3,8.507466172314647,28.507466172314647,48.50746617231465,68.50746617231465
3807,1,12.1,8.651524877263165,28.651524877263164,48.651524877263164,68.65152487726317
3808,1,13.3,8.651524877263165,28.651524877263164,48.651524877263164,68.65152487726317
3809,1,14.1,8.939642287160202,28.939642287160204,48.939642287160204,68.93964228716021
3810,1,15.0,8.795583582211684,28.795583582211684,48.795583582211684,68.79558358221169
3811,1,15.1,8.21934876241761,28.21934876241761,48.21934876241761,68.21934876241761
3812,1,15.4,30.15042914586196,50.15042914586196,70.15042914586196,90.15042914586196
3813,1,9.0,42.721344087671234,62.721344087671234,82.72134408767124,102.72134408767124
3814,1,8.9,67.96577468493152,87.96577468493152,107.96577468493152,127.96577468493152
3815,1,7.6,4.905998548601684,24.905998548601683,44.90599854860169,64.90599854860169
3816,1,7.5,5.19411595849872,25.19411595849872,45.19411595849872,65.19411595849871
3817,1,8.4,30.0991287890411,50.0991287890411,70.0991287890411,90.0991287890411
3818,1,13.6,30.0991287890411,50.0991287890411,70.0991287890411,90.0991287890411
3819,1,9.4,5.626292073344276,25.626292073344274,45.626292073344274,65.62629207334427
3820,1,9.6,7.499055237675016,27.499055237675016,47.499055237675016,67.49905523767501
3821,1,9.2,8.507466172314647,28.507466172314647,48.50746617231465,68.50746617231465
3822,1,9.1,9.227759697057241,29.22775969705724,49.22775969705724,69.22775969705724
3823,1,8.7,10.236170631696872,30.236170631696872,50.23617063169687,70.23617063169687
3824,2,9.7,10.092111926748352,30.092111926748352,50.09211192674835,70.09211192674834
3825,1,10.0,33.319720654729366,53.319720654729366,73.31972065472937,93.31972065472937
3826,2,9.4,5.914409483241313,25.914409483241315,45.914409483241315,65.91440948324131
3827,2,8.9,42.721344087671234,62.721344087671234,82.72134408767124,102.72134408767124
3828,1,8.0,71.47448396051682,91.47448396051682,111.47448396051682,131.4744839605168
3829,1,8.7,10.812405451490944,30.812405451490946,50.812405451490946,70.81240545149095
3830,1,9.2,12.685168615821684,32.68516861582168,52.68516861582168,72.68516861582168
3831,1,9.2,14.413873075203906,34.41387307520391,54.41387307520391,74.41387307520391
3832,1,9.6,15.134166599946504,35.134166599946504,55.134166599946504,75.1341665999465
3833,1,9.4,15.27822530489502,35.27822530489502,55.27822530489502,75.27822530489502
3834,1,8.6,15.566342714792057,35.56634271479206,55.56634271479206,75.56634271479206
3835,1,9.1,15.854460124689094,35.8544601246891,55.8544601246891,75.8544601246891
3836,1,8.9,16.430694944483168,36.430694944483164,56.430694944483164,76.43069494448316
3837,1,10.0,16.430694944483168,36.430694944483164,56.430694944483164,76.43069494448316
3838,1,10.7,15.99851882963761,35.99851882963761,55.99851882963761,75.99851882963762
3839,1,11.3,15.710401419740574,35.71040141974058,55.71040141974058,75.71040141974058
3840,1,12.4,13.693579550461315,33.693579550461315,53.693579550461315,73.69357955046132
3841,1,11.4,35.19248381906011,55.19248381906011,75.1924838190601,95.1924838190601
3842,1,10.5,6.778761712932424,26.778761712932422,46.77876171293242,66.77876171293242
3843,1,8.0,42.721344087671234,62.721344087671234,82.72134408767124,102.72134408767124
3844,1,7.5,69.16954468134053,89.16954468134053,109.16954468134053,129.16954468134054
3845,1,8.1,6.634703007983905,26.634703007983905,46.6347030079839,66.6347030079839
3846,1,9.1,6.634703007983905,26.634703007983905,46.6347030079839,66.6347030079839
3847,1,9.4,6.922820417880944,26.922820417880942,46.92282041788094,66.92282041788094
3848,1,9.3,7.066879122829462,27.066879122829462,47.06687912282946,67.06687912282946
3849,2,8.5,7.354996532726499,27.3549965327265,47.3549965327265,67.3549965327265
3850,1,9.2,11.100522861387981,31.10052286138798,51.10052286138798,71.10052286138799
3851,1,9.7,12.397051205924647,32.39705120592465,52.39705120592465,72.39705120592464
3852,1,10.1,13.549520845512799,33.5495208455128,53.5495208455128,73.5495208455128
3853,1,11.5,13.981696960358352,33.98169696035835,53.98169696035835,73.98169696035835
3854,1,13.7,11.388640271285018,31.38864027128502,51.38864027128502,71.38864027128503
3855,1,12.4,32.59942712998678,52.59942712998678,72.59942712998678,92.59942712998678
3856,1,10.1,6.058468188189831,26.05846818818983,46.058468188189835,66.05846818818983
3857,1,10.3,72.0507187803109,92.0507187803109,112.0507187803109,132.0507187803109
3858,1,11.7,10.956464156439463,30.956464156439463,50.956464156439466,70.95646415643947
3859,1,12.2,12.973286025718725,32.97328602571872,52.97328602571872,72.97328602571872
3860,1,12.8,14.125755665306873,34.12575566530687,54.12575566530687,74.12575566530687
3861,1,13.3,15.99851882963761,35.99851882963761,55.99851882963761,75.99851882963762
3862,1,12.7,16.718812354380205,36.718812354380205,56.718812354380205,76.7188123543802
3863,1,12.4,17.15098846922576,37.15098846922576,57.15098846922576,77.15098846922575
3864,1,13.0,17.727223289019836,37.72722328901983,57.72722328901983,77.72722328901983
3865,1,12.5,18.159399403865386,38.159399403865386,58.159399403865386,78.1593994038654
3866,1,12.0,18.30345810881391,38.30345810881391,58.30345810881391,78.30345810881391
3867,1,12.0,17.15098846922576,37.15098846922576,57.15098846922576,77.15098846922575
3868,1,11.9,14.846049190049467,34.84604919004947,54.84604919004947,74.84604919004947
3869,2,13.3,12.685168615821684,32.68516861582168,52.68516861582168,72.68516861582168
3870,1,13.4,36.05683604875122,56.05683604875122,76.05683604875122,96.05683604875122
3871,1,12.0,9.227759697057241,29.22775969705724,49.22775969705724,69.22775969705724
3872,1,10.9,7.931231352520573,27.931231352520573,47.93123135252057,67.93123135252057
3873,2,10.6,6.922820417880944,26.922820417880942,46.92282041788094,66.92282041788094
3874,1,10.8,44.21323149397728,64.21323149397728,84.21323149397728,104.21323149397728
3875,1,10.5,5.914409483241313,25.914409483241315,45.914409483241315,65.91440948324131
3876,1,10.4,6.490644303035387,26.49064430303539,46.49064430303539,66.4906443030354
3877,2,8.9,6.34658559808687,26.346585598086868,46.34658559808687,66.34658559808688
3878,1,8.1,6.490644303035387,26.49064430303539,46.49064430303539,66.4906443030354
3879,1,7.9,7.354996532726499,27.3549965327265,47.3549965327265,67.3549965327265
3880,1,8.6,8.36340746736613,28.36340746736613,48.36340746736613,68.36340746736613
3881,1,9.4,72.33883619020794,92.33883619020794,112.33883619020794,132.33883619020793
3882,1,10.2,9.659935811902795,29.659935811902795,49.6599358119028,69.6599358119028
3883,1,10.4,9.515877106954274,29.515877106954274,49.51587710695428,69.51587710695428
3884,2,10.3,9.37181840200576,29.371818402005758,49.37181840200576,69.37181840200576
3885,1,10.5,8.939642287160202,28.939642287160204,48.939642287160204,68.93964228716021
3886,1,10.4,9.227759697057241,29.22775969705724,49.22775969705724,69.22775969705724
3887,1,10.2,9.803994516851315,29.803994516851315,49.80399451685132,69.80399451685132
3888,1,10.7,10.380229336645385,30.380229336645385,50.380229336645385,70.38022933664539
3889,1,11.8,10.956464156439463,30.956464156439463,50.956464156439466,70.95646415643947
3890,1,12.4,10.380229336645385,30.380229336645385,50.380229336645385,70.38022933664539
3891,1,12.4,34.904366409163075,54.904366409163075,74.90436640916307,94.90436640916307
3892,1,11.5,8.507466172314647,28.507466172314647,48.50746617231465,68.50746617231465
3893,1,11.0,7.643113942623536,27.643113942623536,47.643113942623536,67.64311394262353
3894,1,9.5,7.354996532726499,27.3549965327265,47.3549965327265,67.3549965327265
3895,1,8.8,46.230053363256545,66.23005336325654,86.23005336325654,106.23005336325654
3896,1,8.4,7.787172647572055,27.787172647572056,47.787172647572056,67.78717264757205
3897,1,8.2,7.210937827777981,27.210937827777983,47.21093782777798,67.21093782777798
3898,1,8.1,7.931231352520573,27.931231352520573,47.93123135252057,67.93123135252057
3899,1,8.0,7.210937827777981,27.210937827777983,47.21093782777798,67.21093782777798
3900,1,7.6,8.651524877263165,28.651524877263164,48.651524877263164,68.65152487726317
3901,1,7.6,72.48289489515645,92.48289489515645,112.48289489515645,132.48289489515645
3902,1,7.9,9.515877106954274,29.515877106954274,49.51587710695428,69.51587710695428
3903,1,8.1,9.659935811902795,29.659935811902795,49.6599358119028,69.6599358119028
3904,1,8.3,9.803994516851315,29.803994516851315,49.80399451685132,69.80399451685132
3905,1,8.4,9.948053221799833,29.94805322179983,49.94805322179983,69.94805322179982
3906,1,8.9,9.948053221799833,29.94805322179983,49.94805322179983,69.94805322179982
3907,1,8.9,9.659935811902795,29.659935811902795,49.6599358119028,69.6599358119028
3908,1,8.7,9.948053221799833,29.94805322179983,49.94805322179983,69.94805322179982
3909,1,9.1,10.236170631696872,30.236170631696872,50.23617063169687,70.23617063169687
3910,1,9.8,10.236170631696872,30.236170631696872,50.23617063169687,70.23617063169687
3911,2,10.1,9.803994516851315,29.803994516851315,49.80399451685132,69.80399451685132
3912,1,10.9,33.89595547452344,53.89595547452344,73.89595547452345,93.89595547452345
3913,1,11.2,7.499055237675016,27.499055237675016,47.499055237675016,67.49905523767501
3914,1,10.2,6.058468188189831,26.05846818818983,46.058468188189835,66.05846818818983
3915,1,9.4,6.058468188189831,26.05846818818983,46.058468188189835,66.05846818818983
3916,1,8.8,44.357290198925796,64.3572901989258,84.3572901989258,104.3572901989258
3917,1,8.6,6.634703007983905,26.634703007983905,46.6347030079839,66.6347030079839
3918,1,8.4,5.914409483241313,25.914409483241315,45.914409483241315,65.91440948324131
3919,1,8.0,6.202526893138352,26.20252689313835,46.202526893138355,66.20252689313836
3920,1,8.9,6.490644303035387,26.49064430303539,46.49064430303539,66.4906443030354
3921,2,9.0,8.075290057469092,28.07529005746909,48.07529005746909,68.07529005746909
3922,1,9.6,72.19477748525942,92.19477748525942,112.19477748525942,132.1947774852594
3923,1,11.1,9.515877106954274,29.515877106954274,49.51587710695428,69.51587710695428
3924,1,11.8,9.515877106954274,29.515877106954274,49.51587710695428,69.51587710695428
3925,1,11.3,9.803994516851315,29.803994516851315,49.80399451685132,69.80399451685132
3926,2,11.9,10.092111926748352,30.092111926748352,50.09211192674835,70.09211192674834
3927,1,12.8,10.380229336645385,30.380229336645385,50.380229336645385,70.38022933664539
3928,1,13.5,11.2445815663365,31.2445815663365,51.2445815663365,71.2445815663365
3929,1,13.4,12.252992500976127,32.25299250097613,52.25299250097613,72.25299250097612
3930,1,12.1,12.252992500976127,32.25299250097613,52.25299250097613,72.25299250097612
3931,1,12.8,12.973286025718725,32.97328602571872,52.97328602571872,72.97328602571872
3932,1,13.4,13.261403435615758,33.26140343561576,53.26140343561576,73.26140343561576
3933,1,14.7,11.676757681182053,31.676757681182053,51.67675768118205,71.67675768118205
3934,1,14.8,34.18407288442048,54.18407288442048,74.18407288442049,94.18407288442049
3935,1,12.5,7.210937827777981,27.210937827777983,47.21093782777798,67.21093782777798
3936,1,11.5,6.202526893138352,26.20252689313835,46.202526893138355,66.20252689313836
3937,1,11.3,5.626292073344276,25.626292073344274,45.626292073344274,65.62629207334427
3938,1,10.9,43.20482055933765,63.20482055933765,83.20482055933765,103.20482055933765
3939,1,9.4,5.770350778292794,25.770350778292794,45.770350778292794,65.7703507782928
3940,3,10.3,6.202526893138352,26.20252689313835,46.202526893138355,66.20252689313836
3941,1,11.0,6.922820417880944,26.922820417880942,46.92282041788094,66.92282041788094
3942,1,10.3,7.643113942623536,27.643113942623536,47.643113942623536,67.64311394262353
3943,1,10.5,8.507466172314647,28.507466172314647,48.50746617231465,68.50746617231465
3944,1,11.3,72.33883619020794,92.33883619020794,112.33883619020794,132.33883619020793
3945,1,11.6,10.956464156439463,30.956464156439463,50.956464156439466,70.95646415643947
3946,2,12.2,10.956464156439463,30.956464156439463,50.956464156439466,70.95646415643947
3947,1,11.7,11.2445815663365,31.2445815663365,51.2445815663365,71.2445815663365
3948,1,11.9,11.532698976233537,31.532698976233537,51.53269897623353,71.53269897623353
3949,2,12.2,11.532698976233537,31.532698976233537,51.53269897623353,71.53269897623353
3950,1,13.0,11.532698976233537,31.532698976233537,51.53269897623353,71.53269897623353
3951,1,14.0,11.532698976233537,31.532698976233537,51.53269897623353,71.53269897623353
3952,2,13.3,11.676757681182053,31.676757681182053,51.67675768118205,71.67675768118205
3953,1,13.0,11.820816386130574,31.820816386130574,51.82081638613057,71.82081638613057
3954,1,13.4,11.820816386130574,31.820816386130574,51.82081638613057,71.82081638613057
3955,1,14.5,11.388640271285018,31.38864027128502,51.38864027128502,71.38864027128503
3956,1,14.6,35.76871863885418,55.76871863885418,75.76871863885418,95.76871863885418
3957,1,14.3,9.948053221799833,29.94805322179983,49.94805322179983,69.94805322179982
3958,2,12.9,9.37181840200576,29.371818402005758,49.37181840200576,69.37181840200576
3959,1,11.6,8.36340746736613,28.36340746736613,48.36340746736613,68.36340746736613
3960,1,10.8,45.50975983851395,65.50975983851396,85.50975983851396,105.50975983851396
3961,1,11.0,7.210937827777981,27.210937827777983,47.21093782777798,67.21093782777798
3962,2,10.9,6.634703007983905,26.634703007983905,46.6347030079839,66.6347030079839
3963,1,11.2,8.075290057469092,28.07529005746909,48.07529005746909,68.07529005746909
3964,1,12.3,10.668346746542426,30.668346746542426,50.668346746542426,70.66834674654243
3965,1,11.8,75.07595158422978,95.07595158422978,115.07595158422978,135.07595158422978
3966,1,13.5,12.108933796027612,32.108933796027614,52.108933796027614,72.10893379602761
3967,1,13.5,14.125755665306873,34.12575566530687,54.12575566530687,74.12575566530687
3968,1,14.4,16.14257753458613,36.14257753458613,56.14257753458613,76.14257753458614
3969,1,14.9,17.727223289019836,37.72722328901983,57.72722328901983,77.72722328901983
3970,1,14.5,18.879692928607984,38.87969292860798,58.87969292860798,78.87969292860798
3971,1,15.2,19.311869043453537,39.31186904345354,59.31186904345354,79.31186904345354
3972,1,16.1,19.744045158299095,39.744045158299095,59.744045158299095,79.74404515829909
3973,1,17.0,19.744045158299095,39.744045158299095,59.744045158299095,79.74404515829909
3974,1,17.8,19.311869043453537,39.31186904345354,59.31186904345354,79.31186904345354
3975,2,17.8,17.87128199396835,37.87128199396835,57.87128199396835,77.87128199396835
3976,2,19.7,15.566342714792057,35.56634271479206,55.56634271479206,75.56634271479206
3977,1,19.9,38.64989273782456,58.64989273782456,78.64989273782456,98.64989273782456
3978,1,17.4,11.820816386130574,31.820816386130574,51.82081638613057,71.82081638613057
3979,1,15.0,10.668346746542426,30.668346746542426,50.668346746542426,70.66834674654243
3980,1,13.5,9.948053221799833,29.94805322179983,49.94805322179983,69.94805322179982
3981,1,11.8,46.51817077315358,66.51817077315357,86.51817077315357,106.51817077315357
3982,2,11.4,7.066879122829462,27.066879122829462,47.06687912282946,67.06687912282946
3983,1,10.4,6.634703007983905,26.634703007983905,46.6347030079839,66.6347030079839
3984,1,11.4,6.922820417880944,26.922820417880942,46.92282041788094,66.92282041788094
3985,3,11.7,7.499055237675016,27.499055237675016,47.499055237675016,67.49905523767501
3986,1,12.0,8.651524877263165,28.651524877263164,48.651524877263164,68.65152487726317
3987,1,11.1,9.37181840200576,29.371818402005758,49.37181840200576,69.37181840200576
3988,1,11.7,72.91507101000201,92.91507101000201,112.91507101000201,132.915071010002
3989,1,14.1,10.524288041593906,30.524288041593906,50.524288041593906,70.5242880415939
3990,1,16.1,10.812405451490944,30.812405451490946,50.812405451490946,70.81240545149095
3991,1,17.4,10.812405451490944,30.812405451490946,50.812405451490946,70.81240545149095
3992,1,19.1,10.668346746542426,30.668346746542426,50.668346746542426,70.66834674654243
3993,1,19.6,10.380229336645385,30.380229336645385,50.380229336645385,70.38022933664539
3994,1,19.0,10.380229336645385,30.380229336645385,50.380229336645385,70.38022933664539
3995,1,19.0,10.236170631696872,30.236170631696872,50.23617063169687,70.23617063169687
3996,1,20.2,10.236170631696872,30.236170631696872,50.23617063169687,70.23617063169687
3997,1,19.7,10.236170631696872,30.236170631696872,50.23617063169687,70.23617063169687
3998,1,20.0,10.236170631696872,30.236170631696872,50.23617063169687,70.23617063169687
3999,1,21.7,10.092111926748352,30.092111926748352,50.09211192674835,70.09211192674834
4000,1,24.4,9.37181840200576,29.371818402005758,49.37181840200576,69.37181840200576
4001,1,25.2,33.463779359677886,53.463779359677886,73.46377935967789,93.46377935967789
4002,1,20.3,6.490644303035387,26.49064430303539,46.49064430303539,66.4906443030354
4003,1,17.0,5.19411595849872,25.19411595849872,45.19411595849872,65.19411595849871
4004,1,11.6,42.721344087671234,62.721344087671234,82.72134408767124,102.72134408767124
4005,1,9.5,5.914409483241313,25.914409483241315,45.914409483241315,65.91440948324131
4006,1,10.5,69.45766209123757,89.45766209123757,109.45766209123757,129.45766209123758
4007,1,13.5,6.058468188189831,26.05846818818983,46.058468188189835,66.05846818818983
4008,1,14.6,5.770350778292794,25.770350778292794,45.770350778292794,65.7703507782928
4009,1,15.2,5.48223336839576,25.48223336839576,45.48223336839576,65.48223336839575
4010,1,15.2,5.19411595849872,25.19411595849872,45.19411595849872,65.19411595849871
4011,1,14.8,5.19411595849872,25.19411595849872,45.19411595849872,65.19411595849871
4012,1,13.7,5.050057253550202,25.0500572535502,45.0500572535502,65.0500572535502
4013,1,13.2,5.050057253550202,25.0500572535502,45.0500572535502,65.0500572535502
4014,1,13.2,4.905998548601684,24.905998548601683,44.90599854860169,64.90599854860169
4015,1,13.8,4.854698191780822,24.854698191780823,44.85469819178083,64.85469819178083
4016,1,17.1,30.0991287890411,50.0991287890411,70.0991287890411,90.0991287890411
4017,1,16.6,4.854698191780822,24.854698191780823,44.85469819178083,64.85469819178083
4018,2,11.2,42.721344087671234,62.721344087671234,82.72134408767124,102.72134408767124
4019,1,9.1,4.905998548601684,24.905998548601683,44.90599854860169,64.90599854860169
4020,1,8.2,5.626292073344276,25.626292073344274,45.626292073344274,65.62629207334427
4021,2,8.7,6.058468188189831,26.05846818818983,46.058468188189835,66.05846818818983
4022,1,9.0,6.490644303035387,26.49064430303539,46.49064430303539,66.4906443030354
4023,1,9.3,7.931231352520573,27.931231352520573,47.93123135252057,67.93123135252057
4024,1,9.2,71.47448396051682,91.47448396051682,111.47448396051682,131.4744839605168
4025,1,9.9,9.37181840200576,29.371818402005758,49.37181840200576,69.37181840200576
4026,1,10.1,10.380229336645385,30.380229336645385,50.380229336645385,70.38022933664539
4027,1,10.1,11.676757681182053,31.676757681182053,51.67675768118205,71.67675768118205
4028,1,10.2,11.820816386130574,31.820816386130574,51.82081638613057,71.82081638613057
4029,1,10.1,11.820816386130574,31.820816386130574,51.82081638613057,71.82081638613057
4030,1,10.6,11.676757681182053,31.676757681182053,51.67675768118205,71.67675768118205
4031,1,11.4,11.2445815663365,31.2445815663365,51.2445815663365,71.2445815663365
4032,1,12.1,10.956464156439463,30.956464156439463,50.956464156439466,70.95646415643947
4033,1,12.8,10.668346746542426,30.668346746542426,50.668346746542426,70.66834674654243
4034,1,13.4,10.524288041593906,30.524288041593906,50.524288041593906,70.5242880415939
4035,1,13.5,10.524288041593906,30.524288041593906,50.524288041593906,70.5242880415939
4036,1,13.9,10.380229336645385,30.380229336645385,50.380229336645385,70.38022933664539
4037,1,14.9,35.33654252400863,55.33654252400863,75.33654252400862,95.33654252400862
4038,1,14.0,9.083700992108723,29.083700992108724,49.083700992108724,69.08370099210873
4039,1,12.4,8.21934876241761,28.21934876241761,48.21934876241761,68.21934876241761
4040,1,11.3,7.931231352520573,27.931231352520573,47.93123135252057,67.93123135252057
4041,1,10.1,45.07758372366839,65.0775837236684,85.0775837236684,105.0775837236684
4042,2,9.0,6.778761712932424,26.778761712932422,46.77876171293242,66.77876171293242
4043,1,10.0,6.490644303035387,26.49064430303539,46.49064430303539,66.4906443030354
4044,1,9.6,8.36340746736613,28.36340746736613,48.36340746736613,68.36340746736613
4045,1,10.0,9.803994516851315,29.803994516851315,49.80399451685132,69.80399451685132
4046,1,10.3,73.20318841989905,93.20318841989905,113.20318841989905,133.20318841989905
4047,1,10.5,10.524288041593906,30.524288041593906,50.524288041593906,70.5242880415939
4048,1,10.3,10.380229336645385,30.380229336645385,50.380229336645385,70.38022933664539
4049,1,11.4,9.948053221799833,29.94805322179983,49.94805322179983,69.94805322179982
4050,1,11.8,9.083700992108723,29.083700992108724,49.083700992108724,69.08370099210873
4051,2,11.3,8.795583582211684,28.795583582211684,48.795583582211684,68.79558358221169
4052,1,11.1,8.21934876241761,28.21934876241761,48.21934876241761,68.21934876241761
4053,1,11.4,8.075290057469092,28.07529005746909,48.07529005746909,68.07529005746909
4054,1,11.3,8.21934876241761,28.21934876241761,48.21934876241761,68.21934876241761
4055,1,10.6,9.515877106954274,29.515877106954274,49.51587710695428,69.51587710695428
4056,1,11.0,9.083700992108723,29.083700992108724,49.083700992108724,69.08370099210873
4057,1,11.7,32.16725101514122,52.16725101514122,72.16725101514122,92.16725101514122
4058,1,12.1,5.19411595849872,25.19411595849872,45.19411595849872,65.19411595849871
4059,2,12.9,4.854698191780822,24.854698191780823,44.85469819178083,64.85469819178083
4060,1,10.9,70.17795561598015,90.17795561598015,110.17795561598015,130.17795561598015
4061,1,12.4,9.227759697057241,29.22775969705724,49.22775969705724,69.22775969705724
4062,1,12.0,11.532698976233537,31.532698976233537,51.53269897623353,71.53269897623353
4063,1,13.6,13.261403435615758,33.26140343561576,53.26140343561576,73.26140343561576
4064,1,16.2,15.710401419740574,35.71040141974058,55.71040141974058,75.71040141974058
4065,1,16.4,16.86287105932872,36.862871059328725,56.862871059328725,76.86287105932873
4066,1,15.8,17.583164584071316,37.58316458407131,57.58316458407131,77.58316458407131
4067,1,14.7,18.30345810881391,38.30345810881391,58.30345810881391,78.30345810881391
4068,1,13.6,18.735634223659464,38.73563422365946,58.73563422365946,78.73563422365946
4069,1,12.9,19.311869043453537,39.31186904345354,59.31186904345354,79.31186904345354
4070,1,15.1,17.006929764277242,37.006929764277245,57.006929764277245,77.00692976427725
4071,1,15.5,36.92118827844233,56.92118827844233,76.92118827844233,96.92118827844233
4072,1,15.0,6.058468188189831,26.05846818818983,46.058468188189835,66.05846818818983
4073,1,12.1,42.721344087671234,62.721344087671234,82.72134408767124,102.72134408767124
4074,1,11.4,68.1611337467009,88.1611337467009,108.1611337467009,128.1611337467009
4075,1,11.8,6.634703007983905,26.634703007983905,46.6347030079839,66.6347030079839
4076,1,12.0,7.643113942623536,27.643113942623536,47.643113942623536,67.64311394262353
4077,1,12.8,8.651524877263165,28.651524877263164,48.651524877263164,68.65152487726317
4078,1,12.5,8.795583582211684,28.795583582211684,48.795583582211684,68.79558358221169
4079,1,10.9,9.515877106954274,29.515877106954274,49.51587710695428,69.51587710695428
4080,1,11.0,10.236170631696872,30.236170631696872,50.23617063169687,70.23617063169687
4081,1,11.5,12.397051205924647,32.39705120592465,52.39705120592465,72.39705120592464
4082,1,11.3,11.820816386130574,31.820816386130574,51.82081638613057,71.82081638613057
4083,1,12.2,9.948053221799833,29.94805322179983,49.94805322179983,69.94805322179982
4084,1,13.1,31.446957490398628,51.44695749039863,71.44695749039863,91.44695749039863
4085,3,11.9,4.854698191780822,24.854698191780823,44.85469819178083,64.85469819178083
4086,1,9.7,42.721344087671234,62.721344087671234,82.72134408767124,102.72134408767124
4087,1,10.4,5.338174663447239,25.33817466344724,45.33817466344724,65.33817466344723
4088,1,9.8,70.32201432092867,90.32201432092867,110.32201432092867,130.32201432092867
4089,1,10.5,8.36340746736613,28.36340746736613,48.36340746736613,68.36340746736613
4090,1,10.1,9.37181840200576,29.371818402005758,49.37181840200576,69.37181840200576
4091,1,10.1,9.659935811902795,29.659935811902795,49.6599358119028,69.6599358119028
4092,1,9.5,10.092111926748352,30.092111926748352,50.09211192674835,70.09211192674834
4093,1,8.4,8.651524877263165,28.651524877263164,48.651524877263164,68.65152487726317
4094,1,9.3,7.210937827777981,27.210937827777983,47.21093782777798,67.21093782777798
4095,1,8.7,6.778761712932424,26.778761712932422,46.77876171293242,66.77876171293242
4096,1,9.3,6.34658559808687,26.346585598086868,46.34658559808687,66.34658559808688
4097,1,9.9,5.914409483241313,25.914409483241315,45.914409483241315,65.91440948324131
4098,1,10.6,30.582605260707517,50.58260526070752,70.58260526070751,90.58260526070751
4099,2,10.2,42.721344087671234,62.721344087671234,82.72134408767124,102.72134408767124
4100,1,12.4,68.1611337467009,88.1611337467009,108.1611337467009,128.1611337467009
4101,1,12.3,5.48223336839576,25.48223336839576,45.48223336839576,65.48223336839575
4102,1,12.0,6.058468188189831,26.05846818818983,46.058468188189835,66.05846818818983
4103,1,11.7,6.34658559808687,26.346585598086868,46.34658559808687,66.34658559808688
4104,1,9.5,7.066879122829462,27.066879122829462,47.06687912282946,67.06687912282946
4105,1,10.5,7.499055237675016,27.499055237675016,47.499055237675016,67.49905523767501
4106,1,10.3,7.787172647572055,27.787172647572056,47.787172647572056,67.78717264757205
4107,1,10.5,7.931231352520573,27.931231352520573,47.93123135252057,67.93123135252057
4108,1,10.8,8.36340746736613,28.36340746736613,48.36340746736613,68.36340746736613
4109,1,10.8,8.651524877263165,28.651524877263164,48.651524877263164,68.65152487726317
4110,1,10.0,8.507466172314647,28.507466172314647,48.50746617231465,68.50746617231465
4111,1,11.3,7.787172647572055,27.787172647572056,47.787172647572056,67.78717264757205
4112,1,13.6,31.15884008050159,51.15884008050159,71.15884008050159,91.15884008050159
4113,3,12.7,4.854698191780822,24.854698191780823,44.85469819178083,64.85469819178083
4114,1,13.3,5.914409483241313,25.914409483241315,45.914409483241315,65.91440948324131
4115,1,13.7,70.32201432092867,90.32201432092867,110.32201432092867,130.32201432092867
4116,1,14.7,8.36340746736613,28.36340746736613,48.36340746736613,68.36340746736613
4117,1,14.4,9.659935811902795,29.659935811902795,49.6599358119028,69.6599358119028
4118,1,13.9,10.524288041593906,30.524288041593906,50.524288041593906,70.5242880415939
4119,1,14.1,10.812405451490944,30.812405451490946,50.812405451490946,70.81240545149095
4120,2,14.3,10.812405451490944,30.812405451490946,50.812405451490946,70.81240545149095
4121,1,15.4,10.524288041593906,30.524288041593906,50.524288041593906,70.5242880415939
4122,1,15.9,9.37181840200576,29.371818402005758,49.37181840200576,69.37181840200576
4123,1,16.6,8.651524877263165,28.651524877263164,48.651524877263164,68.65152487726317
4124,1,16.6,8.21934876241761,28.21934876241761,48.21934876241761,68.21934876241761
4125,1,17.7,8.21934876241761,28.21934876241761,48.21934876241761,68.21934876241761
4126,1,20.7,8.21934876241761,28.21934876241761,48.21934876241761,68.21934876241761
4127,1,23.6,32.59942712998678,52.59942712998678,72.59942712998678,92.59942712998678
4128,1,20.6,6.490644303035387,26.49064430303539,46.49064430303539,66.4906443030354
4129,1,18.3,5.48223336839576,25.48223336839576,45.48223336839576,65.48223336839575
4130,1,14.7,4.905998548601684,24.905998548601683,44.90599854860169,64.90599854860169
4131,1,12.4,42.772644444492094,62.772644444492094,82.7726444444921,102.7726444444921
4132,1,12.3,5.050057253550202,25.0500572535502,45.0500572535502,65.0500572535502
4133,1,12.3,5.338174663447239,25.33817466344724,45.33817466344724,65.33817466344723
4134,1,11.3,6.058468188189831,26.05846818818983,46.058468188189835,66.05846818818983
4135,1,11.2,6.778761712932424,26.778761712932422,46.77876171293242,66.77876171293242
4136,1,13.2,7.354996532726499,27.3549965327265,47.3549965327265,67.3549965327265
4137,1,13.3,70.03389691103163,90.03389691103163,110.03389691103163,130.03389691103163
4138,1,13.4,6.778761712932424,26.778761712932422,46.77876171293242,66.77876171293242
4139,2,12.6,6.778761712932424,26.778761712932422,46.77876171293242,66.77876171293242
4140,2,13.0,6.922820417880944,26.922820417880942,46.92282041788094,66.92282041788094
4141,1,12.8,6.778761712932424,26.778761712932422,46.77876171293242,66.77876171293242
4142,2,12.8,6.634703007983905,26.634703007983905,46.6347030079839,66.6347030079839
4143,1,12.6,6.34658559808687,26.346585598086868,46.34658559808687,66.34658559808688
4144,1,12.7,6.34658559808687,26.346585598086868,46.34658559808687,66.34658559808688
4145,1,12.1,7.066879122829462,27.066879122829462,47.06687912282946,67.06687912282946
4146,1,12.8,7.354996532726499,27.3549965327265,47.3549965327265,67.3549965327265
4147,1,13.4,31.446957490398628,51.44695749039863,71.44695749039863,91.44695749039863
4148,1,10.9,42.721344087671234,62.721344087671234,82.72134408767124,102.72134408767124
4149,2,10.8,5.19411595849872,25.19411595849872,45.19411595849872,65.19411595849871
4150,1,10.7,68.30519245164942,88.30519245164942,108.30519245164942,128.30519245164942
4151,1,11.0,4.905998548601684,24.905998548601683,44.90599854860169,64.90599854860169
4152,1,11.0,5.19411595849872,25.19411595849872,45.19411595849872,65.19411595849871
4153,1,10.7,5.48223336839576,25.48223336839576,45.48223336839576,65.48223336839575
4154,2,10.5,4.905998548601684,24.905998548601683,44.90599854860169,64.90599854860169
4155,1,11.9,42.721344087671234,62.721344087671234,82.72134408767124,102.72134408767124
4156,1,11.5,5.050057253550202,25.0500572535502,45.0500572535502,65.0500572535502
4157,1,12.1,68.30519245164942,88.30519245164942,108.30519245164942,128.30519245164942
4158,1,12.9,5.19411595849872,25.19411595849872,45.19411595849872,65.19411595849871
4159,1,13.0,4.905998548601684,24.905998548601683,44.90599854860169,64.90599854860169
4160,1,13.1,5.050057253550202,25.0500572535502,45.0500572535502,65.0500572535502
4161,1,13.4,5.19411595849872,25.19411595849872,45.19411595849872,65.19411595849871
4162,1,12.9,5.050057253550202,25.0500572535502,45.0500572535502,65.0500572535502
4163,1,15.9,30.0991287890411,50.0991287890411,70.0991287890411,90.0991287890411
4164,2,15.8,4.854698191780822,24.854698191780823,44.85469819178083,64.85469819178083
4165,1,14.1,42.721344087671234,62.721344087671234,82.72134408767124,102.72134408767124
4166,1,15.6,4.854698191780822,24.854698191780823,44.85469819178083,64.85469819178083
4167,2,16.5,4.854698191780822,24.854698191780823,44.85469819178083,64.85469819178083
4168,1,18.0,4.854698191780822,24.854698191780823,44.85469819178083,64.85469819178083
4169,1,18.7,4.854698191780822,24.854698191780823,44.85469819178083,64.85469819178083
4170,1,20.0,30.0991287890411,50.0991287890411,70.0991287890411,90.0991287890411
4171,1,18.4,4.854698191780822,24.854698191780823,44.85469819178083,64.85469819178083
4172,1,13.0,42.721344087671234,62.721344087671234,82.72134408767124,102.72134408767124
4173,1,11.0,67.96577468493152,87.96577468493152,107.96577468493152,127.96577468493152
4174,1,10.7,4.905998548601684,24.905998548601683,44.90599854860169,64.90599854860169
4175,1,11.9,5.914409483241313,25.914409483241315,45.914409483241315,65.91440948324131
4176,2,10.8,6.922820417880944,26.922820417880942,46.92282041788094,66.92282041788094
4177,1,10.6,8.939642287160202,28.939642287160204,48.939642287160204,68.93964228716021
4178,1,10.5,9.227759697057241,29.22775969705724,49.22775969705724,69.22775969705724
4179,1,11.0,9.659935811902795,29.659935811902795,49.6599358119028,69.6599358119028
4180,1,11.5,8.795583582211684,28.795583582211684,48.795583582211684,68.79558358221169
4181,1,11.7,33.03160324483233,53.03160324483233,73.03160324483233,93.03160324483233
4182,1,11.6,6.490644303035387,26.49064430303539,46.49064430303539,66.4906443030354
4183,1,11.7,5.19411595849872,25.19411595849872,45.19411595849872,65.19411595849871
4184,1,9.9,42.721344087671234,62.721344087671234,82.72134408767124,102.72134408767124
4185,1,8.8,5.050057253550202,25.0500572535502,45.0500572535502,65.0500572535502
4186,1,8.8,68.59330986154646,88.59330986154646,108.59330986154646,128.59330986154646
4187,1,9.0,6.634703007983905,26.634703007983905,46.6347030079839,66.6347030079839
4188,1,9.7,6.490644303035387,26.49064430303539,46.49064430303539,66.4906443030354
4189,1,8.8,6.634703007983905,26.634703007983905,46.6347030079839,66.6347030079839
4190,1,8.7,6.490644303035387,26.49064430303539,46.49064430303539,66.4906443030354
4191,1,9.4,6.202526893138352,26.20252689313835,46.202526893138355,66.20252689313836
4192,1,10.8,5.914409483241313,25.914409483241315,45.914409483241315,65.91440948324131
4193,1,10.5,5.770350778292794,25.770350778292794,45.770350778292794,65.7703507782928
4194,1,9.2,5.050057253550202,25.0500572535502,45.0500572535502,65.0500572535502
4195,1,8.9,5.48223336839576,25.48223336839576,45.48223336839576,65.48223336839575
4196,1,10.0,5.338174663447239,25.33817466344724,45.33817466344724,65.33817466344723
4197,1,11.1,30.582605260707517,50.58260526070752,70.58260526070751,90.58260526070751
4198,1,10.9,4.905998548601684,24.905998548601683,44.90599854860169,64.90599854860169
4199,1,10.7,67.96577468493152,87.96577468493152,107.96577468493152,127.96577468493152
4200,2,11.7,4.905998548601684,24.905998548601683,44.90599854860169,64.90599854860169
4201,1,11.4,5.626292073344276,25.626292073344274,45.626292073344274,65.62629207334427
4202,1,11.3,6.778761712932424,26.778761712932422,46.77876171293242,66.77876171293242
4203,1,11.5,6.922820417880944,26.922820417880942,46.92282041788094,66.92282041788094
4204,1,12.8,5.914409483241313,25.914409483241315,45.914409483241315,65.91440948324131
4205,1,14.3,31.15884008050159,51.15884008050159,71.15884008050159,91.15884008050159
4206,1,13.5,5.48223336839576,25.48223336839576,45.48223336839576,65.48223336839575
4207,1,9.3,68.1611337467009,88.1611337467009,108.1611337467009,128.1611337467009
4208,1,10.3,5.770350778292794,25.770350778292794,45.770350778292794,65.7703507782928
4209,1,10.7,6.490644303035387,26.49064430303539,46.49064430303539,66.4906443030354
4210,1,9.7,7.354996532726499,27.3549965327265,47.3549965327265,67.3549965327265
4211,1,9.0,8.507466172314647,28.507466172314647,48.50746617231465,68.50746617231465
4212,1,8.7,8.795583582211684,28.795583582211684,48.795583582211684,68.79558358221169
4213,1,8.9,9.083700992108723,29.083700992108724,49.083700992108724,69.08370099210873
4214,1,10.2,10.092111926748352,30.092111926748352,50.09211192674835,70.09211192674834
4215,1,9.7,9.948053221799833,29.94805322179983,49.94805322179983,69.94805322179982
4216,1,9.5,9.803994516851315,29.803994516851315,49.80399451685132,69.80399451685132
4217,1,10.1,33.60783806462641,53.60783806462641,73.6078380646264,93.6078380646264
4218,1,12.0,67.96577468493152,87.96577468493152,107.96577468493152,127.96577468493152
4219,1,14.8,4.854698191780822,24.854698191780823,44.85469819178083,64.85469819178083
4220,1,15.1,4.854698191780822,24.854698191780823,44.85469819178083,64.85469819178083
4221,1,16.4,4.854698191780822,24.854698191780823,44.85469819178083,64.85469819178083
4222,1,15.8,4.905998548601684,24.905998548601683,44.90599854860169,64.90599854860169
4223,1,15.8,5.19411595849872,25.19411595849872,45.19411595849872,65.19411595849871
4224,1,15.7,5.19411595849872,25.19411595849872,45.19411595849872,65.19411595849871
4225,1,15.4,30.0991287890411,50.0991287890411,70.0991287890411,90.0991287890411
4226,1,13.1,42.721344087671234,62.721344087671234,82.72134408767124,102.72134408767124
4227,1,13.6,67.96577468493152,87.96577468493152,107.96577468493152,127.96577468493152
4228,1,16.1,5.050057253550202,25.0500572535502,45.0500572535502,65.0500572535502
4229,1,16.8,5.914409483241313,25.914409483241315,45.914409483241315,65.91440948324131
4230,1,17.6,6.202526893138352,26.20252689313835,46.202526893138355,66.20252689313836
4231,1,18.0,6.634703007983905,26.634703007983905,46.6347030079839,66.6347030079839
4232,1,17.9,6.778761712932424,26.778761712932422,46.77876171293242,66.77876171293242
4233,1,18.6,6.922820417880944,26.922820417880942,46.92282041788094,66.92282041788094
4234,1,19.2,6.922820417880944,26.922820417880942,46.92282041788094,66.92282041788094
4235,1,19.6,6.778761712932424,26.778761712932422,46.77876171293242,66.77876171293242
4236,1,19.4,7.066879122829462,27.066879122829462,47.06687912282946,67.06687912282946
4237,1,19.9,7.066879122829462,27.066879122829462,47.06687912282946,67.06687912282946
4238,1,20.7,32.0231923101927,52.0231923101927,72.0231923101927,92.0231923101927
4239,1,21.2,6.634703007983905,26.634703007983905,46.6347030079839,66.6347030079839
4240,1,18.4,6.058468188189831,26.05846818818983,46.058468188189835,66.05846818818983
4241,1,14.1,5.338174663447239,25.33817466344724,45.33817466344724,65.33817466344723
4242,1,12.8,43.060761854389135,63.060761854389135,83.06076185438914,103.06076185438914
4243,1,10.7,5.338174663447239,25.33817466344724,45.33817466344724,65.33817466344723
4244,1,12.0,6.202526893138352,26.20252689313835,46.202526893138355,66.20252689313836
4245,1,12.9,69.88983820608311,89.88983820608311,109.88983820608311,129.8898382060831
4246,1,13.8,7.066879122829462,27.066879122829462,47.06687912282946,67.06687912282946
4247,1,13.7,7.354996532726499,27.3549965327265,47.3549965327265,67.3549965327265
4248,1,12.7,7.499055237675016,27.499055237675016,47.499055237675016,67.49905523767501
4249,1,12.2,8.939642287160202,28.939642287160204,48.939642287160204,68.93964228716021
4250,1,12.7,9.37181840200576,29.371818402005758,49.37181840200576,69.37181840200576
4251,2,12.4,10.524288041593906,30.524288041593906,50.524288041593906,70.5242880415939
4252,1,12.5,11.100522861387981,31.10052286138798,51.10052286138798,71.10052286138799
4253,2,13.0,11.2445815663365,31.2445815663365,51.2445815663365,71.2445815663365
4254,1,14.6,11.2445815663365,31.2445815663365,51.2445815663365,71.2445815663365
4255,1,16.1,11.100522861387981,31.10052286138798,51.10052286138798,71.10052286138799
4256,1,17.2,36.05683604875122,56.05683604875122,76.05683604875122,96.05683604875122
4257,1,16.5,10.236170631696872,30.236170631696872,50.23617063169687,70.23617063169687
4258,1,14.7,8.651524877263165,28.651524877263164,48.651524877263164,68.65152487726317
4259,1,13.7,45.22164242861691,65.22164242861692,85.22164242861692,105.22164242861692
4260,1,12.8,5.626292073344276,25.626292073344274,45.626292073344274,65.62629207334427
4261,1,11.9,5.626292073344276,25.626292073344274,45.626292073344274,65.62629207334427
4262,1,11.5,6.634703007983905,26.634703007983905,46.6347030079839,66.6347030079839
4263,1,11.9,8.21934876241761,28.21934876241761,48.21934876241761,68.21934876241761
4264,1,12.4,9.659935811902795,29.659935811902795,49.6599358119028,69.6599358119028
4265,1,14.1,76.37247992876645,96.37247992876645,116.37247992876645,136.37247992876644
4266,1,15.9,14.990107894997983,34.99010789499798,54.99010789499798,74.99010789499798
4267,2,17.1,14.557931780152426,34.55793178015243,54.55793178015243,74.55793178015243
4268,1,17.1,13.693579550461315,33.693579550461315,53.693579550461315,73.69357955046132
4269,1,17.7,14.125755665306873,34.12575566530687,54.12575566530687,74.12575566530687
4270,1,18.2,14.846049190049467,34.84604919004947,54.84604919004947,74.84604919004947
4271,1,20.1,15.566342714792057,35.56634271479206,55.56634271479206,75.56634271479206
4272,1,20.2,15.710401419740574,35.71040141974058,55.71040141974058,75.71040141974058
4273,1,20.1,16.430694944483168,36.430694944483164,56.430694944483164,76.43069494448316
4274,1,20.2,17.15098846922576,37.15098846922576,57.15098846922576,77.15098846922575
4275,1,20.4,16.430694944483168,36.430694944483164,56.430694944483164,76.43069494448316
4276,1,20.3,15.99851882963761,35.99851882963761,55.99851882963761,75.99851882963762
4277,1,20.6,15.566342714792057,35.56634271479206,55.56634271479206,75.56634271479206
4278,1,23.7,40.23453849225826,60.23453849225826,80.23453849225825,100.23453849225825
4279,1,21.6,13.549520845512799,33.5495208455128,53.5495208455128,73.5495208455128
4280,1,18.7,12.108933796027612,32.108933796027614,52.108933796027614,72.10893379602761
4281,1,18.3,10.668346746542426,30.668346746542426,50.668346746542426,70.66834674654243
4282,1,17.5,47.814699117690246,67.81469911769025,87.81469911769025,107.81469911769025
4283,1,14.2,9.515877106954274,29.515877106954274,49.51587710695428,69.51587710695428
4284,1,12.0,9.659935811902795,29.659935811902795,49.6599358119028,69.6599358119028
4285,1,12.2,9.37181840200576,29.371818402005758,49.37181840200576,69.37181840200576
4286,2,13.1,9.515877106954274,29.515877106954274,49.51587710695428,69.51587710695428
4287,1,13.6,12.108933796027612,32.108933796027614,52.108933796027614,72.10893379602761
4288,1,15.3,75.2200102891783,95.2200102891783,115.2200102891783,135.2200102891783
4289,1,16.2,12.252992500976127,32.25299250097613,52.25299250097613,72.25299250097612
4290,2,15.8,12.829227320770205,32.8292273207702,52.8292273207702,72.8292273207702
4291,1,15.2,13.261403435615758,33.26140343561576,53.26140343561576,73.26140343561576
4292,1,14.4,13.693579550461315,33.693579550461315,53.693579550461315,73.69357955046132
4293,2,15.6,14.701990485100946,34.70199048510095,54.70199048510095,74.70199048510095
4294,1,16.6,16.718812354380205,36.718812354380205,56.718812354380205,76.7188123543802
4295,1,16.5,18.159399403865386,38.159399403865386,58.159399403865386,78.1593994038654
4296,1,16.1,19.311869043453537,39.31186904345354,59.31186904345354,79.31186904345354
4297,1,15.8,20.032162568196128,40.03216256819613,60.03216256819613,80.03216256819613
4298,1,14.9,20.464338683041685,40.46433868304169,60.46433868304169,80.46433868304169
4299,1,14.4,20.896514797887242,40.89651479788724,60.89651479788724,80.89651479788725
4300,1,15.6,20.896514797887242,40.89651479788724,60.89651479788724,80.89651479788725
4301,1,16.9,44.70035834566234,64.70035834566234,84.70035834566234,104.70035834566234
4302,1,16.2,17.15098846922576,37.15098846922576,57.15098846922576,77.15098846922575
4303,1,15.6,15.27822530489502,35.27822530489502,55.27822530489502,75.27822530489502
4304,1,15.0,13.549520845512799,33.5495208455128,53.5495208455128,73.5495208455128
4305,1,13.4,50.407755806763575,70.40775580676357,90.40775580676357,110.40775580676357
4306,2,12.2,11.676757681182053,31.676757681182053,51.67675768118205,71.67675768118205
4307,1,11.1,11.388640271285018,31.38864027128502,51.38864027128502,71.38864027128503
4308,1,10.3,11.532698976233537,31.532698976233537,51.53269897623353,71.53269897623353
4309,1,11.1,12.541109910873166,32.54110991087317,52.54110991087317,72.54110991087316
4310,1,12.6,16.28663623953465,36.28663623953465,56.28663623953465,76.28663623953466
4311,1,12.8,19.16781033850502,39.16781033850502,59.16781033850502,79.16781033850502
4312,1,12.9,83.14323906134682,103.14323906134682,123.14323906134682,143.14323906134683
4313,1,13.1,20.464338683041685,40.46433868304169,60.46433868304169,80.46433868304169
4314,1,13.7,20.464338683041685,40.46433868304169,60.46433868304169,80.46433868304169
4315,2,13.3,20.752456092938722,40.75245609293872,60.75245609293872,80.75245609293873
4316,1,12.7,21.18463220778428,41.184632207784276,61.184632207784276,81.18463220778428
4317,1,13.0,21.3286909127328,41.328690912732796,61.328690912732796,81.3286909127328
4318,1,13.7,21.18463220778428,41.184632207784276,61.184632207784276,81.18463220778428
4319,1,13.9,19.0237516335565,39.0237516335565,59.0237516335565,79.0237516335565
4320,1,14.7,17.15098846922576,37.15098846922576,57.15098846922576,77.15098846922575
4321,1,14.5,16.574753649431685,36.574753649431685,56.574753649431685,76.57475364943168
4322,2,13.4,14.846049190049467,34.84604919004947,54.84604919004947,74.84604919004947
4323,1,15.0,14.125755665306873,34.12575566530687,54.12575566530687,74.12575566530687
4324,1,17.4,38.36177532792752,58.36177532792752,78.36177532792752,98.36177532792752
4325,1,16.4,12.108933796027612,32.108933796027614,52.108933796027614,72.10893379602761
4326,1,16.0,11.100522861387981,31.10052286138798,51.10052286138798,71.10052286138799
4327,1,15.4,10.380229336645385,30.380229336645385,50.380229336645385,70.38022933664539
4328,1,15.2,47.814699117690246,67.81469911769025,87.81469911769025,107.81469911769025
4329,1,14.1,9.659935811902795,29.659935811902795,49.6599358119028,69.6599358119028
4330,1,11.8,9.37181840200576,29.371818402005758,49.37181840200576,69.37181840200576
4331,1,10.9,8.939642287160202,28.939642287160204,48.939642287160204,68.93964228716021
4332,1,10.4,8.651524877263165,28.651524877263164,48.651524877263164,68.65152487726317
4333,1,10.6,8.507466172314647,28.507466172314647,48.50746617231465,68.50746617231465
4334,1,11.9,8.507466172314647,28.507466172314647,48.50746617231465,68.50746617231465
4335,1,14.6,9.37181840200576,29.371818402005758,49.37181840200576,69.37181840200576
4336,1,14.7,9.37181840200576,29.371818402005758,49.37181840200576,69.37181840200576
4337,1,15.1,9.083700992108723,29.083700992108724,49.083700992108724,69.08370099210873
4338,1,13.9,8.507466172314647,28.507466172314647,48.50746617231465,68.50746617231465
4339,2,13.3,8.21934876241761,28.21934876241761,48.21934876241761,68.21934876241761
4340,1,13.7,8.21934876241761,28.21934876241761,48.21934876241761,68.21934876241761
4341,1,13.1,8.21934876241761,28.21934876241761,48.21934876241761,68.21934876241761
4342,1,12.6,8.075290057469092,28.07529005746909,48.07529005746909,68.07529005746909
4343,1,11.4,7.354996532726499,27.3549965327265,47.3549965327265,67.3549965327265
4344,1,11.1,8.075290057469092,28.07529005746909,48.07529005746909,68.07529005746909
4345,1,11.2,8.507466172314647,28.507466172314647,48.50746617231465,68.50746617231465
4346,1,12.4,33.319720654729366,53.319720654729366,73.31972065472937,93.31972065472937
4347,1,12.4,7.931231352520573,27.931231352520573,47.93123135252057,67.93123135252057
4348,1,12.6,7.354996532726499,27.3549965327265,47.3549965327265,67.3549965327265
4349,1,11.1,49.39934487212395,69.39934487212395,89.39934487212395,109.39934487212395
4350,3,12.4,12.829227320770205,32.8292273207702,52.8292273207702,72.8292273207702
4351,1,11.2,12.685168615821684,32.68516861582168,52.68516861582168,72.68516861582168
4352,1,11.2,12.829227320770205,32.8292273207702,52.8292273207702,72.8292273207702
4353,1,10.8,12.973286025718725,32.97328602571872,52.97328602571872,72.97328602571872
4354,1,11.1,14.413873075203906,34.41387307520391,54.41387307520391,74.41387307520391
4355,1,10.9,13.549520845512799,33.5495208455128,53.5495208455128,73.5495208455128
4356,1,10.6,76.6605973386635,96.6605973386635,116.6605973386635,136.66059733866348
4357,1,10.7,13.693579550461315,33.693579550461315,53.693579550461315,73.69357955046132
4358,1,10.7,14.990107894997983,34.99010789499798,54.99010789499798,74.99010789499798
4359,1,10.4,16.28663623953465,36.28663623953465,56.28663623953465,76.28663623953466
4360,1,10.4,17.006929764277242,37.006929764277245,57.006929764277245,77.00692976427725
4361,1,10.2,17.87128199396835,37.87128199396835,57.87128199396835,77.87128199396835
4362,1,9.7,19.0237516335565,39.0237516335565,59.0237516335565,79.0237516335565
4363,1,9.9,19.599986453350578,39.59998645335058,59.59998645335058,79.59998645335058
4364,1,10.1,19.455927748402058,39.45592774840206,59.45592774840206,79.45592774840206
4365,1,9.6,19.744045158299095,39.744045158299095,59.744045158299095,79.74404515829909
4366,1,10.0,19.311869043453537,39.31186904345354,59.31186904345354,79.31186904345354
4367,1,10.0,42.539477771434555,62.539477771434555,82.53947777143455,102.53947777143455
4368,1,10.7,15.134166599946504,35.134166599946504,55.134166599946504,75.1341665999465
4369,1,10.9,13.405462140564278,33.40546214056428,53.40546214056428,73.40546214056428
4370,1,10.9,11.388640271285018,31.38864027128502,51.38864027128502,71.38864027128503
4371,1,10.5,47.526581707793206,67.52658170779321,87.52658170779321,107.52658170779321
4372,1,9.7,8.21934876241761,28.21934876241761,48.21934876241761,68.21934876241761
4373,1,9.2,7.210937827777981,27.210937827777983,47.21093782777798,67.21093782777798
4374,1,8.7,8.651524877263165,28.651524877263164,48.651524877263164,68.65152487726317
4375,1,10.8,12.397051205924647,32.39705120592465,52.39705120592465,72.39705120592464
4376,1,13.5,76.22842122381793,96.22842122381793,116.22842122381793,136.22842122381792
4377,1,13.8,13.837638255409832,33.83763825540983,53.83763825540983,73.83763825540983
4378,1,14.8,14.413873075203906,34.41387307520391,54.41387307520391,74.41387307520391
4379,1,15.5,15.134166599946504,35.134166599946504,55.134166599946504,75.1341665999465
4380,1,14.3,16.86287105932872,36.862871059328725,56.862871059328725,76.86287105932873
4381,1,12.9,18.01534069891687,38.01534069891687,58.01534069891687,78.01534069891687
4382,1,12.9,19.0237516335565,39.0237516335565,59.0237516335565,79.0237516335565
4383,1,12.9,20.032162568196128,40.03216256819613,60.03216256819613,80.03216256819613
4384,1,13.3,21.18463220778428,41.184632207784276,61.184632207784276,81.18463220778428
4385,1,13.3,21.040573502835763,41.04057350283576,61.04057350283576,81.04057350283577
4386,1,13.0,21.616808322629836,41.616808322629836,61.616808322629836,81.61680832262984
4387,1,15.1,22.769277962217984,42.769277962217984,62.769277962217984,82.76927796221798
4388,1,17.5,44.98847575555937,64.98847575555936,84.98847575555936,104.98847575555936
4389,1,17.0,17.15098846922576,37.15098846922576,57.15098846922576,77.15098846922575
4390,1,13.4,49.11122746222691,69.1112274622269,89.1112274622269,109.1112274622269
4391,1,12.6,10.380229336645385,30.380229336645385,50.380229336645385,70.38022933664539
4392,1,11.9,10.524288041593906,30.524288041593906,50.524288041593906,70.5242880415939
4393,1,12.9,11.820816386130574,31.820816386130574,51.82081638613057,71.82081638613057
4394,1,13.3,14.557931780152426,34.55793178015243,54.55793178015243,74.55793178015243
4395,1,13.2,16.28663623953465,36.28663623953465,56.28663623953465,76.28663623953466
4396,1,12.8,79.97394755247942,99.97394755247942,119.97394755247942,139.97394755247942
4397,1,13.4,16.86287105932872,36.862871059328725,56.862871059328725,76.86287105932873
4398,1,12.2,16.86287105932872,36.862871059328725,56.862871059328725,76.86287105932873
4399,1,12.1,17.727223289019836,37.72722328901983,57.72722328901983,77.72722328901983
4400,1,11.7,18.30345810881391,38.30345810881391,58.30345810881391,78.30345810881391
4401,1,10.7,18.879692928607984,38.87969292860798,58.87969292860798,78.87969292860798
4402,1,11.3,19.599986453350578,39.59998645335058,59.59998645335058,79.59998645335058
4403,1,11.4,20.464338683041685,40.46433868304169,60.46433868304169,80.46433868304169
4404,1,10.8,20.464338683041685,40.46433868304169,60.46433868304169,80.46433868304169
4405,1,11.0,20.464338683041685,40.46433868304169,60.46433868304169,80.46433868304169
4406,1,11.4,20.896514797887242,40.89651479788724,60.89651479788724,80.89651479788725
4407,1,11.8,21.18463220778428,41.184632207784276,61.184632207784276,81.18463220778428
4408,1,13.2,21.18463220778428,41.184632207784276,61.184632207784276,81.18463220778428
4409,1,15.2,44.98847575555937,64.98847575555936,84.98847575555936,104.98847575555936
4410,1,15.6,17.006929764277242,37.006929764277245,57.006929764277245,77.00692976427725
4411,1,14.6,14.990107894997983,34.99010789499798,54.99010789499798,74.99010789499798
4412,1,11.9,49.68746228202099,69.68746228202099,89.68746228202099,109.68746228202099
4413,1,11.3,11.100522861387981,31.10052286138798,51.10052286138798,71.10052286138799
4414,1,10.5,10.956464156439463,30.956464156439463,50.956464156439466,70.95646415643947
4415,1,10.6,11.388640271285018,31.38864027128502,51.38864027128502,71.38864027128503
4416,1,11.1,12.829227320770205,32.8292273207702,52.8292273207702,72.8292273207702
4417,1,12.3,16.718812354380205,36.718812354380205,56.718812354380205,76.7188123543802
4418,1,13.3,19.744045158299095,39.744045158299095,59.744045158299095,79.74404515829909
4419,1,13.8,85.16006093062609,105.16006093062609,125.16006093062609,145.1600609306261
4420,1,14.1,23.20145407706354,43.201454077063545,63.201454077063545,83.20145407706354
4421,1,14.1,24.20986501170317,44.20986501170317,64.20986501170317,84.20986501170317
4422,1,13.8,24.786099831497243,44.78609983149724,64.78609983149724,84.78609983149724
4423,2,14.7,25.794510766136877,45.79451076613688,65.79451076613688,85.79451076613688
4424,1,16.0,25.36233465129132,45.36233465129132,65.36233465129132,85.36233465129132
4425,1,17.5,25.36233465129132,45.36233465129132,65.36233465129132,85.36233465129132
4426,1,17.6,25.650452061188354,45.65045206118835,65.65045206118836,85.65045206118836
4427,1,18.2,25.218275946342796,45.2182759463428,65.2182759463428,85.2182759463428
4428,1,20.4,24.93015853644576,44.93015853644576,64.93015853644576,84.93015853644576
4429,1,20.1,24.353923716651693,44.35392371665169,64.35392371665169,84.35392371665169
4430,1,25.8,23.921747601806135,43.92174760180613,63.92174760180613,83.92174760180613
4431,1,30.2,47.86964985452974,67.86964985452974,87.86964985452974,107.86964985452974
4432,1,28.2,20.608397387990205,40.60839738799021,60.60839738799021,80.60839738799021
4433,1,23.2,15.566342714792057,35.56634271479206,55.56634271479206,75.56634271479206
4434,1,21.9,52.56863638099136,72.56863638099136,92.56863638099136,112.56863638099136
4435,1,17.6,15.134166599946504,35.134166599946504,55.134166599946504,75.1341665999465
4436,2,17.2,15.27822530489502,35.27822530489502,55.27822530489502,75.27822530489502
4437,1,19.7,14.26981437025539,34.26981437025539,54.26981437025539,74.26981437025539
4438,1,22.8,76.6605973386635,96.6605973386635,116.6605973386635,136.66059733866348
4439,1,24.7,13.117344730667241,33.11734473066724,53.11734473066724,73.11734473066724
4440,1,25.5,12.252992500976127,32.25299250097613,52.25299250097613,72.25299250097612
4441,2,24.2,11.100522861387981,31.10052286138798,51.10052286138798,71.10052286138799
4442,1,25.5,9.803994516851315,29.803994516851315,49.80399451685132,69.80399451685132
4443,1,25.6,8.939642287160202,28.939642287160204,48.939642287160204,68.93964228716021
4444,1,26.7,8.651524877263165,28.651524877263164,48.651524877263164,68.65152487726317
4445,1,28.2,8.36340746736613,28.36340746736613,48.36340746736613,68.36340746736613
4446,1,27.6,8.21934876241761,28.21934876241761,48.21934876241761,68.21934876241761
4447,1,28.5,8.21934876241761,28.21934876241761,48.21934876241761,68.21934876241761
4448,1,27.4,8.075290057469092,28.07529005746909,48.07529005746909,68.07529005746909
4449,1,26.8,7.787172647572055,27.787172647572056,47.787172647572056,67.78717264757205
4450,1,30.4,7.354996532726499,27.3549965327265,47.3549965327265,67.3549965327265
4451,1,34.6,31.735074900295665,51.735074900295665,71.73507490029567,91.73507490029567
4452,1,32.0,4.905998548601684,24.905998548601683,44.90599854860169,64.90599854860169
4453,1,29.5,4.854698191780822,24.854698191780823,44.85469819178083,64.85469819178083
4454,1,26.4,4.854698191780822,24.854698191780823,44.85469819178083,64.85469819178083
4455,1,19.5,42.721344087671234,62.721344087671234,82.72134408767124,102.72134408767124
4456,1,18.1,4.854698191780822,24.854698191780823,44.85469819178083,64.85469819178083
4457,1,17.5,4.854698191780822,24.854698191780823,44.85469819178083,64.85469819178083
4458,1,19.0,4.854698191780822,24.854698191780823,44.85469819178083,64.85469819178083
4459,1,22.1,67.96577468493152,87.96577468493152,107.96577468493152,127.96577468493152
4460,1,24.6,4.854698191780822,24.854698191780823,44.85469819178083,64.85469819178083
4461,1,27.7,4.905998548601684,24.905998548601683,44.90599854860169,64.90599854860169
4462,1,29.5,5.338174663447239,25.33817466344724,45.33817466344724,65.33817466344723
4463,1,28.4,5.914409483241313,25.914409483241315,45.914409483241315,65.91440948324131
4464,1,29.8,6.202526893138352,26.20252689313835,46.202526893138355,66.20252689313836
4465,1,30.7,6.778761712932424,26.778761712932422,46.77876171293242,66.77876171293242
4466,1,31.0,7.354996532726499,27.3549965327265,47.3549965327265,67.3549965327265
4467,1,28.9,7.643113942623536,27.643113942623536,47.643113942623536,67.64311394262353
4468,1,22.3,7.931231352520573,27.931231352520573,47.93123135252057,67.93123135252057
4469,1,22.1,8.795583582211684,28.795583582211684,48.795583582211684,68.79558358221169
4470,1,21.9,8.939642287160202,28.939642287160204,48.939642287160204,68.93964228716021
4471,1,24.1,9.948053221799833,29.94805322179983,49.94805322179983,69.94805322179982
4472,1,25.3,35.19248381906011,55.19248381906011,75.1924838190601,95.1924838190601
4473,1,23.6,8.21934876241761,28.21934876241761,48.21934876241761,68.21934876241761
4474,1,19.3,7.066879122829462,27.066879122829462,47.06687912282946,67.06687912282946
4475,1,18.3,6.490644303035387,26.49064430303539,46.49064430303539,66.4906443030354
4476,1,17.5,44.645407608822836,64.64540760882284,84.64540760882284,104.64540760882284
4477,1,17.1,6.922820417880944,26.922820417880942,46.92282041788094,66.92282041788094
4478,1,16.2,7.787172647572055,27.787172647572056,47.787172647572056,67.78717264757205
4479,1,15.9,8.795583582211684,28.795583582211684,48.795583582211684,68.79558358221169
4480,1,15.8,9.37181840200576,29.371818402005758,49.37181840200576,69.37181840200576
4481,1,15.7,9.948053221799833,29.94805322179983,49.94805322179983,69.94805322179982
4482,1,16.1,10.524288041593906,30.524288041593906,50.524288041593906,70.5242880415939
4483,1,16.2,74.64377546938424,94.64377546938424,114.64377546938424,134.64377546938425
4484,1,16.0,11.820816386130574,31.820816386130574,51.82081638613057,71.82081638613057
4485,1,15.9,13.549520845512799,33.5495208455128,53.5495208455128,73.5495208455128
4486,1,15.5,14.990107894997983,34.99010789499798,54.99010789499798,74.99010789499798
4487,1,14.3,15.710401419740574,35.71040141974058,55.71040141974058,75.71040141974058
4488,1,13.7,16.430694944483168,36.430694944483164,56.430694944483164,76.43069494448316
4489,1,13.5,16.86287105932872,36.862871059328725,56.862871059328725,76.86287105932873
4490,1,13.6,17.583164584071316,37.58316458407131,57.58316458407131,77.58316458407131
4491,1,13.3,18.159399403865386,38.159399403865386,58.159399403865386,78.1593994038654
4492,1,13.3,18.735634223659464,38.73563422365946,58.73563422365946,78.73563422365946
4493,1,13.5,18.735634223659464,38.73563422365946,58.73563422365946,78.73563422365946
4494,1,13.4,18.735634223659464,38.73563422365946,58.73563422365946,78.73563422365946
4495,1,13.8,19.16781033850502,39.16781033850502,59.16781033850502,79.16781033850502
4496,1,15.2,43.98006482091974,63.98006482091974,83.98006482091975,103.98006482091975
4497,1,15.8,17.439105879122796,37.43910587912279,57.43910587912279,77.43910587912279
4498,1,15.8,15.710401419740574,35.71040141974058,55.71040141974058,75.71040141974058
4499,1,16.5,13.549520845512799,33.5495208455128,53.5495208455128,73.5495208455128
4500,1,16.6,49.8315209869695,69.83152098696951,89.83152098696951,109.83152098696951
4501,1,15.1,11.100522861387981,31.10052286138798,51.10052286138798,71.10052286138799
4502,1,14.6,11.100522861387981,31.10052286138798,51.10052286138798,71.10052286138799
4503,1,14.0,12.685168615821684,32.68516861582168,52.68516861582168,72.68516861582168
4504,1,14.4,14.846049190049467,34.84604919004947,54.84604919004947,74.84604919004947
4505,1,13.7,78.96553661783979,98.96553661783979,118.96553661783979,138.9655366178398
4506,1,14.2,15.854460124689094,35.8544601246891,55.8544601246891,75.8544601246891
4507,1,13.8,17.439105879122796,37.43910587912279,57.43910587912279,77.43910587912279
4508,1,13.5,18.447516813762427,38.44751681376243,58.44751681376243,78.44751681376243
4509,1,13.6,18.591575518710947,38.59157551871095,58.59157551871095,78.59157551871095
4510,1,13.8,19.311869043453537,39.31186904345354,59.31186904345354,79.31186904345354
4511,1,13.4,20.176221273144648,40.17622127314465,60.17622127314465,80.17622127314465
4512,1,13.0,20.464338683041685,40.46433868304169,60.46433868304169,80.46433868304169
4513,1,13.0,21.040573502835763,41.04057350283576,61.04057350283576,81.04057350283577
4514,1,13.0,21.18463220778428,41.184632207784276,61.184632207784276,81.18463220778428
4515,1,13.2,21.3286909127328,41.328690912732796,61.328690912732796,81.3286909127328
4516,1,13.4,21.47274961768132,41.472749617681316,61.472749617681316,81.47274961768132
4517,1,13.9,45.996886690199,65.996886690199,85.996886690199,105.996886690199
4518,1,15.8,18.30345810881391,38.30345810881391,58.30345810881391,78.30345810881391
4519,1,16.1,17.583164584071316,37.58316458407131,57.58316458407131,77.58316458407131
4520,1,15.2,55.59386918491025,75.59386918491025,95.59386918491025,115.59386918491025
4521,1,15.1,17.15098846922576,37.15098846922576,57.15098846922576,77.15098846922575
4522,1,14.4,16.28663623953465,36.28663623953465,56.28663623953465,76.28663623953466
4523,1,13.4,15.99851882963761,35.99851882963761,55.99851882963761,75.99851882963762
4524,1,12.9,17.29504717417428,37.29504717417428,57.29504717417428,77.29504717417427
4525,1,13.1,20.32027997809317,40.32027997809317,60.32027997809317,80.32027997809317
4526,1,13.5,22.337101847372427,42.33710184737242,62.33710184737242,82.33710184737242
4527,1,14.4,86.45658927516274,106.45658927516274,126.45658927516274,146.45658927516274
4528,1,14.7,24.353923716651693,44.35392371665169,64.35392371665169,84.35392371665169
4529,1,14.7,24.786099831497243,44.78609983149724,64.78609983149724,84.78609983149724
4530,1,15.1,25.074217241394283,45.07421724139428,65.07421724139428,85.07421724139428
4531,1,14.3,25.074217241394283,45.07421724139428,65.07421724139428,85.07421724139428
4532,1,15.4,24.93015853644576,44.93015853644576,64.93015853644576,84.93015853644576
4533,1,15.8,23.20145407706354,43.201454077063545,63.201454077063545,83.20145407706354
4534,1,15.5,21.904925732526873,41.90492573252688,61.90492573252688,81.90492573252688
4535,1,15.3,20.896514797887242,40.89651479788724,60.89651479788724,80.89651479788725
4536,1,15.4,20.32027997809317,40.32027997809317,60.32027997809317,80.32027997809317
4537,1,15.7,19.311869043453537,39.31186904345354,59.31186904345354,79.31186904345354
4538,1,16.6,18.01534069891687,38.01534069891687,58.01534069891687,78.01534069891687
4539,1,17.7,16.718812354380205,36.718812354380205,56.718812354380205,76.7188123543802
4540,1,17.7,40.81077331205233,60.81077331205233,80.81077331205233,100.81077331205233
4541,1,17.3,15.566342714792057,35.56634271479206,55.56634271479206,75.56634271479206
4542,1,16.7,14.701990485100946,34.70199048510095,54.70199048510095,74.70199048510095
4543,1,16.5,12.541109910873166,32.54110991087317,52.54110991087317,72.54110991087316
4544,1,16.4,49.39934487212395,69.39934487212395,89.39934487212395,109.39934487212395
4545,1,14.1,9.227759697057241,29.22775969705724,49.22775969705724,69.22775969705724
4546,1,13.9,8.651524877263165,28.651524877263164,48.651524877263164,68.65152487726317
4547,3,14.6,9.083700992108723,29.083700992108724,49.083700992108724,69.08370099210873
4548,1,14.9,9.37181840200576,29.371818402005758,49.37181840200576,69.37181840200576
4549,1,14.4,9.37181840200576,29.371818402005758,49.37181840200576,69.37181840200576
4550,1,13.6,72.19477748525942,92.19477748525942,112.19477748525942,132.1947774852594
4551,1,13.5,8.939642287160202,28.939642287160204,48.939642287160204,68.93964228716021
4552,1,13.7,8.075290057469092,28.07529005746909,48.07529005746909,68.07529005746909
4553,1,13.0,8.21934876241761,28.21934876241761,48.21934876241761,68.21934876241761
4554,1,12.4,8.075290057469092,28.07529005746909,48.07529005746909,68.07529005746909
4555,1,12.5,8.651524877263165,28.651524877263164,48.651524877263164,68.65152487726317
4556,1,13.3,9.659935811902795,29.659935811902795,49.6599358119028,69.6599358119028
4557,1,12.7,11.2445815663365,31.2445815663365,51.2445815663365,71.2445815663365
4558,1,11.9,13.693579550461315,33.693579550461315,53.693579550461315,73.69357955046132
4559,1,13.4,14.26981437025539,34.26981437025539,54.26981437025539,74.26981437025539
4560,1,15.3,39.226127557618625,59.226127557618625,79.22612755761863,99.22612755761863
4561,1,15.5,12.685168615821684,32.68516861582168,52.68516861582168,72.68516861582168
4562,1,15.2,11.388640271285018,31.38864027128502,51.38864027128502,71.38864027128503
4563,1,13.9,9.803994516851315,29.803994516851315,49.80399451685132,69.80399451685132
4564,1,13.0,47.526581707793206,67.52658170779321,87.52658170779321,107.52658170779321
4565,1,12.8,9.803994516851315,29.803994516851315,49.80399451685132,69.80399451685132
4566,1,12.5,10.236170631696872,30.236170631696872,50.23617063169687,70.23617063169687
4567,1,11.3,10.092111926748352,30.092111926748352,50.09211192674835,70.09211192674834
4568,1,11.8,10.524288041593906,30.524288041593906,50.524288041593906,70.5242880415939
4569,1,13.1,11.100522861387981,31.10052286138798,51.10052286138798,71.10052286138799
4570,1,14.0,75.9403038139209,95.9403038139209,115.9403038139209,135.9403038139209
4571,1,14.4,12.252992500976127,32.25299250097613,52.25299250097613,72.25299250097612
4572,1,14.5,11.676757681182053,31.676757681182053,51.67675768118205,71.67675768118205
4573,1,14.7,12.397051205924647,32.39705120592465,52.39705120592465,72.39705120592464
4574,1,14.8,13.117344730667241,33.11734473066724,53.11734473066724,73.11734473066724
4575,1,14.4,12.108933796027612,32.108933796027614,52.108933796027614,72.10893379602761
4576,1,14.0,11.964875091079092,31.964875091079094,51.964875091079094,71.9648750910791
4577,1,12.7,11.964875091079092,31.964875091079094,51.964875091079094,71.9648750910791
4578,1,12.4,11.820816386130574,31.820816386130574,51.82081638613057,71.82081638613057
4579,1,15.0,10.812405451490944,30.812405451490946,50.812405451490946,70.81240545149095
4580,1,15.5,35.62465993390566,55.62465993390566,75.62465993390566,95.62465993390566
4581,1,14.9,9.803994516851315,29.803994516851315,49.80399451685132,69.80399451685132
4582,1,14.7,7.210937827777981,27.210937827777983,47.21093782777798,67.21093782777798
4583,1,13.8,43.92511408408024,63.92511408408024,83.92511408408023,103.92511408408023
4584,1,12.6,6.634703007983905,26.634703007983905,46.6347030079839,66.6347030079839
4585,1,13.8,7.787172647572055,27.787172647572056,47.787172647572056,67.78717264757205
4586,1,13.6,9.803994516851315,29.803994516851315,49.80399451685132,69.80399451685132
4587,1,13.7,11.100522861387981,31.10052286138798,51.10052286138798,71.10052286138799
4588,1,13.8,74.78783417433274,94.78783417433274,114.78783417433274,134.78783417433274
4589,1,13.6,11.2445815663365,31.2445815663365,51.2445815663365,71.2445815663365
4590,1,13.7,12.397051205924647,32.39705120592465,52.39705120592465,72.39705120592464
4591,1,13.5,13.117344730667241,33.11734473066724,53.11734473066724,73.11734473066724
4592,1,13.5,13.837638255409832,33.83763825540983,53.83763825540983,73.83763825540983
4593,1,13.8,14.413873075203906,34.41387307520391,54.41387307520391,74.41387307520391
4594,1,15.4,15.134166599946504,35.134166599946504,55.134166599946504,75.1341665999465
4595,1,15.2,15.99851882963761,35.99851882963761,55.99851882963761,75.99851882963762
4596,1,15.2,16.28663623953465,36.28663623953465,56.28663623953465,76.28663623953466
4597,1,16.5,15.134166599946504,35.134166599946504,55.134166599946504,75.1341665999465
4598,1,16.2,14.125755665306873,34.12575566530687,54.12575566530687,74.12575566530687
4599,1,16.2,13.837638255409832,33.83763825540983,53.83763825540983,73.83763825540983
4600,1,14.6,37.35336439328789,57.35336439328789,77.35336439328789,97.35336439328789
4601,1,14.8,11.820816386130574,31.820816386130574,51.82081638613057,71.82081638613057
4602,1,13.1,11.388640271285018,31.38864027128502,51.38864027128502,71.38864027128503
4603,1,12.7,10.380229336645385,30.380229336645385,50.380229336645385,70.38022933664539
4604,1,12.8,46.95034688799913,66.95034688799913,86.95034688799913,106.95034688799913
4605,1,11.4,7.499055237675016,27.499055237675016,47.499055237675016,67.49905523767501
4606,1,10.2,5.914409483241313,25.914409483241315,45.914409483241315,65.91440948324131
4607,1,9.6,5.19411595849872,25.19411595849872,45.19411595849872,65.19411595849871
4608,1,11.1,7.643113942623536,27.643113942623536,47.643113942623536,67.64311394262353
4609,2,12.0,9.083700992108723,29.083700992108724,49.083700992108724,69.08370099210873
4610,1,12.2,73.05912971495053,93.05912971495053,113.05912971495053,133.05912971495053
4611,1,12.7,11.100522861387981,31.10052286138798,51.10052286138798,71.10052286138799
4612,1,13.1,10.524288041593906,30.524288041593906,50.524288041593906,70.5242880415939
4613,1,13.1,9.659935811902795,29.659935811902795,49.6599358119028,69.6599358119028
4614,1,13.4,10.668346746542426,30.668346746542426,50.668346746542426,70.66834674654243
4615,1,13.4,10.812405451490944,30.812405451490946,50.812405451490946,70.81240545149095
4616,1,12.3,10.092111926748352,30.092111926748352,50.09211192674835,70.09211192674834
4617,1,12.5,9.803994516851315,29.803994516851315,49.80399451685132,69.80399451685132
4618,1,12.2,9.083700992108723,29.083700992108724,49.083700992108724,69.08370099210873
4619,1,12.1,9.803994516851315,29.803994516851315,49.80399451685132,69.80399451685132
4620,1,12.8,9.37181840200576,29.371818402005758,49.37181840200576,69.37181840200576
4621,1,14.3,32.74348583493529,52.74348583493529,72.74348583493529,92.74348583493529
4622,1,14.0,6.058468188189831,26.05846818818983,46.058468188189835,66.05846818818983
4623,1,14.0,5.19411595849872,25.19411595849872,45.19411595849872,65.19411595849871
4624,1,12.4,42.721344087671234,62.721344087671234,82.72134408767124,102.72134408767124
4625,1,10.0,67.96577468493152,87.96577468493152,107.96577468493152,127.96577468493152
4626,1,10.1,5.19411595849872,25.19411595849872,45.19411595849872,65.19411595849871
4627,1,9.9,7.066879122829462,27.066879122829462,47.06687912282946,67.06687912282946
4628,1,10.1,8.36340746736613,28.36340746736613,48.36340746736613,68.36340746736613
4629,1,10.1,7.931231352520573,27.931231352520573,47.93123135252057,67.93123135252057
4630,1,10.4,8.939642287160202,28.939642287160204,48.939642287160204,68.93964228716021
4631,1,10.6,10.380229336645385,30.380229336645385,50.380229336645385,70.38022933664539
4632,1,10.0,10.956464156439463,30.956464156439463,50.956464156439466,70.95646415643947
4633,1,9.3,11.100522861387981,31.10052286138798,51.10052286138798,71.10052286138799
4634,1,9.5,10.236170631696872,30.236170631696872,50.23617063169687,70.23617063169687
4635,1,10.6,35.19248381906011,55.19248381906011,75.1924838190601,95.1924838190601
4636,1,12.6,8.21934876241761,28.21934876241761,48.21934876241761,68.21934876241761
4637,1,12.6,7.931231352520573,27.931231352520573,47.93123135252057,67.93123135252057
4638,1,12.7,45.941935953359504,65.9419359533595,85.9419359533595,105.9419359533595
4639,1,10.9,8.21934876241761,28.21934876241761,48.21934876241761,68.21934876241761
4640,1,10.7,8.507466172314647,28.507466172314647,48.50746617231465,68.50746617231465
4641,1,11.1,8.939642287160202,28.939642287160204,48.939642287160204,68.93964228716021
4642,1,11.5,9.659935811902795,29.659935811902795,49.6599358119028,69.6599358119028
4643,1,11.9,74.49971676443572,94.49971676443572,114.49971676443572,134.49971676443573
4644,1,12.2,12.397051205924647,32.39705120592465,52.39705120592465,72.39705120592464
4645,1,12.2,12.829227320770205,32.8292273207702,52.8292273207702,72.8292273207702
4646,1,12.5,12.252992500976127,32.25299250097613,52.25299250097613,72.25299250097612
4647,1,12.8,12.252992500976127,32.25299250097613,52.25299250097613,72.25299250097612
4648,1,12.7,12.685168615821684,32.68516861582168,52.68516861582168,72.68516861582168
4649,1,13.1,12.973286025718725,32.97328602571872,52.97328602571872,72.97328602571872
4650,1,12.7,12.108933796027612,32.108933796027614,52.108933796027614,72.10893379602761
4651,1,13.4,12.397051205924647,32.39705120592465,52.39705120592465,72.39705120592464
4652,1,13.9,13.405462140564278,33.40546214056428,53.40546214056428,73.40546214056428
4653,1,14.5,13.837638255409832,33.83763825540983,53.83763825540983,73.83763825540983
4654,1,15.4,38.79395144277308,58.79395144277308,78.79395144277308,98.79395144277308
4655,1,16.1,12.397051205924647,32.39705120592465,52.39705120592465,72.39705120592464
4656,1,16.2,11.2445815663365,31.2445815663365,51.2445815663365,71.2445815663365
4657,1,16.3,9.227759697057241,29.22775969705724,49.22775969705724,69.22775969705724
4658,1,14.5,45.797877248410984,65.79787724841098,85.79787724841098,105.79787724841098
4659,1,13.2,8.795583582211684,28.795583582211684,48.795583582211684,68.79558358221169
4660,1,13.6,9.515877106954274,29.515877106954274,49.51587710695428,69.51587710695428
4661,1,13.2,10.668346746542426,30.668346746542426,50.668346746542426,70.66834674654243
4662,1,13.9,11.388640271285018,31.38864027128502,51.38864027128502,71.38864027128503
4663,1,14.0,11.388640271285018,31.38864027128502,51.38864027128502,71.38864027128503
4664,1,14.8,11.676757681182053,31.676757681182053,51.67675768118205,71.67675768118205
4665,1,15.2,74.78783417433274,94.78783417433274,114.78783417433274,134.78783417433274
4666,3,15.6,11.820816386130574,31.820816386130574,51.82081638613057,71.82081638613057
4667,1,16.5,12.252992500976127,32.25299250097613,52.25299250097613,72.25299250097612
4668,1,17.1,12.541109910873166,32.54110991087317,52.54110991087317,72.54110991087316
4669,1,17.1,12.829227320770205,32.8292273207702,52.8292273207702,72.8292273207702
4670,1,18.2,11.820816386130574,31.820816386130574,51.82081638613057,71.82081638613057
4671,1,18.2,12.108933796027612,32.108933796027614,52.108933796027614,72.10893379602761
4672,1,17.1,13.405462140564278,33.40546214056428,53.40546214056428,73.40546214056428
4673,1,16.5,13.261403435615758,33.26140343561576,53.26140343561576,73.26140343561576
4674,1,16.0,12.829227320770205,32.8292273207702,52.8292273207702,72.8292273207702
4675,1,15.5,12.397051205924647,32.39705120592465,52.39705120592465,72.39705120592464
4676,1,16.3,36.344953458648256,56.344953458648256,76.34495345864826,96.34495345864826
4677,1,17.0,10.668346746542426,30.668346746542426,50.668346746542426,70.66834674654243
4678,1,16.2,9.803994516851315,29.803994516851315,49.80399451685132,69.80399451685132
4679,1,15.2,9.37181840200576,29.371818402005758,49.37181840200576,69.37181840200576
4680,1,14.3,46.80628818305061,66.80628818305061,86.80628818305061,106.80628818305061
4681,1,13.2,8.075290057469092,28.07529005746909,48.07529005746909,68.07529005746909
4682,1,12.0,7.210937827777981,27.210937827777983,47.21093782777798,67.21093782777798
4683,1,11.4,8.795583582211684,28.795583582211684,48.795583582211684,68.79558358221169
4684,1,13.7,10.524288041593906,30.524288041593906,50.524288041593906,70.5242880415939
4685,1,16.1,74.21159935453868,94.21159935453868,114.21159935453868,134.2115993545387
4686,1,16.5,11.964875091079092,31.964875091079094,51.964875091079094,71.9648750910791
4687,1,16.0,13.117344730667241,33.11734473066724,53.11734473066724,73.11734473066724
4688,1,14.9,13.981696960358352,33.98169696035835,53.98169696035835,73.98169696035835
4689,1,14.1,15.42228400984354,35.42228400984354,55.42228400984354,75.42228400984354
4690,1,14.3,16.14257753458613,36.14257753458613,56.14257753458613,76.14257753458614
4691,1,15.9,14.701990485100946,34.70199048510095,54.70199048510095,74.70199048510095
4692,1,16.6,13.117344730667241,33.11734473066724,53.11734473066724,73.11734473066724
4693,1,17.1,12.108933796027612,32.108933796027614,52.108933796027614,72.10893379602761
4694,1,17.7,11.100522861387981,31.10052286138798,51.10052286138798,71.10052286138799
4695,1,17.3,10.236170631696872,30.236170631696872,50.23617063169687,70.23617063169687
4696,1,16.9,9.515877106954274,29.515877106954274,49.51587710695428,69.51587710695428
4697,1,18.1,34.18407288442048,54.18407288442048,74.18407288442049,94.18407288442049
4698,1,18.6,8.075290057469092,28.07529005746909,48.07529005746909,68.07529005746909
4699,1,18.5,6.922820417880944,26.922820417880942,46.92282041788094,66.92282041788094
4700,1,17.8,42.721344087671234,62.721344087671234,82.72134408767124,102.72134408767124
4701,1,17.6,4.854698191780822,24.854698191780823,44.85469819178083,64.85469819178083
4702,1,16.3,5.19411595849872,25.19411595849872,45.19411595849872,65.19411595849871
4703,1,15.9,6.490644303035387,26.49064430303539,46.49064430303539,66.4906443030354
4704,1,16.0,7.354996532726499,27.3549965327265,47.3549965327265,67.3549965327265
4705,1,16.9,7.787172647572055,27.787172647572056,47.787172647572056,67.78717264757205
4706,1,16.5,8.075290057469092,28.07529005746909,48.07529005746909,68.07529005746909
4707,1,16.2,71.3304252555683,91.3304252555683,111.3304252555683,131.3304252555683
4708,1,16.0,8.36340746736613,28.36340746736613,48.36340746736613,68.36340746736613
4709,1,14.7,8.507466172314647,28.507466172314647,48.50746617231465,68.50746617231465
4710,1,14.2,8.651524877263165,28.651524877263164,48.651524877263164,68.65152487726317
4711,1,14.4,8.939642287160202,28.939642287160204,48.939642287160204,68.93964228716021
4712,1,14.5,9.659935811902795,29.659935811902795,49.6599358119028,69.6599358119028
4713,1,14.8,10.380229336645385,30.380229336645385,50.380229336645385,70.38022933664539
4714,1,15.7,11.532698976233537,31.532698976233537,51.53269897623353,71.53269897623353
4715,1,16.5,11.2445815663365,31.2445815663365,51.2445815663365,71.2445815663365
4716,1,17.4,11.100522861387981,31.10052286138798,51.10052286138798,71.10052286138799
4717,1,18.3,35.9127773438027,55.9127773438027,75.9127773438027,95.9127773438027
4718,1,19.4,9.803994516851315,29.803994516851315,49.80399451685132,69.80399451685132
4719,1,19.5,9.227759697057241,29.22775969705724,49.22775969705724,69.22775969705724
4720,1,18.2,9.083700992108723,29.083700992108724,49.083700992108724,69.08370099210873
4721,1,17.3,46.37411206820506,66.37411206820505,86.37411206820505,106.37411206820505
4722,1,15.6,8.651524877263165,28.651524877263164,48.651524877263164,68.65152487726317
4723,1,13.9,9.083700992108723,29.083700992108724,49.083700992108724,69.08370099210873
4724,1,13.0,9.803994516851315,29.803994516851315,49.80399451685132,69.80399451685132
4725,1,13.7,10.236170631696872,30.236170631696872,50.23617063169687,70.23617063169687
4726,1,15.3,10.524288041593906,30.524288041593906,50.524288041593906,70.5242880415939
4727,1,15.9,10.812405451490944,30.812405451490946,50.812405451490946,70.81240545149095
4728,1,17.2,74.21159935453868,94.21159935453868,114.21159935453868,134.2115993545387
4729,1,17.5,11.388640271285018,31.38864027128502,51.38864027128502,71.38864027128503
4730,1,18.1,11.820816386130574,31.820816386130574,51.82081638613057,71.82081638613057
4731,1,17.7,11.964875091079092,31.964875091079094,51.964875091079094,71.9648750910791
4732,1,18.3,12.108933796027612,32.108933796027614,52.108933796027614,72.10893379602761
4733,1,18.6,12.108933796027612,32.108933796027614,52.108933796027614,72.10893379602761
4734,1,19.0,11.820816386130574,31.820816386130574,51.82081638613057,71.82081638613057
4735,1,19.3,11.676757681182053,31.676757681182053,51.67675768118205,71.67675768118205
4736,1,20.1,11.820816386130574,31.820816386130574,51.82081638613057,71.82081638613057
4737,1,20.3,11.820816386130574,31.820816386130574,51.82081638613057,71.82081638613057
4738,1,20.2,12.108933796027612,32.108933796027614,52.108933796027614,72.10893379602761
4739,1,22.6,11.676757681182053,31.676757681182053,51.67675768118205,71.67675768118205
4740,1,23.6,11.388640271285018,31.38864027128502,51.38864027128502,71.38864027128503
4741,1,26.0,36.344953458648256,56.344953458648256,76.34495345864826,96.34495345864826
4742,1,26.0,11.100522861387981,31.10052286138798,51.10052286138798,71.10052286138799
4743,1,21.1,11.100522861387981,31.10052286138798,51.10052286138798,71.10052286138799
4744,1,20.0,49.25528616717543,69.25528616717543,89.25528616717543,109.25528616717543
4745,1,19.4,11.388640271285018,31.38864027128502,51.38864027128502,71.38864027128503
4746,1,18.8,11.388640271285018,31.38864027128502,51.38864027128502,71.38864027128503
4747,2,17.5,11.532698976233537,31.532698976233537,51.53269897623353,71.53269897623353
4748,1,17.1,11.532698976233537,31.532698976233537,51.53269897623353,71.53269897623353
4749,1,17.7,11.676757681182053,31.676757681182053,51.67675768118205,71.67675768118205
4750,1,17.9,11.676757681182053,31.676757681182053,51.67675768118205,71.67675768118205
4751,1,18.7,74.78783417433274,94.78783417433274,114.78783417433274,134.78783417433274
4752,1,18.7,11.820816386130574,31.820816386130574,51.82081638613057,71.82081638613057
4753,1,19.8,11.820816386130574,31.820816386130574,51.82081638613057,71.82081638613057
4754,1,17.4,11.676757681182053,31.676757681182053,51.67675768118205,71.67675768118205
4755,1,17.6,11.532698976233537,31.532698976233537,51.53269897623353,71.53269897623353
4756,1,17.2,11.676757681182053,31.676757681182053,51.67675768118205,71.67675768118205
4757,1,16.2,11.964875091079092,31.964875091079094,51.964875091079094,71.9648750910791
4758,1,16.2,12.397051205924647,32.39705120592465,52.39705120592465,72.39705120592464
4759,1,15.8,12.685168615821684,32.68516861582168,52.68516861582168,72.68516861582168
4760,1,16.5,38.50583403287604,58.50583403287604,78.50583403287604,98.50583403287604
4761,2,16.6,13.837638255409832,33.83763825540983,53.83763825540983,73.83763825540983
4762,1,15.9,51.41616674140321,71.4161667414032,91.4161667414032,111.4161667414032
4763,1,16.9,13.261403435615758,33.26140343561576,53.26140343561576,73.26140343561576
4764,1,16.3,13.117344730667241,33.11734473066724,53.11734473066724,73.11734473066724
4765,1,15.7,13.117344730667241,33.11734473066724,53.11734473066724,73.11734473066724
4766,1,15.4,13.261403435615758,33.26140343561576,53.26140343561576,73.26140343561576
4767,1,15.6,13.549520845512799,33.5495208455128,53.5495208455128,73.5495208455128
4768,1,15.8,13.693579550461315,33.693579550461315,53.693579550461315,73.69357955046132
4769,1,15.7,77.09277345350904,97.09277345350904,117.09277345350904,137.09277345350904
4770,1,15.4,14.26981437025539,34.26981437025539,54.26981437025539,74.26981437025539
4771,1,15.5,14.413873075203906,34.41387307520391,54.41387307520391,74.41387307520391
4772,1,15.0,14.26981437025539,34.26981437025539,54.26981437025539,74.26981437025539
4773,1,15.0,14.413873075203906,34.41387307520391,54.41387307520391,74.41387307520391
4774,1,14.0,14.701990485100946,34.70199048510095,54.70199048510095,74.70199048510095
4775,1,12.8,15.99851882963761,35.99851882963761,55.99851882963761,75.99851882963762
4776,1,13.2,17.15098846922576,37.15098846922576,57.15098846922576,77.15098846922575
4777,1,12.8,16.86287105932872,36.862871059328725,56.862871059328725,76.86287105932873
4778,1,12.7,16.14257753458613,36.14257753458613,56.14257753458613,76.14257753458614
4779,1,13.0,15.27822530489502,35.27822530489502,55.27822530489502,75.27822530489502
4780,1,13.5,14.701990485100946,34.70199048510095,54.70199048510095,74.70199048510095
4781,1,13.4,39.946421082361226,59.946421082361226,79.94642108236123,99.94642108236123
4782,1,13.6,14.413873075203906,34.41387307520391,54.41387307520391,74.41387307520391
4783,1,14.2,14.125755665306873,34.12575566530687,54.12575566530687,74.12575566530687
4784,1,14.9,13.693579550461315,33.693579550461315,53.693579550461315,73.69357955046132
4785,1,16.6,51.41616674140321,71.4161667414032,91.4161667414032,111.4161667414032
4786,1,16.6,13.405462140564278,33.40546214056428,53.40546214056428,73.40546214056428
4787,1,15.7,13.405462140564278,33.40546214056428,53.40546214056428,73.40546214056428
4788,1,14.0,13.405462140564278,33.40546214056428,53.40546214056428,73.40546214056428
4789,1,14.1,14.701990485100946,34.70199048510095,54.70199048510095,74.70199048510095
4790,1,14.8,15.854460124689094,35.8544601246891,55.8544601246891,75.8544601246891
4791,1,16.6,15.710401419740574,35.71040141974058,55.71040141974058,75.71040141974058
4792,1,17.2,79.39771273268535,99.39771273268535,119.39771273268535,139.39771273268536
4793,1,18.1,16.718812354380205,36.718812354380205,56.718812354380205,76.7188123543802
4794,1,18.1,17.439105879122796,37.43910587912279,57.43910587912279,77.43910587912279
4795,1,17.9,18.30345810881391,38.30345810881391,58.30345810881391,78.30345810881391
4796,1,17.7,19.455927748402058,39.45592774840206,59.45592774840206,79.45592774840206
4797,1,17.7,20.176221273144648,40.17622127314465,60.17622127314465,80.17622127314465
4798,1,17.4,21.18463220778428,41.184632207784276,61.184632207784276,81.18463220778428
4799,1,18.0,21.47274961768132,41.472749617681316,61.472749617681316,81.47274961768132
4800,1,18.0,21.040573502835763,41.04057350283576,61.04057350283576,81.04057350283577
4801,1,17.8,21.47274961768132,41.472749617681316,61.472749617681316,81.47274961768132
4802,1,17.7,20.896514797887242,40.89651479788724,60.89651479788724,80.89651479788725
4803,1,17.1,46.14094539514752,66.14094539514753,86.14094539514753,106.14094539514753
4804,1,17.4,19.88810386324761,39.88810386324761,59.88810386324761,79.88810386324761
4805,1,17.4,17.583164584071316,37.58316458407131,57.58316458407131,77.58316458407131
4806,1,17.6,17.583164584071316,37.58316458407131,57.58316458407131,77.58316458407131
4807,1,17.6,53.00081249583691,73.00081249583691,93.00081249583691,113.00081249583691
4808,1,17.2,13.837638255409832,33.83763825540983,53.83763825540983,73.83763825540983
4809,2,16.0,13.405462140564278,33.40546214056428,53.40546214056428,73.40546214056428
4810,1,15.7,14.26981437025539,34.26981437025539,54.26981437025539,74.26981437025539
4811,1,15.1,16.718812354380205,36.718812354380205,56.718812354380205,76.7188123543802
4812,1,15.5,17.87128199396835,37.87128199396835,57.87128199396835,77.87128199396835
4813,1,16.5,18.591575518710947,38.59157551871095,58.59157551871095,78.59157551871095
4814,1,16.5,82.42294553660423,102.42294553660423,122.42294553660423,142.42294553660423
4815,1,16.2,20.176221273144648,40.17622127314465,60.17622127314465,80.17622127314465
4816,1,16.6,21.040573502835763,41.04057350283576,61.04057350283576,81.04057350283577
4817,1,16.3,21.616808322629836,41.616808322629836,61.616808322629836,81.61680832262984
4818,1,15.9,21.904925732526873,41.90492573252688,61.90492573252688,81.90492573252688
4819,1,16.6,21.47274961768132,41.472749617681316,61.472749617681316,81.47274961768132
4820,1,15.3,21.47274961768132,41.472749617681316,61.472749617681316,81.47274961768132
4821,1,14.3,21.47274961768132,41.472749617681316,61.472749617681316,81.47274961768132
4822,1,14.5,21.040573502835763,41.04057350283576,61.04057350283576,81.04057350283577
4823,1,15.4,20.608397387990205,40.60839738799021,60.60839738799021,80.60839738799021
4824,2,15.5,20.032162568196128,40.03216256819613,60.03216256819613,80.03216256819613
4825,2,15.9,19.0237516335565,39.0237516335565,59.0237516335565,79.0237516335565
4826,1,15.6,18.159399403865386,38.159399403865386,58.159399403865386,78.1593994038654
4827,1,16.3,43.40383000112566,63.40383000112566,83.40383000112567,103.40383000112567
4828,1,17.4,18.159399403865386,38.159399403865386,58.159399403865386,78.1593994038654
4829,1,17.2,17.87128199396835,37.87128199396835,57.87128199396835,77.87128199396835
4830,1,17.1,17.29504717417428,37.29504717417428,57.29504717417428,77.29504717417427
4831,1,16.9,54.87357566016765,74.87357566016766,94.87357566016766,114.87357566016766
4832,1,16.8,16.718812354380205,36.718812354380205,56.718812354380205,76.7188123543802
4833,1,15.6,16.574753649431685,36.574753649431685,56.574753649431685,76.57475364943168
4834,1,14.3,16.430694944483168,36.430694944483164,56.430694944483164,76.43069494448316
4835,1,15.2,16.718812354380205,36.718812354380205,56.718812354380205,76.7188123543802
4836,1,16.4,17.006929764277242,37.006929764277245,57.006929764277245,77.00692976427725
4837,1,16.5,17.006929764277242,37.006929764277245,57.006929764277245,77.00692976427725
4838,1,17.2,80.11800625742794,100.11800625742794,120.11800625742794,140.11800625742794
4839,1,17.2,17.15098846922576,37.15098846922576,57.15098846922576,77.15098846922575
4840,1,16.7,17.439105879122796,37.43910587912279,57.43910587912279,77.43910587912279
4841,1,16.2,19.455927748402058,39.45592774840206,59.45592774840206,79.45592774840206
4842,1,16.0,20.032162568196128,40.03216256819613,60.03216256819613,80.03216256819613
4843,1,15.9,20.752456092938722,40.75245609293872,60.75245609293872,80.75245609293873
4844,1,16.0,21.18463220778428,41.184632207784276,61.184632207784276,81.18463220778428
4845,1,15.9,21.616808322629836,41.616808322629836,61.616808322629836,81.61680832262984
4846,1,16.1,22.048984437475394,42.0489844374754,62.0489844374754,82.0489844374754
4847,1,15.9,22.481160552320947,42.481160552320944,62.481160552320944,82.48116055232094
4848,1,16.3,22.769277962217984,42.769277962217984,62.769277962217984,82.76927796221798
4849,1,16.1,22.913336667166504,42.913336667166504,62.913336667166504,82.9133366671665
4850,1,16.1,48.01370855947826,68.01370855947826,88.01370855947826,108.01370855947826
4851,1,16.5,22.625219257269464,42.625219257269464,62.625219257269464,82.62521925726946
4852,1,15.8,22.19304314242391,42.19304314242391,62.19304314242391,82.1930431424239
4853,1,15.1,21.616808322629836,41.616808322629836,61.616808322629836,81.61680832262984
4854,1,14.9,59.05127810367469,79.05127810367469,99.05127810367469,119.05127810367469
4855,1,14.8,20.608397387990205,40.60839738799021,60.60839738799021,80.60839738799021
4856,1,14.1,20.176221273144648,40.17622127314465,60.17622127314465,80.17622127314465
4857,1,13.4,20.896514797887242,40.89651479788724,60.89651479788724,80.89651479788725
4858,1,13.1,22.481160552320947,42.481160552320944,62.481160552320944,82.48116055232094
4859,1,14.3,23.345512782012054,43.34551278201205,63.34551278201205,83.34551278201205
4860,1,14.7,24.06580630675465,44.06580630675465,64.06580630675465,84.06580630675465
4861,1,14.7,88.04123502959645,108.04123502959645,128.04123502959646,148.04123502959646
4862,2,14.4,25.50639335623984,45.50639335623984,65.50639335623984,85.50639335623984
4863,1,14.7,26.08262817603391,46.08262817603391,66.08262817603391,86.08262817603391
4864,1,14.7,26.946980405725025,46.94698040572503,66.94698040572503,86.94698040572503
4865,1,14.5,28.099450045313173,48.099450045313176,68.09945004531318,88.09945004531318
4866,1,14.4,28.81974357005576,48.81974357005576,68.81974357005576,88.81974357005576
4867,1,14.8,29.1078609799528,49.107860979952804,69.1078609799528,89.1078609799528
4868,1,14.6,29.540037094798354,49.54003709479835,69.54003709479835,89.54003709479835
4869,1,13.8,28.675684865107243,48.67568486510724,68.67568486510724,88.67568486510724
4870,1,14.1,27.23509781562206,47.235097815622055,67.23509781562205,87.23509781562205
4871,1,15.2,24.786099831497243,44.78609983149724,64.78609983149724,84.78609983149724
4872,1,15.7,23.489571486960575,43.48957148696057,63.48957148696057,83.48957148696057
4873,1,17.3,47.5815324446327,67.5815324446327,87.5815324446327,107.5815324446327
4874,1,17.9,21.616808322629836,41.616808322629836,61.616808322629836,81.61680832262984
4875,1,16.8,22.048984437475394,42.0489844374754,62.0489844374754,82.0489844374754
4876,1,16.6,21.760867027578357,41.76086702757836,61.76086702757836,81.76086702757836
4877,1,16.3,59.05127810367469,79.05127810367469,99.05127810367469,119.05127810367469
4878,1,15.0,18.447516813762427,38.44751681376243,58.44751681376243,78.44751681376243
4879,1,13.3,17.29504717417428,37.29504717417428,57.29504717417428,77.29504717417427
4880,1,13.8,16.430694944483168,36.430694944483164,56.430694944483164,76.43069494448316
4881,1,14.7,15.854460124689094,35.8544601246891,55.8544601246891,75.8544601246891
4882,1,15.9,15.134166599946504,35.134166599946504,55.134166599946504,75.1341665999465
4883,1,16.3,77.81306697825164,97.81306697825164,117.81306697825164,137.81306697825164
4884,1,15.9,13.837638255409832,33.83763825540983,53.83763825540983,73.83763825540983
4885,1,16.3,12.541109910873166,32.54110991087317,52.54110991087317,72.54110991087316
4886,1,16.5,11.820816386130574,31.820816386130574,51.82081638613057,71.82081638613057
4887,1,16.3,10.956464156439463,30.956464156439463,50.956464156439466,70.95646415643947
4888,1,16.7,10.236170631696872,30.236170631696872,50.23617063169687,70.23617063169687
4889,1,16.5,9.227759697057241,29.22775969705724,49.22775969705724,69.22775969705724
4890,1,16.5,8.507466172314647,28.507466172314647,48.50746617231465,68.50746617231465
4891,1,17.2,8.075290057469092,28.07529005746909,48.07529005746909,68.07529005746909
4892,1,17.4,7.643113942623536,27.643113942623536,47.643113942623536,67.64311394262353
4893,1,18.2,7.354996532726499,27.3549965327265,47.3549965327265,67.3549965327265
4894,1,17.4,7.210937827777981,27.210937827777983,47.21093782777798,67.21093782777798
4895,1,18.0,32.31130972008974,52.31130972008974,72.31130972008974,92.31130972008974
4896,1,19.2,7.066879122829462,27.066879122829462,47.06687912282946,67.06687912282946
4897,1,18.3,6.778761712932424,26.778761712932422,46.77876171293242,66.77876171293242
4898,1,17.5,6.34658559808687,26.346585598086868,46.34658559808687,66.34658559808688
4899,1,16.5,44.357290198925796,64.3572901989258,84.3572901989258,104.3572901989258
4900,1,15.0,6.778761712932424,26.778761712932422,46.77876171293242,66.77876171293242
4901,1,15.0,7.066879122829462,27.066879122829462,47.06687912282946,67.06687912282946
4902,1,14.3,8.075290057469092,28.07529005746909,48.07529005746909,68.07529005746909
4903,1,15.6,9.803994516851315,29.803994516851315,49.80399451685132,69.80399451685132
4904,1,17.2,10.236170631696872,30.236170631696872,50.23617063169687,70.23617063169687
4905,1,17.1,73.77942323969312,93.77942323969312,113.77942323969312,133.77942323969313
4906,1,16.4,11.820816386130574,31.820816386130574,51.82081638613057,71.82081638613057
4907,1,16.2,12.829227320770205,32.8292273207702,52.8292273207702,72.8292273207702
4908,1,15.8,13.837638255409832,33.83763825540983,53.83763825540983,73.83763825540983
4909,1,14.7,14.413873075203906,34.41387307520391,54.41387307520391,74.41387307520391
4910,1,14.0,14.990107894997983,34.99010789499798,54.99010789499798,74.99010789499798
4911,1,13.0,16.28663623953465,36.28663623953465,56.28663623953465,76.28663623953466
4912,1,12.2,17.006929764277242,37.006929764277245,57.006929764277245,77.00692976427725
4913,1,11.6,18.01534069891687,38.01534069891687,58.01534069891687,78.01534069891687
4914,1,11.6,18.735634223659464,38.73563422365946,58.73563422365946,78.73563422365946
4915,1,11.5,19.599986453350578,39.59998645335058,59.59998645335058,79.59998645335058
4916,1,11.0,19.0237516335565,39.0237516335565,59.0237516335565,79.0237516335565
4917,1,11.1,18.447516813762427,38.44751681376243,58.44751681376243,78.44751681376243
4918,1,12.0,42.539477771434555,62.539477771434555,82.53947777143455,102.53947777143455
4919,1,12.5,16.28663623953465,36.28663623953465,56.28663623953465,76.28663623953466
4920,1,12.1,14.990107894997983,34.99010789499798,54.99010789499798,74.99010789499798
4921,1,11.9,13.981696960358352,33.98169696035835,53.98169696035835,73.98169696035835
4922,1,12.5,50.983990626557656,70.98399062655766,90.98399062655766,110.98399062655766
4923,1,12.7,12.397051205924647,32.39705120592465,52.39705120592465,72.39705120592464
4924,1,12.5,11.820816386130574,31.820816386130574,51.82081638613057,71.82081638613057
4925,1,12.6,12.397051205924647,32.39705120592465,52.39705120592465,72.39705120592464
4926,1,12.1,11.388640271285018,31.38864027128502,51.38864027128502,71.38864027128503
4927,1,12.0,11.676757681182053,31.676757681182053,51.67675768118205,71.67675768118205
4928,1,11.6,76.08436251886943,96.08436251886943,116.08436251886943,136.08436251886943
4929,1,11.4,14.26981437025539,34.26981437025539,54.26981437025539,74.26981437025539
4930,1,11.3,15.27822530489502,35.27822530489502,55.27822530489502,75.27822530489502
4931,1,11.3,15.99851882963761,35.99851882963761,55.99851882963761,75.99851882963762
4932,1,11.4,16.14257753458613,36.14257753458613,56.14257753458613,76.14257753458614
4933,1,10.8,15.99851882963761,35.99851882963761,55.99851882963761,75.99851882963762
4934,1,10.2,17.29504717417428,37.29504717417428,57.29504717417428,77.29504717417427
4935,1,9.8,18.30345810881391,38.30345810881391,58.30345810881391,78.30345810881391
4936,1,9.7,18.735634223659464,38.73563422365946,58.73563422365946,78.73563422365946
4937,1,9.5,18.879692928607984,38.87969292860798,58.87969292860798,78.87969292860798
4938,1,9.6,19.0237516335565,39.0237516335565,59.0237516335565,79.0237516335565
4939,1,9.4,19.0237516335565,39.0237516335565,59.0237516335565,79.0237516335565
4940,1,9.2,19.455927748402058,39.45592774840206,59.45592774840206,79.45592774840206
4941,1,9.2,45.420651870404924,65.42065187040492,85.42065187040492,105.42065187040492
4942,1,9.4,19.16781033850502,39.16781033850502,59.16781033850502,79.16781033850502
4943,1,9.4,17.006929764277242,37.006929764277245,57.006929764277245,77.00692976427725
4944,1,9.6,14.557931780152426,34.55793178015243,54.55793178015243,74.55793178015243
4945,1,10.0,50.839931921609136,70.83993192160914,90.83993192160914,110.83993192160914
4946,1,10.2,12.541109910873166,32.54110991087317,52.54110991087317,72.54110991087316
4947,1,10.1,12.829227320770205,32.8292273207702,52.8292273207702,72.8292273207702
4948,1,9.4,14.846049190049467,34.84604919004947,54.84604919004947,74.84604919004947
4949,1,9.7,18.447516813762427,38.44751681376243,58.44751681376243,78.44751681376243
4950,1,10.3,20.032162568196128,40.03216256819613,60.03216256819613,80.03216256819613
4951,1,11.4,21.760867027578357,41.76086702757836,61.76086702757836,81.76086702757836
4952,1,12.5,86.16847186526572,106.16847186526572,126.16847186526572,146.1684718652657
4953,1,13.1,23.633630191909095,43.63363019190909,63.63363019190909,83.63363019190909
4954,1,13.9,24.20986501170317,44.20986501170317,64.20986501170317,84.20986501170317
4955,1,13.9,24.642041126548726,44.642041126548726,64.64204112654872,84.64204112654872
4956,1,14.1,24.93015853644576,44.93015853644576,64.93015853644576,84.93015853644576
4957,1,14.0,24.93015853644576,44.93015853644576,64.93015853644576,84.93015853644576
4958,1,13.9,24.93015853644576,44.93015853644576,64.93015853644576,84.93015853644576
4959,1,14.8,24.93015853644576,44.93015853644576,64.93015853644576,84.93015853644576
4960,1,15.6,25.218275946342796,45.2182759463428,65.2182759463428,85.2182759463428
4961,1,16.2,24.93015853644576,44.93015853644576,64.93015853644576,84.93015853644576
4962,1,16.9,24.93015853644576,44.93015853644576,64.93015853644576,84.93015853644576
4963,1,17.5,25.218275946342796,45.2182759463428,65.2182759463428,85.2182759463428
4964,1,16.9,25.074217241394283,45.07421724139428,65.07421724139428,85.07421724139428
4965,1,17.3,50.030530428757515,70.03053042875752,90.03053042875752,110.03053042875752
4966,1,17.9,24.353923716651693,44.35392371665169,64.35392371665169,84.35392371665169
4967,1,18.4,22.913336667166504,42.913336667166504,62.913336667166504,82.9133366671665
4968,1,18.6,21.18463220778428,41.184632207784276,61.184632207784276,81.18463220778428
4969,1,18.4,57.034456234395435,77.03445623439544,97.03445623439544,117.03445623439544
4970,1,19.4,17.439105879122796,37.43910587912279,57.43910587912279,77.43910587912279
4971,1,19.0,17.006929764277242,37.006929764277245,57.006929764277245,77.00692976427725
4972,1,18.5,16.86287105932872,36.862871059328725,56.862871059328725,76.86287105932873
4973,1,17.9,17.29504717417428,37.29504717417428,57.29504717417428,77.29504717417427
4974,1,18.5,17.29504717417428,37.29504717417428,57.29504717417428,77.29504717417427
4975,1,18.2,17.727223289019836,37.72722328901983,57.72722328901983,77.72722328901983
4976,1,17.5,81.4145346019646,101.4145346019646,121.4145346019646,141.4145346019646
4977,1,17.7,19.311869043453537,39.31186904345354,59.31186904345354,79.31186904345354
4978,1,17.3,19.455927748402058,39.45592774840206,59.45592774840206,79.45592774840206
4979,2,18.1,19.599986453350578,39.59998645335058,59.59998645335058,79.59998645335058
4980,1,18.4,19.599986453350578,39.59998645335058,59.59998645335058,79.59998645335058
4981,1,16.2,19.599986453350578,39.59998645335058,59.59998645335058,79.59998645335058
4982,1,17.1,20.32027997809317,40.32027997809317,60.32027997809317,80.32027997809317
4983,1,17.1,19.88810386324761,39.88810386324761,59.88810386324761,79.88810386324761
4984,1,16.5,19.455927748402058,39.45592774840206,59.45592774840206,79.45592774840206
4985,1,15.9,19.311869043453537,39.31186904345354,59.31186904345354,79.31186904345354
4986,1,15.9,18.879692928607984,38.87969292860798,58.87969292860798,78.87969292860798
4987,1,16.6,44.12412352586826,64.12412352586826,84.12412352586826,104.12412352586826
4988,1,18.0,18.30345810881391,38.30345810881391,58.30345810881391,78.30345810881391
4989,1,17.8,17.583164584071316,37.58316458407131,57.58316458407131,77.58316458407131
4990,1,17.3,17.15098846922576,37.15098846922576,57.15098846922576,77.15098846922575
4991,1,16.7,54.58545825027062,74.58545825027062,94.58545825027062,114.58545825027062
4992,1,17.0,17.006929764277242,37.006929764277245,57.006929764277245,77.00692976427725
4993,1,15.7,17.29504717417428,37.29504717417428,57.29504717417428,77.29504717417427
4994,1,16.0,17.727223289019836,37.72722328901983,57.72722328901983,77.72722328901983
4995,1,17.1,18.01534069891687,38.01534069891687,58.01534069891687,78.01534069891687
4996,1,17.0,18.447516813762427,38.44751681376243,58.44751681376243,78.44751681376243
4997,1,16.7,81.70265201186164,101.70265201186164,121.70265201186164,141.70265201186163
4998,1,16.3,18.735634223659464,38.73563422365946,58.73563422365946,78.73563422365946
4999,1,16.7,19.0237516335565,39.0237516335565,59.0237516335565,79.0237516335565
5000,1,15.1,19.16781033850502,39.16781033850502,59.16781033850502,79.16781033850502
5001,1,14.3,19.16781033850502,39.16781033850502,59.16781033850502,79.16781033850502
5002,1,14.4,19.16781033850502,39.16781033850502,59.16781033850502,79.16781033850502
5003,1,15.8,18.879692928607984,38.87969292860798,58.87969292860798,78.87969292860798
5004,1,15.3,18.735634223659464,38.73563422365946,58.73563422365946,78.73563422365946
5005,1,14.6,18.30345810881391,38.30345810881391,58.30345810881391,78.30345810881391
5006,1,15.1,17.87128199396835,37.87128199396835,57.87128199396835,77.87128199396835
5007,1,15.2,17.006929764277242,37.006929764277245,57.006929764277245,77.00692976427725
5008,1,15.7,41.53106683679493,61.53106683679493,81.53106683679493,101.53106683679493
5009,1,17.0,15.42228400984354,35.42228400984354,55.42228400984354,75.42228400984354
5010,1,19.5,52.8567537908884,72.8567537908884,92.8567537908884,112.8567537908884
5011,1,19.0,15.27822530489502,35.27822530489502,55.27822530489502,75.27822530489502
5012,1,19.2,15.42228400984354,35.42228400984354,55.42228400984354,75.42228400984354
5013,1,19.1,15.710401419740574,35.71040141974058,55.71040141974058,75.71040141974058
5014,1,19.2,78.67741920794275,98.67741920794275,118.67741920794275,138.67741920794276
5015,1,19.0,15.99851882963761,35.99851882963761,55.99851882963761,75.99851882963762
5016,1,18.5,15.854460124689094,35.8544601246891,55.8544601246891,75.8544601246891
5017,1,18.9,16.718812354380205,36.718812354380205,56.718812354380205,76.7188123543802
5018,1,17.8,17.29504717417428,37.29504717417428,57.29504717417428,77.29504717417427
5019,1,16.4,17.583164584071316,37.58316458407131,57.58316458407131,77.58316458407131
5020,1,16.5,17.29504717417428,37.29504717417428,57.29504717417428,77.29504717417427
5021,1,16.4,16.574753649431685,36.574753649431685,56.574753649431685,76.57475364943168
5022,1,16.1,15.854460124689094,35.8544601246891,55.8544601246891,75.8544601246891
5023,1,16.0,15.566342714792057,35.56634271479206,55.56634271479206,75.56634271479206
5024,1,16.5,15.27822530489502,35.27822530489502,55.27822530489502,75.27822530489502
5025,1,17.1,15.134166599946504,35.134166599946504,55.134166599946504,75.1341665999465
5026,1,18.7,40.37859719720678,60.37859719720678,80.37859719720677,100.37859719720677
5027,1,19.8,14.26981437025539,34.26981437025539,54.26981437025539,74.26981437025539
5028,1,20.3,13.693579550461315,33.693579550461315,53.693579550461315,73.69357955046132
5029,1,21.0,51.12804933150617,71.12804933150616,91.12804933150616,111.12804933150616
5030,1,20.6,12.973286025718725,32.97328602571872,52.97328602571872,72.97328602571872
5031,1,20.4,13.261403435615758,33.26140343561576,53.26140343561576,73.26140343561576
5032,1,20.0,13.549520845512799,33.5495208455128,53.5495208455128,73.5495208455128
5033,1,20.4,13.837638255409832,33.83763825540983,53.83763825540983,73.83763825540983
5034,1,21.3,13.981696960358352,33.98169696035835,53.98169696035835,73.98169696035835
5035,1,21.7,14.125755665306873,34.12575566530687,54.12575566530687,74.12575566530687
5036,1,22.2,77.23683215845756,97.23683215845756,117.23683215845756,137.23683215845756
5037,1,21.4,14.26981437025539,34.26981437025539,54.26981437025539,74.26981437025539
5038,1,21.0,14.413873075203906,34.41387307520391,54.41387307520391,74.41387307520391
5039,1,19.6,14.557931780152426,34.55793178015243,54.55793178015243,74.55793178015243
5040,1,19.6,14.701990485100946,34.70199048510095,54.70199048510095,74.70199048510095
5041,1,19.1,15.42228400984354,35.42228400984354,55.42228400984354,75.42228400984354
5042,1,19.0,16.28663623953465,36.28663623953465,56.28663623953465,76.28663623953466
5043,1,19.5,16.86287105932872,36.862871059328725,56.862871059328725,76.86287105932873
5044,1,20.3,42.683536476383075,62.683536476383075,82.68353647638307,102.68353647638307
5045,1,21.3,17.15098846922576,37.15098846922576,57.15098846922576,77.15098846922575
5046,1,22.1,16.574753649431685,36.574753649431685,56.574753649431685,76.57475364943168
5047,1,22.9,16.14257753458613,36.14257753458613,56.14257753458613,76.14257753458614
5048,1,22.4,53.577047315630985,73.57704731563098,93.57704731563098,113.57704731563098
5049,1,22.8,15.42228400984354,35.42228400984354,55.42228400984354,75.42228400984354
5050,1,22.8,15.27822530489502,35.27822530489502,55.27822530489502,75.27822530489502
5051,1,23.1,15.134166599946504,35.134166599946504,55.134166599946504,75.1341665999465
5052,1,23.6,15.42228400984354,35.42228400984354,55.42228400984354,75.42228400984354
5053,1,23.9,15.27822530489502,35.27822530489502,55.27822530489502,75.27822530489502
5054,1,23.3,78.82147791289127,98.82147791289127,118.82147791289127,138.82147791289128
5055,1,22.6,15.854460124689094,35.8544601246891,55.8544601246891,75.8544601246891
5056,1,22.1,15.710401419740574,35.71040141974058,55.71040141974058,75.71040141974058
5057,1,22.0,15.42228400984354,35.42228400984354,55.42228400984354,75.42228400984354
5058,1,22.4,14.990107894997983,34.99010789499798,54.99010789499798,74.99010789499798
5059,1,21.6,14.557931780152426,34.55793178015243,54.55793178015243,74.55793178015243
5060,1,20.8,15.27822530489502,35.27822530489502,55.27822530489502,75.27822530489502
5061,1,20.3,17.29504717417428,37.29504717417428,57.29504717417428,77.29504717417427
5062,1,19.9,19.0237516335565,39.0237516335565,59.0237516335565,79.0237516335565
5063,1,19.9,20.032162568196128,40.03216256819613,60.03216256819613,80.03216256819613
5064,1,20.9,20.32027997809317,40.32027997809317,60.32027997809317,80.32027997809317
5065,1,20.6,20.896514797887242,40.89651479788724,60.89651479788724,80.89651479788725
5066,1,21.4,46.86123891989011,66.86123891989011,86.86123891989011,106.86123891989011
5067,1,22.1,21.904925732526873,41.90492573252688,61.90492573252688,81.90492573252688
5068,1,24.2,20.896514797887242,40.89651479788724,60.89651479788724,80.89651479788725
5069,1,25.1,57.034456234395435,77.03445623439544,97.03445623439544,117.03445623439544
5070,1,26.2,19.0237516335565,39.0237516335565,59.0237516335565,79.0237516335565
5071,1,25.8,19.311869043453537,39.31186904345354,59.31186904345354,79.31186904345354
5072,1,26.4,20.464338683041685,40.46433868304169,60.46433868304169,80.46433868304169
5073,1,25.6,21.040573502835763,41.04057350283576,61.04057350283576,81.04057350283577
5074,1,25.7,20.32027997809317,40.32027997809317,60.32027997809317,80.32027997809317
5075,1,25.2,20.032162568196128,40.03216256819613,60.03216256819613,80.03216256819613
5076,1,25.4,82.99918035639831,102.99918035639831,122.99918035639831,142.9991803563983
5077,1,24.3,20.176221273144648,40.17622127314465,60.17622127314465,80.17622127314465
5078,1,24.0,21.18463220778428,41.184632207784276,61.184632207784276,81.18463220778428
5079,1,24.3,21.18463220778428,41.184632207784276,61.184632207784276,81.18463220778428
5080,1,23.8,20.176221273144648,40.17622127314465,60.17622127314465,80.17622127314465
5081,1,23.6,19.88810386324761,39.88810386324761,59.88810386324761,79.88810386324761
5082,1,23.1,19.744045158299095,39.744045158299095,59.744045158299095,79.74404515829909
5083,1,23.3,19.311869043453537,39.31186904345354,59.31186904345354,79.31186904345354
5084,2,23.8,19.16781033850502,39.16781033850502,59.16781033850502,79.16781033850502
5085,1,23.9,19.311869043453537,39.31186904345354,59.31186904345354,79.31186904345354
5086,1,23.6,20.176221273144648,40.17622127314465,60.17622127314465,80.17622127314465
5087,1,23.4,45.13253446050789,65.13253446050788,85.13253446050788,105.13253446050788
5088,1,24.7,18.01534069891687,38.01534069891687,58.01534069891687,78.01534069891687
5089,1,25.9,16.430694944483168,36.430694944483164,56.430694944483164,76.43069494448316
5090,1,28.2,53.00081249583691,73.00081249583691,93.00081249583691,113.00081249583691
5091,1,28.3,12.973286025718725,32.97328602571872,52.97328602571872,72.97328602571872
5092,1,29.3,9.948053221799833,29.94805322179983,49.94805322179983,69.94805322179982
5093,1,27.3,8.21934876241761,28.21934876241761,48.21934876241761,68.21934876241761
5094,1,26.0,7.354996532726499,27.3549965327265,47.3549965327265,67.3549965327265
5095,1,26.9,7.643113942623536,27.643113942623536,47.643113942623536,67.64311394262353
5096,1,26.4,8.075290057469092,28.07529005746909,48.07529005746909,68.07529005746909
5097,1,25.7,71.47448396051682,91.47448396051682,111.47448396051682,131.4744839605168
5098,1,26.9,9.083700992108723,29.083700992108724,49.083700992108724,69.08370099210873
5099,1,26.0,9.37181840200576,29.371818402005758,49.37181840200576,69.37181840200576
5100,1,25.3,9.37181840200576,29.371818402005758,49.37181840200576,69.37181840200576
5101,1,25.5,9.948053221799833,29.94805322179983,49.94805322179983,69.94805322179982
5102,1,24.8,11.676757681182053,31.676757681182053,51.67675768118205,71.67675768118205
5103,2,24.2,13.981696960358352,33.98169696035835,53.98169696035835,73.98169696035835
5104,1,24.5,15.27822530489502,35.27822530489502,55.27822530489502,75.27822530489502
5105,1,24.5,15.42228400984354,35.42228400984354,55.42228400984354,75.42228400984354
5106,1,24.6,15.566342714792057,35.56634271479206,55.56634271479206,75.56634271479206
5107,1,25.1,15.566342714792057,35.56634271479206,55.56634271479206,75.56634271479206
5108,1,25.3,15.566342714792057,35.56634271479206,55.56634271479206,75.56634271479206
5109,1,25.3,15.99851882963761,35.99851882963761,55.99851882963761,75.99851882963762
5110,1,25.0,41.96324295164048,61.96324295164048,81.96324295164048,101.96324295164048
5111,1,27.3,17.15098846922576,37.15098846922576,57.15098846922576,77.15098846922575
5112,1,29.1,16.86287105932872,36.862871059328725,56.862871059328725,76.86287105932873
5113,1,27.1,15.99851882963761,35.99851882963761,55.99851882963761,75.99851882963762
5114,1,27.3,52.8567537908884,72.8567537908884,92.8567537908884,112.8567537908884
5115,1,28.6,14.846049190049467,34.84604919004947,54.84604919004947,74.84604919004947
5116,1,30.1,14.701990485100946,34.70199048510095,54.70199048510095,74.70199048510095
5117,1,28.4,15.134166599946504,35.134166599946504,55.134166599946504,75.1341665999465
5118,1,27.6,16.28663623953465,36.28663623953465,56.28663623953465,76.28663623953466
5119,1,27.5,17.87128199396835,37.87128199396835,57.87128199396835,77.87128199396835
5120,1,28.5,18.879692928607984,38.87969292860798,58.87969292860798,78.87969292860798
5121,1,28.9,82.99918035639831,102.99918035639831,122.99918035639831,142.9991803563983
5122,1,28.1,20.752456092938722,40.75245609293872,60.75245609293872,80.75245609293873
5123,1,28.0,21.18463220778428,41.184632207784276,61.184632207784276,81.18463220778428
5124,1,27.8,22.625219257269464,42.625219257269464,62.625219257269464,82.62521925726946
5125,1,27.8,24.353923716651693,44.35392371665169,64.35392371665169,84.35392371665169
5126,1,28.8,25.50639335623984,45.50639335623984,65.50639335623984,85.50639335623984
5127,1,29.9,25.794510766136877,45.79451076613688,65.79451076613688,85.79451076613688
5128,1,29.8,26.370745585930948,46.37074558593095,66.37074558593095,86.37074558593095
5129,1,30.3,25.794510766136877,45.79451076613688,65.79451076613688,85.79451076613688
5130,1,32.2,25.218275946342796,45.2182759463428,65.2182759463428,85.2182759463428
5131,1,33.3,50.462706543603076,70.46270654360308,90.46270654360308,110.46270654360308
5132,1,36.9,24.93015853644576,44.93015853644576,64.93015853644576,84.93015853644576
5133,1,40.2,23.05739537211502,43.057395372115025,63.057395372115025,83.05739537211502
5134,1,33.3,57.89880846408654,77.89880846408654,97.89880846408654,117.89880846408654
5135,1,32.7,20.032162568196128,40.03216256819613,60.03216256819613,80.03216256819613
5136,1,31.3,20.896514797887242,40.89651479788724,60.89651479788724,80.89651479788725
5137,1,29.7,21.3286909127328,41.328690912732796,61.328690912732796,81.3286909127328
5138,1,28.7,21.904925732526873,41.90492573252688,61.90492573252688,81.90492573252688
5139,1,29.5,23.633630191909095,43.63363019190909,63.63363019190909,83.63363019190909
5140,1,29.7,87.6090589147509,107.6090589147509,127.6090589147509,147.6090589147509
5141,1,29.4,25.218275946342796,45.2182759463428,65.2182759463428,85.2182759463428
5142,1,30.1,25.794510766136877,45.79451076613688,65.79451076613688,85.79451076613688
5143,1,28.7,26.514804290879468,46.51480429087947,66.51480429087947,86.51480429087947
5144,1,26.9,27.23509781562206,47.235097815622055,67.23509781562205,87.23509781562205
5145,1,25.6,28.387567455210206,48.3875674552102,68.3875674552102,88.3875674552102
5146,1,26.4,29.1078609799528,49.107860979952804,69.1078609799528,89.1078609799528
5147,1,26.3,29.97221320964391,49.97221320964391,69.97221320964391,89.97221320964391
5148,1,26.4,30.548448029437985,50.548448029437985,70.54844802943799,90.54844802943799
5149,1,26.4,30.980624144283546,50.980624144283546,70.98062414428355,90.98062414428355
5150,1,26.4,31.412800259129092,51.41280025912909,71.41280025912909,91.41280025912909
5151,1,26.7,31.268741554180583,51.26874155418058,71.26874155418058,91.26874155418058
5152,1,26.3,30.980624144283546,50.980624144283546,70.98062414428355,90.98062414428355
5153,1,28.1,56.22505474154382,76.22505474154383,96.22505474154383,116.22505474154383
5154,1,30.4,30.11627191459243,50.11627191459243,70.11627191459243,90.11627191459243
5155,1,32.8,28.531626160158723,48.53162616015872,68.53162616015872,88.53162616015872
5156,1,31.5,26.658862995827985,46.65886299582799,66.65886299582799,86.65886299582799
5157,1,29.8,63.08492184223321,83.0849218422332,103.0849218422332,123.0849218422332
5158,1,27.0,22.769277962217984,42.769277962217984,62.769277962217984,82.76927796221798
5159,2,26.8,21.3286909127328,41.328690912732796,61.328690912732796,81.3286909127328
5160,1,28.2,21.040573502835763,41.04057350283576,61.04057350283576,81.04057350283577
5161,1,27.4,21.904925732526873,41.90492573252688,61.90492573252688,81.90492573252688
5162,1,26.4,84.72788481578053,104.72788481578053,124.72788481578053,144.72788481578053
5163,1,25.6,21.3286909127328,41.328690912732796,61.328690912732796,81.3286909127328
5164,1,26.4,22.048984437475394,42.0489844374754,62.0489844374754,82.0489844374754
5165,2,25.8,22.048984437475394,42.0489844374754,62.0489844374754,82.0489844374754
5166,1,25.1,21.47274961768132,41.472749617681316,61.472749617681316,81.47274961768132
5167,1,25.4,20.464338683041685,40.46433868304169,60.46433868304169,80.46433868304169
5168,1,24.0,20.608397387990205,40.60839738799021,60.60839738799021,80.60839738799021
5169,1,24.2,23.05739537211502,43.057395372115025,63.057395372115025,83.05739537211502
5170,1,24.1,24.06580630675465,44.06580630675465,64.06580630675465,84.06580630675465
5171,1,24.0,25.074217241394283,45.07421724139428,65.07421724139428,85.07421724139428
5172,1,25.7,25.36233465129132,45.36233465129132,65.36233465129132,85.36233465129132
5173,1,25.4,50.606765248551596,70.6067652485516,90.6067652485516,110.6067652485516
5174,1,26.8,25.218275946342796,45.2182759463428,65.2182759463428,85.2182759463428
5175,1,26.9,23.921747601806135,43.92174760180613,63.92174760180613,83.92174760180613
5176,1,27.1,22.481160552320947,42.481160552320944,62.481160552320944,82.48116055232094
5177,1,28.2,59.33939551357173,79.33939551357173,99.33939551357173,119.33939551357173
5178,1,27.1,19.599986453350578,39.59998645335058,59.59998645335058,79.59998645335058
5179,1,27.6,20.32027997809317,40.32027997809317,60.32027997809317,80.32027997809317
5180,1,29.8,21.47274961768132,41.472749617681316,61.472749617681316,81.47274961768132
5181,1,27.2,82.85512165144979,102.85512165144979,122.85512165144979,142.8551216514498
5182,1,26.7,19.0237516335565,39.0237516335565,59.0237516335565,79.0237516335565
5183,1,26.0,18.879692928607984,38.87969292860798,58.87969292860798,78.87969292860798
5184,1,25.8,18.879692928607984,38.87969292860798,58.87969292860798,78.87969292860798
5185,1,24.4,18.879692928607984,38.87969292860798,58.87969292860798,78.87969292860798
5186,1,23.9,19.0237516335565,39.0237516335565,59.0237516335565,79.0237516335565
5187,1,23.4,18.447516813762427,38.44751681376243,58.44751681376243,78.44751681376243
5188,1,23.1,18.735634223659464,38.73563422365946,58.73563422365946,78.73563422365946
5189,1,23.5,18.735634223659464,38.73563422365946,58.73563422365946,78.73563422365946
5190,1,23.0,19.16781033850502,39.16781033850502,59.16781033850502,79.16781033850502
5191,1,24.1,20.464338683041685,40.46433868304169,60.46433868304169,80.46433868304169
5192,1,23.8,21.040573502835763,41.04057350283576,61.04057350283576,81.04057350283577
5193,1,24.4,46.28500410009604,66.28500410009605,86.28500410009605,106.28500410009605
5194,1,26.7,21.040573502835763,41.04057350283576,61.04057350283576,81.04057350283577
5195,1,26.0,19.744045158299095,39.744045158299095,59.744045158299095,79.74404515829909
5196,1,27.2,17.87128199396835,37.87128199396835,57.87128199396835,77.87128199396835
5197,1,27.8,55.88198659480728,75.88198659480727,95.88198659480727,115.88198659480727
5198,1,28.2,19.311869043453537,39.31186904345354,59.31186904345354,79.31186904345354
5199,1,26.8,20.464338683041685,40.46433868304169,60.46433868304169,80.46433868304169
5200,1,27.4,20.608397387990205,40.60839738799021,60.60839738799021,80.60839738799021
5201,1,27.8,18.447516813762427,38.44751681376243,58.44751681376243,78.44751681376243
5202,1,27.5,80.40612366732498,100.40612366732498,120.40612366732498,140.40612366732498
5203,1,26.2,17.29504717417428,37.29504717417428,57.29504717417428,77.29504717417427
5204,1,26.0,15.854460124689094,35.8544601246891,55.8544601246891,75.8544601246891
5205,1,25.6,14.846049190049467,34.84604919004947,54.84604919004947,74.84604919004947
5206,1,24.9,14.413873075203906,34.41387307520391,54.41387307520391,74.41387307520391
5207,1,24.6,14.26981437025539,34.26981437025539,54.26981437025539,74.26981437025539
5208,1,23.1,13.693579550461315,33.693579550461315,53.693579550461315,73.69357955046132
5209,1,22.8,13.693579550461315,33.693579550461315,53.693579550461315,73.69357955046132
5210,1,23.1,13.549520845512799,33.5495208455128,53.5495208455128,73.5495208455128
5211,1,22.2,13.405462140564278,33.40546214056428,53.40546214056428,73.40546214056428
5212,1,22.9,13.981696960358352,33.98169696035835,53.98169696035835,73.98169696035835
5213,1,22.9,14.125755665306873,34.12575566530687,54.12575566530687,74.12575566530687
5214,1,24.3,39.946421082361226,59.946421082361226,79.94642108236123,99.94642108236123
5215,1,26.0,15.27822530489502,35.27822530489502,55.27822530489502,75.27822530489502
5216,1,26.1,15.566342714792057,35.56634271479206,55.56634271479206,75.56634271479206
5217,1,26.5,15.854460124689094,35.8544601246891,55.8544601246891,75.8544601246891
5218,1,26.3,54.4413995453221,74.4413995453221,94.4413995453221,114.4413995453221
5219,1,26.3,17.727223289019836,37.72722328901983,57.72722328901983,77.72722328901983
5220,1,27.3,18.591575518710947,38.59157551871095,58.59157551871095,78.59157551871095
5221,1,27.6,19.599986453350578,39.59998645335058,59.59998645335058,79.59998645335058
5222,1,26.5,20.32027997809317,40.32027997809317,60.32027997809317,80.32027997809317
5223,1,26.3,21.760867027578357,41.76086702757836,61.76086702757836,81.76086702757836
5224,1,26.6,87.03282409495682,107.03282409495682,127.03282409495682,147.03282409495682
5225,1,25.9,25.074217241394283,45.07421724139428,65.07421724139428,85.07421724139428
5226,1,25.4,26.08262817603391,46.08262817603391,66.08262817603391,86.08262817603391
5227,1,24.4,27.09103911067354,47.09103911067354,67.09103911067353,87.09103911067353
5228,1,24.7,28.099450045313173,48.099450045313176,68.09945004531318,88.09945004531318
5229,1,23.3,28.531626160158723,48.53162616015872,68.53162616015872,88.53162616015872
5230,1,23.3,29.1078609799528,49.107860979952804,69.1078609799528,89.1078609799528
5231,1,23.0,29.251919684901317,49.25191968490132,69.25191968490131,89.25191968490131
5232,1,22.8,29.97221320964391,49.97221320964391,69.97221320964391,89.97221320964391
5233,1,22.4,30.548448029437985,50.548448029437985,70.54844802943799,90.54844802943799
5234,1,22.9,30.980624144283546,50.980624144283546,70.98062414428355,90.98062414428355
5235,1,22.7,31.268741554180583,51.26874155418058,71.26874155418058,91.26874155418058
5236,1,22.5,56.801289561337896,76.8012895613379,96.8012895613379,116.8012895613379
5237,1,23.1,30.980624144283546,50.980624144283546,70.98062414428355,90.98062414428355
5238,1,25.1,29.97221320964391,49.97221320964391,69.97221320964391,89.97221320964391
5239,1,26.9,28.96380227500428,48.963802275004284,68.96380227500428,88.96380227500428
5240,1,27.6,65.82203723625506,85.82203723625506,105.82203723625506,125.82203723625506
5241,1,27.4,27.23509781562206,47.235097815622055,67.23509781562205,87.23509781562205
5242,1,27.9,28.099450045313173,48.099450045313176,68.09945004531318,88.09945004531318
5243,1,26.6,28.675684865107243,48.67568486510724,68.67568486510724,88.67568486510724
5244,1,26.8,29.828154504695394,49.82815450469539,69.82815450469539,89.82815450469539
5245,1,26.8,30.83656543933502,50.83656543933502,70.83656543933502,90.83656543933502
5246,1,26.6,31.844976373974653,51.84497637397465,71.84497637397465,91.84497637397465
5247,1,26.9,95.3882289819709,115.3882289819709,135.38822898197088,155.38822898197088
5248,1,26.7,32.9974460135628,52.9974460135628,72.99744601356281,92.99744601356281
5249,1,26.4,33.285563423459834,53.285563423459834,73.28556342345983,93.28556342345983
5250,1,26.3,33.14150471851132,53.14150471851132,73.14150471851133,93.14150471851133
5251,1,26.1,32.9974460135628,52.9974460135628,72.99744601356281,92.99744601356281
5252,1,25.9,33.429622128408354,53.429622128408354,73.42962212840835,93.42962212840835
5253,1,25.9,33.573680833356875,53.573680833356875,73.57368083335687,93.57368083335687
5254,1,25.5,33.573680833356875,53.573680833356875,73.57368083335687,93.57368083335687
5255,1,25.2,33.429622128408354,53.429622128408354,73.42962212840835,93.42962212840835
5256,1,25.8,32.9974460135628,52.9974460135628,72.99744601356281,92.99744601356281
5257,1,26.4,32.42121119376873,52.42121119376873,72.42121119376873,92.42121119376873
5258,1,26.0,31.98903507892317,51.989035078923166,71.98903507892317,91.98903507892317
5259,1,26.5,56.801289561337896,76.8012895613379,96.8012895613379,116.8012895613379
5260,1,27.7,30.980624144283546,50.980624144283546,70.98062414428355,90.98062414428355
5261,1,28.9,29.97221320964391,49.97221320964391,69.97221320964391,89.97221320964391
5262,1,32.4,28.81974357005576,48.81974357005576,68.81974357005576,88.81974357005576
5263,1,31.5,65.10174371151247,85.10174371151247,105.10174371151247,125.10174371151247
5264,1,31.5,26.514804290879468,46.51480429087947,66.51480429087947,86.51480429087947
5265,1,30.5,26.514804290879468,46.51480429087947,66.51480429087947,86.51480429087947
5266,1,30.2,26.946980405725025,46.94698040572503,66.94698040572503,86.94698040572503
5267,1,29.7,27.523215225519095,47.523215225519095,67.5232152255191,87.5232152255191
5268,1,28.6,28.387567455210206,48.3875674552102,68.3875674552102,88.3875674552102
5269,1,28.3,28.81974357005576,48.81974357005576,68.81974357005576,88.81974357005576
5270,1,28.7,92.07487876815497,112.07487876815497,132.07487876815497,152.07487876815497
5271,1,28.9,29.1078609799528,49.107860979952804,69.1078609799528,89.1078609799528
5272,1,29.3,29.540037094798354,49.54003709479835,69.54003709479835,89.54003709479835
5273,1,29.5,29.828154504695394,49.82815450469539,69.82815450469539,89.82815450469539
5274,1,30.3,29.251919684901317,49.25191968490132,69.25191968490131,89.25191968490131
5275,1,28.5,29.1078609799528,49.107860979952804,69.1078609799528,89.1078609799528
5276,1,27.6,29.1078609799528,49.107860979952804,69.1078609799528,89.1078609799528
5277,1,26.5,28.387567455210206,48.3875674552102,68.3875674552102,88.3875674552102
5278,1,26.9,28.531626160158723,48.53162616015872,68.53162616015872,88.53162616015872
5279,1,25.7,28.81974357005576,48.81974357005576,68.81974357005576,88.81974357005576
5280,1,24.6,28.96380227500428,48.963802275004284,68.96380227500428,88.96380227500428
5281,1,24.4,29.251919684901317,49.25191968490132,69.25191968490131,89.25191968490131
5282,1,23.7,28.675684865107243,48.67568486510724,68.67568486510724,88.67568486510724
5283,1,24.7,53.05576323267641,73.05576323267641,93.05576323267641,113.05576323267641
5284,1,27.1,27.09103911067354,47.09103911067354,67.09103911067353,87.09103911067353
5285,1,27.3,26.658862995827985,46.65886299582799,66.65886299582799,86.65886299582799
5286,1,26.7,63.66115666202729,83.66115666202728,103.66115666202728,123.66115666202728
5287,1,25.8,25.218275946342796,45.2182759463428,65.2182759463428,85.2182759463428
5288,1,24.7,26.802921700776505,46.80292170077651,66.80292170077651,86.80292170077651
5289,1,24.9,28.96380227500428,48.963802275004284,68.96380227500428,88.96380227500428
5290,1,24.9,30.404389324489465,50.404389324489465,70.40438932448947,90.40438932448947
5291,1,26.3,31.268741554180583,51.26874155418058,71.26874155418058,91.26874155418058
5292,1,25.5,95.24417027702239,115.24417027702239,135.2441702770224,155.2441702770224
5293,1,24.6,32.70932860366576,52.70932860366576,72.70932860366577,92.70932860366577
5294,1,24.7,33.285563423459834,53.285563423459834,73.28556342345983,93.28556342345983
5295,1,24.9,34.43803306304798,54.43803306304798,74.43803306304798,94.43803306304798
5296,1,23.7,35.15832658779058,55.15832658779058,75.15832658779058,95.15832658779058
5297,1,22.7,35.87862011253317,55.87862011253317,75.87862011253317,95.87862011253317
5298,1,21.8,36.1667375224302,56.1667375224302,76.1667375224302,96.1667375224302
5299,1,21.7,36.454854932327244,56.454854932327244,76.45485493232724,96.45485493232724
5300,1,21.2,36.454854932327244,56.454854932327244,76.45485493232724,96.45485493232724
5301,1,21.1,36.1667375224302,56.1667375224302,76.1667375224302,96.1667375224302
5302,1,21.0,35.302385292739096,55.302385292739096,75.3023852927391,95.3023852927391
5303,1,21.7,35.302385292739096,55.302385292739096,75.3023852927391,95.3023852927391
5304,1,22.1,34.5820917679965,54.5820917679965,74.5820917679965,94.5820917679965
5305,1,22.8,58.3859353157716,78.3859353157716,98.3859353157716,118.3859353157716
5306,1,25.6,31.98903507892317,51.989035078923166,71.98903507892317,91.98903507892317
5307,1,26.6,30.692506734386505,50.692506734386505,70.69250673438651,90.69250673438651
5308,2,26.6,29.395978389849837,49.39597838984984,69.39597838984983,89.39597838984983
5309,1,26.2,66.39827205604914,86.39827205604914,106.39827205604914,126.39827205604914
5310,1,26.0,27.811332635416132,47.811332635416136,67.81133263541614,87.81133263541614
5311,1,25.7,27.955391340364653,47.955391340364656,67.95539134036466,87.95539134036466
5312,1,24.9,28.81974357005576,48.81974357005576,68.81974357005576,88.81974357005576
5313,1,24.4,30.260330619540948,50.26033061954095,70.26033061954095,90.26033061954095
5314,1,25.5,30.404389324489465,50.404389324489465,70.40438932448947,90.40438932448947
5315,1,25.8,30.260330619540948,50.26033061954095,70.26033061954095,90.26033061954095
5316,1,24.9,93.94764193248571,113.94764193248571,133.9476419324857,153.9476419324857
5317,1,24.8,30.980624144283546,50.980624144283546,70.98062414428355,90.98062414428355
5318,1,23.7,32.9974460135628,52.9974460135628,72.99744601356281,92.99744601356281
5319,1,24.4,34.43803306304798,54.43803306304798,74.43803306304798,94.43803306304798
5320,1,23.6,35.15832658779058,55.15832658779058,75.15832658779058,95.15832658779058
5321,1,23.6,35.44644399768761,55.44644399768761,75.44644399768761,95.44644399768761
5322,1,22.8,36.1667375224302,56.1667375224302,76.1667375224302,96.1667375224302
5323,1,22.7,36.598913637275764,56.598913637275764,76.59891363727576,96.59891363727576
5324,1,22.5,37.03108975212131,57.03108975212131,77.03108975212132,97.03108975212132
5325,1,22.5,36.74297234222428,56.74297234222428,76.74297234222428,96.74297234222428
5326,1,22.9,36.454854932327244,56.454854932327244,76.45485493232724,96.45485493232724
5327,1,23.0,36.454854932327244,56.454854932327244,76.45485493232724,96.45485493232724
5328,1,23.4,61.69928552958753,81.69928552958753,101.69928552958753,121.69928552958753
5329,2,26.0,35.87862011253317,55.87862011253317,75.87862011253317,95.87862011253317
5330,1,28.1,34.726150472945015,54.726150472945015,74.72615047294502,94.72615047294502
5331,1,28.4,32.70932860366576,52.70932860366576,72.70932860366577,92.70932860366577
5332,1,27.4,68.84727004017395,88.84727004017395,108.84727004017395,128.84727004017395
5333,1,26.7,30.11627191459243,50.11627191459243,70.11627191459243,90.11627191459243
5334,1,26.4,29.684095799746874,49.68409579974687,69.68409579974687,89.68409579974687
5335,1,26.0,30.260330619540948,50.26033061954095,70.26033061954095,90.26033061954095
5336,1,26.4,30.83656543933502,50.83656543933502,70.83656543933502,90.83656543933502
5337,1,27.0,32.133093783871686,52.133093783871686,72.13309378387169,92.13309378387169
5338,1,27.8,33.429622128408354,53.429622128408354,73.42962212840835,93.42962212840835
5339,1,26.7,98.4134617858898,118.4134617858898,138.4134617858898,158.4134617858898
5340,1,26.1,36.598913637275764,56.598913637275764,76.59891363727576,96.59891363727576
5341,1,25.8,37.89544198181243,57.89544198181243,77.89544198181244,97.89544198181244
5342,1,25.0,38.90385291645206,58.90385291645206,78.90385291645205,98.90385291645205
5343,1,25.7,38.90385291645206,58.90385291645206,78.90385291645205,98.90385291645205
5344,1,24.7,37.75138327686391,57.75138327686391,77.75138327686392,97.75138327686392
5345,1,23.3,36.8870310471728,56.8870310471728,76.8870310471728,96.8870310471728
5346,1,22.9,36.310796227378724,56.310796227378724,76.31079622737872,96.31079622737872
5347,1,22.9,35.73456140758466,55.73456140758466,75.73456140758466,95.73456140758466
5348,1,22.8,36.310796227378724,56.310796227378724,76.31079622737872,96.31079622737872
5349,1,23.0,37.89544198181243,57.89544198181243,77.89544198181244,97.89544198181244
5350,1,24.5,38.4716768016065,58.4716768016065,78.47167680160649,98.47167680160649
5351,1,26.2,64.43640092360937,84.43640092360937,104.43640092360937,124.43640092360937
5352,1,27.7,39.48008773624613,59.48008773624613,79.48008773624613,99.48008773624613
5353,1,28.6,39.04791162140057,59.04791162140057,79.04791162140057,99.04791162140057
5354,1,28.9,37.60732457191539,57.60732457191539,77.6073245719154,97.6073245719154
5355,1,27.0,74.32150082821767,94.32150082821767,114.32150082821767,134.32150082821767
5356,1,26.8,35.15832658779058,55.15832658779058,75.15832658779058,95.15832658779058
5357,1,27.1,35.59050270263613,55.59050270263613,75.59050270263613,95.59050270263613
5358,1,26.3,37.17514845706984,57.17514845706984,77.17514845706984,97.17514845706984
5359,1,26.5,38.183559391709466,58.183559391709466,78.18355939170947,98.18355939170947
5360,1,26.8,38.327618096657986,58.327618096657986,78.32761809665799,98.32761809665799
5361,1,27.0,38.183559391709466,58.183559391709466,78.18355939170947,98.18355939170947
5362,1,26.7,100.71840106506609,120.71840106506609,140.71840106506608,160.71840106506608
5363,1,26.2,37.03108975212131,57.03108975212131,77.03108975212132,97.03108975212132
5364,1,25.3,36.454854932327244,56.454854932327244,76.45485493232724,96.45485493232724
5365,1,25.4,35.87862011253317,55.87862011253317,75.87862011253317,95.87862011253317
5366,1,25.3,35.014267882842056,55.014267882842056,75.01426788284206,95.01426788284206
5367,1,24.8,34.29397435809947,54.29397435809947,74.29397435809946,94.29397435809946
5368,1,24.2,33.573680833356875,53.573680833356875,73.57368083335687,93.57368083335687
5369,1,24.6,33.573680833356875,53.573680833356875,73.57368083335687,93.57368083335687
5370,1,24.6,33.14150471851132,53.14150471851132,73.14150471851133,93.14150471851133
5371,1,23.9,32.27715248882021,52.27715248882021,72.2771524888202,92.2771524888202
5372,1,24.1,31.70091766902613,51.700917669026126,71.70091766902613,91.70091766902613
5373,1,23.3,30.83656543933502,50.83656543933502,70.83656543933502,90.83656543933502
5374,1,24.0,30.548448029437985,50.548448029437985,70.54844802943799,90.54844802943799
5375,1,25.2,56.080996036595295,76.0809960365953,96.0809960365953,116.0809960365953
5376,1,28.1,31.98903507892317,51.989035078923166,71.98903507892317,91.98903507892317
5377,1,29.7,32.133093783871686,52.133093783871686,72.13309378387169,92.13309378387169
5378,1,29.2,30.980624144283546,50.980624144283546,70.98062414428355,90.98062414428355
5379,1,28.6,68.41509392532839,88.41509392532839,108.41509392532839,128.4150939253284
5380,1,28.3,29.540037094798354,49.54003709479835,69.54003709479835,89.54003709479835
5381,1,28.3,29.1078609799528,49.107860979952804,69.1078609799528,89.1078609799528
5382,1,27.6,29.251919684901317,49.25191968490132,69.25191968490131,89.25191968490131
5383,1,28.1,29.828154504695394,49.82815450469539,69.82815450469539,89.82815450469539
5384,1,28.4,30.260330619540948,50.26033061954095,70.26033061954095,90.26033061954095
5385,1,28.3,30.548448029437985,50.548448029437985,70.54844802943799,90.54844802943799
5386,1,28.6,93.94764193248571,113.94764193248571,133.9476419324857,153.9476419324857
5387,1,27.2,30.83656543933502,50.83656543933502,70.83656543933502,90.83656543933502
5388,1,26.4,30.404389324489465,50.404389324489465,70.40438932448947,90.40438932448947
5389,1,25.3,30.11627191459243,50.11627191459243,70.11627191459243,90.11627191459243
5390,1,24.2,30.404389324489465,50.404389324489465,70.40438932448947,90.40438932448947
5391,1,24.6,30.548448029437985,50.548448029437985,70.54844802943799,90.54844802943799
5392,1,24.4,29.97221320964391,49.97221320964391,69.97221320964391,89.97221320964391
5393,1,24.3,30.260330619540948,50.26033061954095,70.26033061954095,90.26033061954095
5394,1,23.8,30.548448029437985,50.548448029437985,70.54844802943799,90.54844802943799
5395,1,23.8,30.980624144283546,50.980624144283546,70.98062414428355,90.98062414428355
5396,1,22.3,31.268741554180583,51.26874155418058,71.26874155418058,91.26874155418058
5397,1,22.2,31.844976373974653,51.84497637397465,71.84497637397465,91.84497637397465
5398,1,22.8,32.56526989871724,52.56526989871724,72.56526989871725,92.56526989871725
5399,1,23.7,58.097817905874564,78.09781790587456,98.09781790587456,118.09781790587456
5400,1,24.8,33.285563423459834,53.285563423459834,73.28556342345983,93.28556342345983
5401,1,24.5,32.133093783871686,52.133093783871686,72.13309378387169,92.13309378387169
5402,1,25.3,31.268741554180583,51.26874155418058,71.26874155418058,91.26874155418058
5403,1,27.7,68.41509392532839,88.41509392532839,108.41509392532839,128.4150939253284
5404,1,27.5,30.11627191459243,50.11627191459243,70.11627191459243,90.11627191459243
5405,1,26.6,31.124682849232055,51.12468284923206,71.12468284923206,91.12468284923206
5406,2,26.6,32.9974460135628,52.9974460135628,72.99744601356281,92.99744601356281
5407,1,26.3,34.43803306304798,54.43803306304798,74.43803306304798,94.43803306304798
5408,1,26.1,36.8870310471728,56.8870310471728,76.8870310471728,96.8870310471728
5409,1,25.9,101.15057717991165,121.15057717991165,141.15057717991164,161.15057717991164
5410,1,25.2,37.60732457191539,57.60732457191539,77.6073245719154,97.6073245719154
5411,1,25.1,35.44644399768761,55.44644399768761,75.44644399768761,95.44644399768761
5412,1,24.5,34.29397435809947,54.29397435809947,74.29397435809946,94.29397435809946
5413,1,25.0,33.573680833356875,53.573680833356875,73.57368083335687,93.57368083335687
5414,1,24.5,33.14150471851132,53.14150471851132,73.14150471851133,93.14150471851133
5415,1,25.3,33.285563423459834,53.285563423459834,73.28556342345983,93.28556342345983
5416,1,26.6,35.73456140758466,55.73456140758466,75.73456140758466,95.73456140758466
5417,1,25.6,37.17514845706984,57.17514845706984,77.17514845706984,97.17514845706984
5418,1,25.0,38.03950068676095,58.03950068676095,78.03950068676096,98.03950068676096
5419,1,22.8,38.183559391709466,58.183559391709466,78.18355939170947,98.18355939170947
5420,1,24.2,38.4716768016065,58.4716768016065,78.47167680160649,98.47167680160649
5421,1,24.1,38.03950068676095,58.03950068676095,78.03950068676096,98.03950068676096
5422,1,24.1,62.131461644433074,82.13146164443307,102.13146164443307,122.13146164443307
5423,1,24.8,36.454854932327244,56.454854932327244,76.45485493232724,96.45485493232724
5424,1,26.8,70.57597449955617,90.57597449955617,110.57597449955617,130.57597449955617
5425,1,27.1,31.98903507892317,51.989035078923166,71.98903507892317,91.98903507892317
5426,1,27.0,32.42121119376873,52.42121119376873,72.42121119376873,92.42121119376873
5427,1,26.9,33.717739538305395,53.717739538305395,73.7177395383054,93.7177395383054
5428,1,26.4,34.5820917679965,54.5820917679965,74.5820917679965,94.5820917679965
5429,1,27.1,33.573680833356875,53.573680833356875,73.57368083335687,93.57368083335687
5430,2,26.3,32.42121119376873,52.42121119376873,72.42121119376873,92.42121119376873
5431,1,26.6,95.10011157207387,115.10011157207387,135.10011157207387,155.10011157207387
5432,1,26.3,31.844976373974653,51.84497637397465,71.84497637397465,91.84497637397465
5433,1,27.1,31.124682849232055,51.12468284923206,71.12468284923206,91.12468284923206
5434,1,27.7,30.404389324489465,50.404389324489465,70.40438932448947,90.40438932448947
5435,1,25.9,30.548448029437985,50.548448029437985,70.54844802943799,90.54844802943799
5436,1,25.8,29.97221320964391,49.97221320964391,69.97221320964391,89.97221320964391
5437,1,25.1,30.692506734386505,50.692506734386505,70.69250673438651,90.69250673438651
5438,1,25.3,30.980624144283546,50.980624144283546,70.98062414428355,90.98062414428355
5439,1,25.7,30.980624144283546,50.980624144283546,70.98062414428355,90.98062414428355
5440,1,25.5,30.980624144283546,50.980624144283546,70.98062414428355,90.98062414428355
5441,1,26.7,55.79287862669826,75.79287862669827,95.79287862669827,115.79287862669827
5442,1,28.9,30.404389324489465,50.404389324489465,70.40438932448947,90.40438932448947
5443,1,30.1,30.980624144283546,50.980624144283546,70.98062414428355,90.98062414428355
5444,1,29.6,31.124682849232055,51.12468284923206,71.12468284923206,91.12468284923206
5445,1,30.4,68.70321133522543,88.70321133522543,108.70321133522543,128.70321133522543
5446,1,29.8,30.548448029437985,50.548448029437985,70.54844802943799,90.54844802943799
5447,1,28.3,30.83656543933502,50.83656543933502,70.83656543933502,90.83656543933502
5448,1,28.6,31.70091766902613,51.700917669026126,71.70091766902613,91.70091766902613
5449,1,29.0,32.56526989871724,52.56526989871724,72.56526989871725,92.56526989871725
5450,1,29.8,33.14150471851132,53.14150471851132,73.14150471851133,93.14150471851133
5451,1,30.5,33.86179824325391,53.86179824325391,73.8617982432539,93.8617982432539
5452,1,29.2,97.98128567104423,117.98128567104423,137.98128567104425,157.98128567104425
5453,1,27.4,34.870209177893535,54.870209177893535,74.87020917789354,94.87020917789354
5454,1,27.2,35.302385292739096,55.302385292739096,75.3023852927391,95.3023852927391
5455,1,26.8,37.17514845706984,57.17514845706984,77.17514845706984,97.17514845706984
5456,1,27.0,39.33602903129761,59.33602903129761,79.33602903129761,99.33602903129761
5457,1,27.4,40.92067478573132,60.92067478573132,80.92067478573132,100.92067478573132
5458,1,29.3,42.07314442531947,62.07314442531947,82.07314442531947,102.07314442531947
5459,1,29.7,43.22561406490762,63.22561406490762,83.22561406490762,103.22561406490762
5460,1,28.6,43.80184888470169,63.80184888470169,83.80184888470168,103.80184888470168
5461,1,27.9,43.80184888470169,63.80184888470169,83.80184888470168,103.80184888470168
5462,1,27.8,44.81025981934131,64.81025981934131,84.81025981934131,104.81025981934131
5463,1,29.0,45.674612049032426,65.67461204903242,85.67461204903242,105.67461204903242
5464,1,30.1,46.39490557377502,66.39490557377502,86.39490557377502,106.39490557377502
5465,1,32.3,72.07151228588086,92.07151228588086,112.07151228588086,132.07151228588086
5466,1,33.4,46.827081688620574,66.82708168862058,86.82708168862058,106.82708168862058
5467,1,34.1,45.3864946391354,65.3864946391354,85.3864946391354,105.3864946391354
5468,1,33.6,42.93749665501058,62.93749665501058,82.93749665501058,102.93749665501058
5469,1,33.7,78.78732068162174,98.78732068162174,118.78732068162174,138.78732068162174
5470,1,33.1,39.62414644119465,59.62414644119465,79.62414644119465,99.62414644119465
5471,1,32.1,40.34443996593725,60.34443996593725,80.34443996593726,100.34443996593726
5472,1,32.1,41.92908572037095,61.92908572037095,81.92908572037095,101.92908572037095
5473,1,33.1,42.649379245113536,62.649379245113536,82.64937924511354,102.64937924511354
5474,1,33.7,43.94590758965021,63.94590758965021,83.9459075896502,103.9459075896502
5475,1,34.2,44.234024999547245,64.23402499954724,84.23402499954724,104.23402499954724
5476,1,33.9,108.6416298372346,128.6416298372346,148.6416298372346,168.6416298372346
5477,1,33.4,46.25084686882651,66.2508468688265,86.2508468688265,106.2508468688265
5478,1,32.4,46.827081688620574,66.82708168862058,86.82708168862058,106.82708168862058
5479,1,32.1,47.115199098517614,67.11519909851762,87.11519909851762,107.11519909851762
5480,1,31.1,47.547375213363175,67.54737521336318,87.54737521336318,107.54737521336318
5481,1,30.0,47.8354926232602,67.8354926232602,87.8354926232602,107.8354926232602
5482,1,29.8,48.41172744305428,68.41172744305427,88.41172744305427,108.41172744305427
5483,1,30.5,48.41172744305428,68.41172744305427,88.41172744305427,108.41172744305427
5484,1,29.8,48.555786148002795,68.5557861480028,88.5557861480028,108.5557861480028
5485,1,29.7,48.843903557899836,68.84390355789984,88.84390355789984,108.84390355789984
5486,1,30.6,48.843903557899836,68.84390355789984,88.84390355789984,108.84390355789984
5487,1,32.0,48.98796226284836,68.98796226284836,88.98796226284836,108.98796226284836
5488,1,32.2,48.843903557899836,68.84390355789984,88.84390355789984,108.84390355789984
5489,1,33.7,74.08833415516011,94.08833415516011,114.08833415516011,134.0883341551601
5490,1,36.3,48.555786148002795,68.5557861480028,88.5557861480028,108.5557861480028
5491,1,36.8,46.68302298367205,66.68302298367206,86.68302298367206,106.68302298367206
5492,1,36.8,43.94590758965021,63.94590758965021,83.9459075896502,103.9459075896502
5493,1,36.4,79.50761420636434,99.50761420636434,119.50761420636434,139.50761420636434
5494,1,35.3,40.48849867088576,60.48849867088576,80.48849867088576,100.48849867088576
5495,1,34.8,40.632557375834274,60.632557375834274,80.63255737583427,100.63255737583427
5496,1,35.5,42.07314442531947,62.07314442531947,82.07314442531947,102.07314442531947
5497,1,35.4,43.65779017975317,63.65779017975317,83.65779017975316,103.65779017975316
5498,1,37.0,44.522142409444285,64.52214240944429,84.52214240944429,104.52214240944429
5499,1,37.1,45.3864946391354,65.3864946391354,85.3864946391354,105.3864946391354
5500,1,36.5,108.92974724713164,128.92974724713164,148.92974724713164,168.92974724713164
5501,2,35.9,44.81025981934131,64.81025981934131,84.81025981934131,104.81025981934131
5502,1,37.5,44.08996629459872,64.08996629459872,84.08996629459872,104.08996629459872
5503,1,36.7,44.522142409444285,64.52214240944429,84.52214240944429,104.52214240944429
5504,1,34.9,44.81025981934131,64.81025981934131,84.81025981934131,104.81025981934131
5505,1,34.9,45.530553344083906,65.5305533440839,85.5305533440839,105.5305533440839
5506,1,34.9,45.962729458929466,65.96272945892946,85.96272945892946,105.96272945892946
5507,1,36.2,43.0815553599591,63.0815553599591,83.0815553599591,103.0815553599591
5508,1,36.2,41.064733490679835,61.064733490679835,81.06473349067983,101.06473349067983
5509,1,35.7,38.327618096657986,58.327618096657986,78.32761809665799,98.32761809665799
5510,1,36.0,36.598913637275764,56.598913637275764,76.59891363727576,96.59891363727576
5511,1,36.0,35.302385292739096,55.302385292739096,75.3023852927391,95.3023852927391
5512,1,37.2,59.10622884051419,79.10622884051419,99.10622884051419,119.10622884051419
5513,1,39.8,31.844976373974653,51.84497637397465,71.84497637397465,91.84497637397465
5514,1,40.5,30.260330619540948,50.26033061954095,70.26033061954095,90.26033061954095
5515,1,42.4,28.96380227500428,48.963802275004284,68.96380227500428,88.96380227500428
5516,1,41.8,65.24580241646099,85.24580241646099,105.24580241646099,125.24580241646099
5517,1,38.8,26.370745585930948,46.37074558593095,66.37074558593095,86.37074558593095
5518,1,37.3,25.794510766136877,45.79451076613688,65.79451076613688,85.79451076613688
5519,1,38.9,25.650452061188354,45.65045206118835,65.65045206118836,85.65045206118836
5520,1,39.1,26.08262817603391,46.08262817603391,66.08262817603391,86.08262817603391
5521,1,40.2,26.802921700776505,46.80292170077651,66.80292170077651,86.80292170077651
5522,1,42.5,26.514804290879468,46.51480429087947,66.51480429087947,86.51480429087947
5523,1,42.6,89.48182207908164,109.48182207908164,129.48182207908164,149.48182207908164
5524,1,41.2,26.514804290879468,46.51480429087947,66.51480429087947,86.51480429087947
5525,1,40.1,27.23509781562206,47.235097815622055,67.23509781562205,87.23509781562205
5526,1,39.3,28.531626160158723,48.53162616015872,68.53162616015872,88.53162616015872
5527,1,38.9,28.531626160158723,48.53162616015872,68.53162616015872,88.53162616015872
5528,1,37.0,28.099450045313173,48.099450045313176,68.09945004531318,88.09945004531318
5529,1,36.2,27.811332635416132,47.811332635416136,67.81133263541614,87.81133263541614
5530,1,37.3,27.811332635416132,47.811332635416136,67.81133263541614,87.81133263541614
5531,1,36.1,28.675684865107243,48.67568486510724,68.67568486510724,88.67568486510724
5532,1,34.9,28.96380227500428,48.963802275004284,68.96380227500428,88.96380227500428
5533,1,35.9,30.260330619540948,50.26033061954095,70.26033061954095,90.26033061954095
5534,1,35.2,28.96380227500428,48.963802275004284,68.96380227500428,88.96380227500428
5535,1,35.8,27.811332635416132,47.811332635416136,67.81133263541614,87.81133263541614
5536,1,37.5,51.03894136339716,71.03894136339716,91.03894136339716,111.03894136339716
5537,1,38.2,24.786099831497243,44.78609983149724,64.78609983149724,84.78609983149724
5538,1,36.6,24.353923716651693,44.35392371665169,64.35392371665169,84.35392371665169
5539,1,37.7,23.921747601806135,43.92174760180613,63.92174760180613,83.92174760180613
5540,1,37.5,61.212158677902465,81.21215867790247,101.21215867790247,121.21215867790247
5541,1,37.4,23.489571486960575,43.48957148696057,63.48957148696057,83.48957148696057
5542,1,36.8,23.345512782012054,43.34551278201205,63.34551278201205,83.34551278201205
5543,1,36.4,23.633630191909095,43.63363019190909,63.63363019190909,83.63363019190909
5544,1,35.4,23.489571486960575,43.48957148696057,63.48957148696057,83.48957148696057
5545,1,35.8,23.489571486960575,43.48957148696057,63.48957148696057,83.48957148696057
5546,1,35.4,23.20145407706354,43.201454077063545,63.201454077063545,83.20145407706354
5547,1,33.8,85.88035445536867,105.88035445536867,125.88035445536867,145.88035445536866
5548,1,34.4,23.05739537211502,43.057395372115025,63.057395372115025,83.05739537211502
5549,1,33.9,22.481160552320947,42.481160552320944,62.481160552320944,82.48116055232094
5550,1,32.2,22.625219257269464,42.625219257269464,62.625219257269464,82.62521925726946
5551,1,30.6,22.769277962217984,42.769277962217984,62.769277962217984,82.76927796221798
5552,1,29.6,22.481160552320947,42.481160552320944,62.481160552320944,82.48116055232094
5553,1,29.4,22.337101847372427,42.33710184737242,62.33710184737242,82.33710184737242
5554,1,28.1,21.904925732526873,41.90492573252688,61.90492573252688,81.90492573252688
5555,1,27.9,21.904925732526873,41.90492573252688,61.90492573252688,81.90492573252688
5556,1,28.3,21.616808322629836,41.616808322629836,61.616808322629836,81.61680832262984
5557,1,29.4,21.616808322629836,41.616808322629836,61.616808322629836,81.61680832262984
5558,1,30.1,21.3286909127328,41.328690912732796,61.328690912732796,81.3286909127328
5559,1,31.6,46.57312150999307,66.57312150999307,86.57312150999307,106.57312150999307
5560,1,32.0,21.18463220778428,41.184632207784276,61.184632207784276,81.18463220778428
5561,1,35.2,21.040573502835763,41.04057350283576,61.04057350283576,81.04057350283577
5562,1,36.0,21.040573502835763,41.04057350283576,61.04057350283576,81.04057350283577
5563,1,35.2,58.76316069377765,78.76316069377765,98.76316069377765,118.76316069377765
5564,1,33.5,20.752456092938722,40.75245609293872,60.75245609293872,80.75245609293873
5565,1,32.7,20.608397387990205,40.60839738799021,60.60839738799021,80.60839738799021
5566,1,33.5,20.32027997809317,40.32027997809317,60.32027997809317,80.32027997809317
5567,1,33.4,19.88810386324761,39.88810386324761,59.88810386324761,79.88810386324761
5568,1,33.5,19.744045158299095,39.744045158299095,59.744045158299095,79.74404515829909
5569,1,33.4,19.455927748402058,39.45592774840206,59.45592774840206,79.45592774840206
5570,1,33.1,82.56700424155275,102.56700424155275,122.56700424155275,142.56700424155275
5571,1,32.8,19.744045158299095,39.744045158299095,59.744045158299095,79.74404515829909
5572,1,32.8,20.032162568196128,40.03216256819613,60.03216256819613,80.03216256819613
5573,1,31.8,20.32027997809317,40.32027997809317,60.32027997809317,80.32027997809317
5574,1,31.3,20.608397387990205,40.60839738799021,60.60839738799021,80.60839738799021
5575,1,30.4,20.464338683041685,40.46433868304169,60.46433868304169,80.46433868304169
5576,1,30.7,20.608397387990205,40.60839738799021,60.60839738799021,80.60839738799021
5577,1,30.4,21.040573502835763,41.04057350283576,61.04057350283576,81.04057350283577
5578,1,30.5,21.760867027578357,41.76086702757836,61.76086702757836,81.76086702757836
5579,1,31.9,21.904925732526873,41.90492573252688,61.90492573252688,81.90492573252688
5580,1,32.5,22.048984437475394,42.0489844374754,62.0489844374754,82.0489844374754
5581,1,32.4,47.29341503473567,67.29341503473567,87.29341503473567,107.29341503473567
5582,1,32.6,21.904925732526873,41.90492573252688,61.90492573252688,81.90492573252688
5583,1,33.7,21.904925732526873,41.90492573252688,61.90492573252688,81.90492573252688
5584,1,35.2,21.47274961768132,41.472749617681316,61.472749617681316,81.47274961768132
5585,1,35.7,58.61910198882913,78.61910198882913,98.61910198882913,118.61910198882913
5586,1,36.2,20.608397387990205,40.60839738799021,60.60839738799021,80.60839738799021
5587,1,35.1,20.608397387990205,40.60839738799021,60.60839738799021,80.60839738799021
5588,1,34.7,20.752456092938722,40.75245609293872,60.75245609293872,80.75245609293873
5589,1,35.6,20.752456092938722,40.75245609293872,60.75245609293872,80.75245609293873
5590,1,35.3,20.896514797887242,40.89651479788724,60.89651479788724,80.89651479788725
5591,1,36.9,20.896514797887242,40.89651479788724,60.89651479788724,80.89651479788725
5592,1,36.4,83.7194738811409,103.7194738811409,123.7194738811409,143.7194738811409
5593,1,35.6,20.608397387990205,40.60839738799021,60.60839738799021,80.60839738799021
5594,1,34.3,22.481160552320947,42.481160552320944,62.481160552320944,82.48116055232094
5595,1,34.9,23.20145407706354,43.201454077063545,63.201454077063545,83.20145407706354
5596,1,34.0,23.921747601806135,43.92174760180613,63.92174760180613,83.92174760180613
5597,1,33.2,24.20986501170317,44.20986501170317,64.20986501170317,84.20986501170317
5598,1,32.8,24.20986501170317,44.20986501170317,64.20986501170317,84.20986501170317
5599,1,32.6,24.06580630675465,44.06580630675465,64.06580630675465,84.06580630675465
5600,1,31.9,23.921747601806135,43.92174760180613,63.92174760180613,83.92174760180613
5601,1,32.2,24.06580630675465,44.06580630675465,64.06580630675465,84.06580630675465
5602,1,33.2,24.06580630675465,44.06580630675465,64.06580630675465,84.06580630675465
5603,1,33.4,24.49798242160021,44.49798242160021,64.49798242160021,84.49798242160021
5604,1,34.2,50.030530428757515,70.03053042875752,90.03053042875752,110.03053042875752
5605,1,38.4,25.36233465129132,45.36233465129132,65.36233465129132,85.36233465129132
5606,1,38.2,24.642041126548726,44.642041126548726,64.64204112654872,84.64204112654872
5607,1,38.9,23.633630191909095,43.63363019190909,63.63363019190909,83.63363019190909
5608,1,39.2,60.92404126800543,80.92404126800542,100.92404126800542,120.92404126800542
5609,1,38.1,22.625219257269464,42.625219257269464,62.625219257269464,82.62521925726946
5610,1,38.6,22.481160552320947,42.481160552320944,62.481160552320944,82.48116055232094
5611,1,38.7,22.337101847372427,42.33710184737242,62.33710184737242,82.33710184737242
5612,1,39.6,22.481160552320947,42.481160552320944,62.481160552320944,82.48116055232094
5613,1,39.5,22.481160552320947,42.481160552320944,62.481160552320944,82.48116055232094
5614,1,38.2,22.337101847372427,42.33710184737242,62.33710184737242,82.33710184737242
5615,1,37.3,85.59223704547165,105.59223704547165,125.59223704547165,145.59223704547165
5616,1,36.0,22.337101847372427,42.33710184737242,62.33710184737242,82.33710184737242
5617,1,36.4,22.769277962217984,42.769277962217984,62.769277962217984,82.76927796221798
5618,1,38.8,23.20145407706354,43.201454077063545,63.201454077063545,83.20145407706354
5619,1,38.1,23.345512782012054,43.34551278201205,63.34551278201205,83.34551278201205
5620,1,35.4,23.345512782012054,43.34551278201205,63.34551278201205,83.34551278201205
5621,1,35.9,23.633630191909095,43.63363019190909,63.63363019190909,83.63363019190909
5622,1,35.8,24.06580630675465,44.06580630675465,64.06580630675465,84.06580630675465
5623,1,35.3,24.20986501170317,44.20986501170317,64.20986501170317,84.20986501170317
5624,1,35.1,24.06580630675465,44.06580630675465,64.06580630675465,84.06580630675465
5625,1,36.0,23.921747601806135,43.92174760180613,63.92174760180613,83.92174760180613
5626,1,35.5,23.77768889685761,43.77768889685761,63.77768889685761,83.77768889685761
5627,1,37.6,23.633630191909095,43.63363019190909,63.63363019190909,83.63363019190909
5628,1,40.0,48.87806078916937,68.87806078916937,88.87806078916937,108.87806078916937
5629,1,42.0,23.345512782012054,43.34551278201205,63.34551278201205,83.34551278201205
5630,1,43.2,22.913336667166504,42.913336667166504,62.913336667166504,82.9133366671665
5631,1,43.3,22.481160552320947,42.481160552320944,62.481160552320944,82.48116055232094
5632,1,41.9,59.915630333365804,79.91563033336581,99.91563033336581,119.91563033336581
5633,1,41.4,21.904925732526873,41.90492573252688,61.90492573252688,81.90492573252688
5634,1,41.0,21.760867027578357,41.76086702757836,61.76086702757836,81.76086702757836
5635,1,42.1,21.616808322629836,41.616808322629836,61.616808322629836,81.61680832262984
5636,1,42.7,21.47274961768132,41.472749617681316,61.472749617681316,81.47274961768132
5637,1,43.0,21.040573502835763,41.04057350283576,61.04057350283576,81.04057350283577
5638,1,43.7,20.752456092938722,40.75245609293872,60.75245609293872,80.75245609293873
5639,1,44.2,83.57541517619238,103.57541517619238,123.57541517619238,143.5754151761924
5640,1,43.7,20.464338683041685,40.46433868304169,60.46433868304169,80.46433868304169
5641,1,43.5,20.464338683041685,40.46433868304169,60.46433868304169,80.46433868304169
5642,1,42.5,20.464338683041685,40.46433868304169,60.46433868304169,80.46433868304169
5643,1,42.3,20.32027997809317,40.32027997809317,60.32027997809317,80.32027997809317
5644,1,41.7,20.176221273144648,40.17622127314465,60.17622127314465,80.17622127314465
5645,1,41.2,20.032162568196128,40.03216256819613,60.03216256819613,80.03216256819613
5646,2,42.6,19.744045158299095,39.744045158299095,59.744045158299095,79.74404515829909
5647,1,42.0,19.455927748402058,39.45592774840206,59.45592774840206,79.45592774840206
5648,1,38.6,19.311869043453537,39.31186904345354,59.31186904345354,79.31186904345354
5649,1,37.6,19.0237516335565,39.0237516335565,59.0237516335565,79.0237516335565
5650,1,37.8,18.735634223659464,38.73563422365946,58.73563422365946,78.73563422365946
5651,2,37.1,18.591575518710947,38.59157551871095,58.59157551871095,78.59157551871095
5652,1,35.2,43.6919474110227,63.6919474110227,83.69194741102271,103.69194741102271
5653,1,38.2,18.591575518710947,38.59157551871095,58.59157551871095,78.59157551871095
5654,1,36.1,18.735634223659464,38.73563422365946,58.73563422365946,78.73563422365946
5655,1,34.8,56.602280119549874,76.60228011954987,96.60228011954987,116.60228011954987
5656,1,34.5,19.0237516335565,39.0237516335565,59.0237516335565,79.0237516335565
5657,1,34.9,19.311869043453537,39.31186904345354,59.31186904345354,79.31186904345354
5658,1,36.0,19.599986453350578,39.59998645335058,59.59998645335058,79.59998645335058
5659,1,34.9,20.176221273144648,40.17622127314465,60.17622127314465,80.17622127314465
5660,1,35.4,20.608397387990205,40.60839738799021,60.60839738799021,80.60839738799021
5661,1,37.7,21.040573502835763,41.04057350283576,61.04057350283576,81.04057350283577
5662,1,37.8,84.43976740588349,104.43976740588349,124.43976740588349,144.4397674058835
5663,1,36.4,21.3286909127328,41.328690912732796,61.328690912732796,81.3286909127328
5664,1,35.3,21.18463220778428,41.184632207784276,61.184632207784276,81.18463220778428
5665,1,35.0,20.32027997809317,40.32027997809317,60.32027997809317,80.32027997809317
5666,1,35.6,19.744045158299095,39.744045158299095,59.744045158299095,79.74404515829909
5667,1,36.7,18.879692928607984,38.87969292860798,58.87969292860798,78.87969292860798
5668,1,38.3,18.01534069891687,38.01534069891687,58.01534069891687,78.01534069891687
5669,1,35.2,17.583164584071316,37.58316458407131,57.58316458407131,77.58316458407131
5670,1,34.8,17.15098846922576,37.15098846922576,57.15098846922576,77.15098846922575
5671,1,35.0,16.86287105932872,36.862871059328725,56.862871059328725,76.86287105932873
5672,1,35.1,16.574753649431685,36.574753649431685,56.574753649431685,76.57475364943168
5673,1,34.0,16.28663623953465,36.28663623953465,56.28663623953465,76.28663623953466
5674,1,35.9,16.14257753458613,36.14257753458613,56.14257753458613,76.14257753458614
5675,1,37.0,40.66671460710381,60.66671460710381,80.66671460710381,100.66671460710381
5676,1,39.6,14.701990485100946,34.70199048510095,54.70199048510095,74.70199048510095
5677,1,38.9,13.981696960358352,33.98169696035835,53.98169696035835,73.98169696035835
5678,1,39.5,13.405462140564278,33.40546214056428,53.40546214056428,73.40546214056428
5679,1,40.6,51.12804933150617,71.12804933150616,91.12804933150616,111.12804933150616
5680,1,38.2,13.117344730667241,33.11734473066724,53.11734473066724,73.11734473066724
5681,1,38.0,13.117344730667241,33.11734473066724,53.11734473066724,73.11734473066724
5682,1,39.2,12.973286025718725,32.97328602571872,52.97328602571872,72.97328602571872
5683,1,39.9,13.117344730667241,33.11734473066724,53.11734473066724,73.11734473066724
5684,1,40.7,13.837638255409832,33.83763825540983,53.83763825540983,73.83763825540983
5685,1,40.8,14.413873075203906,34.41387307520391,54.41387307520391,74.41387307520391
5686,1,40.5,77.95712568320016,97.95712568320016,117.95712568320016,137.95712568320016
5687,1,38.9,14.701990485100946,34.70199048510095,54.70199048510095,74.70199048510095
5688,1,40.0,14.125755665306873,34.12575566530687,54.12575566530687,74.12575566530687
5689,1,40.6,13.549520845512799,33.5495208455128,53.5495208455128,73.5495208455128
5690,1,40.1,13.117344730667241,33.11734473066724,53.11734473066724,73.11734473066724
5691,1,40.8,13.405462140564278,33.40546214056428,53.40546214056428,73.40546214056428
5692,1,40.4,13.837638255409832,33.83763825540983,53.83763825540983,73.83763825540983
5693,1,39.9,14.701990485100946,34.70199048510095,54.70199048510095,74.70199048510095
5694,1,39.6,15.99851882963761,35.99851882963761,55.99851882963761,75.99851882963762
5695,1,42.2,16.574753649431685,36.574753649431685,56.574753649431685,76.57475364943168
5696,1,42.7,16.574753649431685,36.574753649431685,56.574753649431685,76.57475364943168
5697,1,44.7,17.29504717417428,37.29504717417428,57.29504717417428,77.29504717417427
5698,1,45.1,18.447516813762427,38.44751681376243,58.44751681376243,78.44751681376243
5699,1,46.5,44.4122409357653,64.4122409357653,84.4122409357653,104.4122409357653
5700,1,48.7,19.599986453350578,39.59998645335058,59.59998645335058,79.59998645335058
5701,1,50.5,18.879692928607984,38.87969292860798,58.87969292860798,78.87969292860798
5702,1,49.1,18.01534069891687,38.01534069891687,58.01534069891687,78.01534069891687
5703,1,45.9,54.58545825027062,74.58545825027062,94.58545825027062,114.58545825027062
5704,1,44.0,15.710401419740574,35.71040141974058,55.71040141974058,75.71040141974058
5705,1,47.0,15.854460124689094,35.8544601246891,55.8544601246891,75.8544601246891
5706,1,43.2,16.718812354380205,36.718812354380205,56.718812354380205,76.7188123543802
5707,1,45.6,17.87128199396835,37.87128199396835,57.87128199396835,77.87128199396835
5708,2,48.1,18.591575518710947,38.59157551871095,58.59157551871095,78.59157551871095
5709,1,49.1,19.599986453350578,39.59998645335058,59.59998645335058,79.59998645335058
5710,1,47.0,82.56700424155275,102.56700424155275,122.56700424155275,142.56700424155275
5711,1,44.5,19.455927748402058,39.45592774840206,59.45592774840206,79.45592774840206
5712,1,44.2,19.455927748402058,39.45592774840206,59.45592774840206,79.45592774840206
5713,1,42.4,20.032162568196128,40.03216256819613,60.03216256819613,80.03216256819613
5714,1,41.1,19.744045158299095,39.744045158299095,59.744045158299095,79.74404515829909
5715,1,37.8,20.032162568196128,40.03216256819613,60.03216256819613,80.03216256819613
5716,1,37.4,19.744045158299095,39.744045158299095,59.744045158299095,79.74404515829909
5717,1,38.8,19.455927748402058,39.45592774840206,59.45592774840206,79.45592774840206
5718,1,40.1,19.599986453350578,39.59998645335058,59.59998645335058,79.59998645335058
5719,1,40.3,19.599986453350578,39.59998645335058,59.59998645335058,79.59998645335058
5720,1,40.7,19.599986453350578,39.59998645335058,59.59998645335058,79.59998645335058
5721,1,41.8,19.455927748402058,39.45592774840206,59.45592774840206,79.45592774840206
5722,1,42.4,19.16781033850502,39.16781033850502,59.16781033850502,79.16781033850502
5723,1,43.6,44.84441705061086,64.84441705061086,84.84441705061086,104.84441705061086
5724,1,45.5,19.88810386324761,39.88810386324761,59.88810386324761,79.88810386324761
5725,1,48.2,19.599986453350578,39.59998645335058,59.59998645335058,79.59998645335058
5726,1,44.4,55.44981047996173,75.44981047996173,95.44981047996173,115.44981047996173
5727,1,41.6,17.006929764277242,37.006929764277245,57.006929764277245,77.00692976427725
5728,1,39.3,17.87128199396835,37.87128199396835,57.87128199396835,77.87128199396835
5729,1,37.8,19.455927748402058,39.45592774840206,59.45592774840206,79.45592774840206
5730,1,40.1,20.896514797887242,40.89651479788724,60.89651479788724,80.89651479788725
5731,1,41.6,20.752456092938722,40.75245609293872,60.75245609293872,80.75245609293873
5732,1,41.1,82.99918035639831,102.99918035639831,122.99918035639831,142.9991803563983
5733,1,39.4,20.32027997809317,40.32027997809317,60.32027997809317,80.32027997809317
5734,1,40.1,20.032162568196128,40.03216256819613,60.03216256819613,80.03216256819613
5735,1,39.1,19.16781033850502,39.16781033850502,59.16781033850502,79.16781033850502
5736,1,37.9,19.744045158299095,39.744045158299095,59.744045158299095,79.74404515829909
5737,1,34.4,18.735634223659464,38.73563422365946,58.73563422365946,78.73563422365946
5738,1,34.2,17.727223289019836,37.72722328901983,57.72722328901983,77.72722328901983
5739,1,31.8,17.15098846922576,37.15098846922576,57.15098846922576,77.15098846922575
5740,1,31.1,17.006929764277242,37.006929764277245,57.006929764277245,77.00692976427725
5741,1,31.3,17.006929764277242,37.006929764277245,57.006929764277245,77.00692976427725
5742,1,30.7,15.99851882963761,35.99851882963761,55.99851882963761,75.99851882963762
5743,1,32.1,15.42228400984354,35.42228400984354,55.42228400984354,75.42228400984354
5744,1,32.6,14.557931780152426,34.55793178015243,54.55793178015243,74.55793178015243
5745,1,33.3,37.4974230982364,57.4974230982364,77.4974230982364,97.4974230982364
5746,1,34.1,11.2445815663365,31.2445815663365,51.2445815663365,71.2445815663365
5747,1,33.5,10.668346746542426,30.668346746542426,50.668346746542426,70.66834674654243
5748,1,33.3,9.227759697057241,29.22775969705724,49.22775969705724,69.22775969705724
5749,1,33.6,46.230053363256545,66.23005336325654,86.23005336325654,106.23005336325654
5750,1,32.9,8.651524877263165,28.651524877263164,48.651524877263164,68.65152487726317
5751,1,32.9,9.227759697057241,29.22775969705724,49.22775969705724,69.22775969705724
5752,1,33.4,10.524288041593906,30.524288041593906,50.524288041593906,70.5242880415939
5753,1,31.6,11.820816386130574,31.820816386130574,51.82081638613057,71.82081638613057
5754,1,31.8,13.405462140564278,33.40546214056428,53.40546214056428,73.40546214056428
5755,1,31.5,13.405462140564278,33.40546214056428,53.40546214056428,73.40546214056428
5756,1,32.4,75.50812769907535,95.50812769907535,115.50812769907535,135.50812769907535
5757,1,32.9,11.100522861387981,31.10052286138798,51.10052286138798,71.10052286138799
5758,1,32.9,11.532698976233537,31.532698976233537,51.53269897623353,71.53269897623353
5759,1,33.0,12.397051205924647,32.39705120592465,52.39705120592465,72.39705120592464
5760,1,33.9,13.405462140564278,33.40546214056428,53.40546214056428,73.40546214056428
5761,1,36.2,14.846049190049467,34.84604919004947,54.84604919004947,74.84604919004947
5762,1,35.3,15.854460124689094,35.8544601246891,55.8544601246891,75.8544601246891
5763,1,35.3,16.430694944483168,36.430694944483164,56.430694944483164,76.43069494448316
5764,1,35.9,17.583164584071316,37.58316458407131,57.58316458407131,77.58316458407131
5765,1,37.4,17.15098846922576,37.15098846922576,57.15098846922576,77.15098846922575
5766,1,38.0,17.583164584071316,37.58316458407131,57.58316458407131,77.58316458407131
5767,1,35.7,17.727223289019836,37.72722328901983,57.72722328901983,77.72722328901983
5768,1,34.8,18.01534069891687,38.01534069891687,58.01534069891687,78.01534069891687
5769,1,37.4,44.12412352586826,64.12412352586826,84.12412352586826,104.12412352586826
5770,1,42.1,19.16781033850502,39.16781033850502,59.16781033850502,79.16781033850502
5771,1,41.0,19.311869043453537,39.31186904345354,59.31186904345354,79.31186904345354
5772,1,37.1,18.735634223659464,38.73563422365946,58.73563422365946,78.73563422365946
5773,1,36.7,56.314162709652834,76.31416270965283,96.31416270965283,116.31416270965283
5774,1,35.5,17.727223289019836,37.72722328901983,57.72722328901983,77.72722328901983
5775,1,34.5,17.29504717417428,37.29504717417428,57.29504717417428,77.29504717417427
5776,1,34.3,17.006929764277242,37.006929764277245,57.006929764277245,77.00692976427725
5777,1,34.1,16.574753649431685,36.574753649431685,56.574753649431685,76.57475364943168
5778,1,34.4,17.15098846922576,37.15098846922576,57.15098846922576,77.15098846922575
5779,1,34.6,17.87128199396835,37.87128199396835,57.87128199396835,77.87128199396835
5780,1,32.9,82.71106294650127,102.71106294650127,122.71106294650127,142.71106294650127
5781,1,32.6,19.744045158299095,39.744045158299095,59.744045158299095,79.74404515829909
5782,1,32.1,20.896514797887242,40.89651479788724,60.89651479788724,80.89651479788725
5783,1,30.6,21.47274961768132,41.472749617681316,61.472749617681316,81.47274961768132
5784,1,30.0,22.048984437475394,42.0489844374754,62.0489844374754,82.0489844374754
5785,1,28.9,22.481160552320947,42.481160552320944,62.481160552320944,82.48116055232094
5786,1,28.4,24.49798242160021,44.49798242160021,64.49798242160021,84.49798242160021
5787,1,27.6,25.218275946342796,45.2182759463428,65.2182759463428,85.2182759463428
5788,1,28.9,25.93856947108539,45.93856947108539,65.93856947108539,85.93856947108539
5789,1,29.2,50.606765248551596,70.6067652485516,90.6067652485516,110.6067652485516
5790,1,30.0,25.50639335623984,45.50639335623984,65.50639335623984,85.50639335623984
5791,1,30.3,25.074217241394283,45.07421724139428,65.07421724139428,85.07421724139428
5792,1,29.5,24.93015853644576,44.93015853644576,64.93015853644576,84.93015853644576
5793,1,28.5,63.08492184223321,83.0849218422332,103.0849218422332,123.0849218422332
5794,1,27.6,25.650452061188354,45.65045206118835,65.65045206118836,85.65045206118836
5795,1,27.5,26.08262817603391,46.08262817603391,66.08262817603391,86.08262817603391
5796,1,27.7,27.37915652057058,47.379156520570575,67.37915652057058,87.37915652057058
5797,1,27.0,27.66727393046762,47.667273930467616,67.66727393046762,87.66727393046762
5798,1,26.7,28.96380227500428,48.963802275004284,68.96380227500428,88.96380227500428
5799,1,26.9,30.83656543933502,50.83656543933502,70.83656543933502,90.83656543933502
5800,1,27.6,94.52387675227979,114.52387675227979,134.5238767522798,154.5238767522798
5801,1,26.7,31.844976373974653,51.84497637397465,71.84497637397465,91.84497637397465
5802,1,25.0,30.692506734386505,50.692506734386505,70.69250673438651,90.69250673438651
5803,1,23.5,31.268741554180583,51.26874155418058,71.26874155418058,91.26874155418058
5804,1,23.1,33.717739538305395,53.717739538305395,73.7177395383054,93.7177395383054
5805,1,22.7,34.5820917679965,54.5820917679965,74.5820917679965,94.5820917679965
5806,1,21.8,35.302385292739096,55.302385292739096,75.3023852927391,95.3023852927391
5807,1,21.8,35.73456140758466,55.73456140758466,75.73456140758466,95.73456140758466
5808,1,21.3,36.02267881748169,56.02267881748169,76.02267881748169,96.02267881748169
5809,2,21.0,35.87862011253317,55.87862011253317,75.87862011253317,95.87862011253317
5810,1,23.0,36.1667375224302,56.1667375224302,76.1667375224302,96.1667375224302
5811,1,23.9,60.97899200484493,80.97899200484494,100.97899200484494,120.97899200484494
5812,1,25.1,34.870209177893535,54.870209177893535,74.87020917789354,94.87020917789354
5813,1,26.1,34.726150472945015,54.726150472945015,74.72615047294502,94.72615047294502
5814,1,28.0,33.717739538305395,53.717739538305395,73.7177395383054,93.7177395383054
5815,1,27.8,69.71162226986506,89.71162226986506,109.71162226986506,129.71162226986507
5816,1,27.1,30.83656543933502,50.83656543933502,70.83656543933502,90.83656543933502
5817,1,26.0,30.980624144283546,50.980624144283546,70.98062414428355,90.98062414428355
5818,1,25.4,31.844976373974653,51.84497637397465,71.84497637397465,91.84497637397465
5819,1,26.2,31.844976373974653,51.84497637397465,71.84497637397465,91.84497637397465
5820,1,27.7,31.98903507892317,51.989035078923166,71.98903507892317,91.98903507892317
5821,1,26.7,31.556858964077616,51.55685896407762,71.55685896407762,91.55685896407762
5822,1,26.6,94.95605286712535,114.95605286712535,134.95605286712535,154.95605286712535
5823,1,25.8,34.14991565315095,54.14991565315095,74.14991565315094,94.14991565315094
5824,1,25.1,35.87862011253317,55.87862011253317,75.87862011253317,95.87862011253317
5825,1,25.0,37.60732457191539,57.60732457191539,77.6073245719154,97.6073245719154
5826,1,25.2,39.04791162140057,59.04791162140057,79.04791162140057,99.04791162140057
5827,1,24.6,40.05632255604021,60.05632255604021,80.05632255604021,100.05632255604021
5828,1,23.9,41.064733490679835,61.064733490679835,81.06473349067983,101.06473349067983
5829,1,24.2,41.640968310473916,61.640968310473916,81.64096831047391,101.64096831047391
5830,1,23.8,42.3612618352165,62.3612618352165,82.36126183521651,102.36126183521651
5831,1,23.5,42.93749665501058,62.93749665501058,82.93749665501058,102.93749665501058
5832,1,23.4,42.93749665501058,62.93749665501058,82.93749665501058,102.93749665501058
5833,1,23.6,42.649379245113536,62.649379245113536,82.64937924511354,102.64937924511354
5834,1,24.2,41.208792195628355,61.208792195628355,81.20879219562835,101.20879219562835
5835,1,24.5,65.01263574340345,85.01263574340345,105.01263574340345,125.01263574340345
5836,1,25.1,38.03950068676095,58.03950068676095,78.03950068676096,98.03950068676096
5837,1,26.8,36.310796227378724,56.310796227378724,76.31079622737872,96.31079622737872
5838,1,27.6,34.5820917679965,54.5820917679965,74.5820917679965,94.5820917679965
5839,1,26.6,71.00815061440173,91.00815061440173,111.00815061440173,131.00815061440173
5840,1,24.7,31.98903507892317,51.989035078923166,71.98903507892317,91.98903507892317
5841,1,25.1,31.412800259129092,51.41280025912909,71.41280025912909,91.41280025912909
5842,1,25.7,31.124682849232055,51.12468284923206,71.12468284923206,91.12468284923206
5843,1,25.3,30.83656543933502,50.83656543933502,70.83656543933502,90.83656543933502
5844,1,25.5,30.692506734386505,50.692506734386505,70.69250673438651,90.69250673438651
5845,1,27.8,30.548448029437985,50.548448029437985,70.54844802943799,90.54844802943799
5846,1,27.9,93.22734840774312,113.22734840774312,133.22734840774314,153.22734840774314
5847,1,27.6,29.684095799746874,49.68409579974687,69.68409579974687,89.68409579974687
5848,1,25.9,29.395978389849837,49.39597838984984,69.39597838984983,89.39597838984983
5849,1,23.6,29.251919684901317,49.25191968490132,69.25191968490131,89.25191968490131
5850,1,23.2,29.540037094798354,49.54003709479835,69.54003709479835,89.54003709479835
5851,1,23.3,29.684095799746874,49.68409579974687,69.68409579974687,89.68409579974687
5852,1,22.8,29.251919684901317,49.25191968490132,69.25191968490131,89.25191968490131
5853,1,22.9,28.96380227500428,48.963802275004284,68.96380227500428,88.96380227500428
5854,1,21.6,27.66727393046762,47.667273930467616,67.66727393046762,87.66727393046762
5855,1,21.9,27.523215225519095,47.523215225519095,67.5232152255191,87.5232152255191
5856,1,22.0,27.37915652057058,47.379156520570575,67.37915652057058,87.37915652057058
5857,1,23.3,52.047352298036785,72.04735229803678,92.04735229803678,112.04735229803678
5858,1,23.1,26.370745585930948,46.37074558593095,66.37074558593095,86.37074558593095
5859,1,25.9,26.08262817603391,46.08262817603391,66.08262817603391,86.08262817603391
5860,1,27.8,63.94927407192432,83.94927407192432,103.94927407192432,123.94927407192432
5861,1,28.8,26.08262817603391,46.08262817603391,66.08262817603391,86.08262817603391
5862,1,30.0,26.226686880982435,46.226686880982435,66.22668688098244,86.22668688098244
5863,1,29.4,26.946980405725025,46.94698040572503,66.94698040572503,86.94698040572503
5864,1,29.9,27.37915652057058,47.379156520570575,67.37915652057058,87.37915652057058
5865,1,29.6,27.37915652057058,47.379156520570575,67.37915652057058,87.37915652057058
5866,1,30.4,27.523215225519095,47.523215225519095,67.5232152255191,87.5232152255191
5867,1,30.6,90.77835042361832,110.77835042361832,130.77835042361832,150.77835042361832
5868,1,30.2,27.811332635416132,47.811332635416136,67.81133263541614,87.81133263541614
5869,1,29.9,27.811332635416132,47.811332635416136,67.81133263541614,87.81133263541614
5870,1,30.0,27.811332635416132,47.811332635416136,67.81133263541614,87.81133263541614
5871,1,29.6,27.66727393046762,47.667273930467616,67.66727393046762,87.66727393046762
5872,1,28.8,26.802921700776505,46.80292170077651,66.80292170077651,86.80292170077651
5873,1,29.1,27.23509781562206,47.235097815622055,67.23509781562205,87.23509781562205
5874,1,29.7,28.531626160158723,48.53162616015872,68.53162616015872,88.53162616015872
5875,1,29.7,30.548448029437985,50.548448029437985,70.54844802943799,90.54844802943799
5876,1,29.9,32.85338730861428,52.85338730861428,72.85338730861429,92.85338730861429
5877,1,30.2,35.59050270263613,55.59050270263613,75.59050270263613,95.59050270263613
5878,1,31.1,37.46326586696687,57.46326586696687,77.46326586696688,97.46326586696688
5879,1,32.5,38.4716768016065,58.4716768016065,78.47167680160649,98.47167680160649
5880,1,32.7,63.71610739886678,83.71610739886678,103.71610739886678,123.71610739886678
5881,1,34.2,37.46326586696687,57.46326586696687,77.46326586696688,97.46326586696688
5882,1,36.3,36.598913637275764,56.598913637275764,76.59891363727576,96.59891363727576
5883,1,37.2,36.02267881748169,56.02267881748169,76.02267881748169,96.02267881748169
5884,1,35.6,73.60120730347506,93.60120730347506,113.60120730347506,133.60120730347506
5885,1,33.6,35.73456140758466,55.73456140758466,75.73456140758466,95.73456140758466
5886,1,32.8,35.59050270263613,55.59050270263613,75.59050270263613,95.59050270263613
5887,1,31.6,36.02267881748169,56.02267881748169,76.02267881748169,96.02267881748169
5888,1,31.5,36.74297234222428,56.74297234222428,76.74297234222428,96.74297234222428
5889,1,32.9,36.8870310471728,56.8870310471728,76.8870310471728,96.8870310471728
5890,1,34.4,37.46326586696687,57.46326586696687,77.46326586696688,97.46326586696688
5891,1,33.3,100.28622495022054,120.28622495022054,140.28622495022054,160.28622495022054
5892,1,32.6,36.454854932327244,56.454854932327244,76.45485493232724,96.45485493232724
5893,1,32.9,36.02267881748169,56.02267881748169,76.02267881748169,96.02267881748169
5894,1,32.2,35.73456140758466,55.73456140758466,75.73456140758466,95.73456140758466
5895,1,31.8,36.02267881748169,56.02267881748169,76.02267881748169,96.02267881748169
5896,1,31.1,36.1667375224302,56.1667375224302,76.1667375224302,96.1667375224302
5897,1,29.6,36.598913637275764,56.598913637275764,76.59891363727576,96.59891363727576
5898,1,29.4,37.46326586696687,57.46326586696687,77.46326586696688,97.46326586696688
5899,1,29.3,37.89544198181243,57.89544198181243,77.89544198181244,97.89544198181244
5900,1,29.1,37.60732457191539,57.60732457191539,77.6073245719154,97.6073245719154
5901,1,28.8,37.03108975212131,57.03108975212131,77.03108975212132,97.03108975212132
5902,1,28.4,37.03108975212131,57.03108975212131,77.03108975212132,97.03108975212132
5903,1,28.5,37.17514845706984,57.17514845706984,77.17514845706984,97.17514845706984
5904,1,29.9,62.131461644433074,82.13146164443307,102.13146164443307,122.13146164443307
5905,1,30.3,36.598913637275764,56.598913637275764,76.59891363727576,96.59891363727576
5906,1,31.4,35.15832658779058,55.15832658779058,75.15832658779058,95.15832658779058
5907,1,31.9,32.56526989871724,52.56526989871724,72.56526989871725,92.56526989871725
5908,1,31.1,68.84727004017395,88.84727004017395,108.84727004017395,128.84727004017395
5909,1,29.1,29.828154504695394,49.82815450469539,69.82815450469539,89.82815450469539
5910,1,28.6,29.1078609799528,49.107860979952804,69.1078609799528,89.1078609799528
5911,1,27.1,29.1078609799528,49.107860979952804,69.1078609799528,89.1078609799528
5912,1,26.6,29.684095799746874,49.68409579974687,69.68409579974687,89.68409579974687
5913,1,27.1,29.540037094798354,49.54003709479835,69.54003709479835,89.54003709479835
5914,1,27.2,92.50705488300054,112.50705488300054,132.50705488300054,152.50705488300054
5915,1,25.1,29.1078609799528,49.107860979952804,69.1078609799528,89.1078609799528
5916,1,24.7,28.675684865107243,48.67568486510724,68.67568486510724,88.67568486510724
5917,1,24.1,27.09103911067354,47.09103911067354,67.09103911067353,87.09103911067353
5918,1,23.7,28.099450045313173,48.099450045313176,68.09945004531318,88.09945004531318
5919,1,23.5,28.96380227500428,48.963802275004284,68.96380227500428,88.96380227500428
5920,1,23.0,30.548448029437985,50.548448029437985,70.54844802943799,90.54844802943799
5921,1,23.2,31.844976373974653,51.84497637397465,71.84497637397465,91.84497637397465
5922,1,23.5,33.285563423459834,53.285563423459834,73.28556342345983,93.28556342345983
5923,1,23.4,33.717739538305395,53.717739538305395,73.7177395383054,93.7177395383054
5924,1,23.2,34.870209177893535,54.870209177893535,74.87020917789354,94.87020917789354
5925,1,23.4,61.26710941474197,81.26710941474197,101.26710941474197,121.26710941474197
5926,1,23.4,36.74297234222428,56.74297234222428,76.74297234222428,96.74297234222428
5927,1,23.8,36.02267881748169,56.02267881748169,76.02267881748169,96.02267881748169
5928,1,26.3,34.726150472945015,54.726150472945015,74.72615047294502,94.72615047294502
5929,1,26.1,71.15220931935025,91.15220931935025,111.15220931935025,131.15220931935025
5930,1,26.4,32.85338730861428,52.85338730861428,72.85338730861429,92.85338730861429
5931,1,26.4,33.86179824325391,53.86179824325391,73.8617982432539,93.8617982432539
5932,1,26.6,35.014267882842056,55.014267882842056,75.01426788284206,95.01426788284206
5933,1,26.6,34.870209177893535,54.870209177893535,74.87020917789354,94.87020917789354
5934,1,26.0,34.5820917679965,54.5820917679965,74.5820917679965,94.5820917679965
5935,1,25.7,98.12534437599275,118.12534437599275,138.12534437599277,158.12534437599277
5936,1,25.7,35.15832658779058,55.15832658779058,75.15832658779058,95.15832658779058
5937,1,25.1,35.15832658779058,55.15832658779058,75.15832658779058,95.15832658779058
5938,1,25.2,34.870209177893535,54.870209177893535,74.87020917789354,94.87020917789354
5939,1,24.5,33.573680833356875,53.573680833356875,73.57368083335687,93.57368083335687
5940,1,23.9,32.85338730861428,52.85338730861428,72.85338730861429,92.85338730861429
5941,1,23.1,33.86179824325391,53.86179824325391,73.8617982432539,93.8617982432539
5942,1,23.7,34.870209177893535,54.870209177893535,74.87020917789354,94.87020917789354
5943,1,23.7,36.310796227378724,56.310796227378724,76.31079622737872,96.31079622737872
5944,1,23.5,35.15832658779058,55.15832658779058,75.15832658779058,95.15832658779058
5945,1,24.1,34.43803306304798,54.43803306304798,74.43803306304798,94.43803306304798
5946,1,24.6,36.02267881748169,56.02267881748169,76.02267881748169,96.02267881748169
5947,1,25.8,36.598913637275764,56.598913637275764,76.59891363727576,96.59891363727576
5948,1,26.4,63.57204869391826,83.57204869391826,103.57204869391826,123.57204869391826
5949,1,26.1,39.33602903129761,59.33602903129761,79.33602903129761,99.33602903129761
5950,1,27.5,39.19197032634909,59.19197032634909,79.1919703263491,99.1919703263491
5951,1,28.3,36.454854932327244,56.454854932327244,76.45485493232724,96.45485493232724
5952,1,28.1,72.3046789589384,92.3046789589384,112.3046789589384,132.30467895893838
5953,1,26.1,33.717739538305395,53.717739538305395,73.7177395383054,93.7177395383054
5954,1,25.6,34.14991565315095,54.14991565315095,74.14991565315094,94.14991565315094
5955,1,25.7,34.5820917679965,54.5820917679965,74.5820917679965,94.5820917679965
5956,1,26.6,34.00585694820243,54.00585694820243,74.00585694820242,94.00585694820242
5957,1,27.2,32.133093783871686,52.133093783871686,72.13309378387169,92.13309378387169
5958,1,28.0,30.83656543933502,50.83656543933502,70.83656543933502,90.83656543933502
5959,1,27.8,93.51546581764016,113.51546581764016,133.51546581764018,153.51546581764018
5960,1,27.8,29.97221320964391,49.97221320964391,69.97221320964391,89.97221320964391
5961,1,27.9,28.96380227500428,48.963802275004284,68.96380227500428,88.96380227500428
5962,1,27.7,27.811332635416132,47.811332635416136,67.81133263541614,87.81133263541614
5963,1,27.6,28.099450045313173,48.099450045313176,68.09945004531318,88.09945004531318
5964,1,27.1,28.387567455210206,48.3875674552102,68.3875674552102,88.3875674552102
5965,1,27.0,28.243508750261686,48.24350875026168,68.24350875026168,88.24350875026168
5966,1,26.7,28.531626160158723,48.53162616015872,68.53162616015872,88.53162616015872
5967,1,25.6,30.404389324489465,50.404389324489465,70.40438932448947,90.40438932448947
5968,1,26.4,31.268741554180583,51.26874155418058,71.26874155418058,91.26874155418058
5969,1,27.5,31.556858964077616,51.55685896407762,71.55685896407762,91.55685896407762
5970,1,26.9,30.980624144283546,50.980624144283546,70.98062414428355,90.98062414428355
5971,1,27.4,55.36070251185271,75.36070251185271,95.36070251185271,115.36070251185271
5972,1,29.3,28.675684865107243,48.67568486510724,68.67568486510724,88.67568486510724
5973,1,30.5,27.37915652057058,47.379156520570575,67.37915652057058,87.37915652057058
5974,1,30.9,24.642041126548726,44.642041126548726,64.64204112654872,84.64204112654872
5975,1,29.6,61.212158677902465,81.21215867790247,101.21215867790247,121.21215867790247
5976,1,28.3,22.337101847372427,42.33710184737242,62.33710184737242,82.33710184737242
5977,1,27.1,21.904925732526873,41.90492573252688,61.90492573252688,81.90492573252688
5978,2,27.1,21.760867027578357,41.76086702757836,61.76086702757836,81.76086702757836
5979,1,26.6,21.760867027578357,41.76086702757836,61.76086702757836,81.76086702757836
5980,1,26.2,21.47274961768132,41.472749617681316,61.472749617681316,81.47274961768132
5981,1,25.5,84.87194352072905,104.87194352072905,124.87194352072905,144.87194352072905
5982,1,27.7,21.616808322629836,41.616808322629836,61.616808322629836,81.61680832262984
5983,1,24.5,22.769277962217984,42.769277962217984,62.769277962217984,82.76927796221798
5984,1,25.5,22.913336667166504,42.913336667166504,62.913336667166504,82.9133366671665
5985,1,28.1,22.769277962217984,42.769277962217984,62.769277962217984,82.76927796221798
5986,1,25.7,22.337101847372427,42.33710184737242,62.33710184737242,82.33710184737242
5987,1,23.0,22.337101847372427,42.33710184737242,62.33710184737242,82.33710184737242
5988,1,22.4,22.481160552320947,42.481160552320944,62.481160552320944,82.48116055232094
5989,1,22.9,22.769277962217984,42.769277962217984,62.769277962217984,82.76927796221798
5990,1,23.2,23.05739537211502,43.057395372115025,63.057395372115025,83.05739537211502
5991,1,23.2,48.44588467432382,68.44588467432382,88.44588467432382,108.44588467432382
5992,1,23.3,23.489571486960575,43.48957148696057,63.48957148696057,83.48957148696057
5993,1,24.0,23.489571486960575,43.48957148696057,63.48957148696057,83.48957148696057
5994,1,25.3,60.6359238581084,80.6359238581084,100.6359238581084,120.6359238581084
5995,1,24.1,22.769277962217984,42.769277962217984,62.769277962217984,82.76927796221798
5996,1,22.6,23.05739537211502,43.057395372115025,63.057395372115025,83.05739537211502
5997,1,22.1,23.20145407706354,43.201454077063545,63.201454077063545,83.20145407706354
5998,1,22.5,23.77768889685761,43.77768889685761,63.77768889685761,83.77768889685761
5999,1,22.5,24.06580630675465,44.06580630675465,64.06580630675465,84.06580630675465
6000,1,22.4,24.06580630675465,44.06580630675465,64.06580630675465,84.06580630675465
6001,1,22.2,87.17688279990534,107.17688279990534,127.17688279990534,147.17688279990534
6002,1,21.8,24.20986501170317,44.20986501170317,64.20986501170317,84.20986501170317
6003,1,21.6,24.20986501170317,44.20986501170317,64.20986501170317,84.20986501170317
6004,1,21.4,24.353923716651693,44.35392371665169,64.35392371665169,84.35392371665169
6005,1,21.0,25.36233465129132,45.36233465129132,65.36233465129132,85.36233465129132
6006,1,18.8,25.794510766136877,45.79451076613688,65.79451076613688,85.79451076613688
6007,1,19.8,25.50639335623984,45.50639335623984,65.50639335623984,85.50639335623984
6008,1,22.6,24.93015853644576,44.93015853644576,64.93015853644576,84.93015853644576
6009,1,21.6,24.353923716651693,44.35392371665169,64.35392371665169,84.35392371665169
6010,1,21.1,24.06580630675465,44.06580630675465,64.06580630675465,84.06580630675465
6011,1,22.3,23.05739537211502,43.057395372115025,63.057395372115025,83.05739537211502
6012,1,22.3,47.86964985452974,67.86964985452974,87.86964985452974,107.86964985452974
6013,1,22.9,22.337101847372427,42.33710184737242,62.33710184737242,82.33710184737242
6014,1,23.1,21.760867027578357,41.76086702757836,61.76086702757836,81.76086702757836
6015,1,22.9,21.3286909127328,41.328690912732796,61.328690912732796,81.3286909127328
6016,1,23.0,58.330984578932096,78.33098457893209,98.33098457893209,118.33098457893209
6017,1,23.5,19.88810386324761,39.88810386324761,59.88810386324761,79.88810386324761
6018,1,22.6,19.744045158299095,39.744045158299095,59.744045158299095,79.74404515829909
6019,1,22.1,19.455927748402058,39.45592774840206,59.45592774840206,79.45592774840206
6020,1,23.5,18.447516813762427,38.44751681376243,58.44751681376243,78.44751681376243
6021,1,24.1,17.583164584071316,37.58316458407131,57.58316458407131,77.58316458407131
6022,1,24.5,79.97394755247942,99.97394755247942,119.97394755247942,139.97394755247942
6023,1,24.5,16.718812354380205,36.718812354380205,56.718812354380205,76.7188123543802
6024,1,24.7,17.006929764277242,37.006929764277245,57.006929764277245,77.00692976427725
6025,1,23.1,17.29504717417428,37.29504717417428,57.29504717417428,77.29504717417427
6026,1,21.0,17.15098846922576,37.15098846922576,57.15098846922576,77.15098846922575
6027,1,19.2,17.727223289019836,37.72722328901983,57.72722328901983,77.72722328901983
6028,1,18.9,19.455927748402058,39.45592774840206,59.45592774840206,79.45592774840206
6029,1,18.7,21.040573502835763,41.04057350283576,61.04057350283576,81.04057350283577
6030,1,18.2,22.769277962217984,42.769277962217984,62.769277962217984,82.76927796221798
6031,1,18.1,22.625219257269464,42.625219257269464,62.625219257269464,82.62521925726946
6032,1,18.0,23.633630191909095,43.63363019190909,63.63363019190909,83.63363019190909
6033,1,17.4,23.77768889685761,43.77768889685761,63.77768889685761,83.77768889685761
6034,1,17.0,23.633630191909095,43.63363019190909,63.63363019190909,83.63363019190909
6035,1,16.8,49.02211949411789,69.02211949411789,89.02211949411789,109.02211949411789
6036,1,17.3,22.913336667166504,42.913336667166504,62.913336667166504,82.9133366671665
6037,1,18.0,22.048984437475394,42.0489844374754,62.0489844374754,82.0489844374754
6038,1,19.5,21.040573502835763,41.04057350283576,61.04057350283576,81.04057350283577
6039,1,18.9,57.61069105418951,77.61069105418952,97.61069105418952,117.61069105418952
6040,1,18.5,18.879692928607984,38.87969292860798,58.87969292860798,78.87969292860798
6041,1,18.3,18.30345810881391,38.30345810881391,58.30345810881391,78.30345810881391
6042,1,18.2,18.159399403865386,38.159399403865386,58.159399403865386,78.1593994038654
6043,1,19.3,18.591575518710947,38.59157551871095,58.59157551871095,78.59157551871095
6044,1,19.6,18.591575518710947,38.59157551871095,58.59157551871095,78.59157551871095
6045,1,19.3,82.13482812670719,102.13482812670719,122.13482812670719,142.1348281267072
6046,1,18.5,19.599986453350578,39.59998645335058,59.59998645335058,79.59998645335058
6047,1,17.8,20.896514797887242,40.89651479788724,60.89651479788724,80.89651479788725
6048,1,18.2,21.904925732526873,41.90492573252688,61.90492573252688,81.90492573252688
6049,1,17.5,22.337101847372427,42.33710184737242,62.33710184737242,82.33710184737242
6050,1,17.0,22.481160552320947,42.481160552320944,62.481160552320944,82.48116055232094
