timestep,0,1,2,3,4,5,6,7,8,9
0,19.6,19.74404516,39.74404516,59.74404516,79.74404516,21.90472707,129.3629346,91,219.3629346,99.74404516
1,20.3,20.60839739,40.60839739,60.60839739,80.60839739,21.90472707,127.5660561,90,217.5660561,100.6083974
2,21.2,21.0405735,41.0405735,61.0405735,81.0405735,21.90472707,126.9485363,83,216.9485363,101.0405735
3,20.5,21.18463221,41.18463221,61.18463221,81.18463221,21.90472707,128.1997232,79,218.1997232,101.1846322
4,20.5,22.62521926,42.62521926,62.62521926,82.62521926,34.80523813,128.9978188,77,218.9978188,102.6252193
5,21.5,22.33710185,42.33710185,62.33710185,82.33710185,34.80523813,127.8693336,75,217.8693336,102.3371018
6,21.1,22.19304314,42.19304314,62.19304314,82.19304314,133.8418866,131.6658844,77,221.6658844,102.1930431
7,21.5,47.72559115,67.72559115,87.72559115,107.7255911,81.27054168,135.0667028,77,225.0667028,127.7255911
8,23.1,22.33710185,42.33710185,62.33710185,82.33710185,142.9760943,136.5545219,87,226.5545219,102.3371018
9,24.6,21.90492573,41.90492573,61.90492573,81.90492573,142.9760943,140.0279231,84,230.0279231,101.9049257
10,26.1,21.76086703,41.76086703,61.76086703,81.76086703,142.9760943,136.5452718,102,226.5452718,101.760867
11,26.6,59.77157163,79.77157163,99.77157163,119.7715716,142.9760943,136.1876132,111,226.1876132,139.7715716
12,26.6,21.61680832,41.61680832,61.61680832,81.61680832,221.6194071,136.2044014,117,226.2044014,101.6168083
13,26.9,21.47274962,41.47274962,61.47274962,81.47274962,169.0480621,134.5390935,134,224.5390935,101.4727496
14,27.7,21.32869091,41.32869091,61.32869091,81.32869091,142.9760943,134.4271405,99,224.4271405,101.3286909
15,28.7,21.47274962,41.47274962,61.47274962,81.47274962,55.19857386,132.9568725,101,222.9568725,101.4727496
16,28.1,21.32869091,41.32869091,61.32869091,81.32869091,55.19857386,132.7173546,103,222.7173546,101.3286909
17,27.9,21.47274962,41.47274962,61.47274962,81.47274962,55.19857386,131.0905703,109,221.0905703,101.4727496
18,28.2,84.43976741,104.4397674,124.4397674,144.4397674,55.19857386,130.9561782,93,220.9561782,164.4397674
19,27.2,21.18463221,41.18463221,61.18463221,81.18463221,55.19857386,130.8004172,91,220.8004172,101.1846322
20,26.4,21.0405735,41.0405735,61.0405735,81.0405735,81.27054168,129.6742752,111,219.6742752,101.0405735
21,26.1,21.0405735,41.0405735,61.0405735,81.0405735,81.27054168,126.4876587,99,216.4876587,101.0405735
22,25.3,21.18463221,41.18463221,61.18463221,81.18463221,55.19857386,126.1362441,91,216.1362441,101.1846322
23,25,21.0405735,41.0405735,61.0405735,81.0405735,21.90472707,125.94251,94,215.94251,101.0405735
24,25.5,21.0405735,41.0405735,61.0405735,81.0405735,21.90472707,127.6306321,81,217.6306321,101.0405735
25,25.2,20.8965148,40.8965148,60.8965148,80.8965148,21.90472707,126.58173,78,216.58173,100.8965148
26,24.2,21.0405735,41.0405735,61.0405735,81.0405735,21.90472707,127.190184,78,217.190184,101.0405735
27,23.4,21.47274962,41.47274962,61.47274962,81.47274962,21.90472707,128.3997784,80,218.3997784,101.4727496
28,22.5,21.76086703,41.76086703,61.76086703,81.76086703,34.80523813,130.0862753,80,220.0862753,101.760867
29,22.5,21.32869091,41.32869091,61.32869091,81.32869091,34.80523813,133.2336536,87,223.2336536,101.3286909
30,22.9,21.0405735,41.0405735,61.0405735,81.0405735,133.8418866,133.6260376,99,223.6260376,101.0405735
31,22.5,46.2850041,66.2850041,86.2850041,106.2850041,81.27054168,135.2434909,111,225.2434909,126.2850041
32,22,21.0405735,41.0405735,61.0405735,81.0405735,142.9760943,138.6010823,98,228.6010823,101.0405735
33,22,21.18463221,41.18463221,61.18463221,81.18463221,142.9760943,139.3687612,98,229.3687612,101.1846322
34,21.7,20.8965148,40.8965148,60.8965148,80.8965148,142.9760943,140.6210856,120,230.6210856,100.8965148
35,21.4,58.47504328,78.47504328,98.47504328,118.4750433,142.9760943,143.6138594,100,233.6138594,138.4750433
36,21.1,20.32027998,40.32027998,60.32027998,80.32027998,221.6194071,142.6019151,113,232.6019151,100.32028
37,20.5,20.60839739,40.60839739,60.60839739,80.60839739,169.0480621,142.9907029,95,232.9907029,100.6083974
38,20.1,21.0405735,41.0405735,61.0405735,81.0405735,142.9760943,143.9661206,80,233.9661206,101.0405735
39,19.9,21.47274962,41.47274962,61.47274962,81.47274962,55.19857386,144.605146,100,234.605146,101.4727496
40,20.1,21.47274962,41.47274962,61.47274962,81.47274962,55.19857386,142.640987,97,232.640987,101.4727496
41,20.7,21.0405735,41.0405735,61.0405735,81.0405735,55.19857386,140.5806161,96,230.5806161,101.0405735
42,20.9,84.00759129,104.0075913,124.0075913,144.0075913,55.19857386,139.9171536,114,229.9171536,164.0075913
43,21.4,21.0405735,41.0405735,61.0405735,81.0405735,55.19857386,138.4719368,116,228.4719368,101.0405735
44,21.5,21.47274962,41.47274962,61.47274962,81.47274962,81.27054168,136.4717864,124,226.4717864,101.4727496
45,21.2,21.47274962,41.47274962,61.47274962,81.47274962,81.27054168,135.4624104,94,225.4624104,101.4727496
46,20.6,22.04898444,42.04898444,62.04898444,82.04898444,55.19857386,133.7094003,91,223.7094003,102.0489844
47,20,22.19304314,42.19304314,62.19304314,82.19304314,21.90472707,133.1513264,82,223.1513264,102.1930431
48,19.1,22.33710185,42.33710185,62.33710185,82.33710185,21.90472707,131.9058212,80,221.9058212,102.3371018
49,19,22.33710185,42.33710185,62.33710185,82.33710185,21.90472707,131.4912471,74,221.4912471,102.3371018
50,19.3,22.19304314,42.19304314,62.19304314,82.19304314,21.90472707,131.1676807,76,221.1676807,102.1930431
51,19.6,22.04898444,42.04898444,62.04898444,82.04898444,21.90472707,131.2586392,76,221.2586392,102.0489844
52,20,22.33710185,42.33710185,62.33710185,82.33710185,34.80523813,130.3921975,77,220.3921975,102.3371018
53,22.1,22.62521926,42.62521926,62.62521926,82.62521926,34.80523813,131.7316968,85,221.7316968,102.6252193
54,23.8,22.62521926,42.62521926,62.62521926,82.62521926,133.8418866,135.8355627,116,225.8355627,102.6252193
55,25.7,48.15776726,68.15776726,88.15776726,108.1577673,81.27054168,138.7254585,119,228.7254585,128.1577673
56,26.7,23.05739537,43.05739537,63.05739537,83.05739537,142.9760943,140.4737914,108,230.4737914,103.0573954
57,25.3,22.91333667,42.91333667,62.91333667,82.91333667,142.9760943,141.0141444,97,231.0141444,102.9133367
58,23.6,22.76927796,42.76927796,62.76927796,82.76927796,142.9760943,141.7356661,101,231.7356661,102.769278
59,23.7,60.49186515,80.49186515,100.4918652,120.4918652,142.9760943,142.8747516,92,232.8747516,140.4918652
60,24,23.20145408,43.20145408,63.20145408,83.20145408,221.6194071,142.5778525,92,232.5778525,103.2014541
61,23.6,23.63363019,43.63363019,63.63363019,83.63363019,169.0480621,142.9248491,86,232.9248491,103.6336302
62,23,24.06580631,44.06580631,64.06580631,84.06580631,142.9760943,143.9563686,96,233.9563686,104.0658063
63,23.2,24.49798242,44.49798242,64.49798242,84.49798242,55.19857386,145.9900127,99,235.9900127,104.4979824
64,23.8,24.78609983,44.78609983,64.78609983,84.78609983,55.19857386,144.8963218,105,234.8963218,104.7860998
65,23.9,24.64204113,44.64204113,64.64204113,84.64204113,55.19857386,144.6674805,102,234.6674805,104.6420411
66,23.9,87.89717632,107.8971763,127.8971763,147.8971763,55.19857386,143.5121286,102,233.5121286,167.8971763
67,23.7,24.93015854,44.93015854,64.93015854,84.93015854,55.19857386,143.4742015,123,233.4742015,104.9301585
68,23.4,24.64204113,44.64204113,64.64204113,84.64204113,81.27054168,142.123154,130,232.123154,104.6420411
69,23.1,24.64204113,44.64204113,64.64204113,84.64204113,81.27054168,140.3528016,97,230.3528016,104.6420411
70,22.7,24.35392372,44.35392372,64.35392372,84.35392372,55.19857386,138.3660494,99,228.3660494,104.3539237
71,22.8,24.20986501,44.20986501,64.20986501,84.20986501,21.90472707,136.1220359,94,226.1220359,104.209865
72,22,24.20986501,44.20986501,64.20986501,84.20986501,21.90472707,134.801315,82,224.801315,104.209865
73,21.3,23.63363019,43.63363019,63.63363019,83.63363019,21.90472707,138.0869748,72,228.0869748,103.6336302
74,20.4,23.20145408,43.20145408,63.20145408,83.20145408,21.90472707,139.0103647,77,229.0103647,103.2014541
75,19.6,22.76927796,42.76927796,62.76927796,82.76927796,21.90472707,137.8001588,77,227.8001588,102.769278
76,20.6,22.62521926,42.62521926,62.62521926,82.62521926,34.80523813,140.0280229,79,230.0280229,102.6252193
77,23.2,22.76927796,42.76927796,62.76927796,82.76927796,34.80523813,144.0619894,86,234.0619894,102.769278
78,26.1,22.62521926,42.62521926,62.62521926,82.62521926,133.8418866,152.6713821,98,242.6713821,102.6252193
79,28.1,47.72559115,67.72559115,87.72559115,107.7255911,81.27054168,160.8096896,121,250.8096896,127.7255911
80,30.8,22.33710185,42.33710185,62.33710185,82.33710185,142.9760943,162.989755,105,252.989755,102.3371018
81,33.2,22.19304314,42.19304314,62.19304314,82.19304314,142.9760943,163.3450881,110,253.3450881,102.1930431
82,32.4,21.90492573,41.90492573,61.90492573,81.90492573,142.9760943,163.9808956,98,253.9808956,101.9049257
83,33,59.91563033,79.91563033,99.91563033,119.9156303,142.9760943,163.3711997,107,253.3711997,139.9156303
84,32.7,22.48116055,42.48116055,62.48116055,82.48116055,221.6194071,162.3028968,124,252.3028968,102.4811606
85,32.1,22.48116055,42.48116055,62.48116055,82.48116055,169.0480621,163.9911982,108,253.9911982,102.4811606
86,30.1,22.33710185,42.33710185,62.33710185,82.33710185,142.9760943,166.6570619,95,256.6570619,102.3371018
87,30.6,22.19304314,42.19304314,62.19304314,82.19304314,55.19857386,167.5247628,94,257.5247628,102.1930431
88,31.1,22.19304314,42.19304314,62.19304314,82.19304314,55.19857386,163.2233459,99,253.2233459,102.1930431
89,30.7,22.33710185,42.33710185,62.33710185,82.33710185,55.19857386,161.2970709,100,251.2970709,102.3371018
90,30.1,85.44817834,105.4481783,125.4481783,145.4481783,55.19857386,157.6406368,124,247.6406368,165.4481783
91,29.9,22.33710185,42.33710185,62.33710185,82.33710185,55.19857386,154.2431151,109,244.2431151,102.3371018
92,30.9,22.33710185,42.33710185,62.33710185,82.33710185,81.27054168,151.5622387,141,241.5622387,102.3371018
93,31,22.33710185,42.33710185,62.33710185,82.33710185,81.27054168,151.0789251,118,241.0789251,102.3371018
94,29.1,22.19304314,42.19304314,62.19304314,82.19304314,55.19857386,150.1476321,104,240.1476321,102.1930431
95,27.9,22.04898444,42.04898444,62.04898444,82.04898444,21.90472707,147.2469185,89,237.2469185,102.0489844
96,28.3,22.04898444,42.04898444,62.04898444,82.04898444,21.90472707,143.1964168,80,233.1964168,102.0489844
97,26.7,22.04898444,42.04898444,62.04898444,82.04898444,21.90472707,145.3791763,78,235.3791763,102.0489844
98,26.2,22.04898444,42.04898444,62.04898444,82.04898444,21.90472707,144.2183667,74,234.2183667,102.0489844
99,26.2,22.62521926,42.62521926,62.62521926,82.62521926,21.90472707,144.5037688,75,234.5037688,102.6252193
100,27.4,22.91333667,42.91333667,62.91333667,82.91333667,34.80523813,145.7014445,76,235.7014445,102.9133367
101,28.8,23.34551278,43.34551278,63.34551278,83.34551278,34.80523813,148.8789156,73,238.8789156,103.3455128
102,27.9,23.63363019,43.63363019,63.63363019,83.63363019,113.4485509,156.7277416,93,246.7277416,103.6336302
103,28.8,48.87806079,68.87806079,88.87806079,108.8780608,60.87720596,165.301017,107,255.301017,128.8780608
104,30.2,23.63363019,43.63363019,63.63363019,83.63363019,34.80523813,162.1696679,97,252.1696679,103.6336302
105,29,23.63363019,43.63363019,63.63363019,83.63363019,34.80523813,158.9849452,93,248.9849452,103.6336302
106,28.7,23.48957149,43.48957149,63.48957149,83.48957149,34.80523813,174.6726096,144,264.6726096,103.4895715
107,29,60.92404127,80.92404127,100.9240413,120.9240413,34.80523813,173.2805181,122,263.2805181,140.9240413
108,29.1,22.91333667,42.91333667,62.91333667,82.91333667,113.4485509,168.2885074,109,258.2885074,102.9133367
109,28.2,23.34551278,43.34551278,63.34551278,83.34551278,60.87720596,168.6463794,113,258.6463794,103.3455128
110,27.8,23.9217476,43.9217476,63.9217476,83.9217476,34.80523813,169.7851244,121,259.7851244,103.9217476
111,28.2,24.06580631,44.06580631,64.06580631,84.06580631,34.80523813,170.4701208,104,260.4701208,104.0658063
112,29.2,24.20986501,44.20986501,64.20986501,84.20986501,34.80523813,165.0835938,125,255.0835938,104.209865
113,30.7,24.20986501,44.20986501,64.20986501,84.20986501,34.80523813,160.866069,111,250.866069,104.209865
114,31.2,87.1768828,107.1768828,127.1768828,147.1768828,34.80523813,158.1663178,127,248.1663178,167.1768828
115,30.6,24.20986501,44.20986501,64.20986501,84.20986501,34.80523813,154.8219753,127,244.8219753,104.209865
116,30.6,24.35392372,44.35392372,64.35392372,84.35392372,60.87720596,153.0652261,103,243.0652261,104.3539237
117,30.2,24.35392372,44.35392372,64.35392372,84.35392372,60.87720596,151.4467762,101,241.4467762,104.3539237
118,30.6,24.64204113,44.64204113,64.64204113,84.64204113,34.80523813,148.8683993,118,238.8683993,104.6420411
119,31.9,24.64204113,44.64204113,64.64204113,84.64204113,21.90472707,146.6378151,99,236.6378151,104.6420411
120,31.7,24.49798242,44.49798242,64.49798242,84.49798242,21.90472707,143.5418949,95,233.5418949,104.4979824
121,32.1,24.35392372,44.35392372,64.35392372,84.35392372,21.90472707,143.1842444,96,233.1842444,104.3539237
122,31.4,24.49798242,44.49798242,64.49798242,84.49798242,21.90472707,142.3917395,93,232.3917395,104.4979824
123,31.2,24.49798242,44.49798242,64.49798242,84.49798242,21.90472707,135.71896,98,225.71896,104.4979824
124,30.5,24.64204113,44.64204113,64.64204113,84.64204113,21.90472707,142.999998,101,232.999998,104.6420411
125,31.2,24.78609983,44.78609983,64.78609983,84.78609983,21.90472707,148.1897765,105,238.1897765,104.7860998
126,32.1,25.07421724,45.07421724,65.07421724,85.07421724,100.5480399,152.4693367,107,242.4693367,105.0742172
127,35.2,50.75082395,70.75082395,90.75082395,110.750824,47.97669489,155.2165203,105,245.2165203,130.750824
128,36.2,25.65045206,45.65045206,65.65045206,85.65045206,21.90472707,157.6445484,123,247.6445484,105.6504521
129,37.3,26.08262818,46.08262818,66.08262818,86.08262818,21.90472707,158.2751519,156,248.2751519,106.0826282
130,37.1,25.93856947,45.93856947,65.93856947,85.93856947,21.90472707,159.4069999,156,249.4069999,105.9385695
131,36.5,63.51709796,83.51709796,103.517098,123.517098,21.90472707,158.2901114,185,248.2901114,143.517098
132,35.8,25.36233465,45.36233465,65.36233465,85.36233465,100.5480399,156.9213016,178,246.9213016,105.3623347
133,34.3,25.07421724,45.07421724,65.07421724,85.07421724,47.97669489,156.4662856,157,246.4662856,105.0742172
134,33.8,25.07421724,45.07421724,65.07421724,85.07421724,21.90472707,157.4135491,146,247.4135491,105.0742172
135,34,25.07421724,45.07421724,65.07421724,85.07421724,21.90472707,160.0646836,140,250.0646836,105.0742172
136,35.6,24.93015854,44.93015854,64.93015854,84.93015854,21.90472707,158.3279851,150,248.3279851,104.9301585
137,35.5,24.78609983,44.78609983,64.78609983,84.78609983,21.90472707,149.4366234,137,239.4366234,104.7860998
138,36.2,88.04123503,108.041235,128.041235,148.041235,21.90472707,151.6148251,163,241.6148251,168.041235
139,35.7,24.64204113,44.64204113,64.64204113,84.64204113,21.90472707,149.3072277,162,239.3072277,104.6420411
140,35.6,24.78609983,44.78609983,64.78609983,84.78609983,47.97669489,148.1299512,149,238.1299512,104.7860998
141,35.9,24.64204113,44.64204113,64.64204113,84.64204113,47.97669489,146.6100432,146,236.6100432,104.6420411
142,35.8,24.35392372,44.35392372,64.35392372,84.35392372,21.90472707,144.3104748,127,234.3104748,104.3539237
143,35.1,24.35392372,44.35392372,64.35392372,84.35392372,21.90472707,142.6483477,149,232.6483477,104.3539237
144,34.5,24.06580631,44.06580631,64.06580631,84.06580631,21.90472707,141.67055,128,231.67055,104.0658063
145,35,24.06580631,44.06580631,64.06580631,84.06580631,21.90472707,140.4981658,122,230.4981658,104.0658063
146,34.4,24.06580631,44.06580631,64.06580631,84.06580631,21.90472707,144.1201473,120,234.1201473,104.0658063
147,34.8,23.9217476,43.9217476,63.9217476,83.9217476,21.90472707,144.3873706,121,234.3873706,103.9217476
148,34.8,23.9217476,43.9217476,63.9217476,83.9217476,34.80523813,144.4109704,119,234.4109704,103.9217476
149,34.5,23.9217476,43.9217476,63.9217476,83.9217476,34.80523813,149.5737412,123,239.5737412,103.9217476
150,35.4,23.7776889,43.7776889,63.7776889,83.7776889,133.8418866,157.7462395,120,247.7462395,103.7776889
151,37.2,49.02211949,69.02211949,89.02211949,109.0221195,81.27054168,164.5196481,123,254.5196481,129.0221195
152,37.4,23.63363019,43.63363019,63.63363019,83.63363019,142.9760943,167.6014696,141,257.6014696,103.6336302
153,36.4,23.48957149,43.48957149,63.48957149,83.48957149,142.9760943,167.4285976,156,257.4285976,103.4895715
154,36.7,23.48957149,43.48957149,63.48957149,83.48957149,142.9760943,165.0691741,174,255.0691741,103.4895715
155,36.3,61.21215868,81.21215868,101.2121587,121.2121587,142.9760943,164.5229352,153,254.5229352,141.2121587
156,34.7,23.05739537,43.05739537,63.05739537,83.05739537,221.6194071,162.4913877,166,252.4913877,103.0573954
157,33.4,22.91333667,42.91333667,62.91333667,82.91333667,169.0480621,162.5278525,157,252.5278525,102.9133367
158,32.8,22.76927796,42.76927796,62.76927796,82.76927796,142.9760943,165.0802669,141,255.0802669,102.769278
159,32.9,22.76927796,42.76927796,62.76927796,82.76927796,55.19857386,163.4997188,173,253.4997188,102.769278
160,32.9,22.91333667,42.91333667,62.91333667,82.91333667,55.19857386,157.2792516,149,247.2792516,102.9133367
161,33.1,23.05739537,43.05739537,63.05739537,83.05739537,55.19857386,154.3325473,152,244.3325473,103.0573954
162,32.1,86.45658928,106.4565893,126.4565893,146.4565893,55.19857386,150.802012,163,240.802012,166.4565893
163,30.9,23.05739537,43.05739537,63.05739537,83.05739537,55.19857386,151.7054099,138,241.7054099,103.0573954
164,30.1,23.05739537,43.05739537,63.05739537,83.05739537,81.27054168,149.8939771,131,239.8939771,103.0573954
165,29.9,23.05739537,43.05739537,63.05739537,83.05739537,81.27054168,147.8719683,133,237.8719683,103.0573954
166,28.5,23.05739537,43.05739537,63.05739537,83.05739537,55.19857386,146.7487081,111,236.7487081,103.0573954
167,28.2,23.20145408,43.20145408,63.20145408,83.20145408,21.90472707,143.9881492,105,233.9881492,103.2014541
168,27.5,23.05739537,43.05739537,63.05739537,83.05739537,21.90472707,141.8778427,93,231.8778427,103.0573954
169,26.9,23.05739537,43.05739537,63.05739537,83.05739537,21.90472707,141.6509924,98,231.6509924,103.0573954
170,26.5,22.91333667,42.91333667,62.91333667,82.91333667,21.90472707,141.0868191,98,231.0868191,102.9133367
171,26.4,22.91333667,42.91333667,62.91333667,82.91333667,21.90472707,140.995335,100,230.995335,102.9133367
172,26.7,23.05739537,43.05739537,63.05739537,83.05739537,34.80523813,143.6284256,107,233.6284256,103.0573954
173,26.9,22.91333667,42.91333667,62.91333667,82.91333667,34.80523813,147.8357502,126,237.8357502,102.9133367
174,28.8,22.76927796,42.76927796,62.76927796,82.76927796,133.8418866,148.6585794,170,238.6585794,102.769278
175,28.9,47.86964985,67.86964985,87.86964985,107.8696499,81.27054168,155.4238596,193,245.4238596,127.8696499
176,30.4,22.48116055,42.48116055,62.48116055,82.48116055,142.9760943,157.4460096,126,247.4460096,102.4811606
177,30.7,22.04898444,42.04898444,62.04898444,82.04898444,142.9760943,157.9828445,119,247.9828445,102.0489844
178,31.2,21.90492573,41.90492573,61.90492573,81.90492573,142.9760943,150.0729712,113,240.0729712,101.9049257
179,30.3,59.48345422,79.48345422,99.48345422,119.4834542,142.9760943,151.1576169,125,241.1576169,139.4834542
180,29.6,21.61680832,41.61680832,61.61680832,81.61680832,221.6194071,150.6940713,121,240.6940713,101.6168083
181,29.3,21.61680832,41.61680832,61.61680832,81.61680832,169.0480621,154.5213793,108,244.5213793,101.6168083
182,29.3,21.90492573,41.90492573,61.90492573,81.90492573,142.9760943,157.297337,98,247.297337,101.9049257
183,30.6,22.33710185,42.33710185,62.33710185,82.33710185,55.19857386,152.4820797,108,242.4820797,102.3371018
184,30.6,22.33710185,42.33710185,62.33710185,82.33710185,55.19857386,143.7117701,112,233.7117701,102.3371018
185,29.7,22.48116055,42.48116055,62.48116055,82.48116055,55.19857386,138.4702593,145,228.4702593,102.4811606
186,28.5,85.73629575,105.7362958,125.7362958,145.7362958,55.19857386,136.6021187,143,226.6021187,165.7362958
187,29.1,22.91333667,42.91333667,62.91333667,82.91333667,55.19857386,139.327225,176,229.327225,102.9133367
188,28.3,23.34551278,43.34551278,63.34551278,83.34551278,81.27054168,140.3999928,154,230.3999928,103.3455128
189,27.8,23.48957149,43.48957149,63.48957149,83.48957149,81.27054168,142.1260489,143,232.1260489,103.4895715
190,27.4,23.34551278,43.34551278,63.34551278,83.34551278,55.19857386,138.9046141,145,228.9046141,103.3455128
191,27.1,23.34551278,43.34551278,63.34551278,83.34551278,21.90472707,137.1115229,106,227.1115229,103.3455128
192,27.3,23.34551278,43.34551278,63.34551278,83.34551278,21.90472707,136.3513821,95,226.3513821,103.3455128
193,28.4,23.48957149,43.48957149,63.48957149,83.48957149,21.90472707,130.7625407,93,220.7625407,103.4895715
194,27.5,23.48957149,43.48957149,63.48957149,83.48957149,21.90472707,130.1916686,91,220.1916686,103.4895715
195,27.1,23.63363019,43.63363019,63.63363019,83.63363019,21.90472707,130.7533709,92,220.7533709,103.6336302
196,27,23.63363019,43.63363019,63.63363019,83.63363019,34.80523813,131.386919,91,221.386919,103.6336302
197,27,23.63363019,43.63363019,63.63363019,83.63363019,34.80523813,134.7375382,106,224.7375382,103.6336302
198,27.5,24.06580631,44.06580631,64.06580631,84.06580631,133.8418866,135.5202292,154,225.5202292,104.0658063
199,28.6,49.45429561,69.45429561,89.45429561,109.4542956,81.27054168,137.0960819,170,227.0960819,129.4542956
200,29.5,24.20986501,44.20986501,64.20986501,84.20986501,142.9760943,140.6598678,124,230.6598678,104.209865
201,30.5,24.06580631,44.06580631,64.06580631,84.06580631,142.9760943,143.0954491,105,233.0954491,104.0658063
202,29.8,23.9217476,43.9217476,63.9217476,83.9217476,142.9760943,143.9013938,131,233.9013938,103.9217476
203,27.8,61.21215868,81.21215868,101.2121587,121.2121587,142.9760943,143.6849927,105,233.6849927,141.2121587
204,29.1,22.48116055,42.48116055,62.48116055,82.48116055,221.6194071,144.6970154,115,234.6970154,102.4811606
205,28.5,22.76927796,42.76927796,62.76927796,82.76927796,169.0480621,143.1519815,105,233.1519815,102.769278
206,27.3,23.7776889,43.7776889,63.7776889,83.7776889,142.9760943,144.7153774,104,234.7153774,103.7776889
207,28.2,25.93856947,45.93856947,65.93856947,85.93856947,55.19857386,145.2473673,112,235.2473673,105.9385695
208,29,27.95539134,47.95539134,67.95539134,87.95539134,55.19857386,145.294324,130,235.294324,107.9553913
209,29.4,28.81974357,48.81974357,68.81974357,88.81974357,55.19857386,144.4950917,134,234.4950917,108.8197436
210,28.5,91.78676136,111.7867614,131.7867614,151.7867614,55.19857386,143.0086534,142,233.0086534,171.7867614
211,29,27.23509782,47.23509782,67.23509782,87.23509782,55.19857386,137.7238824,153,227.7238824,107.2350978
212,30.9,26.22668688,46.22668688,66.22668688,86.22668688,81.27054168,135.314396,137,225.314396,106.2266869
213,31.9,25.65045206,45.65045206,65.65045206,85.65045206,81.27054168,133.5075809,154,223.5075809,105.6504521
214,29.5,25.79451077,45.79451077,65.79451077,85.79451077,55.19857386,131.6880639,149,221.6880639,105.7945108
215,28.4,25.79451077,45.79451077,65.79451077,85.79451077,21.90472707,130.0429835,121,220.0429835,105.7945108
216,28.4,25.36233465,45.36233465,65.36233465,85.36233465,21.90472707,130.1476016,110,220.1476016,105.3623347
217,27.7,24.78609983,44.78609983,64.78609983,84.78609983,21.90472707,131.0164271,107,221.0164271,104.7860998
218,27.5,24.93015854,44.93015854,64.93015854,84.93015854,21.90472707,129.0392777,111,219.0392777,104.9301585
219,27.5,24.93015854,44.93015854,64.93015854,84.93015854,21.90472707,129.176584,114,219.176584,104.9301585
220,27.3,24.49798242,44.49798242,64.49798242,84.49798242,34.80523813,128.0946581,115,218.0946581,104.4979824
221,27.6,23.9217476,43.9217476,63.9217476,83.9217476,34.80523813,129.1925843,136,219.1925843,103.9217476
222,28.4,23.48957149,43.48957149,63.48957149,83.48957149,133.8418866,131.6020839,201,221.6020839,103.4895715
223,30.4,48.73400208,68.73400208,88.73400208,108.7340021,81.27054168,133.83047,204,223.83047,128.7340021
224,32.2,23.63363019,43.63363019,63.63363019,83.63363019,142.9760943,136.5279449,162,226.5279449,103.6336302
225,33.5,23.48957149,43.48957149,63.48957149,83.48957149,142.9760943,137.3388987,130,227.3388987,103.4895715
226,33,23.48957149,43.48957149,63.48957149,83.48957149,142.9760943,137.6385491,143,227.6385491,103.4895715
227,31.4,61.64433479,81.64433479,101.6443348,121.6443348,142.9760943,139.367078,135,229.367078,141.6443348
228,31,23.7776889,43.7776889,63.7776889,83.7776889,221.6194071,139.8905898,122,229.8905898,103.7776889
229,31.5,23.20145408,43.20145408,63.20145408,83.20145408,169.0480621,140.6266041,122,230.6266041,103.2014541
230,30.1,22.91333667,42.91333667,62.91333667,82.91333667,142.9760943,141.703526,133,231.703526,102.9133367
231,32.4,22.91333667,42.91333667,62.91333667,82.91333667,55.19857386,144.5522539,136,234.5522539,102.9133367
232,34.4,22.91333667,42.91333667,62.91333667,82.91333667,55.19857386,145.7658523,131,235.7658523,102.9133367
233,34.6,23.20145408,43.20145408,63.20145408,83.20145408,55.19857386,145.6931506,136,235.6931506,103.2014541
234,32.5,87.89717632,107.8971763,127.8971763,147.8971763,55.19857386,144.9832061,150,234.9832061,167.8971763
235,33.6,26.37074559,46.37074559,66.37074559,86.37074559,55.19857386,144.0030345,151,234.0030345,106.3707456
236,33.4,26.658863,46.658863,66.658863,86.658863,81.27054168,142.725077,133,232.725077,106.658863
237,32.3,28.24350875,48.24350875,68.24350875,88.24350875,81.27054168,142.1001818,134,232.1001818,108.2435088
238,31.4,28.67568487,48.67568487,68.67568487,88.67568487,55.19857386,140.5301488,132,230.5301488,108.6756849
239,31.5,29.10786098,49.10786098,69.10786098,89.10786098,21.90472707,139.4823774,102,229.4823774,109.107861
240,31.4,28.96380228,48.96380228,68.96380228,88.96380228,21.90472707,139.5291416,99,229.5291416,108.9638023
241,31.2,29.39597839,49.39597839,69.39597839,89.39597839,21.90472707,139.0380732,95,229.0380732,109.3959784
242,33.4,29.10786098,49.10786098,69.10786098,89.10786098,21.90472707,138.8932117,95,228.8932117,109.107861
243,34.4,28.96380228,48.96380228,68.96380228,88.96380228,21.90472707,138.8614208,97,228.8614208,108.9638023
244,35.1,28.96380228,48.96380228,68.96380228,88.96380228,34.80523813,142.8363533,99,232.8363533,108.9638023
245,37.6,28.67568487,48.67568487,68.67568487,88.67568487,34.80523813,146.107528,113,236.107528,108.6756849
246,39.7,27.52321523,47.52321523,67.52321523,87.52321523,133.8418866,155.8095311,171,245.8095311,107.5232152
247,40.5,51.61517618,71.61517618,91.61517618,111.6151762,81.27054168,165.7920756,178,255.7920756,131.6151762
248,38.5,25.79451077,45.79451077,65.79451077,85.79451077,142.9760943,163.4861782,113,253.4861782,105.7945108
249,40,25.50639336,45.50639336,65.50639336,85.50639336,142.9760943,163.5381245,105,253.5381245,105.5063934
250,40.6,24.93015854,44.93015854,64.93015854,84.93015854,142.9760943,164.1407487,110,254.1407487,104.9301585
251,38.8,62.22056961,82.22056961,102.2205696,122.2205696,142.9760943,165.1496713,108,255.1496713,142.2205696
252,35,23.20145408,43.20145408,63.20145408,83.20145408,221.6194071,165.580981,106,255.580981,103.2014541
253,33.8,22.19304314,42.19304314,62.19304314,82.19304314,169.0480621,165.4735023,97,255.4735023,102.1930431
254,32.9,22.04898444,42.04898444,62.04898444,82.04898444,142.9760943,166.9754764,96,256.9754764,102.0489844
255,34.1,22.04898444,42.04898444,62.04898444,82.04898444,55.19857386,166.5653902,101,256.5653902,102.0489844
256,36.9,22.04898444,42.04898444,62.04898444,82.04898444,55.19857386,160.8435709,105,250.8435709,102.0489844
257,37.7,22.04898444,42.04898444,62.04898444,82.04898444,55.19857386,156.9903566,115,246.9903566,102.0489844
258,36.3,85.01600223,105.0160022,125.0160022,145.0160022,55.19857386,152.4352879,132,242.4352879,165.0160022
259,35.9,21.90492573,41.90492573,61.90492573,81.90492573,55.19857386,150.0125388,130,240.0125388,101.9049257
260,34.4,21.76086703,41.76086703,61.76086703,81.76086703,81.27054168,146.9598384,138,236.9598384,101.760867
261,34,21.47274962,41.47274962,61.47274962,81.47274962,81.27054168,145.3881361,129,235.3881361,101.4727496
262,33.4,21.0405735,41.0405735,61.0405735,81.0405735,55.19857386,142.1251018,121,232.1251018,101.0405735
263,32.2,20.75245609,40.75245609,60.75245609,80.75245609,21.90472707,142.2975747,101,232.2975747,100.7524561
264,30,20.46433868,40.46433868,60.46433868,80.46433868,21.90472707,141.0238944,92,231.0238944,100.4643387
265,30.7,20.32027998,40.32027998,60.32027998,80.32027998,21.90472707,137.871123,89,227.871123,100.32028
266,30.5,20.46433868,40.46433868,60.46433868,80.46433868,21.90472707,137.9734291,91,227.9734291,100.4643387
267,29.2,20.17622127,40.17622127,60.17622127,80.17622127,21.90472707,136.7035883,91,226.7035883,100.1762213
268,28.3,20.46433868,40.46433868,60.46433868,80.46433868,34.80523813,138.1116275,94,228.1116275,100.4643387
269,28.5,21.47274962,41.47274962,61.47274962,81.47274962,34.80523813,140.0886858,103,230.0886858,101.4727496
270,30.3,22.04898444,42.04898444,62.04898444,82.04898444,113.4485509,149.6484632,159,239.6484632,102.0489844
271,33,48.01370856,68.01370856,88.01370856,108.0137086,60.87720596,158.1923197,175,248.1923197,128.0137086
272,37.1,24.93015854,44.93015854,64.93015854,84.93015854,34.80523813,161.7658729,120,251.7658729,104.9301585
273,34.7,26.94698041,46.94698041,66.94698041,86.94698041,34.80523813,161.5620579,113,251.5620579,106.9469804
274,33.9,26.94698041,46.94698041,66.94698041,86.94698041,34.80523813,161.948336,126,251.948336,106.9469804
275,32.6,65.53391983,85.53391983,105.5339198,125.5339198,34.80523813,161.9974096,113,251.9974096,145.5339198
276,31.5,28.09945005,48.09945005,68.09945005,88.09945005,113.4485509,163.1609119,108,253.1609119,108.09945
277,30.9,28.53162616,48.53162616,68.53162616,88.53162616,60.87720596,163.5427832,108,253.5427832,108.5316262
278,31.2,29.39597839,49.39597839,69.39597839,89.39597839,34.80523813,164.6226946,110,254.6226946,109.3959784
279,29.5,30.83656544,50.83656544,70.83656544,90.83656544,34.80523813,165.3493734,109,255.3493734,110.8365654
280,29.3,31.26874155,51.26874155,71.26874155,91.26874155,34.80523813,161.3965465,116,251.3965465,111.2687416
281,29.8,31.26874155,51.26874155,71.26874155,91.26874155,34.80523813,156.2313089,125,246.2313089,111.2687416
282,28.6,94.23575934,114.2357593,134.2357593,154.2357593,34.80523813,153.6372785,127,243.6372785,174.2357593
283,28,30.69250673,50.69250673,70.69250673,90.69250673,34.80523813,152.3004545,150,242.3004545,110.6925067
284,27.8,30.69250673,50.69250673,70.69250673,90.69250673,60.87720596,150.3409914,136,240.3409914,110.6925067
285,26.6,30.26033062,50.26033062,70.26033062,90.26033062,60.87720596,147.6606329,139,237.6606329,110.2603306
286,24.5,29.97221321,49.97221321,69.97221321,89.97221321,34.80523813,145.6066549,111,235.6066549,109.9722132
287,23.2,29.97221321,49.97221321,69.97221321,89.97221321,21.90472707,142.0812774,108,232.0812774,109.9722132
288,20.9,29.8281545,49.8281545,69.8281545,89.8281545,21.90472707,139.004414,101,229.004414,109.8281545
289,22.5,29.54003709,49.54003709,69.54003709,89.54003709,21.90472707,136.7552133,98,226.7552133,109.5400371
290,22.5,29.97221321,49.97221321,69.97221321,89.97221321,21.90472707,136.6296533,96,226.6296533,109.9722132
291,21.9,28.81974357,48.81974357,68.81974357,88.81974357,21.90472707,136.7516248,96,226.7516248,108.8197436
292,21.5,27.95539134,47.95539134,67.95539134,87.95539134,21.90472707,138.4929678,98,228.4929678,107.9553913
293,21.7,28.24350875,48.24350875,68.24350875,88.24350875,21.90472707,142.2435759,99,232.2435759,108.2435088
294,22.1,29.39597839,49.39597839,69.39597839,89.39597839,100.5480399,151.7458577,102,241.7458577,109.3959784
295,23.8,56.08099604,76.08099604,96.08099604,116.080996,47.97669489,162.5319852,106,252.5319852,136.080996
296,25,30.11627191,50.11627191,70.11627191,90.11627191,21.90472707,167.3727102,113,257.3727102,110.1162719
297,25.1,26.8029217,46.8029217,66.8029217,86.8029217,21.90472707,167.736957,142,257.736957,106.8029217
298,25,23.7776889,43.7776889,63.7776889,83.7776889,21.90472707,168.241819,164,258.241819,103.7776889
299,23.7,60.49186515,80.49186515,100.4918652,120.4918652,21.90472707,169.2198324,180,259.2198324,140.4918652
300,22.7,22.48116055,42.48116055,62.48116055,82.48116055,100.5480399,169.320702,180,259.320702,102.4811606
301,22.4,22.91333667,42.91333667,62.91333667,82.91333667,47.97669489,171.2188425,157,261.2188425,102.9133367
302,21.8,23.63363019,43.63363019,63.63363019,83.63363019,21.90472707,173.5089158,126,263.5089158,103.6336302
303,22,23.9217476,43.9217476,63.9217476,83.9217476,21.90472707,164.7030418,123,254.7030418,103.9217476
304,23.1,24.06580631,44.06580631,64.06580631,84.06580631,21.90472707,166.3823233,164,256.3823233,104.0658063
305,23.3,24.35392372,44.35392372,64.35392372,84.35392372,21.90472707,161.6065516,129,251.6065516,104.3539237
306,23.7,87.46500021,107.4650002,127.4650002,147.4650002,21.90472707,160.1617441,140,250.1617441,167.4650002
307,23.5,24.06580631,44.06580631,64.06580631,84.06580631,21.90472707,158.8414173,148,248.8414173,104.0658063
308,22.9,24.49798242,44.49798242,64.49798242,84.49798242,47.97669489,157.7834162,125,247.7834162,104.4979824
309,22.9,24.64204113,44.64204113,64.64204113,84.64204113,47.97669489,153.8928519,117,243.8928519,104.6420411
310,22.3,24.78609983,44.78609983,64.78609983,84.78609983,21.90472707,151.3765654,110,241.3765654,104.7860998
311,21.1,24.93015854,44.93015854,64.93015854,84.93015854,21.90472707,148.740001,109,238.740001,104.9301585
312,19.8,25.07421724,45.07421724,65.07421724,85.07421724,21.90472707,143.999323,97,233.999323,105.0742172
313,19.2,25.07421724,45.07421724,65.07421724,85.07421724,21.90472707,142.0243534,99,232.0243534,105.0742172
314,19.3,25.50639336,45.50639336,65.50639336,85.50639336,21.90472707,141.5653075,95,231.5653075,105.5063934
315,19.4,25.93856947,45.93856947,65.93856947,85.93856947,21.90472707,140.5137366,96,230.5137366,105.9385695
316,17.8,26.22668688,46.22668688,66.22668688,86.22668688,34.80523813,142.7115413,95,232.7115413,106.2266869
317,17.3,26.37074559,46.37074559,66.37074559,86.37074559,34.80523813,143.4241231,97,233.4241231,106.3707456
318,17.3,26.37074559,46.37074559,66.37074559,86.37074559,133.8418866,147.374743,96,237.374743,106.3707456
319,19,51.61517618,71.61517618,91.61517618,111.6151762,81.27054168,153.2527038,102,243.2527038,131.6151762
320,22.4,26.658863,46.658863,66.658863,86.658863,142.9760943,157.3819433,124,247.3819433,106.658863
321,24.2,26.51480429,46.51480429,66.51480429,86.51480429,142.9760943,160.0257829,136,250.0257829,106.5148043
322,23.7,26.94698041,46.94698041,66.94698041,86.94698041,142.9760943,159.9144214,212,249.9144214,106.9469804
323,23.6,65.24580242,85.24580242,105.2458024,125.2458024,142.9760943,162.9196424,135,252.9196424,145.2458024
324,23.6,28.09945005,48.09945005,68.09945005,88.09945005,221.6194071,163.3403829,121,253.3403829,108.09945
325,23.9,30.98062414,50.98062414,70.98062414,90.98062414,169.0480621,163.9434151,142,253.9434151,110.9806241
326,24.6,31.84497637,51.84497637,71.84497637,91.84497637,142.9760943,165.4972141,140,255.4972141,111.8449764
327,25.2,32.13309378,52.13309378,72.13309378,92.13309378,55.19857386,164.1983523,130,254.1983523,112.1330938
328,26.5,32.7093286,52.7093286,72.7093286,92.7093286,55.19857386,158.9879851,159,248.9879851,112.7093286
329,27.2,33.86179824,53.86179824,73.86179824,93.86179824,55.19857386,156.5849472,156,246.5849472,113.8617982
330,26.5,98.12534438,118.1253444,138.1253444,158.1253444,55.19857386,153.3459254,151,243.3459254,178.1253444
331,26,35.73456141,55.73456141,75.73456141,95.73456141,55.19857386,150.7496617,168,240.7496617,115.7345614
332,26.1,35.73456141,55.73456141,75.73456141,95.73456141,81.27054168,155.2524416,143,245.2524416,115.7345614
333,25.9,36.02267882,56.02267882,76.02267882,96.02267882,81.27054168,154.7272473,157,244.7272473,116.0226788
334,25.8,36.74297234,56.74297234,76.74297234,96.74297234,55.19857386,152.3864592,142,242.3864592,116.7429723
335,24.8,37.75138328,57.75138328,77.75138328,97.75138328,21.90472707,152.2644206,126,242.2644206,117.7513833
336,24.3,39.19197033,59.19197033,79.19197033,99.19197033,21.90472707,153.96645,105,243.96645,119.1919703
337,25.1,39.62414644,59.62414644,79.62414644,99.62414644,21.90472707,151.3194103,109,241.3194103,119.6241464
338,24.2,39.04791162,59.04791162,79.04791162,99.04791162,21.90472707,146.4425948,108,236.4425948,119.0479116
339,24.3,38.4716768,58.4716768,78.4716768,98.4716768,21.90472707,149.7220418,105,239.7220418,118.4716768
340,25.5,38.18355939,58.18355939,78.18355939,98.18355939,34.80523813,153.8730188,108,243.8730188,118.1835594
341,26.8,37.89544198,57.89544198,77.89544198,97.89544198,34.80523813,159.8542172,126,249.8542172,117.895442
342,27.2,38.4716768,58.4716768,78.4716768,98.4716768,133.8418866,170.2525143,208,260.2525143,118.4716768
343,27.3,64.72451833,84.72451833,104.7245183,124.7245183,81.27054168,177.1052981,165,267.1052981,144.7245183
344,28.9,40.77661608,60.77661608,80.77661608,100.7766161,142.9760943,182.0485349,127,272.0485349,120.7766161
345,30.3,41.64096831,61.64096831,81.64096831,101.6409683,142.9760943,182.0973613,139,272.0973613,121.6409683
346,29.8,40.77661608,60.77661608,80.77661608,100.7766161,142.9760943,180.5662044,140,270.5662044,120.7766161
347,28.4,76.4823814,96.4823814,116.4823814,136.4823814,142.9760943,178.6056128,124,268.6056128,156.4823814
348,27.4,36.02267882,56.02267882,76.02267882,96.02267882,221.6194071,176.273554,131,266.273554,116.0226788
349,26.9,34.29397436,54.29397436,74.29397436,94.29397436,169.0480621,173.5204457,142,263.5204457,114.2939744
350,27.1,33.28556342,53.28556342,73.28556342,93.28556342,142.9760943,171.516795,125,261.516795,113.2855634
351,27.3,32.5652699,52.5652699,72.5652699,92.5652699,55.19857386,170.9817903,121,260.9817903,112.5652699
352,28.2,32.42121119,52.42121119,72.42121119,92.42121119,55.19857386,164.9911376,151,254.9911376,112.4212112
353,29.2,32.85338731,52.85338731,72.85338731,92.85338731,55.19857386,158.8534864,156,248.8534864,112.8533873
354,29.1,96.82881603,116.828816,136.828816,156.828816,55.19857386,155.2557846,155,245.2557846,176.828816
355,28.3,34.29397436,54.29397436,74.29397436,94.29397436,55.19857386,150.4004815,178,240.4004815,114.2939744
356,27.9,34.58209177,54.58209177,74.58209177,94.58209177,81.27054168,148.4469174,183,238.4469174,114.5820918
357,27.5,34.43803306,54.43803306,74.43803306,94.43803306,81.27054168,146.8421013,161,236.8421013,114.4380331
358,27.6,34.29397436,54.29397436,74.29397436,94.29397436,55.19857386,142.1227654,140,232.1227654,114.2939744
359,26.9,34.00585695,54.00585695,74.00585695,94.00585695,21.90472707,139.5863401,115,229.5863401,114.0058569
360,27.4,32.7093286,52.7093286,72.7093286,92.7093286,21.90472707,136.8799677,104,226.8799677,112.7093286
361,26.3,31.70091767,51.70091767,71.70091767,91.70091767,21.90472707,136.5764169,102,226.5764169,111.7009177
362,24.4,31.55685896,51.55685896,71.55685896,91.55685896,21.90472707,135.5365917,101,225.5365917,111.556859
363,23.4,31.12468285,51.12468285,71.12468285,91.12468285,21.90472707,136.1406639,102,226.1406639,111.1246828
364,23,30.83656544,50.83656544,70.83656544,90.83656544,34.80523813,135.51963,103,225.51963,110.8365654
365,22.9,30.40438932,50.40438932,70.40438932,90.40438932,34.80523813,138.8807078,126,228.8807078,110.4043893
366,23.4,29.54003709,49.54003709,69.54003709,89.54003709,133.8418866,141.8361232,185,231.8361232,109.5400371
367,23.7,54.06417417,74.06417417,94.06417417,114.0641742,81.27054168,147.2510227,176,237.2510227,134.0641742
368,23.8,29.25191968,49.25191968,69.25191968,89.25191968,142.9760943,150.2061912,125,240.2061912,109.2519197
369,23.5,27.95539134,47.95539134,67.95539134,87.95539134,142.9760943,151.0103776,112,241.0103776,107.9553913
370,24.8,26.8029217,46.8029217,66.8029217,86.8029217,142.9760943,152.1912051,139,242.1912051,106.8029217
371,24.9,63.80521537,83.80521537,103.8052154,123.8052154,142.9760943,153.6966976,114,243.6966976,143.8052154
372,24.9,25.65045206,45.65045206,65.65045206,85.65045206,221.6194071,152.7049262,120,242.7049262,105.6504521
373,25.1,25.21827595,45.21827595,65.21827595,85.21827595,169.0480621,151.881456,116,241.881456,105.2182759
374,24.8,25.36233465,45.36233465,65.36233465,85.36233465,142.9760943,152.810033,127,242.810033,105.3623347
375,25,25.50639336,45.50639336,65.50639336,85.50639336,55.19857386,154.5669437,125,244.5669437,105.5063934
376,24.6,25.65045206,45.65045206,65.65045206,85.65045206,55.19857386,154.8421365,120,244.8421365,105.6504521
377,24.1,25.65045206,45.65045206,65.65045206,85.65045206,55.19857386,149.1157814,127,239.1157814,105.6504521
378,23.1,89.04964596,109.049646,129.049646,149.049646,55.19857386,143.4007573,136,233.4007573,169.049646
379,23.1,26.08262818,46.08262818,66.08262818,86.08262818,55.19857386,140.5110705,148,230.5110705,106.0826282
380,24.4,26.08262818,46.08262818,66.08262818,86.08262818,81.27054168,136.1351472,158,226.1351472,106.0826282
381,25,26.22668688,46.22668688,66.22668688,86.22668688,81.27054168,135.4766071,146,225.4766071,106.2266869
382,25.2,26.37074559,46.37074559,66.37074559,86.37074559,55.19857386,133.9526214,135,223.9526214,106.3707456
383,24.3,26.37074559,46.37074559,66.37074559,86.37074559,21.90472707,131.8259812,126,221.8259812,106.3707456
384,23.2,26.22668688,46.22668688,66.22668688,86.22668688,21.90472707,129.1027022,109,219.1027022,106.2266869
385,24.3,26.51480429,46.51480429,66.51480429,86.51480429,21.90472707,132.4488541,115,222.4488541,106.5148043
386,23,26.51480429,46.51480429,66.51480429,86.51480429,21.90472707,130.6951406,114,220.6951406,106.5148043
387,24.3,26.658863,46.658863,66.658863,86.658863,21.90472707,131.5967578,112,221.5967578,106.658863
388,28,26.94698041,46.94698041,66.94698041,86.94698041,34.80523813,130.7860506,113,220.7860506,106.9469804
389,28.5,27.23509782,47.23509782,67.23509782,87.23509782,34.80523813,131.8731393,139,221.8731393,107.2350978
390,29.2,27.37915652,47.37915652,67.37915652,87.37915652,133.8418866,132.6143459,197,222.6143459,107.3791565
391,31.4,52.47952841,72.47952841,92.47952841,112.4795284,81.27054168,132.1887035,177,222.1887035,132.4795284
392,33.2,27.09103911,47.09103911,67.09103911,87.09103911,142.9760943,133.9631668,153,223.9631668,107.0910391
393,33,26.658863,46.658863,66.658863,86.658863,142.9760943,135.3064798,135,225.3064798,106.658863
394,31.2,26.22668688,46.22668688,66.22668688,86.22668688,142.9760943,138.6672878,129,228.6672878,106.2266869
395,29.8,63.66115666,83.66115666,103.6611567,123.6611567,142.9760943,142.2139309,121,232.2139309,143.6611567
396,29.2,25.65045206,45.65045206,65.65045206,85.65045206,221.6194071,141.3625432,118,231.3625432,105.6504521
397,28.6,25.65045206,45.65045206,65.65045206,85.65045206,169.0480621,141.8297147,125,231.8297147,105.6504521
398,29.5,25.79451077,45.79451077,65.79451077,85.79451077,142.9760943,141.9427726,121,231.9427726,105.7945108
399,30.1,26.08262818,46.08262818,66.08262818,86.08262818,55.19857386,143.937113,132,233.937113,106.0826282
400,31.9,26.22668688,46.22668688,66.22668688,86.22668688,55.19857386,144.7781931,140,234.7781931,106.2266869
401,33.7,26.22668688,46.22668688,66.22668688,86.22668688,55.19857386,146.0477356,145,236.0477356,106.2266869
402,33.3,89.48182208,109.4818221,129.4818221,149.4818221,55.19857386,142.3259359,175,232.3259359,169.4818221
403,32.5,26.22668688,46.22668688,66.22668688,86.22668688,55.19857386,142.2817788,178,232.2817788,106.2266869
404,31.1,26.08262818,46.08262818,66.08262818,86.08262818,81.27054168,141.735792,200,231.735792,106.0826282
405,30.8,26.08262818,46.08262818,66.08262818,86.08262818,81.27054168,139.5945376,163,229.5945376,106.0826282
406,30.1,26.08262818,46.08262818,66.08262818,86.08262818,55.19857386,139.8813966,140,229.8813966,106.0826282
407,29.9,26.08262818,46.08262818,66.08262818,86.08262818,21.90472707,137.5290524,124,227.5290524,106.0826282
408,29.5,25.93856947,45.93856947,65.93856947,85.93856947,21.90472707,133.8359411,116,223.8359411,105.9385695
409,29,25.93856947,45.93856947,65.93856947,85.93856947,21.90472707,134.3066669,116,224.3066669,105.9385695
410,29.6,25.93856947,45.93856947,65.93856947,85.93856947,21.90472707,133.4632021,124,223.4632021,105.9385695
411,29.4,25.79451077,45.79451077,65.79451077,85.79451077,21.90472707,127.8856449,130,217.8856449,105.7945108
412,29.5,25.50639336,45.50639336,65.50639336,85.50639336,34.80523813,135.2587943,128,225.2587943,105.5063934
413,30.9,25.21827595,45.21827595,65.21827595,85.21827595,34.80523813,139.5847667,138,229.5847667,105.2182759
414,32.6,24.93015854,44.93015854,64.93015854,84.93015854,133.8418866,150.7778063,218,240.7778063,104.9301585
415,35.6,50.03053043,70.03053043,90.03053043,110.0305304,81.27054168,163.3101274,207,253.3101274,130.0305304
416,35.7,24.64204113,44.64204113,64.64204113,84.64204113,142.9760943,166.114231,152,256.114231,104.6420411
417,36.6,24.20986501,44.20986501,64.20986501,84.20986501,142.9760943,166.4519049,139,256.4519049,104.209865
418,35.8,23.9217476,43.9217476,63.9217476,83.9217476,142.9760943,163.8711103,126,253.8711103,103.9217476
419,32.3,61.64433479,81.64433479,101.6443348,121.6443348,142.9760943,165.6360154,126,255.6360154,141.6443348
420,30.6,23.7776889,43.7776889,63.7776889,83.7776889,221.6194071,165.0669214,116,255.0669214,103.7776889
421,28.7,23.63363019,43.63363019,63.63363019,83.63363019,169.0480621,166.6640856,113,256.6640856,103.6336302
422,28.7,23.48957149,43.48957149,63.48957149,83.48957149,142.9760943,165.4272095,113,255.4272095,103.4895715
423,28.6,23.63363019,43.63363019,63.63363019,83.63363019,55.19857386,169.7972037,121,259.7972037,103.6336302
424,30.5,23.63363019,43.63363019,63.63363019,83.63363019,55.19857386,163.3580156,121,253.3580156,103.6336302
425,31.8,23.63363019,43.63363019,63.63363019,83.63363019,55.19857386,160.2449022,138,250.2449022,103.6336302
426,29.4,86.88876539,106.8887654,126.8887654,146.8887654,55.19857386,154.3175741,136,244.3175741,166.8887654
427,27.9,23.7776889,43.7776889,63.7776889,83.7776889,55.19857386,154.6838477,157,244.6838477,103.7776889
428,28,23.9217476,43.9217476,63.9217476,83.9217476,81.27054168,151.6557247,135,241.6557247,103.9217476
429,28.4,24.06580631,44.06580631,64.06580631,84.06580631,81.27054168,148.2411099,157,238.2411099,104.0658063
430,29.5,24.35392372,44.35392372,64.35392372,84.35392372,55.19857386,146.2065047,153,236.2065047,104.3539237
431,27.6,24.64204113,44.64204113,64.64204113,84.64204113,21.90472707,144.8392623,141,234.8392623,104.6420411
432,27.7,24.78609983,44.78609983,64.78609983,84.78609983,21.90472707,138.6281217,130,228.6281217,104.7860998
433,26.2,24.93015854,44.93015854,64.93015854,84.93015854,21.90472707,138.8316709,129,228.8316709,104.9301585
434,25.1,25.07421724,45.07421724,65.07421724,85.07421724,21.90472707,138.8291683,128,228.8291683,105.0742172
435,23.8,25.21827595,45.21827595,65.21827595,85.21827595,21.90472707,142.1203233,128,232.1203233,105.2182759
436,22.5,25.21827595,45.21827595,65.21827595,85.21827595,34.80523813,144.590069,125,234.590069,105.2182759
437,23.6,25.36233465,45.36233465,65.36233465,85.36233465,34.80523813,145.8810839,143,235.8810839,105.3623347
438,23.7,25.50639336,45.50639336,65.50639336,85.50639336,113.4485509,151.5281481,202,241.5281481,105.5063934
439,24.9,50.75082395,70.75082395,90.75082395,110.750824,60.87720596,158.5411273,207,248.5411273,130.750824
440,27.4,25.65045206,45.65045206,65.65045206,85.65045206,34.80523813,166.0371092,167,256.0371092,105.6504521
441,28.4,25.07421724,45.07421724,65.07421724,85.07421724,34.80523813,166.1335188,141,256.1335188,105.0742172
442,28.3,24.20986501,44.20986501,64.20986501,84.20986501,34.80523813,165.3115972,135,255.3115972,104.209865
443,28.1,61.35621738,81.35621738,101.3562174,121.3562174,34.80523813,163.4858498,131,253.4858498,141.3562174
444,27.8,23.20145408,43.20145408,63.20145408,83.20145408,113.4485509,162.8901175,127,252.8901175,103.2014541
445,27.3,22.91333667,42.91333667,62.91333667,82.91333667,60.87720596,165.62716,113,255.62716,102.9133367
446,26.2,22.62521926,42.62521926,62.62521926,82.62521926,34.80523813,163.8977963,116,253.8977963,102.6252193
447,26.2,22.33710185,42.33710185,62.33710185,82.33710185,34.80523813,163.5319642,123,253.5319642,102.3371018
448,27.2,22.19304314,42.19304314,62.19304314,82.19304314,34.80523813,158.0914922,151,248.0914922,102.1930431
449,27.6,22.76927796,42.76927796,62.76927796,82.76927796,34.80523813,154.4003107,168,244.4003107,102.769278
450,27.5,86.60064798,106.600648,126.600648,146.600648,34.80523813,154.4331177,161,244.4331177,166.600648
451,27.6,24.06580631,44.06580631,64.06580631,84.06580631,34.80523813,151.1444045,172,241.1444045,104.0658063
452,27.7,24.06580631,44.06580631,64.06580631,84.06580631,60.87720596,149.248203,157,239.248203,104.0658063
453,28.1,23.34551278,43.34551278,63.34551278,83.34551278,60.87720596,144.3931126,164,234.3931126,103.3455128
454,27.7,23.05739537,43.05739537,63.05739537,83.05739537,34.80523813,138.9492887,157,228.9492887,103.0573954
455,26.4,22.91333667,42.91333667,62.91333667,82.91333667,21.90472707,137.3526704,145,227.3526704,102.9133367
456,24.7,22.48116055,42.48116055,62.48116055,82.48116055,21.90472707,136.3375572,135,226.3375572,102.4811606
457,25.8,22.33710185,42.33710185,62.33710185,82.33710185,21.90472707,137.0124263,135,227.0124263,102.3371018
458,28.8,22.33710185,42.33710185,62.33710185,82.33710185,21.90472707,135.8310673,136,225.8310673,102.3371018
459,30.2,22.19304314,42.19304314,62.19304314,82.19304314,21.90472707,132.712916,133,222.712916,102.1930431
460,30.3,22.04898444,42.04898444,62.04898444,82.04898444,21.90472707,133.2819982,132,223.2819982,102.0489844
461,31.4,21.90492573,41.90492573,61.90492573,81.90492573,21.90472707,136.8521146,133,226.8521146,101.9049257
462,32.6,21.76086703,41.76086703,61.76086703,81.76086703,100.5480399,145.0556276,150,235.0556276,101.760867
463,35.4,46.86123892,66.86123892,86.86123892,106.8612389,47.97669489,155.4653054,151,245.4653054,126.8612389
464,37.6,21.61680832,41.61680832,61.61680832,81.61680832,21.90472707,159.3547134,167,249.3547134,101.6168083
465,37.8,21.61680832,41.61680832,61.61680832,81.61680832,21.90472707,165.2043058,192,255.2043058,101.6168083
466,36.5,21.47274962,41.47274962,61.47274962,81.47274962,21.90472707,164.6076908,187,254.6076908,101.4727496
467,35.3,59.19533681,79.19533681,99.19533681,119.1953368,21.90472707,163.5248981,191,253.5248981,139.1953368
468,34.7,21.32869091,41.32869091,61.32869091,81.32869091,100.5480399,161.7871556,152,251.7871556,101.3286909
469,33.9,21.47274962,41.47274962,61.47274962,81.47274962,47.97669489,160.7771765,154,250.7771765,101.4727496
470,33.3,21.47274962,41.47274962,61.47274962,81.47274962,21.90472707,159.0882148,139,249.0882148,101.4727496
471,35.1,21.47274962,41.47274962,61.47274962,81.47274962,21.90472707,160.4594057,169,250.4594057,101.4727496
472,36.2,21.76086703,41.76086703,61.76086703,81.76086703,21.90472707,153.0792392,176,243.0792392,101.760867
473,36.8,21.90492573,41.90492573,61.90492573,81.90492573,21.90472707,150.0528192,197,240.0528192,101.9049257
474,36,85.16006093,105.1600609,125.1600609,145.1600609,21.90472707,146.1583262,175,236.1583262,165.1600609
475,34.7,22.04898444,42.04898444,62.04898444,82.04898444,21.90472707,145.740726,193,235.740726,102.0489844
476,34,22.04898444,42.04898444,62.04898444,82.04898444,47.97669489,141.7634453,183,231.7634453,102.0489844
477,32.7,22.04898444,42.04898444,62.04898444,82.04898444,47.97669489,140.3498848,165,230.3498848,102.0489844
478,31.6,21.90492573,41.90492573,61.90492573,81.90492573,21.90472707,136.730893,155,226.730893,101.9049257
479,31.4,21.76086703,41.76086703,61.76086703,81.76086703,21.90472707,134.4775464,167,224.4775464,101.760867
480,30.7,21.47274962,41.47274962,61.47274962,81.47274962,21.90472707,131.1887967,155,221.1887967,101.4727496
481,29.4,21.32869091,41.32869091,61.32869091,81.32869091,21.90472707,130.1035357,156,220.1035357,101.3286909
482,28.9,21.0405735,41.0405735,61.0405735,81.0405735,21.90472707,126.8319282,155,216.8319282,101.0405735
483,29,20.75245609,40.75245609,60.75245609,80.75245609,21.90472707,120.6695088,155,210.6695088,100.7524561
484,29.6,20.03216257,40.03216257,60.03216257,80.03216257,34.80523813,126.1786188,157,216.1786188,100.0321626
485,30,19.59998645,39.59998645,59.59998645,79.59998645,34.80523813,133.5181432,164,223.5181432,99.59998645
486,32.2,18.87969293,38.87969293,58.87969293,78.87969293,133.8418866,142.490745,164,232.490745,98.87969293
487,35.4,43.83600612,63.83600612,83.83600612,103.8360061,81.27054168,152.7202797,171,242.7202797,123.8360061
488,35.6,18.1593994,38.1593994,58.1593994,78.1593994,142.9760943,158.1573337,177,248.1573337,98.1593994
489,36,17.72722329,37.72722329,57.72722329,77.72722329,142.9760943,157.6527548,221,247.6527548,97.72722329
490,35.4,17.43910588,37.43910588,57.43910588,77.43910588,142.9760943,158.7866364,240,248.7866364,97.43910588
491,34.6,55.30575178,75.30575178,95.30575178,115.3057518,142.9760943,159.4866818,185,249.4866818,135.3057518
492,32,17.58316458,37.58316458,57.58316458,77.58316458,221.6194071,160.7728016,193,250.7728016,97.58316458
493,31.2,17.58316458,37.58316458,57.58316458,77.58316458,169.0480621,159.8997518,158,249.8997518,97.58316458
494,30.1,17.15098847,37.15098847,57.15098847,77.15098847,142.9760943,159.9421294,156,249.9421294,97.15098847
495,29.4,16.86287106,36.86287106,56.86287106,76.86287106,55.19857386,159.453071,167,249.453071,96.86287106
496,29.9,17.15098847,37.15098847,57.15098847,77.15098847,55.19857386,152.7741364,180,242.7741364,97.15098847
497,32.3,17.29504717,37.29504717,57.29504717,77.29504717,55.19857386,147.6658087,202,237.6658087,97.29504717
498,32.5,80.83829978,100.8382998,120.8382998,140.8382998,55.19857386,144.5950179,211,234.5950179,160.8382998
499,32.4,18.30345811,38.30345811,58.30345811,78.30345811,55.19857386,142.563815,205,232.563815,98.30345811
500,32.1,18.87969293,38.87969293,58.87969293,78.87969293,81.27054168,138.940119,189,228.940119,98.87969293
501,32.3,19.59998645,39.59998645,59.59998645,79.59998645,81.27054168,135.4093609,168,225.4093609,99.59998645
502,32.2,19.74404516,39.74404516,59.74404516,79.74404516,55.19857386,131.7396821,164,221.7396821,99.74404516
503,31.4,19.02375163,39.02375163,59.02375163,79.02375163,21.90472707,130.5934425,146,220.5934425,99.02375163
504,31.8,18.87969293,38.87969293,58.87969293,78.87969293,21.90472707,123.4735289,132,213.4735289,98.87969293
505,31.3,19.02375163,39.02375163,59.02375163,79.02375163,21.90472707,122.9845963,134,212.9845963,99.02375163
506,31.4,19.02375163,39.02375163,59.02375163,79.02375163,21.90472707,124.1273701,139,214.1273701,99.02375163
507,31.8,19.31186904,39.31186904,59.31186904,79.31186904,21.90472707,125.8659618,143,215.8659618,99.31186904
508,31.9,19.59998645,39.59998645,59.59998645,79.59998645,34.80523813,123.8611168,147,213.8611168,99.59998645
509,32.6,19.88810386,39.88810386,59.88810386,79.88810386,34.80523813,126.346236,169,216.346236,99.88810386
510,33.7,20.03216257,40.03216257,60.03216257,80.03216257,133.8418866,136.5714963,228,226.5714963,100.0321626
511,34.4,45.56471058,65.56471058,85.56471058,105.5647106,81.27054168,145.7621125,251,235.7621125,125.5647106
512,35,19.45592775,39.45592775,59.45592775,79.45592775,142.9760943,149.2208182,176,239.2208182,99.45592775
513,36.4,18.30345811,38.30345811,58.30345811,78.30345811,142.9760943,150.5605616,155,240.5605616,98.30345811
514,36.2,18.1593994,38.1593994,58.1593994,78.1593994,142.9760943,151.5274659,153,241.5274659,98.1593994
515,34.8,56.31416271,76.31416271,96.31416271,116.3141627,142.9760943,151.5009098,140,241.5009098,136.3141627
516,34,17.72722329,37.72722329,57.72722329,77.72722329,221.6194071,149.0208336,137,239.0208336,97.72722329
517,34.6,16.57475365,36.57475365,56.57475365,76.57475365,169.0480621,146.5101052,148,236.5101052,96.57475365
518,32.7,15.71040142,35.71040142,55.71040142,75.71040142,142.9760943,144.318651,147,234.318651,95.71040142
519,31.6,15.85446012,35.85446012,55.85446012,75.85446012,55.19857386,144.0536565,139,234.0536565,95.85446012
520,32.2,18.87969293,38.87969293,58.87969293,78.87969293,55.19857386,139.7944507,150,229.7944507,98.87969293
521,32.2,18.59157552,38.59157552,58.59157552,78.59157552,55.19857386,136.5175279,178,226.5175279,98.59157552
522,31.6,81.70265201,101.702652,121.702652,141.702652,55.19857386,134.7778349,164,224.7778349,161.702652
523,31.8,19.02375163,39.02375163,59.02375163,79.02375163,55.19857386,133.8431329,187,223.8431329,99.02375163
524,31,18.44751681,38.44751681,58.44751681,78.44751681,81.27054168,132.1776578,201,222.1776578,98.44751681
525,30.6,17.58316458,37.58316458,57.58316458,77.58316458,81.27054168,130.2849118,208,220.2849118,97.58316458
526,29,17.43910588,37.43910588,57.43910588,77.43910588,55.19857386,126.9478994,165,216.9478994,97.43910588
527,27.7,17.29504717,37.29504717,57.29504717,77.29504717,21.90472707,123.6846253,149,213.6846253,97.29504717
528,28.6,17.15098847,37.15098847,57.15098847,77.15098847,21.90472707,121.0369673,129,211.0369673,97.15098847
529,29.2,17.00692976,37.00692976,57.00692976,77.00692976,21.90472707,118.0261095,132,208.0261095,97.00692976
530,28.2,17.00692976,37.00692976,57.00692976,77.00692976,21.90472707,119.3265648,129,209.3265648,97.00692976
531,27.4,16.43069494,36.43069494,56.43069494,76.43069494,21.90472707,119.3157153,126,209.3157153,96.43069494
532,27.7,16.28663624,36.28663624,56.28663624,76.28663624,34.80523813,120.4039461,128,210.4039461,96.28663624
533,27.2,16.43069494,36.43069494,56.43069494,76.43069494,34.80523813,120.5332035,147,210.5332035,96.43069494
534,28.4,16.43069494,36.43069494,56.43069494,76.43069494,133.8418866,122.7200822,193,212.7200822,96.43069494
535,28.7,42.10730166,62.10730166,82.10730166,102.1073017,81.27054168,125.9353107,202,215.9353107,122.1073017
536,29.8,16.28663624,36.28663624,56.28663624,76.28663624,142.9760943,127.5183441,158,217.5183441,96.28663624
537,31.5,16.28663624,36.28663624,56.28663624,76.28663624,142.9760943,129.4018173,138,219.4018173,96.28663624
538,32.1,16.28663624,36.28663624,56.28663624,76.28663624,142.9760943,132.1865354,127,222.1865354,96.28663624
539,30.1,54.00922343,74.00922343,94.00922343,114.0092234,142.9760943,131.3075294,121,221.3075294,134.0092234
540,27.8,15.99851883,35.99851883,55.99851883,75.99851883,221.6194071,130.0158506,121,220.0158506,95.99851883
541,27.2,15.99851883,35.99851883,55.99851883,75.99851883,169.0480621,130.3401226,119,220.3401226,95.99851883
542,26.6,16.71881235,36.71881235,56.71881235,76.71881235,142.9760943,130.7613949,119,220.7613949,96.71881235
543,26.5,17.87128199,37.87128199,57.87128199,77.87128199,55.19857386,131.6312793,126,221.6312793,97.87128199
544,26.5,19.16781034,39.16781034,59.16781034,79.16781034,55.19857386,133.5098359,133,223.5098359,99.16781034
545,28.4,20.17622127,40.17622127,60.17622127,80.17622127,55.19857386,130.5731303,135,220.5731303,100.1762213
546,30.6,83.43135647,103.4313565,123.4313565,143.4313565,55.19857386,131.0325107,152,221.0325107,163.4313565
547,30.5,20.32027998,40.32027998,60.32027998,80.32027998,55.19857386,128.1518014,161,218.1518014,100.32028
548,29.7,20.46433868,40.46433868,60.46433868,80.46433868,81.27054168,126.6634061,182,216.6634061,100.4643387
549,27.8,20.75245609,40.75245609,60.75245609,80.75245609,81.27054168,124.0831435,176,214.0831435,100.7524561
550,26.6,21.47274962,41.47274962,61.47274962,81.47274962,55.19857386,123.1872934,142,213.1872934,101.4727496
551,25.4,22.33710185,42.33710185,62.33710185,82.33710185,21.90472707,121.6045812,135,211.6045812,102.3371018
552,21.9,22.48116055,42.48116055,62.48116055,82.48116055,21.90472707,120.092575,106,210.092575,102.4811606
553,21.6,23.20145408,43.20145408,63.20145408,83.20145408,21.90472707,121.2648937,105,211.2648937,103.2014541
554,21.6,23.7776889,43.7776889,63.7776889,83.7776889,21.90472707,121.0220087,103,211.0220087,103.7776889
555,22.6,24.49798242,44.49798242,64.49798242,84.49798242,21.90472707,121.8022117,107,211.8022117,104.4979824
556,22,24.93015854,44.93015854,64.93015854,84.93015854,34.80523813,124.6181684,108,214.6181684,104.9301585
557,22.1,24.78609983,44.78609983,64.78609983,84.78609983,34.80523813,125.0440228,129,215.0440228,104.7860998
558,22.3,25.50639336,45.50639336,65.50639336,85.50639336,133.8418866,130.3396559,195,220.3396559,105.5063934
559,23.5,51.47111748,71.47111748,91.47111748,111.4711175,81.27054168,132.7822056,160,222.7822056,131.4711175
560,25.2,26.8029217,46.8029217,66.8029217,86.8029217,142.9760943,132.0999369,140,222.0999369,106.8029217
561,25.2,25.50639336,45.50639336,65.50639336,85.50639336,142.9760943,133.284704,110,223.284704,105.5063934
562,24.5,24.06580631,44.06580631,64.06580631,84.06580631,142.9760943,135.5787423,98,225.5787423,104.0658063
563,24.6,60.49186515,80.49186515,100.4918652,120.4918652,142.9760943,137.2829437,108,227.2829437,140.4918652
564,24.4,21.90492573,41.90492573,61.90492573,81.90492573,221.6194071,138.7831677,93,228.7831677,101.9049257
565,25,21.76086703,41.76086703,61.76086703,81.76086703,169.0480621,139.5236897,93,229.5236897,101.760867
566,25.3,22.48116055,42.48116055,62.48116055,82.48116055,142.9760943,140.9523157,90,230.9523157,102.4811606
567,24.8,23.05739537,43.05739537,63.05739537,83.05739537,55.19857386,138.88042,97,228.88042,103.0573954
568,24.5,23.48957149,43.48957149,63.48957149,83.48957149,55.19857386,142.0329611,115,232.0329611,103.4895715
569,25.2,23.63363019,43.63363019,63.63363019,83.63363019,55.19857386,140.2886016,123,230.2886016,103.6336302
570,24.5,86.60064798,106.600648,126.600648,146.600648,55.19857386,139.2303521,137,229.2303521,166.600648
571,23.2,24.06580631,44.06580631,64.06580631,84.06580631,55.19857386,140.6790052,124,230.6790052,104.0658063
572,23.4,25.21827595,45.21827595,65.21827595,85.21827595,81.27054168,137.9735362,140,227.9735362,105.2182759
573,24.7,24.93015854,44.93015854,64.93015854,84.93015854,81.27054168,138.0435564,125,228.0435564,104.9301585
574,24.5,23.63363019,43.63363019,63.63363019,83.63363019,55.19857386,134.8595937,124,224.8595937,103.6336302
575,23.4,23.05739537,43.05739537,63.05739537,83.05739537,21.90472707,133.4759692,90,223.4759692,103.0573954
576,22.5,23.05739537,43.05739537,63.05739537,83.05739537,21.90472707,133.1305757,76,223.1305757,103.0573954
577,22.4,23.20145408,43.20145408,63.20145408,83.20145408,21.90472707,126.5348548,77,216.5348548,103.2014541
578,22.1,22.91333667,42.91333667,62.91333667,82.91333667,21.90472707,126.9765182,81,216.9765182,102.9133367
579,21.5,22.91333667,42.91333667,62.91333667,82.91333667,21.90472707,122.5464663,81,212.5464663,102.9133367
580,21.3,23.05739537,43.05739537,63.05739537,83.05739537,34.80523813,125.10599,82,215.10599,103.0573954
581,21.8,22.91333667,42.91333667,62.91333667,82.91333667,34.80523813,131.7126866,97,221.7126866,102.9133367
582,23.4,22.33710185,42.33710185,62.33710185,82.33710185,133.8418866,140.4995365,141,230.4995365,102.3371018
583,26.4,47.29341503,67.29341503,87.29341503,107.293415,81.27054168,148.6728174,169,238.6728174,127.293415
584,30.2,22.04898444,42.04898444,62.04898444,82.04898444,142.9760943,155.1310438,107,245.1310438,102.0489844
585,29.9,21.90492573,41.90492573,61.90492573,81.90492573,142.9760943,153.6942183,86,243.6942183,101.9049257
586,30.3,22.48116055,42.48116055,62.48116055,82.48116055,142.9760943,153.4777497,80,243.4777497,102.4811606
587,27.8,61.21215868,81.21215868,101.2121587,121.2121587,142.9760943,154.3732583,80,244.3732583,141.2121587
588,26.8,23.63363019,43.63363019,63.63363019,83.63363019,221.6194071,157.833553,74,247.833553,103.6336302
589,26.2,23.9217476,43.9217476,63.9217476,83.9217476,169.0480621,156.542244,80,246.542244,103.9217476
590,25.1,24.20986501,44.20986501,64.20986501,84.20986501,142.9760943,156.3105386,73,246.3105386,104.209865
591,26.2,24.20986501,44.20986501,64.20986501,84.20986501,55.19857386,158.5984069,91,248.5984069,104.209865
592,28.9,24.35392372,44.35392372,64.35392372,84.35392372,55.19857386,151.1703706,95,241.1703706,104.3539237
593,32.8,24.93015854,44.93015854,64.93015854,84.93015854,55.19857386,147.1760844,110,237.1760844,104.9301585
594,33.8,88.47341114,108.4734111,128.4734111,148.4734111,55.19857386,142.6975173,130,232.6975173,168.4734111
595,34.8,25.50639336,45.50639336,65.50639336,85.50639336,55.19857386,140.0738384,135,230.0738384,105.5063934
596,34.4,25.65045206,45.65045206,65.65045206,85.65045206,81.27054168,138.1208335,120,228.1208335,105.6504521
597,33.9,26.37074559,46.37074559,66.37074559,86.37074559,81.27054168,136.3168875,128,226.3168875,106.3707456
598,33.5,26.94698041,46.94698041,66.94698041,86.94698041,55.19857386,133.9897883,113,223.9897883,106.9469804
599,33.4,27.66727393,47.66727393,67.66727393,87.66727393,21.90472707,132.9038803,91,222.9038803,107.6672739
600,32.1,27.81133264,47.81133264,67.81133264,87.81133264,21.90472707,130.7549203,83,220.7549203,107.8113326
601,32.5,27.66727393,47.66727393,67.66727393,87.66727393,21.90472707,129.1737875,80,219.1737875,107.6672739
602,31.2,27.52321523,47.52321523,67.52321523,87.52321523,21.90472707,131.0378869,79,221.0378869,107.5232152
603,29.3,27.52321523,47.52321523,67.52321523,87.52321523,21.90472707,131.2184067,82,221.2184067,107.5232152
604,27.9,27.52321523,47.52321523,67.52321523,87.52321523,34.80523813,132.7421806,85,222.7421806,107.5232152
605,28.7,27.52321523,47.52321523,67.52321523,87.52321523,34.80523813,139.0104485,107,229.0104485,107.5232152
606,28.7,27.52321523,47.52321523,67.52321523,87.52321523,113.4485509,150.2723744,177,240.2723744,107.5232152
607,30.2,52.76764582,72.76764582,92.76764582,112.7676458,60.87720596,162.7504956,175,252.7504956,132.7676458
608,30.2,27.66727393,47.66727393,67.66727393,87.66727393,34.80523813,165.2967393,121,255.2967393,107.6672739
609,30.3,27.52321523,47.52321523,67.52321523,87.52321523,34.80523813,159.7873161,115,249.7873161,107.5232152
610,27.6,27.23509782,47.23509782,67.23509782,87.23509782,34.80523813,159.1466368,106,249.1466368,107.2350978
611,26.7,64.95768501,84.95768501,104.957685,124.957685,34.80523813,159.8818885,88,249.8818885,144.957685
612,25.5,26.51480429,46.51480429,66.51480429,86.51480429,113.4485509,157.7435774,92,247.7435774,106.5148043
613,24.2,26.22668688,46.22668688,66.22668688,86.22668688,60.87720596,160.7550311,83,250.7550311,106.2266869
614,23.9,26.22668688,46.22668688,66.22668688,86.22668688,34.80523813,160.4339294,89,250.4339294,106.2266869
615,24.9,26.37074559,46.37074559,66.37074559,86.37074559,34.80523813,158.8143185,108,248.8143185,106.3707456
616,24.7,26.658863,46.658863,66.658863,86.658863,34.80523813,152.7818722,107,242.7818722,106.658863
617,26.4,26.94698041,46.94698041,66.94698041,86.94698041,34.80523813,151.1013318,121,241.1013318,106.9469804
618,28.1,90.2021156,110.2021156,130.2021156,150.2021156,34.80523813,148.1451752,159,238.1451752,170.2021156
619,27.5,27.23509782,47.23509782,67.23509782,87.23509782,34.80523813,148.2754076,114,238.2754076,107.2350978
620,26.8,27.09103911,47.09103911,67.09103911,87.09103911,60.87720596,146.5494595,106,236.5494595,107.0910391
621,27.5,27.09103911,47.09103911,67.09103911,87.09103911,60.87720596,143.9021283,98,233.9021283,107.0910391
622,28.1,27.37915652,47.37915652,67.37915652,87.37915652,34.80523813,144.3314998,105,234.3314998,107.3791565
623,27.2,27.52321523,47.52321523,67.52321523,87.52321523,21.90472707,140.6218955,104,230.6218955,107.5232152
624,26.1,27.95539134,47.95539134,67.95539134,87.95539134,21.90472707,137.1299913,89,227.1299913,107.9553913
625,24.7,28.53162616,48.53162616,68.53162616,88.53162616,21.90472707,137.0067968,89,227.0067968,108.5316262
626,23.6,28.81974357,48.81974357,68.81974357,88.81974357,21.90472707,132.916911,86,222.916911,108.8197436
627,22.8,29.10786098,49.10786098,69.10786098,89.10786098,21.90472707,133.8292096,86,223.8292096,109.107861
628,22.4,29.10786098,49.10786098,69.10786098,89.10786098,21.90472707,135.5698156,92,225.5698156,109.107861
629,23.4,29.10786098,49.10786098,69.10786098,89.10786098,21.90472707,140.2074496,94,230.2074496,109.107861
630,23.7,29.6840958,49.6840958,69.6840958,89.6840958,100.5480399,150.7377941,100,240.7377941,109.6840958
631,24.8,55.36070251,75.36070251,95.36070251,115.3607025,47.97669489,162.2389674,114,252.2389674,135.3607025
632,26.5,30.69250673,50.69250673,70.69250673,90.69250673,21.90472707,165.757666,117,255.757666,110.6925067
633,26.7,31.41280026,51.41280026,71.41280026,91.41280026,21.90472707,162.8499016,139,252.8499016,111.4128003
634,25.9,30.98062414,50.98062414,70.98062414,90.98062414,21.90472707,163.2030984,160,253.2030984,110.9806241
635,23.7,68.27103522,88.27103522,108.2710352,128.2710352,21.90472707,162.6788865,160,252.6788865,148.2710352
636,21.8,29.39597839,49.39597839,69.39597839,89.39597839,100.5480399,157.5048896,139,247.5048896,109.3959784
637,21.8,29.25191968,49.25191968,69.25191968,89.25191968,47.97669489,154.2164887,145,244.2164887,109.2519197
638,21.9,30.11627191,50.11627191,70.11627191,90.11627191,21.90472707,156.1551169,128,246.1551169,110.1162719
639,22.4,31.98903508,51.98903508,71.98903508,91.98903508,21.90472707,157.4587375,142,247.4587375,111.9890351
640,24.1,34.14991565,54.14991565,74.14991565,94.14991565,21.90472707,151.744671,148,241.744671,114.1499157
641,25,35.73456141,55.73456141,75.73456141,95.73456141,21.90472707,149.8142829,130,239.8142829,115.7345614
642,25.1,99.56593143,119.5659314,139.5659314,159.5659314,21.90472707,146.1467856,150,236.1467856,179.5659314
643,24.8,37.17514846,57.17514846,77.17514846,97.17514846,21.90472707,147.952288,141,237.952288,117.1751485
644,24.4,37.75138328,57.75138328,77.75138328,97.75138328,47.97669489,144.2787837,122,234.2787837,117.7513833
645,23.6,38.18355939,58.18355939,78.18355939,98.18355939,47.97669489,142.9710721,139,232.9710721,118.1835594
646,23.2,38.61573551,58.61573551,78.61573551,98.61573551,21.90472707,143.8006408,134,233.8006408,118.6157355
647,22.9,36.74297234,56.74297234,76.74297234,96.74297234,21.90472707,144.5598702,124,234.5598702,116.7429723
648,24.2,35.446444,55.446444,75.446444,95.446444,21.90472707,139.6398078,105,229.6398078,115.446444
649,25.1,34.29397436,54.29397436,74.29397436,94.29397436,21.90472707,133.55646,102,223.55646,114.2939744
650,24.4,33.57368083,53.57368083,73.57368083,93.57368083,21.90472707,133.996813,96,223.996813,113.5736808
651,23.4,32.85338731,52.85338731,72.85338731,92.85338731,21.90472707,132.2981927,92,222.2981927,112.8533873
652,23.4,32.27715249,52.27715249,72.27715249,92.27715249,34.80523813,135.5814305,95,225.5814305,112.2771525
653,23.4,31.70091767,51.70091767,71.70091767,91.70091767,34.80523813,142.9568765,93,232.9568765,111.7009177
654,25.2,31.12468285,51.12468285,71.12468285,91.12468285,133.8418866,153.7220349,93,243.7220349,111.1246828
655,26.8,55.64881992,75.64881992,95.64881992,115.6488199,81.27054168,164.1086515,106,254.1086515,135.6488199
656,28.1,29.39597839,49.39597839,69.39597839,89.39597839,142.9760943,172.5420926,122,262.5420926,109.3959784
657,29.9,28.24350875,48.24350875,68.24350875,88.24350875,142.9760943,174.2593382,121,264.2593382,108.2435088
658,29.7,27.23509782,47.23509782,67.23509782,87.23509782,142.9760943,175.1086286,166,265.1086286,107.2350978
659,28.9,64.09333278,84.09333278,104.0933328,124.0933328,142.9760943,175.6670559,149,265.6670559,144.0933328
660,28.7,25.65045206,45.65045206,65.65045206,85.65045206,221.6194071,176.1877607,127,266.1877607,105.6504521
661,27.8,25.36233465,45.36233465,65.36233465,85.36233465,169.0480621,176.8107837,119,266.8107837,105.3623347
662,26.6,25.36233465,45.36233465,65.36233465,85.36233465,142.9760943,175.5810624,130,265.5810624,105.3623347
663,27.1,25.21827595,45.21827595,65.21827595,85.21827595,55.19857386,174.6710254,101,264.6710254,105.2182759
664,27.4,25.21827595,45.21827595,65.21827595,85.21827595,55.19857386,170.8433255,126,260.8433255,105.2182759
665,29.3,25.36233465,45.36233465,65.36233465,85.36233465,55.19857386,164.2078191,140,254.2078191,105.3623347
666,30.7,88.47341114,108.4734111,128.4734111,148.4734111,55.19857386,162.0450939,127,252.0450939,168.4734111
667,30.3,25.50639336,45.50639336,65.50639336,85.50639336,55.19857386,159.9122944,130,249.9122944,105.5063934
668,31.5,25.65045206,45.65045206,65.65045206,85.65045206,81.27054168,157.7610443,133,247.7610443,105.6504521
669,31.3,25.93856947,45.93856947,65.93856947,85.93856947,81.27054168,154.3406735,117,244.3406735,105.9385695
670,30.2,26.08262818,46.08262818,66.08262818,86.08262818,55.19857386,149.5432958,131,239.5432958,106.0826282
671,28.5,26.22668688,46.22668688,66.22668688,86.22668688,21.90472707,145.7493598,104,235.7493598,106.2266869
672,27.2,26.8029217,46.8029217,66.8029217,86.8029217,21.90472707,144.4033253,91,234.4033253,106.8029217
673,27,27.52321523,47.52321523,67.52321523,87.52321523,21.90472707,141.1447784,93,231.1447784,107.5232152
674,27.1,27.66727393,47.66727393,67.66727393,87.66727393,21.90472707,141.4251558,91,231.4251558,107.6672739
675,26,27.95539134,47.95539134,67.95539134,87.95539134,21.90472707,144.5009744,94,234.5009744,107.9553913
676,25.2,28.38756746,48.38756746,68.38756746,88.38756746,34.80523813,146.1991319,96,236.1991319,108.3875675
677,25.2,28.96380228,48.96380228,68.96380228,88.96380228,34.80523813,150.7181325,109,240.7181325,108.9638023
678,25.9,29.54003709,49.54003709,69.54003709,89.54003709,133.8418866,162.2924815,167,252.2924815,109.5400371
679,27,55.21664381,75.21664381,95.21664381,115.2166438,81.27054168,172.7375142,170,262.7375142,135.2166438
680,26.2,30.69250673,50.69250673,70.69250673,90.69250673,142.9760943,172.1075997,121,262.1075997,110.6925067
681,25.6,31.12468285,51.12468285,71.12468285,91.12468285,142.9760943,171.9442773,104,261.9442773,111.1246828
682,25.7,31.26874155,51.26874155,71.26874155,91.26874155,142.9760943,173.7176538,111,263.7176538,111.2687416
683,26.4,69.13538745,89.13538745,109.1353875,129.1353875,142.9760943,171.3145698,110,261.3145698,149.1353875
684,24.9,30.83656544,50.83656544,70.83656544,90.83656544,221.6194071,170.853859,102,260.853859,110.8365654
685,23.6,29.97221321,49.97221321,69.97221321,89.97221321,169.0480621,164.4072575,102,254.4072575,109.9722132
686,22.7,29.25191968,49.25191968,69.25191968,89.25191968,142.9760943,163.3379727,102,253.3379727,109.2519197
687,21.8,28.96380228,48.96380228,68.96380228,88.96380228,55.19857386,162.7708601,94,252.7708601,108.9638023
688,21.2,28.96380228,48.96380228,68.96380228,88.96380228,55.19857386,161.564291,111,251.564291,108.9638023
689,20.9,29.10786098,49.10786098,69.10786098,89.10786098,55.19857386,159.7737012,132,249.7737012,109.107861
690,20.7,92.65111359,112.6511136,132.6511136,152.6511136,55.19857386,155.7315054,132,245.7315054,172.6511136
691,20.4,29.6840958,49.6840958,69.6840958,89.6840958,55.19857386,153.1815656,153,243.1815656,109.6840958
692,20.8,30.26033062,50.26033062,70.26033062,90.26033062,81.27054168,151.89531,132,241.89531,110.2603306
693,20.9,30.54844803,50.54844803,70.54844803,90.54844803,81.27054168,149.5755939,141,239.5755939,110.548448
694,20.1,31.41280026,51.41280026,71.41280026,91.41280026,55.19857386,144.2653959,138,234.2653959,111.4128003
695,20.5,32.13309378,52.13309378,72.13309378,92.13309378,21.90472707,142.494399,105,232.494399,112.1330938
696,22,32.42121119,52.42121119,72.42121119,92.42121119,21.90472707,142.064522,95,232.064522,112.4212112
697,22.4,32.42121119,52.42121119,72.42121119,92.42121119,21.90472707,141.4919628,96,231.4919628,112.4212112
698,22.3,33.42962213,53.42962213,73.42962213,93.42962213,21.90472707,137.3347948,96,227.3347948,113.4296221
699,22.5,34.58209177,54.58209177,74.58209177,94.58209177,21.90472707,137.6858622,95,227.6858622,114.5820918
700,22.8,35.5905027,55.5905027,75.5905027,95.5905027,34.80523813,141.094563,99,231.094563,115.5905027
701,23.3,37.31920716,57.31920716,77.31920716,97.31920716,34.80523813,139.5683485,126,229.5683485,117.3192072
702,25.4,39.04791162,59.04791162,79.04791162,99.04791162,133.8418866,140.9406501,179,230.9406501,119.0479116
703,27.7,64.86857704,84.86857704,104.868577,124.868577,81.27054168,143.0774854,173,233.0774854,144.868577
704,27,40.05632256,60.05632256,80.05632256,100.0563226,142.9760943,143.3800508,124,233.3800508,120.0563226
705,26.6,40.20038126,60.20038126,80.20038126,100.2003813,142.9760943,146.099848,102,236.099848,120.2003813
706,25.3,39.33602903,59.33602903,79.33602903,99.33602903,142.9760943,147.5460997,106,237.5460997,119.336029
707,22.5,75.32991176,95.32991176,115.3299118,135.3299118,142.9760943,146.4646607,113,236.4646607,155.3299118
708,25.9,36.88703105,56.88703105,76.88703105,96.88703105,221.6194071,145.3472595,111,235.3472595,116.887031
709,26.3,36.31079623,56.31079623,76.31079623,96.31079623,169.0480621,144.8716814,114,234.8716814,116.3107962
710,25,36.59891364,56.59891364,76.59891364,96.59891364,142.9760943,145.3653433,113,235.3653433,116.5989136
711,25.1,37.75138328,57.75138328,77.75138328,97.75138328,55.19857386,143.3535474,109,233.3535474,117.7513833
712,25.8,39.48008774,59.48008774,79.48008774,99.48008774,55.19857386,145.7231303,114,235.7231303,119.4800877
713,26.4,39.76820515,59.76820515,79.76820515,99.76820515,55.19857386,145.8973846,138,235.8973846,119.7682051
714,25.2,103.3114578,123.3114578,143.3114578,163.3114578,55.19857386,146.519495,136,236.519495,183.3114578
715,26.5,41.06473349,61.06473349,81.06473349,101.0647335,55.19857386,140.2682431,142,230.2682431,121.0647335
716,27.8,41.78502702,61.78502702,81.78502702,101.785027,81.27054168,140.0245716,129,230.0245716,121.785027
717,28,42.21720313,62.21720313,82.21720313,102.2172031,81.27054168,138.7234804,163,228.7234804,122.2172031
718,28,40.48849867,60.48849867,80.48849867,100.4884987,55.19857386,138.2056436,134,228.2056436,120.4884987
719,27.7,38.03950069,58.03950069,78.03950069,98.03950069,21.90472707,137.4229164,119,227.4229164,118.0395007
720,28.7,37.89544198,57.89544198,77.89544198,97.89544198,21.90472707,135.3676913,105,225.3676913,117.895442
721,28.5,39.76820515,59.76820515,79.76820515,99.76820515,21.90472707,134.7089501,103,224.7089501,119.7682051
722,28.6,41.3528509,61.3528509,81.3528509,101.3528509,21.90472707,135.801559,103,225.801559,121.3528509
723,29.1,42.50532054,62.50532054,82.50532054,102.5053205,21.90472707,136.0796255,105,226.0796255,122.5053205
724,29.9,43.51373147,63.51373147,83.51373147,103.5137315,34.80523813,137.6442423,108,227.6442423,123.5137315
725,30.8,44.08996629,64.08996629,84.08996629,104.0899663,34.80523813,136.8369495,126,226.8369495,124.0899663
726,32.3,44.3780837,64.3780837,84.3780837,104.3780837,133.8418866,140.4798933,189,230.4798933,124.3780837
727,36.7,69.6225143,89.6225143,109.6225143,129.6225143,81.27054168,142.2259779,175,232.2259779,149.6225143
728,37.1,43.51373147,63.51373147,83.51373147,103.5137315,142.9760943,143.2503202,116,233.2503202,123.5137315
729,36.4,40.63255738,60.63255738,80.63255738,100.6325574,142.9760943,145.1054086,109,235.1054086,120.6325574
730,34.7,37.60732457,57.60732457,77.60732457,97.60732457,142.9760943,146.8150973,104,236.8150973,117.6073246
731,33.9,72.30467896,92.30467896,112.304679,132.304679,142.9760943,146.5192584,110,236.5192584,152.304679
732,31.7,32.5652699,52.5652699,72.5652699,92.5652699,221.6194071,145.0714956,95,235.0714956,112.5652699
733,31.6,31.41280026,51.41280026,71.41280026,91.41280026,169.0480621,144.5135186,99,234.5135186,111.4128003
734,31.6,31.84497637,51.84497637,71.84497637,91.84497637,142.9760943,144.3641329,101,234.3641329,111.8449764
735,31.4,33.86179824,53.86179824,73.86179824,93.86179824,55.19857386,145.6696393,129,235.6696393,113.8617982
736,32.5,36.02267882,56.02267882,76.02267882,96.02267882,55.19857386,145.7822592,113,235.7822592,116.0226788
737,34.2,36.74297234,56.74297234,76.74297234,96.74297234,55.19857386,145.3777701,133,235.3777701,116.7429723
738,34.9,100.5743424,120.5743424,140.5743424,160.5743424,55.19857386,145.1566641,142,235.1566641,180.5743424
739,35.4,38.75979421,58.75979421,78.75979421,98.75979421,55.19857386,144.7130015,151,234.7130015,118.7597942
740,35.8,39.33602903,59.33602903,79.33602903,99.33602903,81.27054168,143.3872188,130,233.3872188,119.336029
741,38,38.90385292,58.90385292,78.90385292,98.90385292,81.27054168,142.4997305,135,232.4997305,118.9038529
742,39.6,36.74297234,56.74297234,76.74297234,96.74297234,55.19857386,140.365621,133,230.365621,116.7429723
743,37.6,35.01426788,55.01426788,75.01426788,95.01426788,21.90472707,138.1766355,114,228.1766355,115.0142679
744,36.6,35.446444,55.446444,75.446444,95.446444,21.90472707,137.3663489,97,227.3663489,115.446444
745,36.4,36.31079623,56.31079623,76.31079623,96.31079623,21.90472707,138.2163641,92,228.2163641,116.3107962
746,36.8,37.46326587,57.46326587,77.46326587,97.46326587,21.90472707,140.0919377,89,230.0919377,117.4632659
747,37,36.31079623,56.31079623,76.31079623,96.31079623,21.90472707,141.5259111,87,231.5259111,116.3107962
748,36.8,36.74297234,56.74297234,76.74297234,96.74297234,34.80523813,141.2724957,91,231.2724957,116.7429723
749,38.5,38.4716768,58.4716768,78.4716768,98.4716768,34.80523813,144.3809391,113,234.3809391,118.4716768
750,37.6,39.76820515,59.76820515,79.76820515,99.76820515,133.8418866,149.7916756,166,239.7916756,119.7682051
751,38.4,65.58887056,85.58887056,105.5888706,125.5888706,81.27054168,158.7882074,179,248.7882074,145.5888706
752,40,39.91226385,59.91226385,79.91226385,99.91226385,142.9760943,161.4664868,111,251.4664868,119.9122639
753,40.6,38.18355939,58.18355939,78.18355939,98.18355939,142.9760943,160.8435028,104,250.8435028,118.1835594
754,38.5,36.02267882,56.02267882,76.02267882,96.02267882,142.9760943,161.3978262,91,251.3978262,116.0226788
755,36.8,71.44032673,91.44032673,111.4403267,131.4403267,142.9760943,157.4969398,96,247.4969398,151.4403267
756,36.8,32.5652699,52.5652699,72.5652699,92.5652699,221.6194071,158.3353541,94,248.3353541,112.5652699
757,35.8,32.13309378,52.13309378,72.13309378,92.13309378,169.0480621,158.0782003,105,248.0782003,112.1330938
758,34.9,32.99744601,52.99744601,72.99744601,92.99744601,142.9760943,157.6952344,101,247.6952344,112.997446
759,35.2,34.72615047,54.72615047,74.72615047,94.72615047,55.19857386,158.7613793,107,248.7613793,114.7261505
760,35.4,36.02267882,56.02267882,76.02267882,96.02267882,55.19857386,153.4280422,101,243.4280422,116.0226788
761,36.1,35.5905027,55.5905027,75.5905027,95.5905027,55.19857386,150.9968865,143,240.9968865,115.5905027
762,35.9,98.12534438,118.1253444,138.1253444,158.1253444,55.19857386,147.3348821,128,237.3348821,178.1253444
763,34.4,35.30238529,55.30238529,75.30238529,95.30238529,55.19857386,146.5162284,162,236.5162284,115.3023853
764,33.9,36.16673752,56.16673752,76.16673752,96.16673752,81.27054168,148.1538987,114,238.1538987,116.1667375
765,34.5,37.31920716,57.31920716,77.31920716,97.31920716,81.27054168,146.1493982,135,236.1493982,117.3192072
766,34.4,38.4716768,58.4716768,78.4716768,98.4716768,55.19857386,148.1361297,112,238.1361297,118.4716768
767,33.5,39.62414644,59.62414644,79.62414644,99.62414644,21.90472707,143.8999233,106,233.8999233,119.6241464
768,33.7,40.77661608,60.77661608,80.77661608,100.7766161,21.90472707,142.2994369,96,232.2994369,120.7766161
769,33,41.78502702,61.78502702,81.78502702,101.785027,21.90472707,143.9325549,100,233.9325549,121.785027
770,31.4,42.07314443,62.07314443,82.07314443,102.0731444,21.90472707,142.520346,99,232.520346,122.0731444
771,30.8,41.3528509,61.3528509,81.3528509,101.3528509,21.90472707,142.2337181,102,232.2337181,121.3528509
772,30.5,40.48849867,60.48849867,80.48849867,100.4884987,34.80523813,145.4141552,106,235.4141552,120.4884987
773,31.2,38.61573551,58.61573551,78.61573551,98.61573551,34.80523813,151.817331,124,241.817331,118.6157355
774,30.4,36.88703105,56.88703105,76.88703105,96.88703105,113.4485509,157.592977,174,247.592977,116.887031
775,33.3,60.11463978,80.11463978,100.1146398,120.1146398,60.87720596,165.0389267,175,255.0389267,140.1146398
776,36.6,31.41280026,51.41280026,71.41280026,91.41280026,34.80523813,167.3765972,126,257.3765972,111.4128003
777,35.6,28.38756746,48.38756746,68.38756746,88.38756746,34.80523813,165.8705839,119,255.8705839,108.3875675
778,36.1,26.658863,46.658863,66.658863,86.658863,34.80523813,168.7864005,120,258.7864005,106.658863
779,36.1,63.66115666,83.66115666,103.6611567,123.6611567,34.80523813,165.3127567,137,255.3127567,143.6611567
780,36.9,25.50639336,45.50639336,65.50639336,85.50639336,113.4485509,162.8921306,123,252.8921306,105.5063934
781,37.1,25.65045206,45.65045206,65.65045206,85.65045206,60.87720596,166.6767817,109,256.6767817,105.6504521
782,35.2,25.93856947,45.93856947,65.93856947,85.93856947,34.80523813,171.9580919,105,261.9580919,105.9385695
783,34.8,26.22668688,46.22668688,66.22668688,86.22668688,34.80523813,173.2654998,107,263.2654998,106.2266869
784,35.4,26.37074559,46.37074559,66.37074559,86.37074559,34.80523813,162.6822001,135,252.6822001,106.3707456
785,38.7,26.51480429,46.51480429,66.51480429,86.51480429,34.80523813,157.1669081,128,247.1669081,106.5148043
786,40.3,89.62588078,109.6258808,129.6258808,149.6258808,34.80523813,153.999595,145,243.999595,169.6258808
787,38.3,26.94698041,46.94698041,66.94698041,86.94698041,34.80523813,153.5239012,166,243.5239012,106.9469804
788,37.6,27.52321523,47.52321523,67.52321523,87.52321523,60.87720596,150.398736,119,240.398736,107.5232152
789,37.8,28.24350875,48.24350875,68.24350875,88.24350875,60.87720596,147.985135,124,237.985135,108.2435088
790,37.5,28.67568487,48.67568487,68.67568487,88.67568487,34.80523813,147.4148674,124,237.4148674,108.6756849
791,34.5,28.67568487,48.67568487,68.67568487,88.67568487,21.90472707,148.1971138,123,238.1971138,108.6756849
792,34.4,29.10786098,49.10786098,69.10786098,89.10786098,21.90472707,144.89396,115,234.89396,109.107861
793,35.8,29.39597839,49.39597839,69.39597839,89.39597839,21.90472707,141.0803164,114,231.0803164,109.3959784
794,36.2,30.26033062,50.26033062,70.26033062,90.26033062,21.90472707,141.0514459,114,231.0514459,110.2603306
795,33.9,31.98903508,51.98903508,71.98903508,91.98903508,21.90472707,146.1479461,114,236.1479461,111.9890351
796,33.5,32.99744601,52.99744601,72.99744601,92.99744601,21.90472707,147.725687,112,237.725687,112.997446
797,32.9,33.57368083,53.57368083,73.57368083,93.57368083,21.90472707,152.7078887,114,242.7078887,113.5736808
798,34.6,34.14991565,54.14991565,74.14991565,94.14991565,100.5480399,160.6636857,112,250.6636857,114.1499157
799,36.7,59.68246366,79.68246366,99.68246366,119.6824637,47.97669489,168.9290458,128,258.9290458,139.6824637
800,38.8,34.43803306,54.43803306,74.43803306,94.43803306,21.90472707,172.6783365,147,262.6783365,114.4380331
801,37.9,34.14991565,54.14991565,74.14991565,94.14991565,21.90472707,173.304377,163,263.304377,114.1499157
802,36.4,32.85338731,52.85338731,72.85338731,92.85338731,21.90472707,173.2312122,162,263.2312122,112.8533873
803,34.9,70.14379838,90.14379838,110.1437984,130.1437984,21.90472707,171.1981264,154,261.1981264,150.1437984
804,33.3,32.27715249,52.27715249,72.27715249,92.27715249,100.5480399,169.4684785,169,259.4684785,112.2771525
805,31.3,32.42121119,52.42121119,72.42121119,92.42121119,47.97669489,168.4533819,160,258.4533819,112.4212112
806,31.7,32.7093286,52.7093286,72.7093286,92.7093286,21.90472707,168.5113584,150,258.5113584,112.7093286
807,32.4,33.57368083,53.57368083,73.57368083,93.57368083,21.90472707,168.4702557,139,258.4702557,113.5736808
808,33,34.29397436,54.29397436,74.29397436,94.29397436,21.90472707,164.2890315,146,254.2890315,114.2939744
809,33,34.00585695,54.00585695,74.00585695,94.00585695,21.90472707,161.2361215,159,251.2361215,114.0058569
810,32.1,96.97287474,116.9728747,136.9728747,156.9728747,21.90472707,157.4137137,150,247.4137137,176.9728747
811,30.6,34.29397436,54.29397436,74.29397436,94.29397436,21.90472707,155.23094,155,245.23094,114.2939744
812,30.5,34.72615047,54.72615047,74.72615047,94.72615047,47.97669489,151.5430734,131,241.5430734,114.7261505
813,30.1,35.30238529,55.30238529,75.30238529,95.30238529,47.97669489,147.8466536,135,237.8466536,115.3023853
814,28.4,35.73456141,55.73456141,75.73456141,95.73456141,21.90472707,144.5375898,125,234.5375898,115.7345614
815,27.4,36.31079623,56.31079623,76.31079623,96.31079623,21.90472707,141.254529,130,231.254529,116.3107962
816,26.6,37.03108975,57.03108975,77.03108975,97.03108975,21.90472707,138.4198365,119,228.4198365,117.0310898
817,24.5,37.46326587,57.46326587,77.46326587,97.46326587,21.90472707,136.4311503,129,226.4311503,117.4632659
818,24.4,36.16673752,56.16673752,76.16673752,96.16673752,21.90472707,133.908617,119,223.908617,116.1667375
819,24.4,35.01426788,55.01426788,75.01426788,95.01426788,21.90472707,134.2152547,120,224.2152547,115.0142679
820,24.4,36.31079623,56.31079623,76.31079623,96.31079623,34.80523813,137.3768904,123,227.3768904,116.3107962
821,24.6,36.74297234,56.74297234,76.74297234,96.74297234,34.80523813,142.3967719,128,232.3967719,116.7429723
822,25.3,36.88703105,56.88703105,76.88703105,96.88703105,133.8418866,153.0845388,133,243.0845388,116.887031
823,27.4,61.69928553,81.69928553,101.6992855,121.6992855,81.27054168,162.2312581,131,252.2312581,141.6992855
824,28.3,35.87862011,55.87862011,75.87862011,95.87862011,142.9760943,165.4744546,159,255.4744546,115.8786201
825,27.5,35.30238529,55.30238529,75.30238529,95.30238529,142.9760943,166.1766048,184,256.1766048,115.3023853
826,27.6,35.01426788,55.01426788,75.01426788,95.01426788,142.9760943,167.6607588,169,257.6607588,115.0142679
827,27.2,72.01656155,92.01656155,112.0165615,132.0165615,142.9760943,165.7767368,197,255.7767368,152.0165615
828,26.9,33.42962213,53.42962213,73.42962213,93.42962213,221.6194071,160.6205213,161,250.6205213,113.4296221
829,26.8,33.14150472,53.14150472,73.14150472,93.14150472,169.0480621,159.1033986,134,249.1033986,113.1415047
830,24.9,33.71773954,53.71773954,73.71773954,93.71773954,142.9760943,160.3033532,131,250.3033532,113.7177395
831,24.4,34.58209177,54.58209177,74.58209177,94.58209177,55.19857386,160.1490825,144,250.1490825,114.5820918
832,23.9,34.87020918,54.87020918,74.87020918,94.87020918,55.19857386,156.8880623,136,246.8880623,114.8702092
833,24.2,34.43803306,54.43803306,74.43803306,94.43803306,55.19857386,150.2560356,186,240.2560356,114.4380331
834,23.9,98.12534438,118.1253444,138.1253444,158.1253444,55.19857386,148.3226509,179,238.3226509,178.1253444
835,24,36.02267882,56.02267882,76.02267882,96.02267882,55.19857386,146.5923199,201,236.5923199,116.0226788
836,23.8,36.45485493,56.45485493,76.45485493,96.45485493,81.27054168,143.4641947,183,233.4641947,116.4548549
837,23.4,36.59891364,56.59891364,76.59891364,96.59891364,81.27054168,141.8771506,164,231.8771506,116.5989136
838,22.5,36.59891364,56.59891364,76.59891364,96.59891364,55.19857386,137.7127554,143,227.7127554,116.5989136
839,22.5,36.16673752,56.16673752,76.16673752,96.16673752,21.90472707,135.7579897,142,225.7579897,116.1667375
840,25.8,36.02267882,56.02267882,76.02267882,96.02267882,21.90472707,132.5334435,138,222.5334435,116.0226788
841,25,35.446444,55.446444,75.446444,95.446444,21.90472707,129.7692754,137,219.7692754,115.446444
842,24.9,35.446444,55.446444,75.446444,95.446444,21.90472707,131.2178927,134,221.2178927,115.446444
843,24.3,36.02267882,56.02267882,76.02267882,96.02267882,21.90472707,132.1095044,131,222.1095044,116.0226788
844,24,36.31079623,56.31079623,76.31079623,96.31079623,34.80523813,132.1423867,131,222.1423867,116.3107962
845,24.5,35.5905027,55.5905027,75.5905027,95.5905027,34.80523813,137.5591675,145,227.5591675,115.5905027
846,25.8,35.87862011,55.87862011,75.87862011,95.87862011,133.8418866,147.0842601,221,237.0842601,115.8786201
847,26.8,61.84334423,81.84334423,101.8433442,121.8433442,81.27054168,154.6300402,200,244.6300402,141.8433442
848,27.1,36.88703105,56.88703105,76.88703105,96.88703105,142.9760943,158.0640137,148,248.0640137,116.887031
849,27.9,34.29397436,54.29397436,74.29397436,94.29397436,142.9760943,158.4746934,142,248.4746934,114.2939744
850,27.2,31.98903508,51.98903508,71.98903508,91.98903508,142.9760943,158.5917158,137,248.5917158,111.9890351
851,25.7,68.70321134,88.70321134,108.7032113,128.7032113,142.9760943,156.1464985,148,246.1464985,148.7032113
852,24.2,30.11627191,50.11627191,70.11627191,90.11627191,221.6194071,153.6714745,141,243.6714745,110.1162719
853,23.8,29.97221321,49.97221321,69.97221321,89.97221321,169.0480621,152.3367778,151,242.3367778,109.9722132
854,23.3,31.12468285,51.12468285,71.12468285,91.12468285,142.9760943,151.2200489,130,241.2200489,111.1246828
855,23.8,32.99744601,52.99744601,72.99744601,92.99744601,55.19857386,150.9557395,142,240.9557395,112.997446
856,24.5,35.30238529,55.30238529,75.30238529,95.30238529,55.19857386,147.7793716,148,237.7793716,115.3023853
857,24.8,35.15832659,55.15832659,75.15832659,95.15832659,55.19857386,144.3979696,174,234.3979696,115.1583266
858,26,98.12534438,118.1253444,138.1253444,158.1253444,55.19857386,143.1416404,187,233.1416404,178.1253444
859,26.7,35.446444,55.446444,75.446444,95.446444,55.19857386,141.8408084,214,231.8408084,115.446444
860,26.5,35.87862011,55.87862011,75.87862011,95.87862011,81.27054168,139.9423283,175,229.9423283,115.8786201
861,26.3,34.29397436,54.29397436,74.29397436,94.29397436,81.27054168,137.9854016,194,227.9854016,114.2939744
862,25.1,35.73456141,55.73456141,75.73456141,95.73456141,55.19857386,136.2287762,187,226.2287762,115.7345614
863,24.6,35.15832659,55.15832659,75.15832659,95.15832659,21.90472707,134.1622517,161,224.1622517,115.1583266
864,24.1,36.16673752,56.16673752,76.16673752,96.16673752,21.90472707,138.2707375,142,228.2707375,116.1667375
865,23.6,37.89544198,57.89544198,77.89544198,97.89544198,21.90472707,136.6554889,143,226.6554889,117.895442
866,22.9,38.18355939,58.18355939,78.18355939,98.18355939,21.90472707,136.0923112,144,226.0923112,118.1835594
867,22.6,39.62414644,59.62414644,79.62414644,99.62414644,21.90472707,137.450748,147,227.450748,119.6241464
868,23,40.63255738,60.63255738,80.63255738,100.6325574,34.80523813,137.6261222,148,227.6261222,120.6325574
869,23.9,40.34443997,60.34443997,80.34443997,100.34444,34.80523813,137.6550912,162,227.6550912,120.34444
870,23.5,37.31920716,57.31920716,77.31920716,97.31920716,133.8418866,140.9113826,229,230.9113826,117.3192072
871,23.6,60.978992,80.978992,100.978992,120.978992,81.27054168,142.8466839,219,232.8466839,140.978992
872,23.5,36.16673752,56.16673752,76.16673752,96.16673752,142.9760943,142.3840584,169,232.3840584,116.1667375
873,23.9,35.01426788,55.01426788,75.01426788,95.01426788,142.9760943,140.4064721,151,230.4064721,115.0142679
874,24.9,34.72615047,54.72615047,74.72615047,94.72615047,142.9760943,140.2407073,145,230.2407073,114.7261505
875,25.2,70.5759745,90.5759745,110.5759745,130.5759745,142.9760943,141.0777156,142,231.0777156,150.5759745
876,24.8,31.70091767,51.70091767,71.70091767,91.70091767,221.6194071,141.7939252,144,231.7939252,111.7009177
877,24.3,30.83656544,50.83656544,70.83656544,90.83656544,169.0480621,141.6031453,137,231.6031453,110.8365654
878,23.1,31.41280026,51.41280026,71.41280026,91.41280026,142.9760943,140.6641788,138,230.6641788,111.4128003
879,23.1,32.13309378,52.13309378,72.13309378,92.13309378,55.19857386,139.228283,151,229.228283,112.1330938
880,23.5,32.42121119,52.42121119,72.42121119,92.42121119,55.19857386,140.6290901,147,230.6290901,112.4212112
881,24.1,32.5652699,52.5652699,72.5652699,92.5652699,55.19857386,141.1962919,154,231.1962919,112.5652699
882,26.3,95.10011157,115.1001116,135.1001116,155.1001116,55.19857386,138.1312493,183,228.1312493,175.1001116
883,27,32.27715249,52.27715249,72.27715249,92.27715249,55.19857386,139.1138092,205,229.1138092,112.2771525
884,27.3,32.99744601,52.99744601,72.99744601,92.99744601,81.27054168,137.0325878,199,227.0325878,112.997446
885,29.4,32.27715249,52.27715249,72.27715249,92.27715249,81.27054168,134.7702699,212,224.7702699,112.2771525
886,31.6,32.42121119,52.42121119,72.42121119,92.42121119,55.19857386,134.5988417,164,224.5988417,112.4212112
887,32,34.72615047,54.72615047,74.72615047,94.72615047,21.90472707,134.5248107,149,224.5248107,114.7261505
888,31.5,35.87862011,55.87862011,75.87862011,95.87862011,21.90472707,139.7938717,140,229.7938717,115.8786201
889,30.6,36.74297234,56.74297234,76.74297234,96.74297234,21.90472707,140.3029131,139,230.3029131,116.7429723
890,29.2,38.03950069,58.03950069,78.03950069,98.03950069,21.90472707,140.5138341,139,230.5138341,118.0395007
891,29.6,39.91226385,59.91226385,79.91226385,99.91226385,21.90472707,140.1322504,140,230.1322504,119.9122639
892,30,41.2087922,61.2087922,81.2087922,101.2087922,34.80523813,141.1438431,143,231.1438431,121.2087922
893,31.2,40.63255738,60.63255738,80.63255738,100.6325574,34.80523813,143.9685979,166,233.9685979,120.6325574
894,33.4,37.46326587,57.46326587,77.46326587,97.46326587,133.8418866,146.3593094,240,236.3593094,117.4632659
895,33.9,62.13146164,82.13146164,102.1314616,122.1314616,81.27054168,148.6459938,226,238.6459938,142.1314616
896,35.9,35.01426788,55.01426788,75.01426788,95.01426788,142.9760943,151.4376304,173,241.4376304,115.0142679
897,33.9,33.57368083,53.57368083,73.57368083,93.57368083,142.9760943,153.2474259,183,243.2474259,113.5736808
898,32.1,32.13309378,52.13309378,72.13309378,92.13309378,142.9760943,154.4145138,175,244.4145138,112.1330938
899,29.6,69.13538745,89.13538745,109.1353875,129.1353875,142.9760943,152.8409272,139,242.8409272,149.1353875
900,27.7,31.41280026,51.41280026,71.41280026,91.41280026,221.6194071,152.0653513,141,242.0653513,111.4128003
901,25.9,31.55685896,51.55685896,71.55685896,91.55685896,169.0480621,152.2042513,135,242.2042513,111.556859
902,24.5,31.70091767,51.70091767,71.70091767,91.70091767,142.9760943,152.7521415,139,242.7521415,111.7009177
903,24.7,32.85338731,52.85338731,72.85338731,92.85338731,55.19857386,153.0187285,135,243.0187285,112.8533873
904,26.3,35.446444,55.446444,75.446444,95.446444,55.19857386,154.7428611,157,244.7428611,115.446444
905,28.8,36.59891364,56.59891364,76.59891364,96.59891364,55.19857386,155.6867668,159,245.6867668,116.5989136
906,30.3,100.1421662,120.1421662,140.1421662,160.1421662,55.19857386,152.4838704,173,242.4838704,180.1421662
907,29.9,35.87862011,55.87862011,75.87862011,95.87862011,55.19857386,152.6384968,190,242.6384968,115.8786201
908,30.1,35.73456141,55.73456141,75.73456141,95.73456141,81.27054168,150.8011925,165,240.8011925,115.7345614
909,31.8,34.72615047,54.72615047,74.72615047,94.72615047,81.27054168,148.50189,172,238.50189,114.7261505
910,31.8,36.59891364,56.59891364,76.59891364,96.59891364,55.19857386,147.2031918,163,237.2031918,116.5989136
911,30.4,36.16673752,56.16673752,76.16673752,96.16673752,21.90472707,145.0930421,140,235.0930421,116.1667375
912,31.6,35.30238529,55.30238529,75.30238529,95.30238529,21.90472707,141.9958248,136,231.9958248,115.3023853
913,32.6,35.15832659,55.15832659,75.15832659,95.15832659,21.90472707,140.8625591,143,230.8625591,115.1583266
914,32.1,36.74297234,56.74297234,76.74297234,96.74297234,21.90472707,142.2400254,134,232.2400254,116.7429723
915,30.1,36.74297234,56.74297234,76.74297234,96.74297234,21.90472707,141.3077453,135,231.3077453,116.7429723
916,29.2,36.31079623,56.31079623,76.31079623,96.31079623,34.80523813,143.839066,144,233.839066,116.3107962
917,28.1,36.88703105,56.88703105,76.88703105,96.88703105,34.80523813,148.9477749,159,238.9477749,116.887031
918,27.7,36.31079623,56.31079623,76.31079623,96.31079623,133.8418866,159.6440751,207,249.6440751,116.3107962
919,29.2,60.40275719,80.40275719,100.4027572,120.4027572,81.27054168,170.3285871,218,260.3285871,140.4027572
920,31.7,35.15832659,55.15832659,75.15832659,95.15832659,142.9760943,175.9173197,146,265.9173197,115.1583266
921,30.7,33.57368083,53.57368083,73.57368083,93.57368083,142.9760943,169.6328771,139,259.6328771,113.5736808
922,29,31.70091767,51.70091767,71.70091767,91.70091767,142.9760943,168.9382491,130,258.9382491,111.7009177
923,26.7,67.98291781,87.98291781,107.9829178,127.9829178,142.9760943,168.3285358,133,258.3285358,147.9829178
924,23.4,28.67568487,48.67568487,68.67568487,88.67568487,221.6194071,165.8197252,122,255.8197252,108.6756849
925,22.2,27.95539134,47.95539134,67.95539134,87.95539134,169.0480621,162.2623206,110,252.2623206,107.9553913
926,21.9,28.38756746,48.38756746,68.38756746,88.38756746,142.9760943,161.2604762,117,251.2604762,108.3875675
927,22.6,30.40438932,50.40438932,70.40438932,90.40438932,55.19857386,160.7113238,123,250.7113238,110.4043893
928,23.5,32.99744601,52.99744601,72.99744601,92.99744601,55.19857386,153.3791729,126,243.3791729,112.997446
929,24,35.5905027,55.5905027,75.5905027,95.5905027,55.19857386,151.3997812,155,241.3997812,115.5905027
930,24.8,100.1421662,120.1421662,140.1421662,160.1421662,55.19857386,148.2982574,145,238.2982574,180.1421662
931,26.5,38.4716768,58.4716768,78.4716768,98.4716768,55.19857386,145.2377528,165,235.2377528,118.4716768
932,26.8,40.20038126,60.20038126,80.20038126,100.2003813,81.27054168,142.8789629,160,232.8789629,120.2003813
933,26.9,40.48849867,60.48849867,80.48849867,100.4884987,81.27054168,142.8227993,155,232.8227993,120.4884987
934,26.7,41.06473349,61.06473349,81.06473349,101.0647335,55.19857386,144.861356,149,234.861356,121.0647335
935,25.8,41.64096831,61.64096831,81.64096831,101.6409683,21.90472707,143.048501,118,233.048501,121.6409683
936,26.5,42.64937925,62.64937925,82.64937925,102.6493792,21.90472707,137.1238501,111,227.1238501,122.6493792
937,26.8,43.22561406,63.22561406,83.22561406,103.2256141,21.90472707,139.8284119,111,229.8284119,123.2256141
938,26.2,43.51373147,63.51373147,83.51373147,103.5137315,21.90472707,134.9369442,108,224.9369442,123.5137315
939,25.2,43.51373147,63.51373147,83.51373147,103.5137315,21.90472707,136.3789021,111,226.3789021,123.5137315
940,25.3,43.94590759,63.94590759,83.94590759,103.9459076,34.80523813,140.4735664,112,230.4735664,123.9459076
941,26.5,44.234025,64.234025,84.234025,104.234025,34.80523813,141.4189872,135,231.4189872,124.234025
942,27.9,44.52214241,64.52214241,84.52214241,104.5221424,113.4485509,148.5572639,217,238.5572639,124.5221424
943,29.9,69.76657301,89.76657301,109.766573,129.766573,60.87720596,162.8668907,200,252.8668907,149.766573
944,32,43.51373147,63.51373147,83.51373147,103.5137315,34.80523813,163.7856229,165,253.7856229,123.5137315
945,31.6,39.91226385,59.91226385,79.91226385,99.91226385,34.80523813,166.7732332,134,256.7732332,119.9122639
946,27.7,35.73456141,55.73456141,75.73456141,95.73456141,34.80523813,167.604093,123,257.604093,115.7345614
947,25.3,70.7200332,90.7200332,110.7200332,130.7200332,34.80523813,161.6427285,111,251.6427285,150.7200332
948,22.9,31.41280026,51.41280026,71.41280026,91.41280026,113.4485509,159.9728595,110,249.9728595,111.4128003
949,23,30.40438932,50.40438932,70.40438932,90.40438932,60.87720596,160.919141,108,250.919141,110.4043893
950,23,31.41280026,51.41280026,71.41280026,91.41280026,34.80523813,163.4579983,102,253.4579983,111.4128003
951,22.8,33.57368083,53.57368083,73.57368083,93.57368083,34.80523813,158.6202617,106,248.6202617,113.5736808
952,22.6,36.74297234,56.74297234,76.74297234,96.74297234,34.80523813,156.4969091,121,246.4969091,116.7429723
953,23.6,39.19197033,59.19197033,79.19197033,99.19197033,34.80523813,150.6099328,161,240.6099328,119.1919703
954,25.7,104.8961035,124.8961035,144.8961035,164.8961035,34.80523813,145.7032788,164,235.7032788,184.8961035
955,26.4,42.79343795,62.79343795,82.79343795,102.793438,34.80523813,145.0695657,155,235.0695657,122.793438
956,26.4,44.08996629,64.08996629,84.08996629,104.0899663,60.87720596,141.1240347,142,231.1240347,124.0899663
957,26.9,45.53055334,65.53055334,85.53055334,105.5305533,60.87720596,142.3164576,143,232.3164576,125.5305533
958,26.4,46.68302298,66.68302298,86.68302298,106.683023,34.80523813,142.6751114,166,232.6751114,126.683023
959,26.4,47.69143392,67.69143392,87.69143392,107.6914339,21.90472707,135.3686913,157,225.3686913,127.6914339
960,26.4,48.55578615,68.55578615,88.55578615,108.5557861,21.90472707,131.5528829,141,221.5528829,128.5557861
961,26,49.27607967,69.27607967,89.27607967,109.2760797,21.90472707,131.5204982,140,221.5204982,129.2760797
962,26,50.1404319,70.1404319,90.1404319,110.1404319,21.90472707,128.6952679,141,218.6952679,130.1404319
963,25.6,50.86072543,70.86072543,90.86072543,110.8607254,21.90472707,131.213408,145,221.213408,130.8607254
964,25,51.14884284,71.14884284,91.14884284,111.1488428,21.90472707,136.7735017,147,226.7735017,131.1488428
965,24.8,49.85231449,69.85231449,89.85231449,109.8523145,21.90472707,139.7812814,149,229.7812814,129.8523145
966,26.9,47.40331651,67.40331651,87.40331651,107.4033165,100.5480399,149.7652479,157,239.7652479,127.4033165
967,30.1,70.48686653,90.48686653,110.4868665,130.4868665,47.97669489,160.0476996,168,250.0476996,150.4868665
968,31.9,43.08155536,63.08155536,83.08155536,103.0815554,21.90472707,158.5485581,170,248.5485581,123.0815554
969,31.5,40.48849867,60.48849867,80.48849867,100.4884987,21.90472707,160.8486391,192,250.8486391,120.4884987
970,28.1,37.17514846,57.17514846,77.17514846,97.17514846,21.90472707,160.7080423,173,250.7080423,117.1751485
971,26.4,72.44873766,92.44873766,112.4487377,132.4487377,21.90472707,157.5194137,175,247.5194137,152.4487377
972,24.2,32.5652699,52.5652699,72.5652699,92.5652699,100.5480399,158.4903138,173,248.4903138,112.5652699
973,25,31.84497637,51.84497637,71.84497637,91.84497637,47.97669489,157.4024337,141,247.4024337,111.8449764
974,24.5,31.98903508,51.98903508,71.98903508,91.98903508,21.90472707,158.1929117,134,248.1929117,111.9890351
975,24.8,31.98903508,51.98903508,71.98903508,91.98903508,21.90472707,158.8143025,168,248.8143025,111.9890351
976,26.2,32.85338731,52.85338731,72.85338731,92.85338731,21.90472707,154.966784,149,244.966784,112.8533873
977,29.2,33.42962213,53.42962213,73.42962213,93.42962213,21.90472707,153.497033,179,243.497033,113.4296221
978,30.9,95.8204051,115.8204051,135.8204051,155.8204051,21.90472707,150.0958375,156,240.0958375,175.8204051
979,29.5,31.55685896,51.55685896,71.55685896,91.55685896,21.90472707,148.2358808,156,238.2358808,111.556859
980,29.5,31.84497637,51.84497637,71.84497637,91.84497637,47.97669489,145.8680809,152,235.8680809,111.8449764
981,28.9,31.70091767,51.70091767,71.70091767,91.70091767,47.97669489,145.7498946,138,235.7498946,111.7009177
982,28.1,32.27715249,52.27715249,72.27715249,92.27715249,21.90472707,142.5590659,135,232.5590659,112.2771525
983,27,35.87862011,55.87862011,75.87862011,95.87862011,21.90472707,141.5904542,132,231.5904542,115.8786201
984,26.5,39.19197033,59.19197033,79.19197033,99.19197033,21.90472707,139.7516863,126,229.7516863,119.1919703
985,24.7,39.91226385,59.91226385,79.91226385,99.91226385,21.90472707,137.0381603,122,227.0381603,119.9122639
986,24.6,40.34443997,60.34443997,80.34443997,100.34444,21.90472707,138.0096923,121,228.0096923,120.34444
987,24.4,40.77661608,60.77661608,80.77661608,100.7766161,21.90472707,139.0566169,121,229.0566169,120.7766161
988,24.4,40.63255738,60.63255738,80.63255738,100.6325574,34.80523813,140.1350753,120,230.1350753,120.6325574
989,27,41.06473349,61.06473349,81.06473349,101.0647335,34.80523813,143.2875717,119,233.2875717,121.0647335
990,29.9,41.06473349,61.06473349,81.06473349,101.0647335,133.8418866,150.5534762,119,240.5534762,121.0647335
991,32.6,65.44481186,85.44481186,105.4448119,125.4448119,81.27054168,157.9167022,127,247.9167022,145.4448119
992,32.9,38.90385292,58.90385292,78.90385292,98.90385292,142.9760943,159.0711973,134,249.0711973,118.9038529
993,32,38.18355939,58.18355939,78.18355939,98.18355939,142.9760943,159.691874,157,249.691874,118.1835594
994,29.3,36.74297234,56.74297234,76.74297234,96.74297234,142.9760943,159.4503955,169,249.4503955,116.7429723
995,28.6,73.74526601,93.74526601,113.745266,133.745266,142.9760943,157.0846632,188,247.0846632,153.745266
996,28.8,36.31079623,56.31079623,76.31079623,96.31079623,221.6194071,156.2748386,169,246.2748386,116.3107962
997,28.5,34.43803306,54.43803306,74.43803306,94.43803306,169.0480621,155.3554485,150,245.3554485,114.4380331
998,27.3,34.29397436,54.29397436,74.29397436,94.29397436,142.9760943,156.8055552,160,246.8055552,114.2939744
999,26.3,35.446444,55.446444,75.446444,95.446444,55.19857386,154.9214369,152,244.9214369,115.446444
1000,26.7,36.16673752,56.16673752,76.16673752,96.16673752,55.19857386,150.7118426,162,240.7118426,116.1667375
1001,28.4,35.87862011,55.87862011,75.87862011,95.87862011,55.19857386,150.782862,179,240.782862,115.8786201
1002,30.5,100.4302837,120.4302837,140.4302837,160.4302837,55.19857386,147.9062338,170,237.9062338,180.4302837
1003,31.1,38.75979421,58.75979421,78.75979421,98.75979421,55.19857386,145.9125888,186,235.9125888,118.7597942
1004,31.7,39.48008774,59.48008774,79.48008774,99.48008774,81.27054168,144.4493789,149,234.4493789,119.4800877
1005,30.9,40.05632256,60.05632256,80.05632256,100.0563226,81.27054168,144.6726918,144,234.6726918,120.0563226
1006,30.7,41.78502702,61.78502702,81.78502702,101.785027,55.19857386,141.7508467,146,231.7508467,121.785027
1007,30.8,42.07314443,62.07314443,82.07314443,102.0731444,21.90472707,141.4646993,126,231.4646993,122.0731444
1008,30.3,43.08155536,63.08155536,83.08155536,103.0815554,21.90472707,141.3938474,110,231.3938474,123.0815554
1009,29.9,43.80184888,63.80184888,83.80184888,103.8018489,21.90472707,135.3588067,111,225.3588067,123.8018489
1010,28.8,43.65779018,63.65779018,83.65779018,103.6577902,21.90472707,132.4746064,109,222.4746064,123.6577902
1011,28.5,42.50532054,62.50532054,82.50532054,102.5053205,21.90472707,132.9706001,110,222.9706001,122.5053205
1012,27.8,41.49690961,61.49690961,81.49690961,101.4969096,34.80523813,134.7887305,107,224.7887305,121.4969096
1013,27.8,39.91226385,59.91226385,79.91226385,99.91226385,34.80523813,140.9468249,120,230.9468249,119.9122639
1014,27.6,38.3276181,58.3276181,78.3276181,98.3276181,133.8418866,148.1100496,186,238.1100496,118.3276181
1015,28.3,60.978992,80.978992,100.978992,120.978992,81.27054168,156.7208681,189,246.7208681,140.978992
1016,29.7,34.43803306,54.43803306,74.43803306,94.43803306,142.9760943,157.1206172,123,247.1206172,114.4380331
1017,29.4,32.5652699,52.5652699,72.5652699,92.5652699,142.9760943,161.4667112,110,251.4667112,112.5652699
1018,27.4,29.54003709,49.54003709,69.54003709,89.54003709,142.9760943,153.987023,118,243.987023,109.5400371
1019,26.8,65.67797853,85.67797853,105.6779785,125.6779785,142.9760943,149.9493473,116,239.9493473,145.6779785
1020,27.1,25.93856947,45.93856947,65.93856947,85.93856947,221.6194071,148.4299585,100,238.4299585,105.9385695
1021,27.2,24.20986501,44.20986501,64.20986501,84.20986501,169.0480621,148.0346755,124,238.0346755,104.209865
1022,27.4,24.64204113,44.64204113,64.64204113,84.64204113,142.9760943,145.8792979,121,235.8792979,104.6420411
1023,27.4,25.50639336,45.50639336,65.50639336,85.50639336,55.19857386,143.9070878,108,233.9070878,105.5063934
1024,27.1,26.94698041,46.94698041,66.94698041,86.94698041,55.19857386,143.6416879,116,233.6416879,106.9469804
1025,27.2,27.66727393,47.66727393,67.66727393,87.66727393,55.19857386,141.0429482,134,231.0429482,107.6672739
1026,28.3,90.34617431,110.3461743,130.3461743,150.3461743,55.19857386,142.9365411,152,232.9365411,170.3461743
1027,27.7,27.23509782,47.23509782,67.23509782,87.23509782,55.19857386,140.9366384,139,230.9366384,107.2350978
1028,27.3,27.81133264,47.81133264,67.81133264,87.81133264,81.27054168,136.7946474,139,226.7946474,107.8113326
1029,27.1,28.67568487,48.67568487,68.67568487,88.67568487,81.27054168,136.7253605,132,226.7253605,108.6756849
1030,26.5,29.97221321,49.97221321,69.97221321,89.97221321,55.19857386,135.3921112,127,225.3921112,109.9722132
1031,25.8,31.55685896,51.55685896,71.55685896,91.55685896,21.90472707,133.2839437,114,223.2839437,111.556859
1032,25.8,32.42121119,52.42121119,72.42121119,92.42121119,21.90472707,131.6819505,100,221.6819505,112.4212112
1033,25.6,32.99744601,52.99744601,72.99744601,92.99744601,21.90472707,130.1443719,102,220.1443719,112.997446
1034,25.7,34.29397436,54.29397436,74.29397436,94.29397436,21.90472707,128.1617916,103,218.1617916,114.2939744
1035,25.9,35.73456141,55.73456141,75.73456141,95.73456141,21.90472707,127.3850971,101,217.3850971,115.7345614
1036,25.4,36.16673752,56.16673752,76.16673752,96.16673752,34.80523813,125.9138968,105,215.9138968,116.1667375
1037,26,36.16673752,56.16673752,76.16673752,96.16673752,34.80523813,128.7634677,118,218.7634677,116.1667375
1038,26.6,36.45485493,56.45485493,76.45485493,96.45485493,133.8418866,134.0283854,188,224.0283854,116.4548549
1039,26.4,62.13146164,82.13146164,102.1314616,122.1314616,81.27054168,134.920977,161,224.920977,142.1314616
1040,26.7,34.43803306,54.43803306,74.43803306,94.43803306,142.9760943,133.9351902,118,223.9351902,114.4380331
1041,26.6,31.26874155,51.26874155,71.26874155,91.26874155,142.9760943,135.9794225,109,225.9794225,111.2687416
1042,26.4,28.09945005,48.09945005,68.09945005,88.09945005,142.9760943,139.2003853,117,229.2003853,108.09945
1043,26.1,63.66115666,83.66115666,103.6611567,123.6611567,142.9760943,138.5476489,116,228.5476489,143.6611567
1044,25.7,23.9217476,43.9217476,63.9217476,83.9217476,221.6194071,134.2541216,112,224.2541216,103.9217476
1045,25.4,23.05739537,43.05739537,63.05739537,83.05739537,169.0480621,133.5376045,102,223.5376045,103.0573954
1046,24.9,23.20145408,43.20145408,63.20145408,83.20145408,142.9760943,132.265484,105,222.265484,103.2014541
1047,24.8,24.20986501,44.20986501,64.20986501,84.20986501,55.19857386,132.3778109,110,222.3778109,104.209865
1048,25.4,25.65045206,45.65045206,65.65045206,85.65045206,55.19857386,135.0131235,118,225.0131235,105.6504521
1049,25.5,26.8029217,46.8029217,66.8029217,86.8029217,55.19857386,133.4844036,140,223.4844036,106.8029217
1050,24.7,90.49023301,110.490233,130.490233,150.490233,55.19857386,132.8750838,167,222.8750838,170.490233
1051,25.8,27.81133264,47.81133264,67.81133264,87.81133264,55.19857386,129.9721573,162,219.9721573,107.8113326
1052,27,28.53162616,48.53162616,68.53162616,88.53162616,81.27054168,128.2685523,138,218.2685523,108.5316262
1053,27.6,28.53162616,48.53162616,68.53162616,88.53162616,81.27054168,127.3894299,151,217.3894299,108.5316262
1054,28.9,28.38756746,48.38756746,68.38756746,88.38756746,55.19857386,126.6349155,136,216.6349155,108.3875675
1055,27.9,27.66727393,47.66727393,67.66727393,87.66727393,21.90472707,122.5931148,132,212.5931148,107.6672739
1056,27,27.37915652,47.37915652,67.37915652,87.37915652,21.90472707,121.7324094,117,211.7324094,107.3791565
1057,25.8,26.8029217,46.8029217,66.8029217,86.8029217,21.90472707,120.7028585,119,210.7028585,106.8029217
1058,24.5,26.08262818,46.08262818,66.08262818,86.08262818,21.90472707,119.8018248,120,209.8018248,106.0826282
1059,25.9,25.50639336,45.50639336,65.50639336,85.50639336,21.90472707,119.5319314,118,209.5319314,105.5063934
1060,26.2,25.50639336,45.50639336,65.50639336,85.50639336,34.80523813,118.4461742,117,208.4461742,105.5063934
1061,27.4,25.21827595,45.21827595,65.21827595,85.21827595,34.80523813,119.313942,136,209.313942,105.2182759
1062,28.6,25.65045206,45.65045206,65.65045206,85.65045206,133.8418866,122.4112786,197,212.4112786,105.6504521
1063,29.1,50.89488266,70.89488266,90.89488266,110.8948827,81.27054168,123.4414162,184,213.4414162,130.8948827
1064,30.1,24.93015854,44.93015854,64.93015854,84.93015854,142.9760943,125.4768595,144,215.4768595,104.9301585
1065,29.5,24.06580631,44.06580631,64.06580631,84.06580631,142.9760943,127.5514031,114,217.5514031,104.0658063
1066,27.9,22.91333667,42.91333667,62.91333667,82.91333667,142.9760943,126.3978613,123,216.3978613,102.9133367
1067,26.6,60.63592386,80.63592386,100.6359239,120.6359239,142.9760943,127.157543,114,217.157543,140.6359239
1068,24.8,22.76927796,42.76927796,62.76927796,82.76927796,221.6194071,126.0870775,96,216.0870775,102.769278
1069,23.6,22.48116055,42.48116055,62.48116055,82.48116055,169.0480621,124.8883128,113,214.8883128,102.4811606
1070,23.1,22.76927796,42.76927796,62.76927796,82.76927796,142.9760943,126.7900869,107,216.7900869,102.769278
1071,22.9,23.7776889,43.7776889,63.7776889,83.7776889,55.19857386,129.8873122,103,219.8873122,103.7776889
1072,23.1,25.50639336,45.50639336,65.50639336,85.50639336,55.19857386,129.8841052,117,219.8841052,105.5063934
1073,25,26.22668688,46.22668688,66.22668688,86.22668688,55.19857386,128.4898494,151,218.4898494,106.2266869
1074,25.2,89.76993949,109.7699395,129.7699395,149.7699395,55.19857386,133.2002377,161,223.2002377,169.7699395
1075,24.6,27.23509782,47.23509782,67.23509782,87.23509782,55.19857386,130.3085483,177,220.3085483,107.2350978
1076,23.5,29.39597839,49.39597839,69.39597839,89.39597839,81.27054168,132.4290468,180,222.4290468,109.3959784
1077,23,31.98903508,51.98903508,71.98903508,91.98903508,81.27054168,130.6539685,182,220.6539685,111.9890351
1078,22.8,33.71773954,53.71773954,73.71773954,93.71773954,55.19857386,130.6978694,149,220.6978694,113.7177395
1079,21.7,35.01426788,55.01426788,75.01426788,95.01426788,21.90472707,130.2544501,132,220.2544501,115.0142679
1080,21.1,34.58209177,54.58209177,74.58209177,94.58209177,21.90472707,129.3542728,128,219.3542728,114.5820918
1081,21,33.42962213,53.42962213,73.42962213,93.42962213,21.90472707,129.1106008,128,219.1106008,113.4296221
1082,23.1,32.5652699,52.5652699,72.5652699,92.5652699,21.90472707,131.2205622,130,221.2205622,112.5652699
1083,23.7,31.84497637,51.84497637,71.84497637,91.84497637,21.90472707,132.7625923,131,222.7625923,111.8449764
1084,23.1,31.55685896,51.55685896,71.55685896,91.55685896,34.80523813,135.5093058,132,225.5093058,111.556859
1085,23.6,31.84497637,51.84497637,71.84497637,91.84497637,34.80523813,140.3904234,161,230.3904234,111.8449764
1086,23.5,33.14150472,53.14150472,73.14150472,93.14150472,133.8418866,152.1859463,201,242.1859463,113.1415047
1087,25.1,60.54681589,80.54681589,100.5468159,120.5468159,81.27054168,159.490269,210,249.490269,140.5468159
1088,26.5,34.29397436,54.29397436,74.29397436,94.29397436,142.9760943,164.0987881,153,254.0987881,114.2939744
1089,27.1,32.5652699,52.5652699,72.5652699,92.5652699,142.9760943,164.9737139,115,254.9737139,112.5652699
1090,24.1,30.54844803,50.54844803,70.54844803,90.54844803,142.9760943,162.4578129,115,252.4578129,110.548448
1091,22.9,66.25421335,86.25421335,106.2542134,126.2542134,142.9760943,161.6051333,114,251.6051333,146.2542134
1092,22.6,27.81133264,47.81133264,67.81133264,87.81133264,221.6194071,159.6149693,108,249.6149693,107.8113326
1093,22.3,26.94698041,46.94698041,66.94698041,86.94698041,169.0480621,157.3703594,94,247.3703594,106.9469804
1094,21.5,27.52321523,47.52321523,67.52321523,87.52321523,142.9760943,155.998556,104,245.998556,107.5232152
1095,22.4,29.8281545,49.8281545,69.8281545,89.8281545,55.19857386,155.9022473,121,245.9022473,109.8281545
1096,23.6,32.99744601,52.99744601,72.99744601,92.99744601,55.19857386,153.2278687,122,243.2278687,112.997446
1097,25.2,36.88703105,56.88703105,76.88703105,96.88703105,55.19857386,151.3904663,139,241.3904663,116.887031
1098,26.5,101.2946359,121.2946359,141.2946359,161.2946359,55.19857386,150.047889,157,240.047889,181.2946359
1099,26.3,40.20038126,60.20038126,80.20038126,100.2003813,55.19857386,148.3372915,185,238.3372915,120.2003813
1100,27.3,40.92067479,60.92067479,80.92067479,100.9206748,81.27054168,147.1646742,148,237.1646742,120.9206748
1101,27.7,41.2087922,61.2087922,81.2087922,101.2087922,81.27054168,144.9368845,138,234.9368845,121.2087922
1102,26.8,41.3528509,61.3528509,81.3528509,101.3528509,55.19857386,142.831858,145,232.831858,121.3528509
1103,24.7,41.49690961,61.49690961,81.49690961,101.4969096,21.90472707,141.1825127,130,231.1825127,121.4969096
1104,24.4,41.49690961,61.49690961,81.49690961,101.4969096,21.90472707,137.7045631,113,227.7045631,121.4969096
1105,24.8,42.36126184,62.36126184,82.36126184,102.3612618,21.90472707,132.0547274,111,222.0547274,122.3612618
1106,24.5,42.64937925,62.64937925,82.64937925,102.6493792,21.90472707,130.8980616,108,220.8980616,122.6493792
1107,23.7,41.06473349,61.06473349,81.06473349,101.0647335,21.90472707,132.2466096,107,222.2466096,121.0647335
1108,22.9,40.48849867,60.48849867,80.48849867,100.4884987,34.80523813,134.5381799,109,224.5381799,120.4884987
1109,23.6,38.61573551,58.61573551,78.61573551,98.61573551,34.80523813,140.0436382,120,230.0436382,118.6157355
1110,25.4,39.19197033,59.19197033,79.19197033,99.19197033,113.4485509,147.2766044,165,237.2766044,119.1919703
1111,27.5,65.30075315,85.30075315,105.3007532,125.3007532,60.87720596,153.9649685,193,243.9649685,145.3007532
1112,29.3,38.4716768,58.4716768,78.4716768,98.4716768,34.80523813,155.8778806,142,245.8778806,118.4716768
1113,29.3,35.01426788,55.01426788,75.01426788,95.01426788,34.80523813,161.3289297,128,251.3289297,115.0142679
1114,27.7,32.27715249,52.27715249,72.27715249,92.27715249,34.80523813,161.237664,124,251.237664,112.2771525
1115,25.8,67.6948004,87.6948004,107.6948004,127.6948004,34.80523813,159.3010964,113,249.3010964,147.6948004
1116,25.1,28.09945005,48.09945005,68.09945005,88.09945005,113.4485509,156.4212109,107,246.4212109,108.09945
1117,25,26.8029217,46.8029217,66.8029217,86.8029217,60.87720596,160.3491179,109,250.3491179,106.8029217
1118,25.2,26.37074559,46.37074559,66.37074559,86.37074559,34.80523813,161.5168077,109,251.5168077,106.3707456
1119,25.6,26.37074559,46.37074559,66.37074559,86.37074559,34.80523813,160.2921965,106,250.2921965,106.3707456
1120,26.6,26.8029217,46.8029217,66.8029217,86.8029217,34.80523813,157.7100208,123,247.7100208,106.8029217
1121,29.1,27.09103911,47.09103911,67.09103911,87.09103911,34.80523813,148.9240873,161,238.9240873,107.0910391
1122,29.8,90.0580569,110.0580569,130.0580569,150.0580569,34.80523813,147.5463202,154,237.5463202,170.0580569
1123,28,26.51480429,46.51480429,66.51480429,86.51480429,34.80523813,146.3993204,152,236.3993204,106.5148043
1124,27.2,26.51480429,46.51480429,66.51480429,86.51480429,60.87720596,145.5816199,127,235.5816199,106.5148043
1125,26.6,26.51480429,46.51480429,66.51480429,86.51480429,60.87720596,142.1432245,125,232.1432245,106.5148043
1126,25.8,26.658863,46.658863,66.658863,86.658863,34.80523813,138.3364368,126,228.3364368,106.658863
1127,25.3,26.658863,46.658863,66.658863,86.658863,21.90472707,133.5343001,115,223.5343001,106.658863
1128,24.8,26.94698041,46.94698041,66.94698041,86.94698041,21.90472707,130.0316959,120,220.0316959,106.9469804
1129,24.3,27.09103911,47.09103911,67.09103911,87.09103911,21.90472707,128.1513913,111,218.1513913,107.0910391
1130,24.9,27.52321523,47.52321523,67.52321523,87.52321523,21.90472707,128.5808755,111,218.5808755,107.5232152
1131,24.5,27.95539134,47.95539134,67.95539134,87.95539134,21.90472707,130.1373069,110,220.1373069,107.9553913
1132,24.2,28.09945005,48.09945005,68.09945005,88.09945005,21.90472707,133.680344,112,223.680344,108.09945
1133,24.7,28.38756746,48.38756746,68.38756746,88.38756746,21.90472707,137.0459185,112,227.0459185,108.3875675
1134,27.3,30.11627191,50.11627191,70.11627191,90.11627191,100.5480399,146.7599727,110,236.7599727,110.1162719
1135,32.2,55.64881992,75.64881992,95.64881992,115.6488199,47.97669489,159.4113713,125,249.4113713,135.6488199
1136,32.4,29.54003709,49.54003709,69.54003709,89.54003709,21.90472707,160.9953768,154,250.9953768,109.5400371
1137,31.2,28.67568487,48.67568487,68.67568487,88.67568487,21.90472707,160.7066902,160,250.7066902,108.6756849
1138,31.1,28.24350875,48.24350875,68.24350875,88.24350875,21.90472707,161.7860708,174,251.7860708,108.2435088
1139,29.2,66.25421335,86.25421335,106.2542134,126.2542134,21.90472707,157.3147124,153,247.3147124,146.2542134
1140,28.1,28.09945005,48.09945005,68.09945005,88.09945005,100.5480399,154.4126051,154,244.4126051,108.09945
1141,28.2,28.24350875,48.24350875,68.24350875,88.24350875,47.97669489,155.7378691,127,245.7378691,108.2435088
1142,27.7,28.24350875,48.24350875,68.24350875,88.24350875,21.90472707,155.6474663,138,245.6474663,108.2435088
1143,27.8,28.38756746,48.38756746,68.38756746,88.38756746,21.90472707,156.2397618,105,246.2397618,108.3875675
1144,27.2,28.81974357,48.81974357,68.81974357,88.81974357,21.90472707,154.5512211,123,244.5512211,108.8197436
1145,28.4,29.10786098,49.10786098,69.10786098,89.10786098,21.90472707,151.085903,164,241.085903,109.107861
1146,29.8,92.50705488,112.5070549,132.5070549,152.5070549,21.90472707,150.7648237,156,240.7648237,172.5070549
1147,29.4,29.8281545,49.8281545,69.8281545,89.8281545,21.90472707,147.2083112,167,237.2083112,109.8281545
1148,28.6,30.40438932,50.40438932,70.40438932,90.40438932,47.97669489,148.2686874,140,238.2686874,110.4043893
1149,28.1,31.12468285,51.12468285,71.12468285,91.12468285,47.97669489,143.2511309,127,233.2511309,111.1246828
1150,28.2,31.84497637,51.84497637,71.84497637,91.84497637,21.90472707,138.1086693,120,228.1086693,111.8449764
1151,28.2,32.7093286,52.7093286,72.7093286,92.7093286,21.90472707,137.8121949,115,227.8121949,112.7093286
1152,26.5,32.7093286,52.7093286,72.7093286,92.7093286,21.90472707,134.0671309,108,224.0671309,112.7093286
1153,25.7,32.42121119,52.42121119,72.42121119,92.42121119,21.90472707,135.8141179,111,225.8141179,112.4212112
1154,25.1,32.42121119,52.42121119,72.42121119,92.42121119,21.90472707,135.7794555,108,225.7794555,112.4212112
1155,25.2,32.27715249,52.27715249,72.27715249,92.27715249,21.90472707,136.3932156,108,226.3932156,112.2771525
1156,25.1,31.98903508,51.98903508,71.98903508,91.98903508,34.80523813,136.493805,109,226.493805,111.9890351
1157,24.6,31.55685896,51.55685896,71.55685896,91.55685896,34.80523813,139.2724503,110,229.2724503,111.556859
1158,26.5,30.98062414,50.98062414,70.98062414,90.98062414,133.8418866,150.6778514,111,240.6778514,110.9806241
1159,28.9,55.50476122,75.50476122,95.50476122,115.5047612,81.27054168,159.9209674,122,249.9209674,135.5047612
1160,31.1,29.25191968,49.25191968,69.25191968,89.25191968,142.9760943,162.6189333,149,252.6189333,109.2519197
1161,28,28.09945005,48.09945005,68.09945005,88.09945005,142.9760943,162.1213116,138,252.1213116,108.09945
1162,26,26.658863,46.658863,66.658863,86.658863,142.9760943,162.5113395,169,252.5113395,106.658863
1163,24,63.94927407,83.94927407,103.9492741,123.9492741,142.9760943,163.7038065,168,253.7038065,143.9492741
1164,24.1,25.50639336,45.50639336,65.50639336,85.50639336,221.6194071,160.6611545,129,250.6611545,105.5063934
1165,23.6,25.50639336,45.50639336,65.50639336,85.50639336,169.0480621,159.5760534,127,249.5760534,105.5063934
1166,23.5,25.93856947,45.93856947,65.93856947,85.93856947,142.9760943,163.6415374,151,253.6415374,105.9385695
1167,23.2,26.37074559,46.37074559,66.37074559,86.37074559,55.19857386,162.2351411,119,252.2351411,106.3707456
1168,24.1,26.658863,46.658863,66.658863,86.658863,55.19857386,151.4593725,135,241.4593725,106.658863
1169,24.8,26.8029217,46.8029217,66.8029217,86.8029217,55.19857386,144.6198341,169,234.6198341,106.8029217
1170,27.6,89.76993949,109.7699395,129.7699395,149.7699395,55.19857386,147.0827513,161,237.0827513,169.7699395
1171,26,26.658863,46.658863,66.658863,86.658863,55.19857386,147.176961,167,237.176961,106.658863
1172,26.1,26.658863,46.658863,66.658863,86.658863,81.27054168,144.6586038,145,234.6586038,106.658863
1173,27.1,26.08262818,46.08262818,66.08262818,86.08262818,81.27054168,139.1651641,118,229.1651641,106.0826282
1174,28.3,25.36233465,45.36233465,65.36233465,85.36233465,55.19857386,138.5012303,140,228.5012303,105.3623347
1175,27.4,24.78609983,44.78609983,64.78609983,84.78609983,21.90472707,135.0000392,123,225.0000392,104.7860998
1176,26.3,24.20986501,44.20986501,64.20986501,84.20986501,21.90472707,133.6653555,107,223.6653555,104.209865
1177,24.7,23.48957149,43.48957149,63.48957149,83.48957149,21.90472707,130.0629107,108,220.0629107,103.4895715
1178,23.3,23.20145408,43.20145408,63.20145408,83.20145408,21.90472707,128.3605392,106,218.3605392,103.2014541
1179,23.4,22.91333667,42.91333667,62.91333667,82.91333667,21.90472707,128.2798769,106,218.2798769,102.9133367
1180,23.3,22.62521926,42.62521926,62.62521926,82.62521926,34.80523813,129.3820887,109,219.3820887,102.6252193
1181,23.7,22.33710185,42.33710185,62.33710185,82.33710185,34.80523813,131.6211064,128,221.6211064,102.3371018
1182,25.2,22.04898444,42.04898444,62.04898444,82.04898444,133.8418866,142.1168226,198,232.1168226,102.0489844
1183,25.5,47.29341503,67.29341503,87.29341503,107.293415,81.27054168,150.1588106,198,240.1588106,127.293415
1184,25.7,21.90492573,41.90492573,61.90492573,81.90492573,142.9760943,152.3636646,139,242.3636646,101.9049257
1185,27.1,21.61680832,41.61680832,61.61680832,81.61680832,142.9760943,154.2028476,133,244.2028476,101.6168083
1186,27.4,21.18463221,41.18463221,61.18463221,81.18463221,142.9760943,153.871256,121,243.871256,101.1846322
1187,26.3,58.33098458,78.33098458,98.33098458,118.3309846,142.9760943,152.7161145,132,242.7161145,138.3309846
1188,25.5,20.32027998,40.32027998,60.32027998,80.32027998,221.6194071,150.5567894,127,240.5567894,100.32028
1189,25.3,20.03216257,40.03216257,60.03216257,80.03216257,169.0480621,152.5472478,136,242.5472478,100.0321626
1190,25.1,20.03216257,40.03216257,60.03216257,80.03216257,142.9760943,149.2977934,124,239.2977934,100.0321626
1191,24.8,20.32027998,40.32027998,60.32027998,80.32027998,55.19857386,144.4921595,129,234.4921595,100.32028
1192,24.5,20.46433868,40.46433868,60.46433868,80.46433868,55.19857386,142.1583302,136,232.1583302,100.4643387
1193,25.2,20.60839739,40.60839739,60.60839739,80.60839739,55.19857386,143.9059174,153,233.9059174,100.6083974
1194,27.3,83.71947388,103.7194739,123.7194739,143.7194739,55.19857386,138.958522,173,228.958522,163.7194739
1195,29,20.75245609,40.75245609,60.75245609,80.75245609,55.19857386,136.0957543,163,226.0957543,100.7524561
1196,29.9,20.75245609,40.75245609,60.75245609,80.75245609,81.27054168,132.0289922,185,222.0289922,100.7524561
1197,28.1,20.8965148,40.8965148,60.8965148,80.8965148,81.27054168,129.6806519,190,219.6806519,100.8965148
1198,26,20.8965148,40.8965148,60.8965148,80.8965148,55.19857386,125.8640295,163,215.8640295,100.8965148
1199,24.6,20.8965148,40.8965148,60.8965148,80.8965148,21.90472707,126.2074643,142,216.2074643,100.8965148
1200,24.9,20.8965148,40.8965148,60.8965148,80.8965148,21.90472707,125.4586604,130,215.4586604,100.8965148
1201,24.1,20.75245609,40.75245609,60.75245609,80.75245609,21.90472707,124.4305033,130,214.4305033,100.7524561
1202,23.9,20.75245609,40.75245609,60.75245609,80.75245609,21.90472707,123.4269586,131,213.4269586,100.7524561
1203,23.9,20.75245609,40.75245609,60.75245609,80.75245609,21.90472707,122.9253009,133,212.9253009,100.7524561
1204,24.3,20.46433868,40.46433868,60.46433868,80.46433868,34.80523813,121.6945587,136,211.6945587,100.4643387
1205,24.8,20.17622127,40.17622127,60.17622127,80.17622127,34.80523813,124.4036057,157,214.4036057,100.1762213
1206,25.7,19.88810386,39.88810386,59.88810386,79.88810386,133.8418866,126.7027109,214,216.7027109,99.88810386
1207,26.1,44.98847576,64.98847576,84.98847576,104.9884758,81.27054168,129.8318067,187,219.8318067,124.9884758
1208,26.4,19.59998645,39.59998645,59.59998645,79.59998645,142.9760943,127.9011894,147,217.9011894,99.59998645
1209,26.5,19.31186904,39.31186904,59.31186904,79.31186904,142.9760943,131.2658447,146,221.2658447,99.31186904
1210,25.9,18.73563422,38.73563422,58.73563422,78.73563422,142.9760943,131.6901642,143,221.6901642,98.73563422
1211,26,56.0260453,76.0260453,96.0260453,116.0260453,142.9760943,132.3980901,130,222.3980901,136.0260453
1212,24.5,17.72722329,37.72722329,57.72722329,77.72722329,221.6194071,131.7999541,126,221.7999541,97.72722329
1213,23.7,17.58316458,37.58316458,57.58316458,77.58316458,169.0480621,133.1252393,123,223.1252393,97.58316458
1214,23.1,17.58316458,37.58316458,57.58316458,77.58316458,142.9760943,133.0159992,130,223.0159992,97.58316458
1215,23.1,17.58316458,37.58316458,57.58316458,77.58316458,55.19857386,131.0070234,133,221.0070234,97.58316458
1216,24.1,17.72722329,37.72722329,57.72722329,77.72722329,55.19857386,132.0538969,137,222.0538969,97.72722329
1217,24.6,17.87128199,37.87128199,57.87128199,77.87128199,55.19857386,133.8363422,166,223.8363422,97.87128199
1218,24.8,80.83829978,100.8382998,120.8382998,140.8382998,55.19857386,131.0432175,197,221.0432175,160.8382998
1219,26,17.58316458,37.58316458,57.58316458,77.58316458,55.19857386,129.299901,200,219.299901,97.58316458
1220,26.4,17.15098847,37.15098847,57.15098847,77.15098847,81.27054168,126.2639809,182,216.2639809,97.15098847
1221,28.1,16.86287106,36.86287106,56.86287106,76.86287106,81.27054168,126.0635178,200,216.0635178,96.86287106
1222,30.2,16.71881235,36.71881235,56.71881235,76.71881235,55.19857386,123.6675688,180,213.6675688,96.71881235
1223,27.5,16.43069494,36.43069494,56.43069494,76.43069494,21.90472707,122.3975214,153,212.3975214,96.43069494
1224,26.1,16.28663624,36.28663624,56.28663624,76.28663624,21.90472707,121.7612342,141,211.7612342,96.28663624
1225,24.8,16.71881235,36.71881235,56.71881235,76.71881235,21.90472707,121.7507669,139,211.7507669,96.71881235
1226,24.3,17.29504717,37.29504717,57.29504717,77.29504717,21.90472707,122.3086588,141,212.3086588,97.29504717
1227,22.5,17.58316458,37.58316458,57.58316458,77.58316458,21.90472707,122.3241558,140,212.3241558,97.58316458
1228,21.1,17.58316458,37.58316458,57.58316458,77.58316458,34.80523813,118.1628027,141,208.1628027,97.58316458
1229,21.6,17.72722329,37.72722329,57.72722329,77.72722329,34.80523813,118.1614483,166,208.1614483,97.72722329
1230,21.4,18.1593994,38.1593994,58.1593994,78.1593994,133.8418866,120.953977,228,210.953977,98.1593994
1231,21.5,43.69194741,63.69194741,83.69194741,103.6919474,81.27054168,121.3635483,231,211.3635483,123.6919474
1232,23.6,17.72722329,37.72722329,57.72722329,77.72722329,142.9760943,121.0957813,150,211.0957813,97.72722329
1233,24.9,17.00692976,37.00692976,57.00692976,77.00692976,142.9760943,124.3696745,151,214.3696745,97.00692976
1234,23.7,15.99851883,35.99851883,55.99851883,75.99851883,142.9760943,125.3386815,158,215.3386815,95.99851883
1235,23.9,52.71269509,72.71269509,92.71269509,112.7126951,142.9760943,126.8488217,147,216.8488217,132.7126951
1236,25.6,14.41387308,34.41387308,54.41387308,74.41387308,221.6194071,128.7172,135,218.7172,94.41387308
1237,25.7,13.69357955,33.69357955,53.69357955,73.69357955,169.0480621,132.6028641,120,222.6028641,93.69357955
1238,27.3,14.12575567,34.12575567,54.12575567,74.12575567,142.9760943,132.2075466,113,222.2075466,94.12575567
1239,27.9,14.70199049,34.70199049,54.70199049,74.70199049,55.19857386,132.9228534,124,222.9228534,94.70199049
1240,29.6,15.56634271,35.56634271,55.56634271,75.56634271,55.19857386,133.6085964,136,223.6085964,95.56634271
1241,31.4,15.85446012,35.85446012,55.85446012,75.85446012,55.19857386,134.0114962,152,224.0114962,95.85446012
1242,32.8,78.96553662,98.96553662,118.9655366,138.9655366,55.19857386,133.8480114,178,223.8480114,158.9655366
1243,30.2,15.71040142,35.71040142,55.71040142,75.71040142,55.19857386,134.8769455,192,224.8769455,95.71040142
1244,30.2,15.85446012,35.85446012,55.85446012,75.85446012,81.27054168,129.8643254,215,219.8643254,95.85446012
1245,30.1,15.99851883,35.99851883,55.99851883,75.99851883,81.27054168,128.4205448,182,218.4205448,95.99851883
1246,31.5,16.14257753,36.14257753,56.14257753,76.14257753,55.19857386,127.1709097,182,217.1709097,96.14257753
1247,30.2,17.00692976,37.00692976,57.00692976,77.00692976,21.90472707,125.0797961,156,215.0797961,97.00692976
1248,28.8,17.72722329,37.72722329,57.72722329,77.72722329,21.90472707,125.6059298,157,215.6059298,97.72722329
1249,30.1,17.72722329,37.72722329,57.72722329,77.72722329,21.90472707,124.5854578,156,214.5854578,97.72722329
1250,30.3,17.72722329,37.72722329,57.72722329,77.72722329,21.90472707,125.6969516,147,215.6969516,97.72722329
1251,29.6,17.72722329,37.72722329,57.72722329,77.72722329,21.90472707,126.5154854,145,216.5154854,97.72722329
1252,30.4,17.87128199,37.87128199,57.87128199,77.87128199,34.80523813,129.0326808,147,219.0326808,97.87128199
1253,30.4,18.1593994,38.1593994,58.1593994,78.1593994,34.80523813,133.0135525,165,223.0135525,98.1593994
1254,32,18.73563422,38.73563422,58.73563422,78.73563422,133.8418866,144.3186936,231,234.3186936,98.73563422
1255,35.3,44.41224094,64.41224094,84.41224094,104.4122409,81.27054168,154.0126618,218,244.0126618,124.4122409
1256,37.9,19.59998645,39.59998645,59.59998645,79.59998645,142.9760943,155.673151,156,245.673151,99.59998645
1257,36.5,19.88810386,39.88810386,59.88810386,79.88810386,142.9760943,156.8113168,136,246.8113168,99.88810386
1258,36.6,19.88810386,39.88810386,59.88810386,79.88810386,142.9760943,147.8644722,136,237.8644722,99.88810386
1259,34.3,57.46663235,77.46663235,97.46663235,117.4666323,142.9760943,153.9656609,123,243.9656609,137.4666323
1260,33.8,19.16781034,39.16781034,59.16781034,79.16781034,221.6194071,155.8358721,127,245.8358721,99.16781034
1261,32.8,18.73563422,38.73563422,58.73563422,78.73563422,169.0480621,156.5108469,118,246.5108469,98.73563422
1262,31.5,18.87969293,38.87969293,58.87969293,78.87969293,142.9760943,157.1570625,122,247.1570625,98.87969293
1263,30.5,18.87969293,38.87969293,58.87969293,78.87969293,55.19857386,157.5897414,122,247.5897414,98.87969293
1264,32.6,18.87969293,38.87969293,58.87969293,78.87969293,55.19857386,152.8305887,147,242.8305887,98.87969293
1265,33.7,19.02375163,39.02375163,59.02375163,79.02375163,55.19857386,150.582255,181,240.582255,99.02375163
1266,35,82.56700424,102.5670042,122.5670042,142.5670042,55.19857386,146.5239416,197,236.5239416,162.5670042
1267,34.1,20.03216257,40.03216257,60.03216257,80.03216257,55.19857386,143.9016147,178,233.9016147,100.0321626
1268,34.1,20.46433868,40.46433868,60.46433868,80.46433868,81.27054168,140.6619299,181,230.6619299,100.4643387
1269,34,20.75245609,40.75245609,60.75245609,80.75245609,81.27054168,137.5464365,165,227.5464365,100.7524561
1270,33.1,20.75245609,40.75245609,60.75245609,80.75245609,55.19857386,134.499042,146,224.499042,100.7524561
1271,31.1,20.32027998,40.32027998,60.32027998,80.32027998,21.90472707,134.1385723,127,224.1385723,100.32028
1272,29.3,20.17622127,40.17622127,60.17622127,80.17622127,21.90472707,131.1919879,123,221.1919879,100.1762213
1273,27.9,19.74404516,39.74404516,59.74404516,79.74404516,21.90472707,131.5271374,121,221.5271374,99.74404516
1274,27,19.59998645,39.59998645,59.59998645,79.59998645,21.90472707,128.2026942,121,218.2026942,99.59998645
1275,27.4,19.74404516,39.74404516,59.74404516,79.74404516,21.90472707,128.2881395,122,218.2881395,99.74404516
1276,27.3,19.88810386,39.88810386,59.88810386,79.88810386,34.80523813,131.9036342,120,221.9036342,99.88810386
1277,27.8,19.88810386,39.88810386,59.88810386,79.88810386,34.80523813,135.109942,138,225.109942,99.88810386
1278,29.6,20.03216257,40.03216257,60.03216257,80.03216257,113.4485509,143.2522059,193,233.2522059,100.0321626
1279,32.5,45.27659317,65.27659317,85.27659317,105.2765932,60.87720596,151.4349914,238,241.4349914,125.2765932
1280,33.3,19.59998645,39.59998645,59.59998645,79.59998645,34.80523813,157.374352,159,247.374352,99.59998645
1281,33,18.87969293,38.87969293,58.87969293,78.87969293,34.80523813,157.738636,127,247.738636,98.87969293
1282,33.4,17.87128199,37.87128199,57.87128199,77.87128199,34.80523813,154.700514,137,244.700514,97.87128199
1283,31.1,54.87357566,74.87357566,94.87357566,114.8735757,34.80523813,155.924279,119,245.924279,134.8735757
1284,30.8,16.43069494,36.43069494,56.43069494,76.43069494,113.4485509,153.7373514,127,243.7373514,96.43069494
1285,29.3,16.14257753,36.14257753,56.14257753,76.14257753,60.87720596,151.6126445,126,241.6126445,96.14257753
1286,30.1,15.71040142,35.71040142,55.71040142,75.71040142,34.80523813,151.6444108,156,241.6444108,95.71040142
1287,27.5,15.56634271,35.56634271,55.56634271,75.56634271,34.80523813,148.945788,145,238.945788,95.56634271
1288,27.3,15.85446012,35.85446012,55.85446012,75.85446012,34.80523813,145.2286417,139,235.2286417,95.85446012
1289,27.7,15.99851883,35.99851883,55.99851883,75.99851883,34.80523813,142.3443494,173,232.3443494,95.99851883
1290,29.5,79.39771273,99.39771273,119.3977127,139.3977127,34.80523813,139.9652158,196,229.9652158,159.3977127
1291,29.4,18.0153407,38.0153407,58.0153407,78.0153407,34.80523813,141.3965203,178,231.3965203,98.0153407
1292,29,19.31186904,39.31186904,59.31186904,79.31186904,60.87720596,139.5630101,187,229.5630101,99.31186904
1293,27.7,20.03216257,40.03216257,60.03216257,80.03216257,60.87720596,135.2148683,189,225.2148683,100.0321626
1294,26.4,20.17622127,40.17622127,60.17622127,80.17622127,34.80523813,132.2912794,171,222.2912794,100.1762213
1295,25.6,20.32027998,40.32027998,60.32027998,80.32027998,21.90472707,129.1877777,161,219.1877777,100.32028
1296,25.1,20.60839739,40.60839739,60.60839739,80.60839739,21.90472707,128.5746183,161,218.5746183,100.6083974
1297,23.7,21.0405735,41.0405735,61.0405735,81.0405735,21.90472707,127.8940104,155,217.8940104,101.0405735
1298,22.8,20.8965148,40.8965148,60.8965148,80.8965148,21.90472707,126.2463469,154,216.2463469,100.8965148
1299,22.6,20.46433868,40.46433868,60.46433868,80.46433868,21.90472707,126.8510093,159,216.8510093,100.4643387
1300,22.2,20.32027998,40.32027998,60.32027998,80.32027998,21.90472707,129.0143575,159,219.0143575,100.32028
1301,23.4,19.59998645,39.59998645,59.59998645,79.59998645,21.90472707,132.5174496,160,222.5174496,99.59998645
1302,24,18.73563422,38.73563422,58.73563422,78.73563422,100.5480399,143.8007421,163,233.8007421,98.73563422
1303,24.8,42.68353648,62.68353648,82.68353648,102.6835365,47.97669489,152.3033071,170,242.3033071,122.6835365
1304,27.4,16.14257753,36.14257753,56.14257753,76.14257753,21.90472707,155.8847701,215,245.8847701,96.14257753
1305,27.2,14.84604919,34.84604919,54.84604919,74.84604919,21.90472707,154.3921352,233,244.3921352,94.84604919
1306,24.3,13.11734473,33.11734473,53.11734473,73.11734473,21.90472707,154.8691683,219,244.8691683,93.11734473
1307,23.4,49.83152099,69.83152099,89.83152099,109.831521,21.90472707,153.3607157,197,243.3607157,129.831521
1308,23.2,10.95646416,30.95646416,50.95646416,70.95646416,100.5480399,153.0456308,171,243.0456308,90.95646416
1309,22.1,9.948053222,29.94805322,49.94805322,69.94805322,47.97669489,152.1575779,158,242.1575779,89.94805322
1310,21.1,9.659935812,29.65993581,49.65993581,69.65993581,21.90472707,151.0243372,158,241.0243372,89.65993581
1311,22.3,9.371818402,29.3718184,49.3718184,69.3718184,21.90472707,150.7429734,162,240.7429734,89.3718184
1312,22.6,9.803994517,29.80399452,49.80399452,69.80399452,21.90472707,146.4265223,183,236.4265223,89.80399452
1313,23.4,10.23617063,30.23617063,50.23617063,70.23617063,21.90472707,140.0128561,177,230.0128561,90.23617063
1314,23.9,73.63536453,93.63536453,113.6353645,133.6353645,21.90472707,138.4975528,177,228.4975528,153.6353645
1315,24.6,10.81240545,30.81240545,50.81240545,70.81240545,21.90472707,138.5375487,174,228.5375487,90.81240545
1316,24.6,10.95646416,30.95646416,50.95646416,70.95646416,47.97669489,134.5157502,161,224.5157502,90.95646416
1317,24.1,10.95646416,30.95646416,50.95646416,70.95646416,47.97669489,133.227368,168,223.227368,90.95646416
1318,23.6,10.95646416,30.95646416,50.95646416,70.95646416,21.90472707,131.441926,162,221.441926,90.95646416
1319,22.8,11.24458157,31.24458157,51.24458157,71.24458157,21.90472707,125.7396422,162,215.7396422,91.24458157
1320,22.4,11.24458157,31.24458157,51.24458157,71.24458157,21.90472707,125.07596,157,215.07596,91.24458157
1321,21.3,11.24458157,31.24458157,51.24458157,71.24458157,21.90472707,118.2522324,157,208.2522324,91.24458157
1322,21.8,10.95646416,30.95646416,50.95646416,70.95646416,21.90472707,114.397656,161,204.397656,90.95646416
1323,25.9,10.66834675,30.66834675,50.66834675,70.66834675,21.90472707,115.053293,166,205.053293,90.66834675
1324,26.9,10.52428804,30.52428804,50.52428804,70.52428804,34.80523813,115.281797,169,205.281797,90.52428804
1325,26.1,10.66834675,30.66834675,50.66834675,70.66834675,34.80523813,119.0798787,165,209.0798787,90.66834675
1326,25.5,10.66834675,30.66834675,50.66834675,70.66834675,133.8418866,129.0570622,164,219.0570622,90.66834675
1327,27.4,35.62465993,55.62465993,75.62465993,95.62465993,81.27054168,137.0439974,181,227.0439974,115.6246599
1328,29.4,10.23617063,30.23617063,50.23617063,70.23617063,142.9760943,137.3920739,198,227.3920739,90.23617063
1329,29.2,9.371818402,29.3718184,49.3718184,69.3718184,142.9760943,136.4046748,197,226.4046748,89.3718184
1330,27.5,8.507466172,28.50746617,48.50746617,68.50746617,142.9760943,130.0231488,191,220.0231488,88.50746617
1331,25.1,46.08599466,66.08599466,86.08599466,106.0859947,142.9760943,136.6087173,183,226.6087173,126.0859947
1332,24.2,7.931231353,27.93123135,47.93123135,67.93123135,221.6194071,135.4525086,149,225.4525086,87.93123135
1333,23.4,8.075290057,28.07529006,48.07529006,68.07529006,169.0480621,134.7090673,165,224.7090673,88.07529006
1334,22.6,8.795583582,28.79558358,48.79558358,68.79558358,142.9760943,133.1235901,167,223.1235901,88.79558358
1335,22.7,8.795583582,28.79558358,48.79558358,68.79558358,55.19857386,134.2486628,146,224.2486628,88.79558358
1336,23.2,9.371818402,29.3718184,49.3718184,69.3718184,55.19857386,131.5681002,156,221.5681002,89.3718184
1337,23.2,10.23617063,30.23617063,50.23617063,70.23617063,55.19857386,129.8002059,159,219.8002059,90.23617063
1338,24.3,73.92348194,93.92348194,113.9234819,133.9234819,55.19857386,129.9311118,188,219.9311118,153.9234819
1339,25,11.53269898,31.53269898,51.53269898,71.53269898,55.19857386,128.4310389,154,218.4310389,91.53269898
1340,26.2,11.96487509,31.96487509,51.96487509,71.96487509,81.27054168,126.2528205,140,216.2528205,91.96487509
1341,26.9,12.54110991,32.54110991,52.54110991,72.54110991,81.27054168,124.1162941,140,214.1162941,92.54110991
1342,25.6,13.40546214,33.40546214,53.40546214,73.40546214,55.19857386,121.0950731,153,211.0950731,93.40546214
1343,26.1,14.12575567,34.12575567,54.12575567,74.12575567,21.90472707,119.8539617,139,209.8539617,94.12575567
1344,25.8,15.56634271,35.56634271,55.56634271,75.56634271,21.90472707,117.1550273,138,207.1550273,95.56634271
1345,25.3,17.00692976,37.00692976,57.00692976,77.00692976,21.90472707,120.1935522,137,210.1935522,97.00692976
1346,25.1,17.87128199,37.87128199,57.87128199,77.87128199,21.90472707,123.706921,137,213.706921,97.87128199
1347,25.2,18.30345811,38.30345811,58.30345811,78.30345811,21.90472707,123.3109941,140,213.3109941,98.30345811
1348,25.6,18.1593994,38.1593994,58.1593994,78.1593994,34.80523813,124.1516423,149,214.1516423,98.1593994
1349,27.2,18.73563422,38.73563422,58.73563422,78.73563422,34.80523813,128.8594939,157,218.8594939,98.73563422
1350,27.9,18.44751681,38.44751681,58.44751681,78.44751681,133.8418866,139.2485543,199,229.2485543,98.44751681
1351,28.9,42.82759518,62.82759518,82.82759518,102.8275952,81.27054168,146.9936517,208,236.9936517,122.8275952
1352,29.9,14.99010789,34.99010789,54.99010789,74.99010789,142.9760943,149.9078203,166,239.9078203,94.99010789
1353,29.5,12.68516862,32.68516862,52.68516862,72.68516862,142.9760943,148.0743818,148,238.0743818,92.68516862
1354,27.9,10.23617063,30.23617063,50.23617063,70.23617063,142.9760943,146.4905461,144,236.4905461,90.23617063
1355,26,46.51817077,66.51817077,86.51817077,106.5181708,142.9760943,146.2845702,126,236.2845702,126.5181708
1356,24.3,7.499055238,27.49905524,47.49905524,67.49905524,221.6194071,144.2105845,125,234.2105845,87.49905524
1357,23.5,7.066879123,27.06687912,47.06687912,67.06687912,169.0480621,143.9288754,131,233.9288754,87.06687912
1358,23.5,6.922820418,26.92282042,46.92282042,66.92282042,142.9760943,140.9608171,124,230.9608171,86.92282042
1359,23.7,7.787172648,27.78717265,47.78717265,67.78717265,55.19857386,135.1556307,134,225.1556307,87.78717265
1360,24.9,8.651524877,28.65152488,48.65152488,68.65152488,55.19857386,131.365465,139,221.365465,88.65152488
1361,25.3,10.38022934,30.38022934,50.38022934,70.38022934,55.19857386,132.9955367,150,222.9955367,90.38022934
1362,27.2,75.6521864,95.6521864,115.6521864,135.6521864,55.19857386,131.9704638,187,221.9704638,155.6521864
1363,30.5,13.40546214,33.40546214,53.40546214,73.40546214,55.19857386,125.7379535,179,215.7379535,93.40546214
1364,30.8,14.84604919,34.84604919,54.84604919,74.84604919,81.27054168,126.3722053,174,216.3722053,94.84604919
1365,29.9,15.85446012,35.85446012,55.85446012,75.85446012,81.27054168,121.8806021,180,211.8806021,95.85446012
1366,29.7,16.86287106,36.86287106,56.86287106,76.86287106,55.19857386,119.3417471,179,209.3417471,96.86287106
1367,29.9,18.0153407,38.0153407,58.0153407,78.0153407,21.90472707,119.6449364,160,209.6449364,98.0153407
1368,30.2,18.59157552,38.59157552,58.59157552,78.59157552,21.90472707,122.3185876,152,212.3185876,98.59157552
1369,29.5,19.59998645,39.59998645,59.59998645,79.59998645,21.90472707,121.419324,153,211.419324,99.59998645
1370,29.9,20.46433868,40.46433868,60.46433868,80.46433868,21.90472707,121.902029,157,211.902029,100.4643387
1371,30.3,21.0405735,41.0405735,61.0405735,81.0405735,21.90472707,119.6061408,170,209.6061408,101.0405735
1372,30.8,21.76086703,41.76086703,61.76086703,81.76086703,34.80523813,120.8144788,166,210.8144788,101.760867
1373,30.9,21.90492573,41.90492573,61.90492573,81.90492573,34.80523813,122.9823727,175,212.9823727,101.9049257
1374,31,22.48116055,42.48116055,62.48116055,82.48116055,133.8418866,123.3381502,217,213.3381502,102.4811606
1375,31.5,46.86123892,66.86123892,86.86123892,106.8612389,81.27054168,128.1346794,220,218.1346794,126.8612389
1376,32.1,19.02375163,39.02375163,59.02375163,79.02375163,142.9760943,128.6290763,200,218.6290763,99.02375163
1377,30,16.57475365,36.57475365,56.57475365,76.57475365,142.9760943,129.6473579,202,219.6473579,96.57475365
1378,26.7,14.12575567,34.12575567,54.12575567,74.12575567,142.9760943,128.5595569,195,218.5595569,94.12575567
1379,23.7,49.68746228,69.68746228,89.68746228,109.6874623,142.9760943,129.1877653,188,219.1877653,129.6874623
1380,22.2,11.96487509,31.96487509,51.96487509,71.96487509,221.6194071,129.4577912,178,219.4577912,91.96487509
1381,21.7,12.68516862,32.68516862,52.68516862,72.68516862,169.0480621,130.2517236,168,220.2517236,92.68516862
1382,20.7,12.97328603,32.97328603,52.97328603,72.97328603,142.9760943,128.0540032,173,218.0540032,92.97328603
1383,20.5,13.26140344,33.26140344,53.26140344,73.26140344,55.19857386,129.8342475,173,219.8342475,93.26140344
1384,20.3,13.98169696,33.98169696,53.98169696,73.98169696,55.19857386,129.6346765,203,219.6346765,93.98169696
1385,22.1,15.42228401,35.42228401,55.42228401,75.42228401,55.19857386,132.0744019,190,222.0744019,95.42228401
1386,24.9,79.54177144,99.54177144,119.5417714,139.5417714,55.19857386,130.2780146,208,220.2780146,159.5417714
1387,28.8,17.15098847,37.15098847,57.15098847,77.15098847,55.19857386,126.3906046,213,216.3906046,97.15098847
1388,30.5,18.0153407,38.0153407,58.0153407,78.0153407,81.27054168,121.6717955,208,211.6717955,98.0153407
1389,31.6,19.02375163,39.02375163,59.02375163,79.02375163,81.27054168,115.9297343,208,205.9297343,99.02375163
1390,33.6,19.88810386,39.88810386,59.88810386,79.88810386,55.19857386,113.177541,202,203.177541,99.88810386
1391,32.7,20.32027998,40.32027998,60.32027998,80.32027998,21.90472707,111.8360969,191,201.8360969,100.32028
1392,32.2,19.31186904,39.31186904,59.31186904,79.31186904,21.90472707,110.4073024,188,200.4073024,99.31186904
1393,32,19.16781034,39.16781034,59.16781034,79.16781034,21.90472707,109.6149261,185,199.6149261,99.16781034
1394,31.9,19.45592775,39.45592775,59.45592775,79.45592775,21.90472707,109.027391,186,199.027391,99.45592775
1395,31.4,18.59157552,38.59157552,58.59157552,78.59157552,21.90472707,109.6882742,184,199.6882742,98.59157552
1396,32.4,18.44751681,38.44751681,58.44751681,78.44751681,34.80523813,110.022322,187,200.022322,98.44751681
1397,34,15.99851883,35.99851883,55.99851883,75.99851883,34.80523813,110.9490717,201,200.9490717,95.99851883
1398,34.8,15.1341666,35.1341666,55.1341666,75.1341666,133.8418866,113.1351268,221,203.1351268,95.1341666
1399,38.9,39.94642108,59.94642108,79.94642108,99.94642108,81.27054168,114.841207,254,204.841207,119.9464211
1400,39.8,13.69357955,33.69357955,53.69357955,73.69357955,142.9760943,115.3180071,195,205.3180071,93.69357955
1401,35.6,12.2529925,32.2529925,52.2529925,72.2529925,142.9760943,115.8852735,181,205.8852735,92.2529925
1402,31.7,10.95646416,30.95646416,50.95646416,70.95646416,142.9760943,116.3101934,174,206.3101934,90.95646416
1403,28,46.66222948,66.66222948,86.66222948,106.6622295,142.9760943,117.5998417,178,207.5998417,126.6622295
1404,25.5,6.490644303,26.4906443,46.4906443,66.4906443,221.6194071,118.4634831,170,208.4634831,86.4906443
1405,23.8,5.482233368,25.48223337,45.48223337,65.48223337,169.0480621,116.0245608,186,206.0245608,85.48223337
1406,24.1,5.482233368,25.48223337,45.48223337,65.48223337,142.9760943,113.7930238,173,203.7930238,85.48223337
1407,23.8,6.202526893,26.20252689,46.20252689,66.20252689,55.19857386,116.7479178,170,206.7479178,86.20252689
1408,24,8.795583582,28.79558358,48.79558358,68.79558358,55.19857386,118.2358642,183,208.2358642,88.79558358
1409,25.3,12.97328603,32.97328603,52.97328603,72.97328603,55.19857386,117.7647534,204,207.7647534,92.97328603
1410,28.3,78.24524309,98.24524309,118.2452431,138.2452431,55.19857386,119.1159014,226,209.1159014,158.2452431
1411,30.5,17.58316458,37.58316458,57.58316458,77.58316458,55.19857386,118.3527484,217,208.3527484,97.58316458
1412,30.8,19.74404516,39.74404516,59.74404516,79.74404516,81.27054168,116.9488203,255,206.9488203,99.74404516
1413,32.1,21.47274962,41.47274962,61.47274962,81.47274962,81.27054168,115.8459825,218,205.8459825,101.4727496
1414,31.3,22.62521926,42.62521926,62.62521926,82.62521926,55.19857386,113.0058581,245,203.0058581,102.6252193
1415,31,23.34551278,43.34551278,63.34551278,83.34551278,21.90472707,111.6913388,200,201.6913388,103.3455128
1416,31.4,23.48957149,43.48957149,63.48957149,83.48957149,21.90472707,109.6140871,192,199.6140871,103.4895715
1417,29.9,22.91333667,42.91333667,62.91333667,82.91333667,21.90472707,108.785108,197,198.785108,102.9133367
1418,29.8,22.33710185,42.33710185,62.33710185,82.33710185,21.90472707,108.4387298,184,198.4387298,102.3371018
1419,28.9,21.76086703,41.76086703,61.76086703,81.76086703,21.90472707,108.1556592,182,198.1556592,101.760867
1420,28.8,21.76086703,41.76086703,61.76086703,81.76086703,34.80523813,109.9788415,187,199.9788415,101.760867
1421,30,21.76086703,41.76086703,61.76086703,81.76086703,34.80523813,117.3621676,194,207.3621676,101.760867
1422,31.3,21.61680832,41.61680832,61.61680832,81.61680832,133.8418866,128.7782972,213,218.7782972,101.6168083
1423,35.3,46.1409454,66.1409454,86.1409454,106.1409454,81.27054168,135.698065,239,225.698065,126.1409454
1424,35.1,19.59998645,39.59998645,59.59998645,79.59998645,142.9760943,137.1557069,201,227.1557069,99.59998645
1425,32.1,16.57475365,36.57475365,56.57475365,76.57475365,142.9760943,137.3079139,202,227.3079139,96.57475365
1426,28.8,15.1341666,35.1341666,55.1341666,75.1341666,142.9760943,137.3558763,173,227.3558763,95.1341666
1427,27,49.68746228,69.68746228,89.68746228,109.6874623,142.9760943,138.7382896,167,228.7382896,129.6874623
1428,25.4,9.659935812,29.65993581,49.65993581,69.65993581,221.6194071,138.8198939,153,228.8198939,89.65993581
1429,24,9.227759697,29.2277597,49.2277597,69.2277597,169.0480621,138.4508629,157,228.4508629,89.2277597
1430,23.3,8.219348762,28.21934876,48.21934876,68.21934876,142.9760943,137.5002473,158,227.5002473,88.21934876
1431,23.9,8.939642287,28.93964229,48.93964229,68.93964229,55.19857386,136.9565112,156,226.9565112,88.93964229
1432,23.8,11.38864027,31.38864027,51.38864027,71.38864027,55.19857386,134.61305,164,224.61305,91.38864027
1433,25.3,13.69357955,33.69357955,53.69357955,73.69357955,55.19857386,132.3510588,177,222.3510588,93.69357955
1434,27.6,77.52494957,97.52494957,117.5249496,137.5249496,55.19857386,130.0623947,214,220.0623947,157.5249496
1435,29.1,14.26981437,34.26981437,54.26981437,74.26981437,55.19857386,131.1426656,194,221.1426656,94.26981437
1436,29.2,13.83763826,33.83763826,53.83763826,73.83763826,81.27054168,128.2951847,187,218.2951847,93.83763826
1437,28.9,13.83763826,33.83763826,53.83763826,73.83763826,81.27054168,125.7094574,196,215.7094574,93.83763826
1438,29.3,13.83763826,33.83763826,53.83763826,73.83763826,55.19857386,121.6845831,176,211.6845831,93.83763826
1439,29.3,13.83763826,33.83763826,53.83763826,73.83763826,21.90472707,118.3253508,185,208.3253508,93.83763826
1440,28.7,15.2782253,35.2782253,55.2782253,75.2782253,21.90472707,114.0482398,180,204.0482398,95.2782253
1441,28.2,16.14257753,36.14257753,56.14257753,76.14257753,21.90472707,112.2247578,171,202.2247578,96.14257753
1442,28.2,16.28663624,36.28663624,56.28663624,76.28663624,21.90472707,110.9118126,171,200.9118126,96.28663624
1443,29.1,17.00692976,37.00692976,57.00692976,77.00692976,21.90472707,108.4355889,176,198.4355889,97.00692976
1444,30.2,17.15098847,37.15098847,57.15098847,77.15098847,34.80523813,108.5212765,174,198.5212765,97.15098847
1445,31.9,18.0153407,38.0153407,58.0153407,78.0153407,34.80523813,112.1207938,191,202.1207938,98.0153407
1446,32.7,19.31186904,39.31186904,59.31186904,79.31186904,113.4485509,120.236475,193,210.236475,99.31186904
1447,35.4,43.11571259,63.11571259,83.11571259,103.1157126,60.87720596,129.9853383,216,219.9853383,123.1157126
1448,36.7,16.57475365,36.57475365,56.57475365,76.57475365,34.80523813,131.7250453,210,221.7250453,96.57475365
1449,33.1,13.98169696,33.98169696,53.98169696,73.98169696,34.80523813,131.8387987,191,221.8387987,93.98169696
1450,29.2,11.67675768,31.67675768,51.67675768,71.67675768,34.80523813,130.844359,178,220.844359,91.67675768
1451,26.4,48.24687523,68.24687523,88.24687523,108.2468752,34.80523813,129.7109693,149,219.7109693,128.2468752
1452,23.5,10.09211193,30.09211193,50.09211193,70.09211193,113.4485509,128.6352157,144,218.6352157,90.09211193
1453,21.5,9.659935812,29.65993581,49.65993581,69.65993581,60.87720596,127.130995,146,217.130995,89.65993581
1454,20.2,9.371818402,29.3718184,49.3718184,69.3718184,34.80523813,126.4442347,139,216.4442347,89.3718184
1455,19.5,10.09211193,30.09211193,50.09211193,70.09211193,34.80523813,127.5228586,141,217.5228586,90.09211193
1456,19.9,12.2529925,32.2529925,52.2529925,72.2529925,34.80523813,123.7040766,173,213.7040766,92.2529925
1457,20.8,17.29504717,37.29504717,57.29504717,77.29504717,34.80523813,122.1203287,181,212.1203287,97.29504717
1458,23.2,83.57541518,103.5754152,123.5754152,143.5754152,34.80523813,120.5843425,199,210.5843425,163.5754152
1459,26.4,22.33710185,42.33710185,62.33710185,82.33710185,34.80523813,119.3269564,179,209.3269564,102.3371018
1460,28.5,23.34551278,43.34551278,63.34551278,83.34551278,60.87720596,116.7392387,169,206.7392387,103.3455128
1461,29.1,23.63363019,43.63363019,63.63363019,83.63363019,60.87720596,113.7060499,174,203.7060499,103.6336302
1462,28.7,23.63363019,43.63363019,63.63363019,83.63363019,34.80523813,113.1252496,174,203.1252496,103.6336302
1463,28.2,22.48116055,42.48116055,62.48116055,82.48116055,21.90472707,110.8209327,177,200.8209327,102.4811606
1464,28.2,22.04898444,42.04898444,62.04898444,82.04898444,21.90472707,108.1430328,176,198.1430328,102.0489844
1465,27.4,21.47274962,41.47274962,61.47274962,81.47274962,21.90472707,106.2552758,181,196.2552758,101.4727496
1466,26.9,21.0405735,41.0405735,61.0405735,81.0405735,21.90472707,106.9240591,179,196.9240591,101.0405735
1467,26.7,20.60839739,40.60839739,60.60839739,80.60839739,21.90472707,107.6113015,180,197.6113015,100.6083974
1468,26.6,21.0405735,41.0405735,61.0405735,81.0405735,21.90472707,108.9656367,183,198.9656367,101.0405735
1469,28.4,22.19304314,42.19304314,62.19304314,82.19304314,21.90472707,113.8626558,189,203.8626558,102.1930431
1470,29.2,22.19304314,42.19304314,62.19304314,82.19304314,100.5480399,123.6992937,194,213.6992937,102.1930431
1471,31,46.86123892,66.86123892,86.86123892,106.8612389,47.97669489,130.1454174,194,220.1454174,126.8612389
1472,32.9,19.16781034,39.16781034,59.16781034,79.16781034,21.90472707,133.4484044,205,223.4484044,99.16781034
1473,29.2,16.57475365,36.57475365,56.57475365,76.57475365,21.90472707,132.9063917,187,222.9063917,96.57475365
1474,27,13.83763826,33.83763826,53.83763826,73.83763826,21.90472707,131.735253,217,221.735253,93.83763826
1475,24.5,49.68746228,69.68746228,89.68746228,109.6874623,21.90472707,131.5097479,198,221.5097479,129.6874623
1476,23.9,10.95646416,30.95646416,50.95646416,70.95646416,100.5480399,130.8846106,154,220.8846106,90.95646416
1477,24.6,11.82081639,31.82081639,51.82081639,71.82081639,47.97669489,128.9689512,149,218.9689512,91.82081639
1478,25.2,12.39705121,32.39705121,52.39705121,72.39705121,21.90472707,128.394373,148,218.394373,92.39705121
1479,25,14.26981437,34.26981437,54.26981437,74.26981437,21.90472707,127.9721478,169,217.9721478,94.26981437
1480,25.9,15.71040142,35.71040142,55.71040142,75.71040142,21.90472707,124.4990439,156,214.4990439,95.71040142
1481,26.1,17.72722329,37.72722329,57.72722329,77.72722329,21.90472707,124.5376248,183,214.5376248,97.72722329
1482,26,81.2704759,101.2704759,121.2704759,141.2704759,21.90472707,125.3220862,182,215.3220862,161.2704759
1483,28.2,17.29504717,37.29504717,57.29504717,77.29504717,21.90472707,124.0258066,170,214.0258066,97.29504717
1484,29.4,17.87128199,37.87128199,57.87128199,77.87128199,47.97669489,122.6273983,157,212.6273983,97.87128199
1485,30,17.87128199,37.87128199,57.87128199,77.87128199,47.97669489,121.6173946,163,211.6173946,97.87128199
1486,30,19.16781034,39.16781034,59.16781034,79.16781034,21.90472707,117.7596185,165,207.7596185,99.16781034
1487,30,20.32027998,40.32027998,60.32027998,80.32027998,21.90472707,114.6263262,161,204.6263262,100.32028
1488,29.5,21.61680832,41.61680832,61.61680832,81.61680832,21.90472707,113.7175645,163,203.7175645,101.6168083
1489,30.5,23.05739537,43.05739537,63.05739537,83.05739537,21.90472707,113.9151282,159,203.9151282,103.0573954
1490,30.2,23.7776889,43.7776889,63.7776889,83.7776889,21.90472707,114.6446799,159,204.6446799,103.7776889
1491,30,24.93015854,44.93015854,64.93015854,84.93015854,21.90472707,114.115459,163,204.115459,104.9301585
1492,29.8,25.50639336,45.50639336,65.50639336,85.50639336,34.80523813,115.4635671,162,205.4635671,105.5063934
1493,31.1,26.08262818,46.08262818,66.08262818,86.08262818,34.80523813,119.8357708,160,209.8357708,106.0826282
1494,33.4,26.658863,46.658863,66.658863,86.658863,133.8418866,129.4504678,166,219.4504678,106.658863
1495,34.6,50.89488266,70.89488266,90.89488266,110.8948827,81.27054168,135.6519518,164,225.6519518,130.8948827
1496,35.8,22.91333667,42.91333667,62.91333667,82.91333667,142.9760943,136.2831606,178,226.2831606,102.9133367
1497,34.7,21.47274962,41.47274962,61.47274962,81.47274962,142.9760943,135.4517771,188,225.4517771,101.4727496
1498,32.2,20.03216257,40.03216257,60.03216257,80.03216257,142.9760943,135.0245708,178,225.0245708,100.0321626
1499,29.4,56.170104,76.170104,96.170104,116.170104,142.9760943,136.4236258,182,226.4236258,136.170104
1500,28,17.43910588,37.43910588,57.43910588,77.43910588,221.6194071,136.8074554,156,226.8074554,97.43910588
1501,27.4,17.58316458,37.58316458,57.58316458,77.58316458,169.0480621,137.1820531,145,227.1820531,97.58316458
1502,27.4,18.0153407,38.0153407,58.0153407,78.0153407,142.9760943,138.9354821,144,228.9354821,98.0153407
1503,28.2,20.17622127,40.17622127,60.17622127,80.17622127,55.19857386,139.3838686,151,229.3838686,100.1762213
1504,28,21.61680832,41.61680832,61.61680832,81.61680832,55.19857386,135.9858704,174,225.9858704,101.6168083
1505,28.3,24.49798242,44.49798242,64.49798242,84.49798242,55.19857386,135.1008248,205,225.1008248,104.4979824
1506,30.3,88.47341114,108.4734111,128.4734111,148.4734111,55.19857386,135.4629803,218,225.4629803,168.4734111
1507,31.7,25.36233465,45.36233465,65.36233465,85.36233465,55.19857386,131.7896915,194,221.7896915,105.3623347
1508,32.3,25.79451077,45.79451077,65.79451077,85.79451077,81.27054168,130.5739702,191,220.5739702,105.7945108
1509,30.7,27.37915652,47.37915652,67.37915652,87.37915652,81.27054168,130.9464864,198,220.9464864,107.3791565
1510,30.7,27.95539134,47.95539134,67.95539134,87.95539134,55.19857386,127.0444084,183,217.0444084,107.9553913
1511,30.7,28.53162616,48.53162616,68.53162616,88.53162616,21.90472707,125.2795483,159,215.2795483,108.5316262
1512,30.8,28.67568487,48.67568487,68.67568487,88.67568487,21.90472707,122.2320322,154,212.2320322,108.6756849
1513,29.8,28.53162616,48.53162616,68.53162616,88.53162616,21.90472707,120.2010555,150,210.2010555,108.5316262
1514,30.6,28.24350875,48.24350875,68.24350875,88.24350875,21.90472707,118.7507487,146,208.7507487,108.2435088
1515,31.1,28.67568487,48.67568487,68.67568487,88.67568487,21.90472707,116.0951435,145,206.0951435,108.6756849
1516,31.1,28.67568487,48.67568487,68.67568487,88.67568487,34.80523813,117.577993,147,207.577993,108.6756849
1517,31.9,28.38756746,48.38756746,68.38756746,88.38756746,34.80523813,123.2116079,177,213.2116079,108.3875675
1518,32.6,28.53162616,48.53162616,68.53162616,88.53162616,133.8418866,133.0159585,258,223.0159585,108.5316262
1519,33.4,52.47952841,72.47952841,92.47952841,112.4795284,81.27054168,142.0325698,231,232.0325698,132.4795284
1520,32.8,25.21827595,45.21827595,65.21827595,85.21827595,142.9760943,142.3910763,163,232.3910763,105.2182759
1521,30.4,23.63363019,43.63363019,63.63363019,83.63363019,142.9760943,143.5227587,139,233.5227587,103.6336302
1522,27.9,22.62521926,42.62521926,62.62521926,82.62521926,142.9760943,145.0209615,148,235.0209615,102.6252193
1523,25.8,59.77157163,79.77157163,99.77157163,119.7715716,142.9760943,143.2904289,134,233.2904289,139.7715716
1524,24.8,21.32869091,41.32869091,61.32869091,81.32869091,221.6194071,139.8554691,141,229.8554691,101.3286909
1525,23.8,20.75245609,40.75245609,60.75245609,80.75245609,169.0480621,131.769214,133,221.769214,100.7524561
1526,23,20.60839739,40.60839739,60.60839739,80.60839739,142.9760943,131.7217215,132,221.7217215,100.6083974
1527,23,21.0405735,41.0405735,61.0405735,81.0405735,55.19857386,129.6397969,128,219.6397969,101.0405735
1528,24,21.76086703,41.76086703,61.76086703,81.76086703,55.19857386,125.4636814,127,215.4636814,101.760867
1529,24.2,24.93015854,44.93015854,64.93015854,84.93015854,55.19857386,126.4984095,155,216.4984095,104.9301585
1530,25.8,89.76993949,109.7699395,129.7699395,149.7699395,55.19857386,124.4428841,159,214.4428841,169.7699395
1531,28.9,27.37915652,47.37915652,67.37915652,87.37915652,55.19857386,120.0758557,190,210.0758557,107.3791565
1532,29.1,27.37915652,47.37915652,67.37915652,87.37915652,81.27054168,116.190482,167,206.190482,107.3791565
1533,29.3,27.09103911,47.09103911,67.09103911,87.09103911,81.27054168,115.7211207,181,205.7211207,107.0910391
1534,29.2,26.51480429,46.51480429,66.51480429,86.51480429,55.19857386,112.4208081,154,202.4208081,106.5148043
1535,29,26.8029217,46.8029217,66.8029217,86.8029217,21.90472707,110.4108396,129,200.4108396,106.8029217
1536,29.3,26.94698041,46.94698041,66.94698041,86.94698041,21.90472707,110.4166537,124,200.4166537,106.9469804
1537,28.6,26.08262818,46.08262818,66.08262818,86.08262818,21.90472707,109.7137612,124,199.7137612,106.0826282
1538,28.1,24.93015854,44.93015854,64.93015854,84.93015854,21.90472707,109.0006756,126,199.0006756,104.9301585
1539,27.8,23.63363019,43.63363019,63.63363019,83.63363019,21.90472707,107.7062854,125,197.7062854,103.6336302
1540,27.1,22.33710185,42.33710185,62.33710185,82.33710185,34.80523813,109.4871222,129,199.4871222,102.3371018
1541,27.1,21.61680832,41.61680832,61.61680832,81.61680832,34.80523813,110.7827712,153,200.7827712,101.6168083
1542,28.7,21.32869091,41.32869091,61.32869091,81.32869091,133.8418866,113.6282736,211,203.6282736,101.3286909
1543,29.8,45.85282799,65.85282799,85.85282799,105.852828,81.27054168,117.9912171,195,207.9912171,125.852828
1544,28.7,19.59998645,39.59998645,59.59998645,79.59998645,142.9760943,119.7014603,146,209.7014603,99.59998645
1545,26.5,18.1593994,38.1593994,58.1593994,78.1593994,142.9760943,119.7325875,126,209.7325875,98.1593994
1546,25.9,16.71881235,36.71881235,56.71881235,76.71881235,142.9760943,117.9043141,124,207.9043141,96.71881235
1547,23.3,53.72110602,73.72110602,93.72110602,113.721106,142.9760943,119.1079808,120,209.1079808,133.721106
1548,21.2,15.1341666,35.1341666,55.1341666,75.1341666,221.6194071,118.5466761,116,208.5466761,95.1341666
1549,20.4,14.55793178,34.55793178,54.55793178,74.55793178,169.0480621,118.8665676,127,208.8665676,94.55793178
1550,19.8,14.70199049,34.70199049,54.70199049,74.70199049,142.9760943,117.8303868,116,207.8303868,94.70199049
1551,19.4,15.1341666,35.1341666,55.1341666,75.1341666,55.19857386,117.8172739,117,207.8172739,95.1341666
1552,19.7,15.2782253,35.2782253,55.2782253,75.2782253,55.19857386,117.7984174,128,207.7984174,95.2782253
1553,20.3,15.56634271,35.56634271,55.56634271,75.56634271,55.19857386,117.9431759,149,207.9431759,95.56634271
1554,22.5,79.10959532,99.10959532,119.1095953,139.1095953,55.19857386,117.1968943,177,207.1968943,159.1095953
1555,25,17.15098847,37.15098847,57.15098847,77.15098847,55.19857386,117.3489612,170,207.3489612,97.15098847
1556,26.1,20.03216257,40.03216257,60.03216257,80.03216257,81.27054168,116.2389601,157,206.2389601,100.0321626
1557,29.4,19.88810386,39.88810386,59.88810386,79.88810386,81.27054168,112.8023539,168,202.8023539,99.88810386
1558,32.8,21.32869091,41.32869091,61.32869091,81.32869091,55.19857386,110.4060188,169,200.4060188,101.3286909
1559,30.1,22.33710185,42.33710185,62.33710185,82.33710185,21.90472707,108.9576142,131,198.9576142,102.3371018
1560,28,22.48116055,42.48116055,62.48116055,82.48116055,21.90472707,110.3554037,121,200.3554037,102.4811606
1561,26.5,22.62521926,42.62521926,62.62521926,82.62521926,21.90472707,109.6878526,120,199.6878526,102.6252193
1562,26.5,23.05739537,43.05739537,63.05739537,83.05739537,21.90472707,109.8069338,120,199.8069338,103.0573954
1563,27.5,24.06580631,44.06580631,64.06580631,84.06580631,21.90472707,110.5732602,121,200.5732602,104.0658063
1564,28,24.35392372,44.35392372,64.35392372,84.35392372,34.80523813,110.9988651,123,200.9988651,104.3539237
1565,28.9,24.35392372,44.35392372,64.35392372,84.35392372,34.80523813,111.7999497,142,201.7999497,104.3539237
1566,30,24.49798242,44.49798242,64.49798242,84.49798242,133.8418866,114.2753949,203,204.2753949,104.4979824
1567,32.5,49.74241302,69.74241302,89.74241302,109.742413,81.27054168,114.4615482,210,204.4615482,129.742413
1568,32.9,24.35392372,44.35392372,64.35392372,84.35392372,142.9760943,114.9928571,154,204.9928571,104.3539237
1569,28.8,23.7776889,43.7776889,63.7776889,83.7776889,142.9760943,114.5881347,122,204.5881347,103.7776889
1570,27,23.48957149,43.48957149,63.48957149,83.48957149,142.9760943,114.8530691,136,204.8530691,103.4895715
1571,24.4,60.77998256,80.77998256,100.7799826,120.7799826,142.9760943,114.9611804,119,204.9611804,140.7799826
1572,22.8,22.04898444,42.04898444,62.04898444,82.04898444,221.6194071,113.8940313,124,203.8940313,102.0489844
1573,23.8,21.47274962,41.47274962,61.47274962,81.47274962,169.0480621,114.3960986,103,204.3960986,101.4727496
1574,23.5,20.75245609,40.75245609,60.75245609,80.75245609,142.9760943,115.164481,105,205.164481,100.7524561
1575,23.7,20.46433868,40.46433868,60.46433868,80.46433868,55.19857386,112.9419021,114,202.9419021,100.4643387
1576,24.3,20.60839739,40.60839739,60.60839739,80.60839739,55.19857386,113.6863324,133,203.6863324,100.6083974
1577,24.3,20.75245609,40.75245609,60.75245609,80.75245609,55.19857386,115.1994418,162,205.1994418,100.7524561
1578,26.6,84.00759129,104.0075913,124.0075913,144.0075913,55.19857386,115.3031199,153,205.3031199,164.0075913
1579,30.3,22.04898444,42.04898444,62.04898444,82.04898444,55.19857386,113.3008827,162,203.3008827,102.0489844
1580,31,23.34551278,43.34551278,63.34551278,83.34551278,81.27054168,112.3375047,167,202.3375047,103.3455128
1581,30.6,23.05739537,43.05739537,63.05739537,83.05739537,81.27054168,114.5482862,162,204.5482862,103.0573954
1582,30.7,22.91333667,42.91333667,62.91333667,82.91333667,55.19857386,113.6805519,144,203.6805519,102.9133367
1583,30,23.34551278,43.34551278,63.34551278,83.34551278,21.90472707,110.1289269,118,200.1289269,103.3455128
1584,30.1,23.48957149,43.48957149,63.48957149,83.48957149,21.90472707,110.925914,118,200.925914,103.4895715
1585,29.8,23.7776889,43.7776889,63.7776889,83.7776889,21.90472707,110.4017806,117,200.4017806,103.7776889
1586,29.2,24.20986501,44.20986501,64.20986501,84.20986501,21.90472707,110.8012735,114,200.8012735,104.209865
1587,29,25.07421724,45.07421724,65.07421724,85.07421724,21.90472707,111.7692151,119,201.7692151,105.0742172
1588,28.6,26.22668688,46.22668688,66.22668688,86.22668688,34.80523813,113.6523658,121,203.6523658,106.2266869
1589,30,27.37915652,47.37915652,67.37915652,87.37915652,34.80523813,119.4477617,130,209.4477617,107.3791565
1590,31.7,28.09945005,48.09945005,68.09945005,88.09945005,133.8418866,130.1688622,205,220.1688622,108.09945
1591,33.5,52.47952841,72.47952841,92.47952841,112.4795284,81.27054168,138.1282673,208,228.1282673,132.4795284
1592,33.1,24.78609983,44.78609983,64.78609983,84.78609983,142.9760943,141.5199882,129,231.5199882,104.7860998
1593,28,22.91333667,42.91333667,62.91333667,82.91333667,142.9760943,141.5538776,131,231.5538776,102.9133367
1594,25.2,21.32869091,41.32869091,61.32869091,81.32869091,142.9760943,132.3727273,120,222.3727273,101.3286909
1595,23.2,57.89880846,77.89880846,97.89880846,117.8988085,142.9760943,137.6113024,115,227.6113024,137.8988085
1596,22,19.16781034,39.16781034,59.16781034,79.16781034,221.6194071,140.2891446,117,230.2891446,99.16781034
1597,19.9,18.30345811,38.30345811,58.30345811,78.30345811,169.0480621,140.0671034,113,230.0671034,98.30345811
1598,19.2,18.1593994,38.1593994,58.1593994,78.1593994,142.9760943,139.5517945,112,229.5517945,98.1593994
1599,18.7,18.44751681,38.44751681,58.44751681,78.44751681,55.19857386,139.4733117,122,229.4733117,98.44751681
1600,20.7,20.32027998,40.32027998,60.32027998,80.32027998,55.19857386,134.902657,124,224.902657,100.32028
1601,22.7,23.20145408,43.20145408,63.20145408,83.20145408,55.19857386,132.6851864,138,222.6851864,103.2014541
1602,24.4,87.89717632,107.8971763,127.8971763,147.8971763,55.19857386,131.9438913,134,221.9438913,167.8971763
1603,27.9,25.21827595,45.21827595,65.21827595,85.21827595,55.19857386,129.2508671,157,219.2508671,105.2182759
1604,30.5,25.50639336,45.50639336,65.50639336,85.50639336,81.27054168,127.8688504,136,217.8688504,105.5063934
1605,32.4,25.65045206,45.65045206,65.65045206,85.65045206,81.27054168,125.7259521,142,215.7259521,105.6504521
1606,29.9,26.08262818,46.08262818,66.08262818,86.08262818,55.19857386,122.4917803,143,212.4917803,106.0826282
1607,28.1,26.51480429,46.51480429,66.51480429,86.51480429,21.90472707,120.1381379,113,210.1381379,106.5148043
1608,28.4,26.94698041,46.94698041,66.94698041,86.94698041,21.90472707,117.7236095,111,207.7236095,106.9469804
1609,28.6,27.52321523,47.52321523,67.52321523,87.52321523,21.90472707,115.6542689,106,205.6542689,107.5232152
1610,29.4,27.66727393,47.66727393,67.66727393,87.66727393,21.90472707,115.9096504,105,205.9096504,107.6672739
1611,29.2,27.81133264,47.81133264,67.81133264,87.81133264,21.90472707,117.4756628,105,207.4756628,107.8113326
1612,29.3,28.09945005,48.09945005,68.09945005,88.09945005,34.80523813,119.2323818,104,209.2323818,108.09945
1613,30.8,27.95539134,47.95539134,67.95539134,87.95539134,34.80523813,121.3137214,123,211.3137214,107.9553913
1614,32.3,26.37074559,46.37074559,66.37074559,86.37074559,113.4485509,131.7384961,196,221.7384961,106.3707456
1615,34,50.31864784,70.31864784,90.31864784,110.3186478,60.87720596,139.9841665,194,229.9841665,130.3186478
1616,34.1,24.35392372,44.35392372,64.35392372,84.35392372,34.80523813,140.5229006,140,230.5229006,104.3539237
1617,30.7,23.34551278,43.34551278,63.34551278,83.34551278,34.80523813,141.6700367,120,231.6700367,103.3455128
1618,26.7,22.48116055,42.48116055,62.48116055,82.48116055,34.80523813,142.5736306,110,232.5736306,102.4811606
1619,24.3,59.62751292,79.62751292,99.62751292,119.6275129,34.80523813,142.1678112,113,232.1678112,139.6275129
1620,23.5,21.0405735,41.0405735,61.0405735,81.0405735,113.4485509,141.8669121,108,231.8669121,101.0405735
1621,23.1,22.33710185,42.33710185,62.33710185,82.33710185,60.87720596,142.1097549,101,232.1097549,102.3371018
1622,23.1,22.76927796,42.76927796,62.76927796,82.76927796,34.80523813,142.5690339,109,232.5690339,102.769278
1623,24.1,23.7776889,43.7776889,63.7776889,83.7776889,34.80523813,141.9201878,108,231.9201878,103.7776889
1624,24.2,24.64204113,44.64204113,64.64204113,84.64204113,34.80523813,137.5821533,109,227.5821533,104.6420411
1625,24.4,24.93015854,44.93015854,64.93015854,84.93015854,34.80523813,135.2881876,153,225.2881876,104.9301585
1626,27,87.89717632,107.8971763,127.8971763,147.8971763,34.80523813,133.9704147,149,223.9704147,167.8971763
1627,28.9,25.07421724,45.07421724,65.07421724,85.07421724,34.80523813,131.8733534,140,221.8733534,105.0742172
1628,28,25.50639336,45.50639336,65.50639336,85.50639336,60.87720596,130.3230957,133,220.3230957,105.5063934
1629,27.8,25.93856947,45.93856947,65.93856947,85.93856947,60.87720596,127.2143776,127,217.2143776,105.9385695
1630,27.2,26.37074559,46.37074559,66.37074559,86.37074559,34.80523813,122.0203778,118,212.0203778,106.3707456
1631,25.3,27.23509782,47.23509782,67.23509782,87.23509782,21.90472707,119.9430113,106,209.9430113,107.2350978
1632,24.3,28.24350875,48.24350875,68.24350875,88.24350875,21.90472707,116.9629591,106,206.9629591,108.2435088
1633,24,29.25191968,49.25191968,69.25191968,89.25191968,21.90472707,116.4593326,103,206.4593326,109.2519197
1634,24.2,29.97221321,49.97221321,69.97221321,89.97221321,21.90472707,115.4285735,104,205.4285735,109.9722132
1635,24.4,30.40438932,50.40438932,70.40438932,90.40438932,21.90472707,115.9383997,107,205.9383997,110.4043893
1636,24.3,31.26874155,51.26874155,71.26874155,91.26874155,21.90472707,119.7600381,108,209.7600381,111.2687416
1637,24.6,31.41280026,51.41280026,71.41280026,91.41280026,21.90472707,125.3558731,111,215.3558731,111.4128003
1638,26.3,31.41280026,51.41280026,71.41280026,91.41280026,100.5480399,135.7577432,123,225.7577432,111.4128003
1639,27.6,56.65723086,76.65723086,96.65723086,116.6572309,47.97669489,145.3495526,127,235.3495526,136.6572309
1640,28.9,30.98062414,50.98062414,70.98062414,90.98062414,21.90472707,147.6286417,160,237.6286417,110.9806241
1641,29.6,30.26033062,50.26033062,70.26033062,90.26033062,21.90472707,146.6203559,166,236.6203559,110.2603306
1642,27.9,29.97221321,49.97221321,69.97221321,89.97221321,21.90472707,144.741697,183,234.741697,109.9722132
1643,26.9,67.5507417,87.5507417,107.5507417,127.5507417,21.90472707,146.5173692,180,236.5173692,147.5507417
1644,25.6,29.6840958,49.6840958,69.6840958,89.6840958,100.5480399,144.9791255,161,234.9791255,109.6840958
1645,23.9,28.96380228,48.96380228,68.96380228,88.96380228,47.97669489,143.2931124,141,233.2931124,108.9638023
1646,22.9,28.53162616,48.53162616,68.53162616,88.53162616,21.90472707,143.665894,147,233.665894,108.5316262
1647,23.4,28.53162616,48.53162616,68.53162616,88.53162616,21.90472707,142.4419644,168,232.4419644,108.5316262
1648,24.9,28.53162616,48.53162616,68.53162616,88.53162616,21.90472707,139.1689289,161,229.1689289,108.5316262
1649,26,29.25191968,49.25191968,69.25191968,89.25191968,21.90472707,137.870539,164,227.870539,109.2519197
1650,27.7,93.0832897,113.0832897,133.0832897,153.0832897,21.90472707,136.7589292,152,226.7589292,173.0832897
1651,30,30.98062414,50.98062414,70.98062414,90.98062414,21.90472707,134.9368465,149,224.9368465,110.9806241
1652,32.4,31.12468285,51.12468285,71.12468285,91.12468285,47.97669489,131.4876241,129,221.4876241,111.1246828
1653,32.1,31.55685896,51.55685896,71.55685896,91.55685896,47.97669489,129.2873562,119,219.2873562,111.556859
1654,32.6,31.55685896,51.55685896,71.55685896,91.55685896,21.90472707,126.3826972,138,216.3826972,111.556859
1655,32.4,31.84497637,51.84497637,71.84497637,91.84497637,21.90472707,124.3567227,136,214.3567227,111.8449764
1656,31.4,31.70091767,51.70091767,71.70091767,91.70091767,21.90472707,120.9761525,128,210.9761525,111.7009177
1657,32.3,31.55685896,51.55685896,71.55685896,91.55685896,21.90472707,119.7314694,113,209.7314694,111.556859
1658,32.5,31.41280026,51.41280026,71.41280026,91.41280026,21.90472707,117.634233,112,207.634233,111.4128003
1659,32.2,30.98062414,50.98062414,70.98062414,90.98062414,21.90472707,117.0710803,113,207.0710803,110.9806241
1660,32.7,29.39597839,49.39597839,69.39597839,89.39597839,34.80523813,118.8808066,112,208.8808066,109.3959784
1661,33.2,27.95539134,47.95539134,67.95539134,87.95539134,34.80523813,123.4623707,112,213.4623707,107.9553913
1662,35.7,26.658863,46.658863,66.658863,86.658863,133.8418866,134.2479009,115,224.2479009,106.658863
1663,37.7,49.59835431,69.59835431,89.59835431,109.5983543,81.27054168,142.3875685,121,232.3875685,129.5983543
1664,37.5,22.62521926,42.62521926,62.62521926,82.62521926,142.9760943,142.7769558,135,232.7769558,102.6252193
1665,33.6,21.18463221,41.18463221,61.18463221,81.18463221,142.9760943,144.3976197,154,234.3976197,101.1846322
1666,29.5,19.74404516,39.74404516,59.74404516,79.74404516,142.9760943,143.3527653,159,233.3527653,99.74404516
1667,26.4,56.89039753,76.89039753,96.89039753,116.8903975,142.9760943,142.5371302,178,232.5371302,136.8903975
1668,23.7,18.73563422,38.73563422,58.73563422,78.73563422,221.6194071,141.7342836,147,231.7342836,98.73563422
1669,22.3,18.87969293,38.87969293,58.87969293,78.87969293,169.0480621,142.5281045,130,232.5281045,98.87969293
1670,21.5,19.31186904,39.31186904,59.31186904,79.31186904,142.9760943,143.3846357,126,233.3846357,99.31186904
1671,21.4,21.76086703,41.76086703,61.76086703,81.76086703,55.19857386,142.5449165,120,232.5449165,101.760867
1672,20.8,22.19304314,42.19304314,62.19304314,82.19304314,55.19857386,137.3531168,131,227.3531168,102.1930431
1673,21.7,22.48116055,42.48116055,62.48116055,82.48116055,55.19857386,136.5703457,139,226.5703457,102.4811606
1674,23.7,85.59223705,105.592237,125.592237,145.592237,55.19857386,135.0794473,164,225.0794473,165.592237
1675,26.9,22.48116055,42.48116055,62.48116055,82.48116055,55.19857386,131.6438911,167,221.6438911,102.4811606
1676,29.6,22.19304314,42.19304314,62.19304314,82.19304314,81.27054168,130.3159012,151,220.3159012,102.1930431
1677,30.5,21.90492573,41.90492573,61.90492573,81.90492573,81.27054168,127.246247,153,217.246247,101.9049257
1678,30.3,21.90492573,41.90492573,61.90492573,81.90492573,55.19857386,124.4258601,134,214.4258601,101.9049257
1679,29.1,21.76086703,41.76086703,61.76086703,81.76086703,21.90472707,118.7616529,106,208.7616529,101.760867
1680,28.9,21.61680832,41.61680832,61.61680832,81.61680832,21.90472707,114.3234809,103,204.3234809,101.6168083
1681,28.4,21.61680832,41.61680832,61.61680832,81.61680832,21.90472707,114.779386,98,204.779386,101.6168083
1682,29,21.61680832,41.61680832,61.61680832,81.61680832,21.90472707,114.9349424,97,204.9349424,101.6168083
1683,28.7,21.47274962,41.47274962,61.47274962,81.47274962,21.90472707,115.6785077,100,205.6785077,101.4727496
1684,30.5,21.32869091,41.32869091,61.32869091,81.32869091,34.80523813,116.5600341,101,206.5600341,101.3286909
1685,30.2,21.18463221,41.18463221,61.18463221,81.18463221,34.80523813,120.6650911,117,210.6650911,101.1846322
1686,31.4,20.8965148,40.8965148,60.8965148,80.8965148,133.8418866,129.087842,193,219.087842,100.8965148
1687,31.8,45.70876928,65.70876928,85.70876928,105.7087693,81.27054168,136.6310151,178,226.6310151,125.7087693
1688,31.2,19.88810386,39.88810386,59.88810386,79.88810386,142.9760943,138.9280649,118,228.9280649,99.88810386
1689,27.6,19.45592775,39.45592775,59.45592775,79.45592775,142.9760943,140.4887953,108,230.4887953,99.45592775
1690,24.7,19.59998645,39.59998645,59.59998645,79.59998645,142.9760943,131.6967692,111,221.6967692,99.59998645
1691,21.7,57.46663235,77.46663235,97.46663235,117.4666323,142.9760943,137.6171063,120,227.6171063,137.4666323
1692,20.5,19.45592775,39.45592775,59.45592775,79.45592775,221.6194071,139.4646701,99,229.4646701,99.45592775
1693,19.8,19.02375163,39.02375163,59.02375163,79.02375163,169.0480621,139.238075,100,229.238075,99.02375163
1694,18.7,18.44751681,38.44751681,58.44751681,78.44751681,142.9760943,135.2805338,96,225.2805338,98.44751681
1695,18.4,18.30345811,38.30345811,58.30345811,78.30345811,55.19857386,132.6213052,99,222.6213052,98.30345811
1696,18.6,18.44751681,38.44751681,58.44751681,78.44751681,55.19857386,127.3269323,113,217.3269323,98.44751681
1697,20.1,18.87969293,38.87969293,58.87969293,78.87969293,55.19857386,125.8099884,110,215.8099884,98.87969293
1698,22.4,82.85512165,102.8551217,122.8551217,142.8551217,55.19857386,124.9152565,132,214.9152565,162.8551217
1699,25.4,19.88810386,39.88810386,59.88810386,79.88810386,55.19857386,122.8937735,138,212.8937735,99.88810386
1700,28.9,19.16781034,39.16781034,59.16781034,79.16781034,81.27054168,120.9564742,129,210.9564742,99.16781034
1701,29.1,18.1593994,38.1593994,58.1593994,78.1593994,81.27054168,117.8639239,143,207.8639239,98.1593994
1702,28.8,17.72722329,37.72722329,57.72722329,77.72722329,55.19857386,115.765201,137,205.765201,97.72722329
1703,28.5,17.72722329,37.72722329,57.72722329,77.72722329,21.90472707,114.2169256,106,204.2169256,97.72722329
1704,28.7,17.87128199,37.87128199,57.87128199,77.87128199,21.90472707,112.2156548,95,202.2156548,97.87128199
1705,28.5,18.0153407,38.0153407,58.0153407,78.0153407,21.90472707,112.4168958,94,202.4168958,98.0153407
1706,29,18.1593994,38.1593994,58.1593994,78.1593994,21.90472707,109.8074905,96,199.8074905,98.1593994
1707,29.5,18.59157552,38.59157552,58.59157552,78.59157552,21.90472707,109.2415398,96,199.2415398,98.59157552
1708,30.1,19.16781034,39.16781034,59.16781034,79.16781034,34.80523813,108.8865367,96,198.8865367,99.16781034
1709,31.1,19.88810386,39.88810386,59.88810386,79.88810386,34.80523813,110.3234819,111,200.3234819,99.88810386
1710,30.9,19.59998645,39.59998645,59.59998645,79.59998645,133.8418866,112.864221,184,202.864221,99.59998645
1711,30.8,44.26818223,64.26818223,84.26818223,104.2681822,81.27054168,115.9842417,167,205.9842417,124.2681822
1712,31.1,18.1593994,38.1593994,58.1593994,78.1593994,142.9760943,120.1007583,119,210.1007583,98.1593994
1713,27.1,17.29504717,37.29504717,57.29504717,77.29504717,142.9760943,121.9234294,115,211.9234294,97.29504717
1714,24,16.57475365,36.57475365,56.57475365,76.57475365,142.9760943,124.2156795,114,214.2156795,96.57475365
1715,22.3,53.57704732,73.57704732,93.57704732,113.5770473,142.9760943,123.5861564,120,213.5861564,133.5770473
1716,22.5,14.12575567,34.12575567,54.12575567,74.12575567,221.6194071,122.488106,117,212.488106,94.12575567
1717,20.6,13.83763826,33.83763826,53.83763826,73.83763826,169.0480621,120.9991999,110,210.9991999,93.83763826
1718,19.4,14.41387308,34.41387308,54.41387308,74.41387308,142.9760943,121.1600428,113,211.1600428,94.41387308
1719,19,14.70199049,34.70199049,54.70199049,74.70199049,55.19857386,121.6684587,141,211.6684587,94.70199049
1720,18.5,15.56634271,35.56634271,55.56634271,75.56634271,55.19857386,121.6249374,120,211.6249374,95.56634271
1721,19.4,17.29504717,37.29504717,57.29504717,77.29504717,55.19857386,118.4898281,134,208.4898281,97.29504717
1722,22.2,81.70265201,101.702652,121.702652,141.702652,55.19857386,117.0196608,168,207.0196608,161.702652
1723,25.4,19.16781034,39.16781034,59.16781034,79.16781034,55.19857386,116.1964314,174,206.1964314,99.16781034
1724,29.3,19.16781034,39.16781034,59.16781034,79.16781034,81.27054168,114.2056367,162,204.2056367,99.16781034
1725,30.6,19.59998645,39.59998645,59.59998645,79.59998645,81.27054168,111.4604718,172,201.4604718,99.59998645
1726,31.6,20.32027998,40.32027998,60.32027998,80.32027998,55.19857386,110.329532,143,200.329532,100.32028
1727,30.7,21.0405735,41.0405735,61.0405735,81.0405735,21.90472707,108.5343199,125,198.5343199,101.0405735
1728,30.9,21.32869091,41.32869091,61.32869091,81.32869091,21.90472707,107.8150828,111,197.8150828,101.3286909
1729,31.4,21.61680832,41.61680832,61.61680832,81.61680832,21.90472707,108.1768075,110,198.1768075,101.6168083
1730,30.1,21.90492573,41.90492573,61.90492573,81.90492573,21.90472707,108.1904461,115,198.1904461,101.9049257
1731,29.8,22.33710185,42.33710185,62.33710185,82.33710185,21.90472707,107.8365447,116,197.8365447,102.3371018
1732,31.1,22.48116055,42.48116055,62.48116055,82.48116055,34.80523813,108.5689626,117,198.5689626,102.4811606
1733,32.1,22.48116055,42.48116055,62.48116055,82.48116055,34.80523813,108.8480047,133,198.8480047,102.4811606
1734,33,22.33710185,42.33710185,62.33710185,82.33710185,133.8418866,110.9271616,204,200.9271616,102.3371018
1735,34.6,46.86123892,66.86123892,86.86123892,106.8612389,81.27054168,111.4951257,190,201.4951257,126.8612389
1736,33.4,20.03216257,40.03216257,60.03216257,80.03216257,142.9760943,114.4867383,134,204.4867383,100.0321626
1737,28.9,18.59157552,38.59157552,58.59157552,78.59157552,142.9760943,115.5841508,132,205.5841508,98.59157552
1738,24.5,17.15098847,37.15098847,57.15098847,77.15098847,142.9760943,118.970789,136,208.970789,97.15098847
1739,23.2,53.43298861,73.43298861,93.43298861,113.4329886,142.9760943,118.1003,119,208.1003,133.4329886
1740,22.5,14.12575567,34.12575567,54.12575567,74.12575567,221.6194071,115.7695045,117,205.7695045,94.12575567
1741,21.4,13.40546214,33.40546214,53.40546214,73.40546214,169.0480621,114.7789089,107,204.7789089,93.40546214
1742,21,13.69357955,33.69357955,53.69357955,73.69357955,142.9760943,114.5029862,107,204.5029862,93.69357955
1743,20.6,14.41387308,34.41387308,54.41387308,74.41387308,55.19857386,115.4427104,119,205.4427104,94.41387308
1744,22.1,15.1341666,35.1341666,55.1341666,75.1341666,55.19857386,115.6201109,122,205.6201109,95.1341666
1745,24,17.15098847,37.15098847,57.15098847,77.15098847,55.19857386,116.5771008,139,206.5771008,97.15098847
1746,25,81.55859331,101.5585933,121.5585933,141.5585933,55.19857386,117.6405164,166,207.6405164,161.5585933
1747,27.9,19.45592775,39.45592775,59.45592775,79.45592775,55.19857386,116.6387124,151,206.6387124,99.45592775
1748,28.1,20.03216257,40.03216257,60.03216257,80.03216257,81.27054168,114.9671797,157,204.9671797,100.0321626
1749,29.1,20.60839739,40.60839739,60.60839739,80.60839739,81.27054168,113.3122823,166,203.3122823,100.6083974
1750,29.2,20.60839739,40.60839739,60.60839739,80.60839739,55.19857386,111.0086465,180,201.0086465,100.6083974
1751,28.8,20.75245609,40.75245609,60.75245609,80.75245609,21.90472707,110.6679777,146,200.6679777,100.7524561
1752,28.7,21.0405735,41.0405735,61.0405735,81.0405735,21.90472707,110.0112823,145,200.0112823,101.0405735
1753,29.1,21.61680832,41.61680832,61.61680832,81.61680832,21.90472707,109.7106195,144,199.7106195,101.6168083
1754,28.5,21.76086703,41.76086703,61.76086703,81.76086703,21.90472707,109.9220801,145,199.9220801,101.760867
1755,29.7,22.19304314,42.19304314,62.19304314,82.19304314,21.90472707,109.7263838,149,199.7263838,102.1930431
1756,30,22.62521926,42.62521926,62.62521926,82.62521926,34.80523813,110.7332724,149,200.7332724,102.6252193
1757,30.5,22.76927796,42.76927796,62.76927796,82.76927796,34.80523813,116.3077384,170,206.3077384,102.769278
1758,31.9,22.62521926,42.62521926,62.62521926,82.62521926,133.8418866,124.7033837,244,214.7033837,102.6252193
1759,34.3,46.42906281,66.42906281,86.42906281,106.4290628,81.27054168,131.9843107,240,221.9843107,126.4290628
1760,34,19.16781034,39.16781034,59.16781034,79.16781034,142.9760943,134.5167483,147,224.5167483,99.16781034
1761,32.3,15.71040142,35.71040142,55.71040142,75.71040142,142.9760943,135.0645178,131,225.0645178,95.71040142
1762,28.2,13.26140344,33.26140344,53.26140344,73.26140344,142.9760943,134.1366287,122,224.1366287,93.26140344
1763,26,50.2636971,70.2636971,90.2636971,110.2636971,142.9760943,133.2014121,114,223.2014121,130.2636971
1764,23.4,11.67675768,31.67675768,51.67675768,71.67675768,221.6194071,133.0198127,110,223.0198127,91.67675768
1765,22.6,12.68516862,32.68516862,52.68516862,72.68516862,169.0480621,132.4853088,113,222.4853088,92.68516862
1766,22.3,14.12575567,34.12575567,54.12575567,74.12575567,142.9760943,132.5553527,121,222.5553527,94.12575567
1767,22.4,14.41387308,34.41387308,54.41387308,74.41387308,55.19857386,131.9189371,134,221.9189371,94.41387308
1768,22.5,15.71040142,35.71040142,55.71040142,75.71040142,55.19857386,127.764757,136,217.764757,95.71040142
1769,24.1,18.0153407,38.0153407,58.0153407,78.0153407,55.19857386,126.0716473,152,216.0716473,98.0153407
1770,24.4,83.86353259,103.8635326,123.8635326,143.8635326,55.19857386,125.801277,167,215.801277,163.8635326
1771,24.8,22.33710185,42.33710185,62.33710185,82.33710185,55.19857386,124.8439052,176,214.8439052,102.3371018
1772,25.2,23.34551278,43.34551278,63.34551278,83.34551278,81.27054168,123.2437617,195,213.2437617,103.3455128
1773,26.2,24.49798242,44.49798242,64.49798242,84.49798242,81.27054168,120.8494109,181,210.8494109,104.4979824
1774,26.4,24.20986501,44.20986501,64.20986501,84.20986501,55.19857386,118.1593156,162,208.1593156,104.209865
1775,25.8,24.35392372,44.35392372,64.35392372,84.35392372,21.90472707,116.4803949,150,206.4803949,104.3539237
1776,24.6,25.21827595,45.21827595,65.21827595,85.21827595,21.90472707,113.1019866,149,203.1019866,105.2182759
1777,24.4,25.36233465,45.36233465,65.36233465,85.36233465,21.90472707,113.5253581,148,203.5253581,105.3623347
1778,25.4,25.36233465,45.36233465,65.36233465,85.36233465,21.90472707,114.8004356,150,204.8004356,105.3623347
1779,25.8,24.78609983,44.78609983,64.78609983,84.78609983,21.90472707,115.9216374,155,205.9216374,104.7860998
1780,25.5,25.21827595,45.21827595,65.21827595,85.21827595,34.80523813,116.8686117,155,206.8686117,105.2182759
1781,26.8,25.50639336,45.50639336,65.50639336,85.50639336,34.80523813,122.4594287,178,212.4594287,105.5063934
1782,27.8,25.07421724,45.07421724,65.07421724,85.07421724,113.4485509,130.5647861,233,220.5647861,105.0742172
1783,30.1,47.72559115,67.72559115,87.72559115,107.7255911,60.87720596,139.8351963,228,229.8351963,127.7255911
1784,32.6,18.87969293,38.87969293,58.87969293,78.87969293,34.80523813,140.1002938,155,230.1002938,98.87969293
1785,31.8,16.57475365,36.57475365,56.57475365,76.57475365,34.80523813,140.6074184,146,230.6074184,96.57475365
1786,30,14.84604919,34.84604919,54.84604919,74.84604919,34.80523813,138.4328758,131,228.4328758,94.84604919
1787,28.7,51.56022545,71.56022545,91.56022545,111.5602254,34.80523813,137.2863109,119,227.2863109,131.5602254
1788,27.8,13.98169696,33.98169696,53.98169696,73.98169696,113.4485509,137.2122629,132,227.2122629,93.98169696
1789,27.5,13.98169696,33.98169696,53.98169696,73.98169696,60.87720596,136.8437226,119,226.8437226,93.98169696
1790,27.1,13.98169696,33.98169696,53.98169696,73.98169696,34.80523813,136.1207196,124,226.1207196,93.98169696
1791,27.4,14.55793178,34.55793178,54.55793178,74.55793178,34.80523813,133.6564361,128,223.6564361,94.55793178
1792,29.4,15.71040142,35.71040142,55.71040142,75.71040142,34.80523813,129.7762237,144,219.7762237,95.71040142
1793,31.1,17.43910588,37.43910588,57.43910588,77.43910588,34.80523813,127.6879435,144,217.6879435,97.43910588
1794,29.3,82.99918036,102.9991804,122.9991804,142.9991804,34.80523813,128.5383182,168,218.5383182,162.9991804
1795,28.9,21.47274962,41.47274962,61.47274962,81.47274962,34.80523813,130.1292632,173,220.1292632,101.4727496
1796,29,21.76086703,41.76086703,61.76086703,81.76086703,60.87720596,126.6187904,151,216.6187904,101.760867
1797,28.4,21.61680832,41.61680832,61.61680832,81.61680832,60.87720596,123.5201227,145,213.5201227,101.6168083
1798,27.8,21.32869091,41.32869091,61.32869091,81.32869091,34.80523813,120.0890198,172,210.0890198,101.3286909
1799,27.3,22.48116055,42.48116055,62.48116055,82.48116055,21.90472707,116.3161685,152,206.3161685,102.4811606
1800,27.1,23.63363019,43.63363019,63.63363019,83.63363019,21.90472707,113.2919374,146,203.2919374,103.6336302
1801,26.7,23.63363019,43.63363019,63.63363019,83.63363019,21.90472707,111.224005,149,201.224005,103.6336302
1802,25.8,23.34551278,43.34551278,63.34551278,83.34551278,21.90472707,112.3964786,146,202.3964786,103.3455128
1803,25.7,23.63363019,43.63363019,63.63363019,83.63363019,21.90472707,113.1324174,149,203.1324174,103.6336302
1804,25.9,22.76927796,42.76927796,62.76927796,82.76927796,21.90472707,117.4492963,149,207.4492963,102.769278
1805,26.3,23.48957149,43.48957149,63.48957149,83.48957149,21.90472707,123.9216557,152,213.9216557,103.4895715
1806,27.7,23.7776889,43.7776889,63.7776889,83.7776889,100.5480399,130.5696644,152,220.5696644,103.7776889
1807,29.7,47.58153244,67.58153244,87.58153244,107.5815324,47.97669489,133.0020787,175,223.0020787,127.5815324
1808,31.5,20.46433868,40.46433868,60.46433868,80.46433868,21.90472707,141.3111716,173,231.3111716,100.4643387
1809,31,20.8965148,40.8965148,60.8965148,80.8965148,21.90472707,139.9536295,203,229.9536295,100.8965148
1810,28.6,20.17622127,40.17622127,60.17622127,80.17622127,21.90472707,139.0207079,157,229.0207079,100.1762213
1811,28,58.04286717,78.04286717,98.04286717,118.0428672,21.90472707,139.4811944,149,229.4811944,138.0428672
1812,27.1,19.88810386,39.88810386,59.88810386,79.88810386,100.5480399,138.7534119,127,228.7534119,99.88810386
1813,25.6,19.45592775,39.45592775,59.45592775,79.45592775,47.97669489,136.7163834,118,226.7163834,99.45592775
1814,23.6,18.87969293,38.87969293,58.87969293,78.87969293,21.90472707,135.2030658,109,225.2030658,98.87969293
1815,24.1,18.1593994,38.1593994,58.1593994,78.1593994,21.90472707,135.6558079,125,225.6558079,98.1593994
1816,25.1,18.73563422,38.73563422,58.73563422,78.73563422,21.90472707,134.0166081,123,224.0166081,98.73563422
1817,25.3,21.32869091,41.32869091,61.32869091,81.32869091,21.90472707,131.0263936,133,221.0263936,101.3286909
1818,26.5,87.75311762,107.7531176,127.7531176,147.7531176,21.90472707,129.1829531,155,219.1829531,167.7531176
1819,26.7,25.93856947,45.93856947,65.93856947,85.93856947,21.90472707,128.3433031,139,218.3433031,105.9385695
1820,25.2,26.94698041,46.94698041,66.94698041,86.94698041,47.97669489,125.2633818,140,215.2633818,106.9469804
1821,23.7,27.37915652,47.37915652,67.37915652,87.37915652,47.97669489,121.6190992,140,211.6190992,107.3791565
1822,23,26.94698041,46.94698041,66.94698041,86.94698041,21.90472707,117.1422151,142,207.1422151,106.9469804
1823,23,25.07421724,45.07421724,65.07421724,85.07421724,21.90472707,117.2760638,146,207.2760638,105.0742172
1824,22.3,26.22668688,46.22668688,66.22668688,86.22668688,21.90472707,114.833816,137,204.833816,106.2266869
1825,20.8,26.8029217,46.8029217,66.8029217,86.8029217,21.90472707,112.7669643,137,202.7669643,106.8029217
1826,20.9,27.09103911,47.09103911,67.09103911,87.09103911,21.90472707,111.4563946,134,201.4563946,107.0910391
1827,20.7,27.52321523,47.52321523,67.52321523,87.52321523,21.90472707,111.6516351,136,201.6516351,107.5232152
1828,20.7,27.81133264,47.81133264,67.81133264,87.81133264,34.80523813,113.4291911,139,203.4291911,107.8113326
1829,22.3,27.23509782,47.23509782,67.23509782,87.23509782,34.80523813,118.5155341,141,208.5155341,107.2350978
1830,23.2,25.50639336,45.50639336,65.50639336,85.50639336,133.8418866,127.709988,145,217.709988,105.5063934
1831,25.4,48.73400208,68.73400208,88.73400208,108.7340021,81.27054168,135.1156417,154,225.1156417,128.7340021
1832,26.7,20.8965148,40.8965148,60.8965148,80.8965148,142.9760943,134.6595612,160,224.6595612,100.8965148
1833,25.3,18.73563422,38.73563422,58.73563422,78.73563422,142.9760943,138.6805547,175,228.6805547,98.73563422
1834,21.1,18.73563422,38.73563422,58.73563422,78.73563422,142.9760943,138.6847325,178,228.6847325,98.73563422
1835,20.1,55.88198659,75.88198659,95.88198659,115.8819866,142.9760943,136.7783429,148,226.7783429,135.8819866
1836,20.3,19.59998645,39.59998645,59.59998645,79.59998645,221.6194071,132.3926708,108,222.3926708,99.59998645
1837,19.5,19.45592775,39.45592775,59.45592775,79.45592775,169.0480621,132.8236843,125,222.8236843,99.45592775
1838,17.9,20.60839739,40.60839739,60.60839739,80.60839739,142.9760943,134.262966,108,224.262966,100.6083974
1839,17.2,20.75245609,40.75245609,60.75245609,80.75245609,55.19857386,136.7085883,106,226.7085883,100.7524561
1840,16.2,22.62521926,42.62521926,62.62521926,82.62521926,55.19857386,131.9464785,139,221.9464785,102.6252193
1841,16.6,23.7776889,43.7776889,63.7776889,83.7776889,55.19857386,130.680485,131,220.680485,103.7776889
1842,17.7,87.89717632,107.8971763,127.8971763,147.8971763,55.19857386,130.8046609,162,220.8046609,167.8971763
1843,19.3,25.65045206,45.65045206,65.65045206,85.65045206,55.19857386,129.4329038,169,219.4329038,105.6504521
1844,20.2,26.37074559,46.37074559,66.37074559,86.37074559,81.27054168,127.1908699,133,217.1908699,106.3707456
1845,20,27.23509782,47.23509782,67.23509782,87.23509782,81.27054168,123.9065452,139,213.9065452,107.2350978
1846,20.7,27.95539134,47.95539134,67.95539134,87.95539134,55.19857386,121.6482529,113,211.6482529,107.9553913
1847,20.6,28.67568487,48.67568487,68.67568487,88.67568487,21.90472707,121.2039361,115,211.2039361,108.6756849
1848,21.5,28.38756746,48.38756746,68.38756746,88.38756746,21.90472707,118.5143516,106,208.5143516,108.3875675
1849,21.6,28.81974357,48.81974357,68.81974357,88.81974357,21.90472707,118.0573333,102,208.0573333,108.8197436
1850,22.1,29.54003709,49.54003709,69.54003709,89.54003709,21.90472707,118.6455779,105,208.6455779,109.5400371
1851,22.5,29.8281545,49.8281545,69.8281545,89.8281545,21.90472707,116.8428981,106,206.8428981,109.8281545
1852,22.9,29.97221321,49.97221321,69.97221321,89.97221321,34.80523813,122.6356729,104,212.6356729,109.9722132
1853,23.5,29.10786098,49.10786098,69.10786098,89.10786098,34.80523813,125.8042618,119,215.8042618,109.107861
1854,24.1,28.38756746,48.38756746,68.38756746,88.38756746,133.8418866,134.4682085,203,224.4682085,108.3875675
1855,24.6,51.90329359,71.90329359,91.90329359,111.9032936,81.27054168,137.8613729,181,227.8613729,131.9032936
1856,23,25.36233465,45.36233465,65.36233465,85.36233465,142.9760943,138.8976488,121,228.8976488,105.3623347
1857,19.9,24.35392372,44.35392372,64.35392372,84.35392372,142.9760943,139.7689797,105,229.7689797,104.3539237
1858,18,23.48957149,43.48957149,63.48957149,83.48957149,142.9760943,140.5285573,94,230.5285573,103.4895715
1859,18.5,60.20374774,80.20374774,100.2037477,120.2037477,142.9760943,138.8792998,92,228.8792998,140.2037477
1860,18.5,21.76086703,41.76086703,61.76086703,81.76086703,221.6194071,136.9276106,90,226.9276106,101.760867
1861,17.7,21.32869091,41.32869091,61.32869091,81.32869091,169.0480621,136.3231477,82,226.3231477,101.3286909
1862,17.1,21.32869091,41.32869091,61.32869091,81.32869091,142.9760943,135.8685131,93,225.8685131,101.3286909
1863,16.7,21.47274962,41.47274962,61.47274962,81.47274962,55.19857386,132.9520182,96,222.9520182,101.4727496
1864,16.5,22.04898444,42.04898444,62.04898444,82.04898444,55.19857386,129.0055894,105,219.0055894,102.0489844
1865,16.3,23.63363019,43.63363019,63.63363019,83.63363019,55.19857386,126.1033742,127,216.1033742,103.6336302
1866,17.5,87.46500021,107.4650002,127.4650002,147.4650002,55.19857386,125.2317606,142,215.2317606,167.4650002
1867,20.5,24.49798242,44.49798242,64.49798242,84.49798242,55.19857386,123.1774368,152,213.1774368,104.4979824
1868,23.2,25.50639336,45.50639336,65.50639336,85.50639336,81.27054168,120.9431042,135,210.9431042,105.5063934
1869,24.4,24.93015854,44.93015854,64.93015854,84.93015854,81.27054168,118.3037189,157,208.3037189,104.9301585
1870,24.2,24.93015854,44.93015854,64.93015854,84.93015854,55.19857386,114.4166498,133,204.4166498,104.9301585
1871,24.7,25.21827595,45.21827595,65.21827595,85.21827595,21.90472707,109.3089631,121,199.3089631,105.2182759
1872,25.8,24.78609983,44.78609983,64.78609983,84.78609983,21.90472707,108.9353735,106,198.9353735,104.7860998
1873,25.9,24.06580631,44.06580631,64.06580631,84.06580631,21.90472707,109.4609981,103,199.4609981,104.0658063
1874,25.5,23.63363019,43.63363019,63.63363019,83.63363019,21.90472707,107.8248586,104,197.8248586,103.6336302
1875,26.4,23.34551278,43.34551278,63.34551278,83.34551278,21.90472707,106.3722036,104,196.3722036,103.3455128
1876,26.8,23.48957149,43.48957149,63.48957149,83.48957149,34.80523813,107.0590099,109,197.0590099,103.4895715
1877,27.5,23.9217476,43.9217476,63.9217476,83.9217476,34.80523813,108.8276526,124,198.8276526,103.9217476
1878,29.1,22.91333667,42.91333667,62.91333667,82.91333667,133.8418866,109.9583144,206,199.9583144,102.9133367
1879,29.4,46.71718021,66.71718021,86.71718021,106.7171802,81.27054168,113.7275415,177,203.7275415,126.7171802
1880,26.7,19.88810386,39.88810386,59.88810386,79.88810386,142.9760943,114.4844696,112,204.4844696,99.88810386
1881,22,18.59157552,38.59157552,58.59157552,78.59157552,142.9760943,115.9388872,103,205.9388872,98.59157552
1882,18.8,15.99851883,35.99851883,55.99851883,75.99851883,142.9760943,117.0700256,104,207.0700256,95.99851883
1883,19.2,52.56863638,72.56863638,92.56863638,112.5686364,142.9760943,117.3097627,99,207.3097627,132.5686364
1884,18.8,12.39705121,32.39705121,52.39705121,72.39705121,221.6194071,117.6931742,88,207.6931742,92.39705121
1885,17.5,11.82081639,31.82081639,51.82081639,71.82081639,169.0480621,117.1156735,94,207.1156735,91.82081639
1886,16.9,11.67675768,31.67675768,51.67675768,71.67675768,142.9760943,116.3403105,94,206.3403105,91.67675768
1887,17.1,11.38864027,31.38864027,51.38864027,71.38864027,55.19857386,116.1579254,92,206.1579254,91.38864027
1888,17.5,12.68516862,32.68516862,52.68516862,72.68516862,55.19857386,115.8854136,97,205.8854136,92.68516862
1889,18.4,13.54952085,33.54952085,53.54952085,73.54952085,55.19857386,116.4606529,133,206.4606529,93.54952085
1890,20.5,77.09277345,97.09277345,117.0927735,137.0927735,55.19857386,115.4882352,145,205.4882352,157.0927735
1891,23.5,15.2782253,35.2782253,55.2782253,75.2782253,55.19857386,113.3270036,162,203.3270036,95.2782253
1892,24.7,16.28663624,36.28663624,56.28663624,76.28663624,81.27054168,112.8064457,146,202.8064457,96.28663624
1893,27.8,16.14257753,36.14257753,56.14257753,76.14257753,81.27054168,109.9315072,163,199.9315072,96.14257753
1894,30.6,16.43069494,36.43069494,56.43069494,76.43069494,55.19857386,108.557909,163,198.557909,96.43069494
1895,30.8,16.86287106,36.86287106,56.86287106,76.86287106,21.90472707,109.1332526,135,199.1332526,96.86287106
1896,29.3,16.28663624,36.28663624,56.28663624,76.28663624,21.90472707,107.6355262,133,197.6355262,96.28663624
1897,29.5,16.43069494,36.43069494,56.43069494,76.43069494,21.90472707,108.9736763,127,198.9736763,96.43069494
1898,30.9,17.58316458,37.58316458,57.58316458,77.58316458,21.90472707,109.2297287,122,199.2297287,97.58316458
1899,30.4,18.30345811,38.30345811,58.30345811,78.30345811,21.90472707,108.0755101,122,198.0755101,98.30345811
1900,31.3,18.87969293,38.87969293,58.87969293,78.87969293,34.80523813,109.3999402,120,199.3999402,98.87969293
1901,32.2,19.31186904,39.31186904,59.31186904,79.31186904,34.80523813,111.1531865,140,201.1531865,99.31186904
1902,32.8,19.02375163,39.02375163,59.02375163,79.02375163,133.8418866,111.3230175,193,201.3230175,99.02375163
1903,33.9,42.97165389,62.97165389,82.97165389,102.9716539,81.27054168,112.1767242,195,202.1767242,122.9716539
1904,34.6,16.57475365,36.57475365,56.57475365,76.57475365,142.9760943,112.9023619,136,202.9023619,96.57475365
1905,29.9,15.56634271,35.56634271,55.56634271,75.56634271,142.9760943,114.6957521,122,204.6957521,95.56634271
1906,25.8,14.84604919,34.84604919,54.84604919,74.84604919,142.9760943,116.4428803,89,206.4428803,94.84604919
1907,23.2,52.13646027,72.13646027,92.13646027,112.1364603,142.9760943,116.749578,87,206.749578,132.1364603
1908,21.9,13.98169696,33.98169696,53.98169696,73.98169696,221.6194071,116.9360538,74,206.9360538,93.98169696
1909,19.5,13.98169696,33.98169696,53.98169696,73.98169696,169.0480621,116.3599992,58,206.3599992,93.98169696
1910,17.2,14.26981437,34.26981437,54.26981437,74.26981437,142.9760943,116.8660033,65,206.8660033,94.26981437
1911,17.3,15.2782253,35.2782253,55.2782253,75.2782253,55.19857386,116.5863969,69,206.5863969,95.2782253
1912,17.7,15.42228401,35.42228401,55.42228401,75.42228401,55.19857386,116.2317309,73,206.2317309,95.42228401
1913,18.4,16.43069494,36.43069494,56.43069494,76.43069494,55.19857386,117.7798539,91,207.7798539,96.43069494
1914,20.6,80.40612367,100.4061237,120.4061237,140.4061237,55.19857386,117.4757047,141,207.4757047,160.4061237
1915,23.5,19.02375163,39.02375163,59.02375163,79.02375163,55.19857386,116.3196877,142,206.3196877,99.02375163
1916,24.6,20.60839739,40.60839739,60.60839739,80.60839739,81.27054168,114.8185358,121,204.8185358,100.6083974
1917,26.7,21.18463221,41.18463221,61.18463221,81.18463221,81.27054168,112.8418123,138,202.8418123,101.1846322
1918,29.6,21.0405735,41.0405735,61.0405735,81.0405735,55.19857386,110.506154,127,200.506154,101.0405735
1919,30.7,21.0405735,41.0405735,61.0405735,81.0405735,21.90472707,107.6990273,98,197.6990273,101.0405735
1920,30.7,21.76086703,41.76086703,61.76086703,81.76086703,21.90472707,107.4514762,99,197.4514762,101.760867
1921,31.3,21.90492573,41.90492573,61.90492573,81.90492573,21.90472707,107.4574373,96,197.4574373,101.9049257
1922,30.1,22.33710185,42.33710185,62.33710185,82.33710185,21.90472707,107.2105415,97,197.2105415,102.3371018
1923,30.8,22.33710185,42.33710185,62.33710185,82.33710185,21.90472707,106.9713218,97,196.9713218,102.3371018
1924,31.8,21.61680832,41.61680832,61.61680832,81.61680832,34.80523813,108.5262024,98,198.5262024,101.6168083
1925,31.7,20.8965148,40.8965148,60.8965148,80.8965148,34.80523813,113.7904468,114,203.7904468,100.8965148
1926,32.2,19.88810386,39.88810386,59.88810386,79.88810386,133.8418866,122.0233473,184,212.0233473,99.88810386
1927,33.2,43.40383,63.40383,83.40383,103.40383,81.27054168,131.0386661,167,221.0386661,123.40383
1928,33.7,16.71881235,36.71881235,56.71881235,76.71881235,142.9760943,133.3293945,117,223.3293945,96.71881235
1929,28,14.55793178,34.55793178,54.55793178,74.55793178,142.9760943,133.0065795,90,223.0065795,94.55793178
1930,23.8,12.1089338,32.1089338,52.1089338,72.1089338,142.9760943,122.0364844,87,212.0364844,92.1089338
1931,21,47.09440559,67.09440559,87.09440559,107.0944056,142.9760943,130.2142383,80,220.2142383,127.0944056
1932,17.7,8.651524877,28.65152488,48.65152488,68.65152488,221.6194071,130.2708642,87,220.2708642,88.65152488
1933,15.2,7.643113943,27.64311394,47.64311394,67.64311394,169.0480621,130.90399,62,220.90399,87.64311394
1934,13.9,7.066879123,27.06687912,47.06687912,67.06687912,142.9760943,130.6315714,68,220.6315714,87.06687912
1935,13.3,7.787172648,27.78717265,47.78717265,67.78717265,55.19857386,130.2864195,65,220.2864195,87.78717265
1936,13.3,8.939642287,28.93964229,48.93964229,68.93964229,55.19857386,125.8438544,68,215.8438544,88.93964229
1937,14.6,10.09211193,30.09211193,50.09211193,70.09211193,55.19857386,123.5299476,100,213.5299476,90.09211193
1938,15.7,75.07595158,95.07595158,115.0759516,135.0759516,55.19857386,122.8446459,88,212.8446459,155.0759516
1939,17.6,13.11734473,33.11734473,53.11734473,73.11734473,55.19857386,121.7547421,101,211.7547421,93.11734473
1940,20.2,13.54952085,33.54952085,53.54952085,73.54952085,81.27054168,119.9795267,112,209.9795267,93.54952085
1941,20.5,13.54952085,33.54952085,53.54952085,73.54952085,81.27054168,117.4244445,116,207.4244445,93.54952085
1942,21.9,14.26981437,34.26981437,54.26981437,74.26981437,55.19857386,114.368105,106,204.368105,94.26981437
1943,22.8,15.99851883,35.99851883,55.99851883,75.99851883,21.90472707,112.4297016,92,202.4297016,95.99851883
1944,23.6,17.43910588,37.43910588,57.43910588,77.43910588,21.90472707,111.6743752,90,201.6743752,97.43910588
1945,23.3,17.29504717,37.29504717,57.29504717,77.29504717,21.90472707,109.7502542,85,199.7502542,97.29504717
1946,25.4,17.87128199,37.87128199,57.87128199,77.87128199,21.90472707,108.5034113,88,198.5034113,97.87128199
1947,27,18.59157552,38.59157552,58.59157552,78.59157552,21.90472707,110.0327317,91,200.0327317,98.59157552
1948,27.3,21.0405735,41.0405735,61.0405735,81.0405735,34.80523813,114.4150861,99,204.4150861,101.0405735
1949,27,21.90492573,41.90492573,61.90492573,81.90492573,34.80523813,118.3788449,123,208.3788449,101.9049257
1950,27.3,20.17622127,40.17622127,60.17622127,80.17622127,113.4485509,133.010146,190,223.010146,100.1762213
1951,28.3,41.67512554,61.67512554,81.67512554,101.6751255,60.87720596,137.6294725,133,227.6294725,121.6751255
1952,27.1,12.82922732,32.82922732,52.82922732,72.82922732,34.80523813,138.6681458,113,228.6681458,92.82922732
1953,22.6,8.939642287,28.93964229,48.93964229,68.93964229,34.80523813,137.963201,80,227.963201,88.93964229
1954,19.6,6.490644303,26.4906443,46.4906443,66.4906443,34.80523813,137.8301348,71,227.8301348,86.4906443
1955,18.3,42.72134409,62.72134409,82.72134409,102.7213441,34.80523813,137.1482332,64,227.1482332,122.7213441
1956,16.8,4.854698192,24.85469819,44.85469819,64.85469819,113.4485509,137.7900165,58,227.7900165,84.85469819
1957,16,4.854698192,24.85469819,44.85469819,64.85469819,60.87720596,137.7527371,64,227.7527371,84.85469819
1958,13.9,4.854698192,24.85469819,44.85469819,64.85469819,34.80523813,137.0889636,64,227.0889636,84.85469819
1959,13.6,4.854698192,24.85469819,44.85469819,64.85469819,34.80523813,136.5650183,64,226.5650183,84.85469819
1960,13.4,4.854698192,24.85469819,44.85469819,64.85469819,34.80523813,131.6793345,84,221.6793345,84.85469819
1961,15.1,6.634703008,26.63470301,46.63470301,66.63470301,34.80523813,129.2532065,111,219.2532065,86.63470301
1962,15,72.19477749,92.19477749,112.1947775,132.1947775,34.80523813,127.0893079,117,217.0893079,152.1947775
1963,17.3,10.52428804,30.52428804,50.52428804,70.52428804,34.80523813,123.7028588,123,213.7028588,90.52428804
1964,19.6,11.82081639,31.82081639,51.82081639,71.82081639,60.87720596,121.8846177,105,211.8846177,91.82081639
1965,21.6,12.68516862,32.68516862,52.68516862,72.68516862,60.87720596,121.710821,110,211.710821,92.68516862
1966,21.7,13.69357955,33.69357955,53.69357955,73.69357955,34.80523813,119.1435631,111,209.1435631,93.69357955
1967,21.4,14.41387308,34.41387308,54.41387308,74.41387308,21.90472707,116.2211207,104,206.2211207,94.41387308
1968,21.5,15.85446012,35.85446012,55.85446012,75.85446012,21.90472707,115.3857856,92,205.3857856,95.85446012
1969,22.5,16.71881235,36.71881235,56.71881235,76.71881235,21.90472707,115.8946474,91,205.8946474,96.71881235
1970,22,15.99851883,35.99851883,55.99851883,75.99851883,21.90472707,115.6437947,92,205.6437947,95.99851883
1971,23,15.1341666,35.1341666,55.1341666,75.1341666,21.90472707,116.2443793,92,206.2443793,95.1341666
1972,24.1,14.55793178,34.55793178,54.55793178,74.55793178,21.90472707,119.1523574,93,209.1523574,94.55793178
1973,24.2,14.41387308,34.41387308,54.41387308,74.41387308,21.90472707,123.1334632,96,213.1334632,94.41387308
1974,22.2,14.41387308,34.41387308,54.41387308,74.41387308,100.5480399,132.1984762,103,222.1984762,94.41387308
1975,23.3,39.65830367,59.65830367,79.65830367,99.65830367,47.97669489,136.7664626,122,226.7664626,119.6583037
1976,25.4,14.41387308,34.41387308,54.41387308,74.41387308,21.90472707,134.8769116,123,224.8769116,94.41387308
1977,20.7,13.83763826,33.83763826,53.83763826,73.83763826,21.90472707,133.8095253,113,223.8095253,93.83763826
1978,16.8,11.82081639,31.82081639,51.82081639,71.82081639,21.90472707,132.9024431,136,222.9024431,91.82081639
1979,15.6,46.80628818,66.80628818,86.80628818,106.8062882,21.90472707,131.7530226,129,221.7530226,126.8062882
1980,14.6,7.066879123,27.06687912,47.06687912,67.06687912,100.5480399,132.0399395,122,222.0399395,87.06687912
1981,13.3,6.202526893,26.20252689,46.20252689,66.20252689,47.97669489,131.6522704,96,221.6522704,86.20252689
1982,12.1,6.634703008,26.63470301,46.63470301,66.63470301,21.90472707,132.2083371,77,222.2083371,86.63470301
1983,11.7,7.787172648,27.78717265,47.78717265,67.78717265,21.90472707,131.5358171,77,221.5358171,87.78717265
1984,11.2,8.651524877,28.65152488,48.65152488,68.65152488,21.90472707,128.1245788,99,218.1245788,88.65152488
1985,10.5,9.803994517,29.80399452,49.80399452,69.80399452,21.90472707,126.1073759,113,216.1073759,89.80399452
1986,11.4,74.06754065,94.06754065,114.0675406,134.0675406,21.90472707,126.0414235,160,216.0414235,154.0675406
1987,13.7,12.2529925,32.2529925,52.2529925,72.2529925,21.90472707,126.0064882,118,216.0064882,92.2529925
1988,15.5,12.97328603,32.97328603,52.97328603,72.97328603,47.97669489,124.250439,89,214.250439,92.97328603
1989,16.2,13.54952085,33.54952085,53.54952085,73.54952085,47.97669489,122.6789889,86,212.6789889,93.54952085
1990,17.1,13.54952085,33.54952085,53.54952085,73.54952085,21.90472707,120.344993,86,210.344993,93.54952085
1991,16.9,14.41387308,34.41387308,54.41387308,74.41387308,21.90472707,118.6837228,78,208.6837228,94.41387308
1992,16.9,15.2782253,35.2782253,55.2782253,75.2782253,21.90472707,116.618685,77,206.618685,95.2782253
1993,18,15.42228401,35.42228401,55.42228401,75.42228401,21.90472707,114.8799263,75,204.8799263,95.42228401
1994,19,15.42228401,35.42228401,55.42228401,75.42228401,21.90472707,113.7035378,76,203.7035378,95.42228401
1995,19.6,16.14257753,36.14257753,56.14257753,76.14257753,21.90472707,114.6963456,83,204.6963456,96.14257753
1996,19.1,17.43910588,37.43910588,57.43910588,77.43910588,34.80523813,116.5264243,74,206.5264243,97.43910588
1997,19,18.0153407,38.0153407,58.0153407,78.0153407,34.80523813,121.7036177,79,211.7036177,98.0153407
1998,19.9,17.29504717,37.29504717,57.29504717,77.29504717,133.8418866,129.3265184,86,219.3265184,97.29504717
1999,21.4,40.81077331,60.81077331,80.81077331,100.8107733,81.27054168,134.5742528,88,224.5742528,120.8107733
2000,20.4,13.54952085,33.54952085,53.54952085,73.54952085,142.9760943,131.5350444,134,221.5350444,93.54952085
2001,16.7,11.67675768,31.67675768,51.67675768,71.67675768,142.9760943,129.127863,121,219.127863,91.67675768
2002,13.8,10.09211193,30.09211193,50.09211193,70.09211193,142.9760943,128.8769769,114,218.8769769,90.09211193
2003,12.6,46.66222948,66.66222948,86.66222948,106.6622295,142.9760943,126.9597507,98,216.9597507,126.6622295
2004,12.3,7.499055238,27.49905524,47.49905524,67.49905524,221.6194071,125.8752054,73,215.8752054,87.49905524
2005,12,7.066879123,27.06687912,47.06687912,67.06687912,169.0480621,125.1267703,94,215.1267703,87.06687912
2006,10.9,7.066879123,27.06687912,47.06687912,67.06687912,142.9760943,124.9617348,69,214.9617348,87.06687912
2007,10.3,7.210937828,27.21093783,47.21093783,67.21093783,55.19857386,123.3203212,62,213.3203212,87.21093783
2008,10.3,8.939642287,28.93964229,48.93964229,68.93964229,55.19857386,121.2235246,92,211.2235246,88.93964229
2009,10.6,11.10052286,31.10052286,51.10052286,71.10052286,55.19857386,121.6749837,128,211.6749837,91.10052286
2010,11.5,75.6521864,95.6521864,115.6521864,135.6521864,55.19857386,121.7377716,125,211.7377716,155.6521864
2011,12.5,13.83763826,33.83763826,53.83763826,73.83763826,55.19857386,119.8783226,129,209.8783226,93.83763826
2012,13.5,14.84604919,34.84604919,54.84604919,74.84604919,81.27054168,118.4558187,86,208.4558187,94.84604919
2013,13.2,15.56634271,35.56634271,55.56634271,75.56634271,81.27054168,115.1090415,86,205.1090415,95.56634271
2014,13.6,16.57475365,36.57475365,56.57475365,76.57475365,55.19857386,112.4590044,94,202.4590044,96.57475365
2015,13.5,18.0153407,38.0153407,58.0153407,78.0153407,21.90472707,110.3310263,78,200.3310263,98.0153407
2016,13.7,18.59157552,38.59157552,58.59157552,78.59157552,21.90472707,110.5710285,79,200.5710285,98.59157552
2017,13.7,19.16781034,39.16781034,59.16781034,79.16781034,21.90472707,108.7136254,79,198.7136254,99.16781034
2018,13.9,19.74404516,39.74404516,59.74404516,79.74404516,21.90472707,107.3913007,80,197.3913007,99.74404516
2019,14.7,19.31186904,39.31186904,59.31186904,79.31186904,21.90472707,108.6112014,84,198.6112014,99.31186904
2020,14.6,18.59157552,38.59157552,58.59157552,78.59157552,34.80523813,110.7917328,101,200.7917328,98.59157552
2021,15.1,18.0153407,38.0153407,58.0153407,78.0153407,34.80523813,114.3873185,166,204.3873185,98.0153407
2022,16,16.86287106,36.86287106,56.86287106,76.86287106,133.8418866,121.9094247,170,211.9094247,96.86287106
2023,16.5,40.3785972,60.3785972,80.3785972,100.3785972,81.27054168,128.0098119,110,218.0098119,120.3785972
2024,16.6,13.26140344,33.26140344,53.26140344,73.26140344,142.9760943,128.4472605,100,218.4472605,93.26140344
2025,16.4,11.24458157,31.24458157,51.24458157,71.24458157,142.9760943,127.8334033,93,217.8334033,91.24458157
2026,17.3,11.10052286,31.10052286,51.10052286,71.10052286,142.9760943,120.5289197,94,210.5289197,91.10052286
2027,17,47.09440559,67.09440559,87.09440559,107.0944056,142.9760943,126.3574371,87,216.3574371,127.0944056
2028,16.2,6.346585598,26.3465856,46.3465856,66.3465856,221.6194071,125.5600255,100,215.5600255,86.3465856
2029,15.7,5.050057254,25.05005725,45.05005725,65.05005725,169.0480621,123.2883715,82,213.2883715,85.05005725
2030,15.2,5.770350778,25.77035078,45.77035078,65.77035078,142.9760943,122.4109766,77,212.4109766,85.77035078
2031,14.8,5.914409483,25.91440948,45.91440948,65.91440948,55.19857386,121.6354566,81,211.6354566,85.91440948
2032,14.8,6.634703008,26.63470301,46.63470301,66.63470301,55.19857386,119.7718861,92,209.7718861,86.63470301
2033,15.1,8.507466172,28.50746617,48.50746617,68.50746617,55.19857386,117.0025698,115,207.0025698,88.50746617
2034,16.2,73.20318842,93.20318842,113.2031884,133.2031884,55.19857386,116.32115,136,206.32115,153.2031884
2035,18.4,11.53269898,31.53269898,51.53269898,71.53269898,55.19857386,115.9609999,138,205.9609999,91.53269898
2036,20.5,11.96487509,31.96487509,51.96487509,71.96487509,81.27054168,112.3480729,131,202.3480729,91.96487509
2037,20.6,12.54110991,32.54110991,52.54110991,72.54110991,81.27054168,112.2273127,124,202.2273127,92.54110991
2038,21.4,13.26140344,33.26140344,53.26140344,73.26140344,55.19857386,110.637157,122,200.637157,93.26140344
2039,20.8,13.69357955,33.69357955,53.69357955,73.69357955,21.90472707,109.1448198,107,199.1448198,93.69357955
2040,20.4,14.41387308,34.41387308,54.41387308,74.41387308,21.90472707,107.3813453,118,197.3813453,94.41387308
2041,20.7,16.28663624,36.28663624,56.28663624,76.28663624,21.90472707,106.5855584,116,196.5855584,96.28663624
2042,22.4,17.00692976,37.00692976,57.00692976,77.00692976,21.90472707,106.3860623,119,196.3860623,97.00692976
2043,23.5,17.15098847,37.15098847,57.15098847,77.15098847,21.90472707,106.1729577,121,196.1729577,97.15098847
2044,22.3,17.43910588,37.43910588,57.43910588,77.43910588,34.80523813,105.7028051,142,195.7028051,97.43910588
2045,21.9,16.28663624,36.28663624,56.28663624,76.28663624,34.80523813,106.436701,209,196.436701,96.28663624
2046,22,15.1341666,35.1341666,55.1341666,75.1341666,133.8418866,107.3877722,178,197.3877722,95.1341666
2047,22,37.92959921,57.92959921,77.92959921,97.92959921,81.27054168,108.4322248,144,198.4322248,117.9295992
2048,21.9,10.38022934,30.38022934,50.38022934,70.38022934,142.9760943,111.0655127,113,201.0655127,90.38022934
2049,22.3,7.499055238,27.49905524,47.49905524,67.49905524,142.9760943,114.904916,94,204.904916,87.49905524
2050,20,4.854698192,24.85469819,44.85469819,64.85469819,142.9760943,115.7206406,84,205.7206406,84.85469819
2051,18.2,42.72134409,62.72134409,82.72134409,102.7213441,142.9760943,116.4891077,76,206.4891077,122.7213441
2052,16.8,4.854698192,24.85469819,44.85469819,64.85469819,221.6194071,116.1702716,78,206.1702716,84.85469819
2053,15.3,4.854698192,24.85469819,44.85469819,64.85469819,169.0480621,115.3220832,89,205.3220832,84.85469819
2054,13.9,4.854698192,24.85469819,44.85469819,64.85469819,142.9760943,113.7138102,67,203.7138102,84.85469819
2055,13.2,5.770350778,25.77035078,45.77035078,65.77035078,55.19857386,111.6656378,81,201.6656378,85.77035078
2056,13.7,7.787172648,27.78717265,47.78717265,67.78717265,55.19857386,113.9667818,100,203.9667818,87.78717265
2057,14.2,10.09211193,30.09211193,50.09211193,70.09211193,55.19857386,112.7535748,121,202.7535748,90.09211193
2058,15,75.36406899,95.36406899,115.364069,135.364069,55.19857386,110.1982412,143,200.1982412,155.364069
2059,16.8,13.83763826,33.83763826,53.83763826,73.83763826,55.19857386,109.122717,140,199.122717,93.83763826
2060,17.4,14.99010789,34.99010789,54.99010789,74.99010789,81.27054168,106.3702368,125,196.3702368,94.99010789
2061,17.8,15.42228401,35.42228401,55.42228401,75.42228401,81.27054168,105.8430373,124,195.8430373,95.42228401
2062,17.8,15.85446012,35.85446012,55.85446012,75.85446012,55.19857386,103.7223017,130,193.7223017,95.85446012
2063,17.1,15.99851883,35.99851883,55.99851883,75.99851883,21.90472707,104.1399867,115,194.1399867,95.99851883
2064,16.8,16.28663624,36.28663624,56.28663624,76.28663624,21.90472707,101.361622,118,191.361622,96.28663624
2065,16.8,16.28663624,36.28663624,56.28663624,76.28663624,21.90472707,101.1330076,120,191.1330076,96.28663624
2066,17.5,15.99851883,35.99851883,55.99851883,75.99851883,21.90472707,101.2438584,123,191.2438584,95.99851883
2067,17.8,15.99851883,35.99851883,55.99851883,75.99851883,21.90472707,102.1126078,125,192.1126078,95.99851883
2068,17.3,15.99851883,35.99851883,55.99851883,75.99851883,34.80523813,102.206289,150,192.206289,95.99851883
2069,18.2,15.99851883,35.99851883,55.99851883,75.99851883,34.80523813,104.101215,206,194.101215,95.99851883
2070,20.3,16.14257753,36.14257753,56.14257753,76.14257753,133.8418866,104.710339,200,194.710339,96.14257753
2071,21,42.10730166,62.10730166,82.10730166,102.1073017,81.27054168,108.3721243,146,198.3721243,122.1073017
2072,19.6,17.43910588,37.43910588,57.43910588,77.43910588,142.9760943,109.9509304,121,199.9509304,97.43910588
2073,18.2,17.00692976,37.00692976,57.00692976,77.00692976,142.9760943,110.8610807,89,200.8610807,97.00692976
2074,16.8,16.57475365,36.57475365,56.57475365,76.57475365,142.9760943,111.5448442,86,201.5448442,96.57475365
2075,14.8,54.15328214,74.15328214,94.15328214,114.1532821,142.9760943,110.6696964,76,200.6696964,134.1532821
2076,14.1,15.56634271,35.56634271,55.56634271,75.56634271,221.6194071,111.9492608,68,201.9492608,95.56634271
2077,12.8,15.71040142,35.71040142,55.71040142,75.71040142,169.0480621,110.8254502,74,200.8254502,95.71040142
2078,12.2,16.71881235,36.71881235,56.71881235,76.71881235,142.9760943,112.3822423,71,202.3822423,96.71881235
2079,13.2,16.43069494,36.43069494,56.43069494,76.43069494,55.19857386,110.5959665,75,200.5959665,96.43069494
2080,14.5,15.56634271,35.56634271,55.56634271,75.56634271,55.19857386,109.8097024,89,199.8097024,95.56634271
2081,15.5,15.2782253,35.2782253,55.2782253,75.2782253,55.19857386,111.1245394,92,201.1245394,95.2782253
2082,15.4,77.52494957,97.52494957,117.5249496,137.5249496,55.19857386,111.8136962,142,201.8136962,157.5249496
2083,16.2,15.42228401,35.42228401,55.42228401,75.42228401,55.19857386,111.8584704,131,201.8584704,95.42228401
2084,17.7,15.2782253,35.2782253,55.2782253,75.2782253,81.27054168,109.7368704,129,199.7368704,95.2782253
2085,18.8,14.70199049,34.70199049,54.70199049,74.70199049,81.27054168,108.5429414,123,198.5429414,94.70199049
2086,18.7,14.55793178,34.55793178,54.55793178,74.55793178,55.19857386,107.9739057,112,197.9739057,94.55793178
2087,19.4,14.70199049,34.70199049,54.70199049,74.70199049,21.90472707,107.8186265,108,197.8186265,94.70199049
2088,21.8,14.84604919,34.84604919,54.84604919,74.84604919,21.90472707,105.8476594,118,195.8476594,94.84604919
2089,21.9,14.99010789,34.99010789,54.99010789,74.99010789,21.90472707,106.3798484,116,196.3798484,94.99010789
2090,22.3,14.99010789,34.99010789,54.99010789,74.99010789,21.90472707,106.4053703,119,196.4053703,94.99010789
2091,24.1,14.55793178,34.55793178,54.55793178,74.55793178,21.90472707,107.9144952,121,197.9144952,94.55793178
2092,24.7,14.26981437,34.26981437,54.26981437,74.26981437,34.80523813,111.6627747,148,201.6627747,94.26981437
2093,26.1,14.26981437,34.26981437,54.26981437,74.26981437,34.80523813,121.2204686,166,211.2204686,94.26981437
2094,30.3,13.69357955,33.69357955,53.69357955,73.69357955,133.8418866,130.7012802,191,220.7012802,93.69357955
2095,31.4,38.07365792,58.07365792,78.07365792,98.07365792,81.27054168,134.1107192,141,224.1107192,118.0736579
2096,27.6,11.53269898,31.53269898,51.53269898,71.53269898,142.9760943,135.5128273,108,225.5128273,91.53269898
2097,25.4,10.95646416,30.95646416,50.95646416,70.95646416,142.9760943,130.619553,105,220.619553,90.95646416
2098,23.4,11.67675768,31.67675768,51.67675768,71.67675768,142.9760943,135.5133638,113,225.5133638,91.67675768
2099,22.8,48.67905135,68.67905135,88.67905135,108.6790513,142.9760943,134.2133546,85,224.2133546,128.6790513
2100,22.6,9.515877107,29.51587711,49.51587711,69.51587711,221.6194071,134.9217691,74,224.9217691,89.51587711
2101,23.8,7.931231353,27.93123135,47.93123135,67.93123135,169.0480621,132.9853067,96,222.9853067,87.93123135
2102,24.5,6.778761713,26.77876171,46.77876171,66.77876171,142.9760943,130.80631,78,220.80631,86.77876171
2103,24,6.202526893,26.20252689,46.20252689,66.20252689,55.19857386,126.0559056,80,216.0559056,86.20252689
2104,26.8,6.490644303,26.4906443,46.4906443,66.4906443,55.19857386,120.5155045,108,210.5155045,86.4906443
2105,27.4,6.922820418,26.92282042,46.92282042,66.92282042,55.19857386,118.8370848,104,208.8370848,86.92282042
2106,27.3,70.32201432,90.32201432,110.3220143,130.3220143,55.19857386,118.8151962,129,208.8151962,150.3220143
2107,26.5,7.210937828,27.21093783,47.21093783,67.21093783,55.19857386,117.448366,123,207.448366,87.21093783
2108,26.8,7.931231353,27.93123135,47.93123135,67.93123135,81.27054168,114.7768727,114,204.7768727,87.93123135
2109,26.6,8.795583582,28.79558358,48.79558358,68.79558358,81.27054168,112.056183,132,202.056183,88.79558358
2110,26.5,9.227759697,29.2277597,49.2277597,69.2277597,55.19857386,109.9649548,121,199.9649548,89.2277597
2111,26.4,9.659935812,29.65993581,49.65993581,69.65993581,21.90472707,107.601417,113,197.601417,89.65993581
2112,27.8,10.09211193,30.09211193,50.09211193,70.09211193,21.90472707,106.8933229,106,196.8933229,90.09211193
2113,28.5,10.38022934,30.38022934,50.38022934,70.38022934,21.90472707,107.2423964,107,197.2423964,90.38022934
2114,27.8,10.38022934,30.38022934,50.38022934,70.38022934,21.90472707,109.4689793,106,199.4689793,90.38022934
2115,27.5,11.10052286,31.10052286,51.10052286,71.10052286,21.90472707,110.5398072,103,200.5398072,91.10052286
2116,28.1,11.67675768,31.67675768,51.67675768,71.67675768,34.80523813,114.085383,108,204.085383,91.67675768
2117,29.3,10.95646416,30.95646416,50.95646416,70.95646416,34.80523813,121.6735186,117,211.6735186,90.95646416
2118,33.3,10.23617063,30.23617063,50.23617063,70.23617063,113.4485509,128.4502237,112,218.4502237,90.23617063
2119,36.2,34.47219029,54.47219029,74.47219029,94.47219029,60.87720596,130.1815157,125,220.1815157,114.4721903
2120,32.4,7.931231353,27.93123135,47.93123135,67.93123135,34.80523813,129.338079,123,219.338079,87.93123135
2121,30.3,6.922820418,26.92282042,46.92282042,66.92282042,34.80523813,128.1191535,132,218.1191535,86.92282042
2122,28.9,5.914409483,25.91440948,45.91440948,65.91440948,34.80523813,127.4408807,106,217.4408807,85.91440948
2123,27.6,42.72134409,62.72134409,82.72134409,102.7213441,34.80523813,130.2832653,95,220.2832653,122.7213441
2124,26.8,4.854698192,24.85469819,44.85469819,64.85469819,113.4485509,131.3651135,108,221.3651135,84.85469819
2125,25.2,4.854698192,24.85469819,44.85469819,64.85469819,60.87720596,130.7191201,97,220.7191201,84.85469819
2126,24,4.854698192,24.85469819,44.85469819,64.85469819,34.80523813,131.0727332,81,221.0727332,84.85469819
2127,24,4.854698192,24.85469819,44.85469819,64.85469819,34.80523813,125.3074351,76,215.3074351,84.85469819
2128,24.5,4.854698192,24.85469819,44.85469819,64.85469819,34.80523813,119.2360476,93,209.2360476,84.85469819
2129,25.1,4.854698192,24.85469819,44.85469819,64.85469819,34.80523813,118.0677075,97,208.0677075,84.85469819
2130,24.9,67.96577468,87.96577468,107.9657747,127.9657747,34.80523813,120.4330205,109,210.4330205,147.9657747
2131,28.8,5.914409483,25.91440948,45.91440948,65.91440948,34.80523813,119.3369104,101,209.3369104,85.91440948
2132,30.6,7.643113943,27.64311394,47.64311394,67.64311394,60.87720596,116.5616882,106,206.5616882,87.64311394
2133,31.5,8.651524877,28.65152488,48.65152488,68.65152488,60.87720596,113.7340553,107,203.7340553,88.65152488
2134,31.2,8.939642287,28.93964229,48.93964229,68.93964229,34.80523813,110.5294841,111,200.5294841,88.93964229
2135,31.2,8.939642287,28.93964229,48.93964229,68.93964229,21.90472707,108.1342794,105,198.1342794,88.93964229
2136,31.5,8.939642287,28.93964229,48.93964229,68.93964229,21.90472707,108.2974266,108,198.2974266,88.93964229
2137,31.9,9.371818402,29.3718184,49.3718184,69.3718184,21.90472707,106.0045951,107,196.0045951,89.3718184
2138,32,9.659935812,29.65993581,49.65993581,69.65993581,21.90472707,106.1454726,106,196.1454726,89.65993581
2139,32,12.39705121,32.39705121,52.39705121,72.39705121,21.90472707,108.0522109,103,198.0522109,92.39705121
2140,31.9,14.12575567,34.12575567,54.12575567,74.12575567,21.90472707,112.7948401,101,202.7948401,94.12575567
2141,33.1,14.12575567,34.12575567,54.12575567,74.12575567,21.90472707,120.321997,104,210.321997,94.12575567
2142,35.9,14.70199049,34.70199049,54.70199049,74.70199049,100.5480399,128.0647946,110,218.0647946,94.70199049
2143,36.6,40.09047979,60.09047979,80.09047979,100.0904798,47.97669489,129.613655,120,219.613655,120.0904798
2144,31.8,14.99010789,34.99010789,54.99010789,74.99010789,21.90472707,130.0872092,120,220.0872092,94.99010789
2145,28.3,14.99010789,34.99010789,54.99010789,74.99010789,21.90472707,131.1581784,127,221.1581784,94.99010789
2146,26.8,15.1341666,35.1341666,55.1341666,75.1341666,21.90472707,130.1359502,123,220.1359502,95.1341666
2147,26.5,52.85675379,72.85675379,92.85675379,112.8567538,21.90472707,131.1975979,95,221.1975979,132.8567538
2148,26.3,14.70199049,34.70199049,54.70199049,74.70199049,100.5480399,131.4247813,78,221.4247813,94.70199049
2149,26.1,13.83763826,33.83763826,53.83763826,73.83763826,47.97669489,129.8014083,97,219.8014083,93.83763826
2150,26.5,12.97328603,32.97328603,52.97328603,72.97328603,21.90472707,128.747031,75,218.747031,92.97328603
2151,25.7,12.54110991,32.54110991,52.54110991,72.54110991,21.90472707,124.9006862,91,214.9006862,92.54110991
2152,25.8,12.68516862,32.68516862,52.68516862,72.68516862,21.90472707,122.6397137,82,212.6397137,92.68516862
2153,25.7,13.40546214,33.40546214,53.40546214,73.40546214,21.90472707,121.0117731,96,211.0117731,93.40546214
2154,26.4,78.10118439,98.10118439,118.1011844,138.1011844,21.90472707,119.4177335,103,209.4177335,158.1011844
2155,27.9,16.14257753,36.14257753,56.14257753,76.14257753,21.90472707,123.5243594,116,213.5243594,96.14257753
2156,30.7,16.86287106,36.86287106,56.86287106,76.86287106,47.97669489,121.1584467,104,211.1584467,96.86287106
2157,31.9,17.29504717,37.29504717,57.29504717,77.29504717,47.97669489,117.2103367,117,207.2103367,97.29504717
2158,31.4,17.87128199,37.87128199,57.87128199,77.87128199,21.90472707,116.815236,98,206.815236,97.87128199
2159,31.7,19.16781034,39.16781034,59.16781034,79.16781034,21.90472707,113.2696547,104,203.2696547,99.16781034
2160,32.6,21.32869091,41.32869091,61.32869091,81.32869091,21.90472707,111.0157021,98,201.0157021,101.3286909
2161,32.7,22.33710185,42.33710185,62.33710185,82.33710185,21.90472707,110.6980942,95,200.6980942,102.3371018
2162,32,23.05739537,43.05739537,63.05739537,83.05739537,21.90472707,109.5453339,89,199.5453339,103.0573954
2163,32.1,23.48957149,43.48957149,63.48957149,83.48957149,21.90472707,110.2686873,90,200.2686873,103.4895715
2164,32.1,24.06580631,44.06580631,64.06580631,84.06580631,34.80523813,116.7191175,94,206.7191175,104.0658063
2165,32.8,23.63363019,43.63363019,63.63363019,83.63363019,34.80523813,123.5767076,93,213.5767076,103.6336302
2166,36.2,21.0405735,41.0405735,61.0405735,81.0405735,133.8418866,129.9714565,95,219.9714565,101.0405735
2167,36.1,43.11571259,63.11571259,83.11571259,103.1157126,81.27054168,132.245059,104,222.245059,123.1157126
2168,32.7,15.1341666,35.1341666,55.1341666,75.1341666,142.9760943,133.2422091,116,223.2422091,95.1341666
2169,30.8,12.82922732,32.82922732,52.82922732,72.82922732,142.9760943,129.5508246,118,219.5508246,92.82922732
2170,30.3,11.53269898,31.53269898,51.53269898,71.53269898,142.9760943,126.8161966,107,216.8161966,91.53269898
2171,28.7,48.10281653,68.10281653,88.10281653,108.1028165,142.9760943,125.6655862,122,215.6655862,128.1028165
2172,27.8,9.515877107,29.51587711,49.51587711,69.51587711,221.6194071,124.3172333,95,214.3172333,89.51587711
2173,26.7,9.083700992,29.08370099,49.08370099,69.08370099,169.0480621,121.4509975,98,211.4509975,89.08370099
2174,25.7,8.939642287,28.93964229,48.93964229,68.93964229,142.9760943,119.6853729,92,209.6853729,88.93964229
2175,25.9,8.795583582,28.79558358,48.79558358,68.79558358,55.19857386,117.6919034,107,207.6919034,88.79558358
2176,25.5,9.227759697,29.2277597,49.2277597,69.2277597,55.19857386,118.2687209,110,208.2687209,89.2277597
2177,25.8,10.66834675,30.66834675,50.66834675,70.66834675,55.19857386,117.0960094,129,207.0960094,90.66834675
2178,26.6,77.09277345,97.09277345,117.0927735,137.0927735,55.19857386,115.3809496,120,205.3809496,157.0927735
2179,28,14.26981437,34.26981437,54.26981437,74.26981437,55.19857386,116.5118936,106,206.5118936,94.26981437
2180,28.4,15.99851883,35.99851883,55.99851883,75.99851883,81.27054168,113.2991975,102,203.2991975,95.99851883
2181,28.3,18.44751681,38.44751681,58.44751681,78.44751681,81.27054168,111.9653209,115,201.9653209,98.44751681
2182,27.8,18.73563422,38.73563422,58.73563422,78.73563422,55.19857386,109.1436326,111,199.1436326,98.73563422
2183,26.9,19.02375163,39.02375163,59.02375163,79.02375163,21.90472707,107.7681049,105,197.7681049,99.02375163
2184,26.4,20.32027998,40.32027998,60.32027998,80.32027998,21.90472707,108.4654961,94,198.4654961,100.32028
2185,26.7,20.32027998,40.32027998,60.32027998,80.32027998,21.90472707,104.5557955,94,194.5557955,100.32028
2186,27.5,19.31186904,39.31186904,59.31186904,79.31186904,21.90472707,104.0187964,95,194.0187964,99.31186904
2187,27.8,20.03216257,40.03216257,60.03216257,80.03216257,21.90472707,107.7805219,94,197.7805219,100.0321626
2188,28,19.59998645,39.59998645,59.59998645,79.59998645,34.80523813,109.4437921,96,199.4437921,99.59998645
2189,29.1,19.31186904,39.31186904,59.31186904,79.31186904,34.80523813,112.170675,97,202.170675,99.31186904
2190,29.3,17.00692976,37.00692976,57.00692976,77.00692976,133.8418866,113.9315184,107,203.9315184,97.00692976
2191,28.9,40.5226559,60.5226559,80.5226559,100.5226559,81.27054168,112.680811,111,202.680811,120.5226559
2192,26.9,13.69357955,33.69357955,53.69357955,73.69357955,142.9760943,110.7841072,107,200.7841072,93.69357955
2193,25.6,12.68516862,32.68516862,52.68516862,72.68516862,142.9760943,110.1789666,124,200.1789666,92.68516862
2194,25.3,11.38864027,31.38864027,51.38864027,71.38864027,142.9760943,110.4103369,112,200.4103369,91.38864027
2195,25.1,48.24687523,68.24687523,88.24687523,108.2468752,142.9760943,109.3160332,119,199.3160332,128.2468752
2196,24.2,10.81240545,30.81240545,50.81240545,70.81240545,221.6194071,108.5513781,100,198.5513781,90.81240545
2197,23.9,13.83763826,33.83763826,53.83763826,73.83763826,169.0480621,108.9193963,100,198.9193963,93.83763826
2198,24.9,14.26981437,34.26981437,54.26981437,74.26981437,142.9760943,108.2675426,78,198.2675426,94.26981437
2199,23.8,13.11734473,33.11734473,53.11734473,73.11734473,55.19857386,107.993996,87,197.993996,93.11734473
2200,23.8,13.83763826,33.83763826,53.83763826,73.83763826,55.19857386,106.6973243,86,196.6973243,93.83763826
2201,24.4,14.55793178,34.55793178,54.55793178,74.55793178,55.19857386,105.2832123,113,195.2832123,94.55793178
2202,23.6,78.67741921,98.67741921,118.6774192,138.6774192,55.19857386,105.6329528,114,195.6329528,158.6774192
2203,25.9,15.85446012,35.85446012,55.85446012,75.85446012,55.19857386,105.5185243,114,195.5185243,95.85446012
2204,30.1,16.86287106,36.86287106,56.86287106,76.86287106,81.27054168,104.4878859,96,194.4878859,96.86287106
2205,29.5,17.00692976,37.00692976,57.00692976,77.00692976,81.27054168,102.8516706,101,192.8516706,97.00692976
2206,29.1,17.00692976,37.00692976,57.00692976,77.00692976,55.19857386,101.5998784,104,191.5998784,97.00692976
2207,28.8,17.29504717,37.29504717,57.29504717,77.29504717,21.90472707,100.5226385,100,190.5226385,97.29504717
2208,29,17.87128199,37.87128199,57.87128199,77.87128199,21.90472707,100.0867078,103,190.0867078,97.87128199
2209,29.6,18.59157552,38.59157552,58.59157552,78.59157552,21.90472707,98.73478694,107,188.7347869,98.59157552
2210,28.8,19.31186904,39.31186904,59.31186904,79.31186904,21.90472707,98.35154735,109,188.3515473,99.31186904
2211,29.3,20.17622127,40.17622127,60.17622127,80.17622127,21.90472707,99.39812404,111,189.398124,100.1762213
2212,29.2,20.46433868,40.46433868,60.46433868,80.46433868,34.80523813,100.3722609,125,190.3722609,100.4643387
2213,28.9,20.8965148,40.8965148,60.8965148,80.8965148,34.80523813,100.6852973,153,190.6852973,100.8965148
2214,29.3,20.8965148,40.8965148,60.8965148,80.8965148,133.8418866,101.6031961,166,191.6031961,100.8965148
2215,28.7,44.55629964,64.55629964,84.55629964,104.5562996,81.27054168,103.2271675,120,193.2271675,124.5562996
2216,25,17.72722329,37.72722329,57.72722329,77.72722329,142.9760943,104.8990526,96,194.8990526,97.72722329
2217,22.4,15.56634271,35.56634271,55.56634271,75.56634271,142.9760943,105.8315276,80,195.8315276,95.56634271
2218,20.9,14.55793178,34.55793178,54.55793178,74.55793178,142.9760943,105.1718586,85,195.1718586,94.55793178
2219,19.8,51.56022545,71.56022545,91.56022545,111.5602254,142.9760943,103.6486132,66,193.6486132,131.5602254
2220,19.1,12.2529925,32.2529925,52.2529925,72.2529925,221.6194071,103.8873707,61,193.8873707,92.2529925
2221,18.5,10.95646416,30.95646416,50.95646416,70.95646416,169.0480621,103.5309515,61,193.5309515,90.95646416
2222,17.9,9.659935812,29.65993581,49.65993581,69.65993581,142.9760943,103.3112192,49,193.3112192,89.65993581
2223,17.7,9.371818402,29.3718184,49.3718184,69.3718184,55.19857386,102.3753768,56,192.3753768,89.3718184
2224,18.8,9.803994517,29.80399452,49.80399452,69.80399452,55.19857386,101.8721108,71,191.8721108,89.80399452
2225,19.1,11.24458157,31.24458157,51.24458157,71.24458157,55.19857386,101.1391772,81,191.1391772,91.24458157
2226,20.6,75.22001029,95.22001029,115.2200103,135.2200103,55.19857386,101.6593603,108,191.6593603,155.2200103
2227,22.7,12.39705121,32.39705121,52.39705121,72.39705121,55.19857386,101.612473,120,191.612473,92.39705121
2228,24.6,13.83763826,33.83763826,53.83763826,73.83763826,81.27054168,100.5286714,113,190.5286714,93.83763826
2229,26.1,14.55793178,34.55793178,54.55793178,74.55793178,81.27054168,99.19226466,111,189.1922647,94.55793178
2230,27.1,15.42228401,35.42228401,55.42228401,75.42228401,55.19857386,97.68833275,85,187.6883328,95.42228401
2231,26.4,16.57475365,36.57475365,56.57475365,76.57475365,21.90472707,96.86990112,86,186.8699011,96.57475365
2232,26.3,17.15098847,37.15098847,57.15098847,77.15098847,21.90472707,97.20305181,87,187.2030518,97.15098847
2233,25.2,18.30345811,38.30345811,58.30345811,78.30345811,21.90472707,96.51784994,78,186.5178499,98.30345811
2234,25.7,19.31186904,39.31186904,59.31186904,79.31186904,21.90472707,96.95697843,76,186.9569784,99.31186904
2235,25.5,20.03216257,40.03216257,60.03216257,80.03216257,21.90472707,98.08316062,78,188.0831606,100.0321626
2236,25.1,20.46433868,40.46433868,60.46433868,80.46433868,34.80523813,98.54605319,90,188.5460532,100.4643387
2237,24.5,20.32027998,40.32027998,60.32027998,80.32027998,34.80523813,99.28877421,129,189.2887742,100.32028
2238,25.1,18.1593994,38.1593994,58.1593994,78.1593994,133.8418866,99.81451754,141,189.8145175,98.1593994
2239,27.2,41.09889072,61.09889072,81.09889072,101.0988907,81.27054168,102.6770708,101,192.6770708,121.0988907
2240,25.8,13.40546214,33.40546214,53.40546214,73.40546214,142.9760943,102.5711031,78,192.5711031,93.40546214
2241,24.6,11.38864027,31.38864027,51.38864027,71.38864027,142.9760943,103.0661226,97,193.0661226,91.38864027
2242,25.2,9.803994517,29.80399452,49.80399452,69.80399452,142.9760943,105.6738254,84,195.6738254,89.80399452
2243,25.6,46.08599466,66.08599466,86.08599466,106.0859947,142.9760943,103.5426147,75,193.5426147,126.0859947
2244,25.7,6.490644303,26.4906443,46.4906443,66.4906443,221.6194071,104.3501142,75,194.3501142,86.4906443
2245,25.5,5.194115958,25.19411596,45.19411596,65.19411596,169.0480621,104.7536957,78,194.7536957,85.19411596
2246,25.6,5.050057254,25.05005725,45.05005725,65.05005725,142.9760943,104.5206965,73,194.5206965,85.05005725
2247,27.5,5.914409483,25.91440948,45.91440948,65.91440948,55.19857386,104.2201612,103,194.2201612,85.91440948
2248,29,6.634703008,26.63470301,46.63470301,66.63470301,55.19857386,103.8509963,100,193.8509963,86.63470301
2249,30,7.499055238,27.49905524,47.49905524,67.49905524,55.19857386,103.690726,101,193.690726,87.49905524
2250,28.3,71.61854267,91.61854267,111.6185427,131.6185427,55.19857386,104.479031,90,194.479031,151.6185427
2251,26,9.515877107,29.51587711,49.51587711,69.51587711,55.19857386,105.3417359,96,195.3417359,89.51587711
2252,25.2,10.38022934,30.38022934,50.38022934,70.38022934,81.27054168,103.9539369,99,193.9539369,90.38022934
2253,25.3,11.82081639,31.82081639,51.82081639,71.82081639,81.27054168,103.1275716,102,193.1275716,91.82081639
2254,25.3,13.11734473,33.11734473,53.11734473,73.11734473,55.19857386,101.5036127,81,191.5036127,93.11734473
2255,25.1,13.98169696,33.98169696,53.98169696,73.98169696,21.90472707,99.75021014,77,189.7502101,93.98169696
2256,24.9,15.1341666,35.1341666,55.1341666,75.1341666,21.90472707,102.82381,70,192.82381,95.1341666
2257,25.5,14.84604919,34.84604919,54.84604919,74.84604919,21.90472707,100.690049,70,190.690049,94.84604919
2258,26.7,14.41387308,34.41387308,54.41387308,74.41387308,21.90472707,100.7724477,68,190.7724477,94.41387308
2259,27.8,18.73563422,38.73563422,58.73563422,78.73563422,21.90472707,102.136902,72,192.136902,98.73563422
2260,28.5,20.32027998,40.32027998,60.32027998,80.32027998,34.80523813,104.0847459,92,194.0847459,100.32028
2261,28.7,21.0405735,41.0405735,61.0405735,81.0405735,34.80523813,108.3079145,134,198.3079145,101.0405735
2262,30.5,22.48116055,42.48116055,62.48116055,82.48116055,133.8418866,109.5237847,120,199.5237847,102.4811606
2263,31.3,48.58994338,68.58994338,88.58994338,108.5899434,81.27054168,109.9362743,92,199.9362743,128.5899434
2264,30,23.20145408,43.20145408,63.20145408,83.20145408,142.9760943,111.2660479,87,201.2660479,103.2014541
2265,28.4,22.91333667,42.91333667,62.91333667,82.91333667,142.9760943,110.858542,101,200.858542,102.9133367
2266,27.5,22.62521926,42.62521926,62.62521926,82.62521926,142.9760943,110.9418765,94,200.9418765,102.6252193
2267,26.5,59.48345422,79.48345422,99.48345422,119.4834542,142.9760943,109.82037,87,199.82037,139.4834542
2268,25.4,19.88810386,39.88810386,59.88810386,79.88810386,221.6194071,109.8649987,81,199.8649987,99.88810386
2269,23.9,18.73563422,38.73563422,58.73563422,78.73563422,169.0480621,111.3330608,74,201.3330608,98.73563422
2270,22.9,17.43910588,37.43910588,57.43910588,77.43910588,142.9760943,110.4884464,67,200.4884464,97.43910588
2271,23.6,16.57475365,36.57475365,56.57475365,76.57475365,55.19857386,108.1070003,68,198.1070003,96.57475365
2272,25.2,15.99851883,35.99851883,55.99851883,75.99851883,55.19857386,107.6632605,93,197.6632605,95.99851883
2273,23.7,17.43910588,37.43910588,57.43910588,77.43910588,55.19857386,107.1902762,100,197.1902762,97.43910588
2274,23.4,82.42294554,102.4229455,122.4229455,142.4229455,55.19857386,108.3239903,89,198.3239903,162.4229455
2275,24.3,20.32027998,40.32027998,60.32027998,80.32027998,55.19857386,111.0674414,106,201.0674414,100.32028
2276,26.6,20.32027998,40.32027998,60.32027998,80.32027998,81.27054168,107.9836773,102,197.9836773,100.32028
2277,28.8,21.0405735,41.0405735,61.0405735,81.0405735,81.27054168,105.8243794,100,195.8243794,101.0405735
2278,27.4,21.76086703,41.76086703,61.76086703,81.76086703,55.19857386,105.5218653,71,195.5218653,101.760867
2279,26.9,23.20145408,43.20145408,63.20145408,83.20145408,21.90472707,105.2663935,72,195.2663935,103.2014541
2280,29.9,23.7776889,43.7776889,63.7776889,83.7776889,21.90472707,105.1167658,64,195.1167658,103.7776889
2281,31.1,24.06580631,44.06580631,64.06580631,84.06580631,21.90472707,104.4106868,65,194.4106868,104.0658063
2282,30.1,23.63363019,43.63363019,63.63363019,83.63363019,21.90472707,104.8646947,65,194.8646947,103.6336302
2283,30.3,23.63363019,43.63363019,63.63363019,83.63363019,21.90472707,106.7252894,77,196.7252894,103.6336302
2284,30.3,23.20145408,43.20145408,63.20145408,83.20145408,34.80523813,108.3833105,93,198.3833105,103.2014541
2285,30.6,22.19304314,42.19304314,62.19304314,82.19304314,34.80523813,117.3779293,130,207.3779293,102.1930431
2286,32.1,21.47274962,41.47274962,61.47274962,81.47274962,113.4485509,126.9655717,138,216.9655717,101.4727496
2287,33,45.42065187,65.42065187,85.42065187,105.4206519,60.87720596,130.0213892,94,220.0213892,125.4206519
2288,31.1,17.87128199,37.87128199,57.87128199,77.87128199,34.80523813,130.3099179,112,220.3099179,97.87128199
2289,28.2,14.84604919,34.84604919,54.84604919,74.84604919,34.80523813,129.3261369,106,219.3261369,94.84604919
2290,26,13.98169696,33.98169696,53.98169696,73.98169696,34.80523813,128.2849246,106,218.2849246,93.98169696
2291,24.8,50.98399063,70.98399063,90.98399063,110.9839906,34.80523813,129.226729,89,219.226729,130.9839906
2292,23.5,11.53269898,31.53269898,51.53269898,71.53269898,113.4485509,127.5485856,69,217.5485856,91.53269898
2293,24.8,10.38022934,30.38022934,50.38022934,70.38022934,60.87720596,126.1933075,77,216.1933075,90.38022934
2294,30.1,10.38022934,30.38022934,50.38022934,70.38022934,34.80523813,124.8535245,70,214.8535245,90.38022934
2295,31.7,10.38022934,30.38022934,50.38022934,70.38022934,34.80523813,120.9684694,81,210.9684694,90.38022934
2296,31.1,11.10052286,31.10052286,51.10052286,71.10052286,34.80523813,118.8554828,103,208.8554828,91.10052286
2297,30.6,12.54110991,32.54110991,52.54110991,72.54110991,34.80523813,116.9725723,88,206.9725723,92.54110991
2298,28.9,76.80465604,96.80465604,116.804656,136.804656,34.80523813,117.0754097,109,207.0754097,156.804656
2299,28.3,13.98169696,33.98169696,53.98169696,73.98169696,34.80523813,116.8771488,98,206.8771488,93.98169696
2300,27.8,14.84604919,34.84604919,54.84604919,74.84604919,60.87720596,115.1681918,101,205.1681918,94.84604919
2301,26.5,16.43069494,36.43069494,56.43069494,76.43069494,60.87720596,112.4742471,112,202.4742471,96.43069494
2302,25.4,17.87128199,37.87128199,57.87128199,77.87128199,34.80523813,110.0276924,103,200.0276924,97.87128199
2303,24.1,19.02375163,39.02375163,59.02375163,79.02375163,21.90472707,108.7137656,96,198.7137656,99.02375163
2304,24.3,19.59998645,39.59998645,59.59998645,79.59998645,21.90472707,107.0728346,94,197.0728346,99.59998645
2305,24.5,19.74404516,39.74404516,59.74404516,79.74404516,21.90472707,106.2697275,95,196.2697275,99.74404516
2306,22.4,20.60839739,40.60839739,60.60839739,80.60839739,21.90472707,106.3097062,95,196.3097062,100.6083974
2307,20.9,21.0405735,41.0405735,61.0405735,81.0405735,21.90472707,108.4994404,97,198.4994404,101.0405735
2308,21.2,20.75245609,40.75245609,60.75245609,80.75245609,21.90472707,112.788258,95,202.788258,100.7524561
2309,21.3,20.03216257,40.03216257,60.03216257,80.03216257,21.90472707,121.5228479,99,211.5228479,100.0321626
2310,22.7,18.87969293,38.87969293,58.87969293,78.87969293,100.5480399,128.2316983,96,218.2316983,98.87969293
2311,23.8,42.82759518,62.82759518,82.82759518,102.8275952,47.97669489,129.2463523,101,219.2463523,122.8275952
2312,23.1,15.99851883,35.99851883,55.99851883,75.99851883,21.90472707,129.0076002,128,219.0076002,95.99851883
2313,22.2,15.1341666,35.1341666,55.1341666,75.1341666,21.90472707,119.2360773,151,209.2360773,95.1341666
2314,22.8,14.26981437,34.26981437,54.26981437,74.26981437,21.90472707,127.3031386,122,217.3031386,94.26981437
2315,21.3,51.27210804,71.27210804,91.27210804,111.272108,21.90472707,127.3005236,96,217.3005236,131.272108
2316,21.3,11.82081639,31.82081639,51.82081639,71.82081639,100.5480399,127.2062625,63,217.2062625,91.82081639
2317,21.8,11.10052286,31.10052286,51.10052286,71.10052286,47.97669489,125.4434476,55,215.4434476,91.10052286
2318,21.1,10.95646416,30.95646416,50.95646416,70.95646416,21.90472707,123.6331735,65,213.6331735,90.95646416
2319,20.7,11.24458157,31.24458157,51.24458157,71.24458157,21.90472707,121.7595955,74,211.7595955,91.24458157
2320,21.3,12.1089338,32.1089338,52.1089338,72.1089338,21.90472707,119.3793516,79,209.3793516,92.1089338
2321,21.6,13.69357955,33.69357955,53.69357955,73.69357955,21.90472707,117.7155352,80,207.7155352,93.69357955
2322,21.9,80.69424108,100.6942411,120.6942411,140.6942411,21.90472707,117.2782345,96,207.2782345,160.6942411
2323,21.9,21.18463221,41.18463221,61.18463221,81.18463221,21.90472707,117.6225548,86,207.6225548,101.1846322
2324,23.6,23.48957149,43.48957149,63.48957149,83.48957149,47.97669489,116.1884401,89,206.1884401,103.4895715
2325,23.5,24.20986501,44.20986501,64.20986501,84.20986501,47.97669489,114.2120973,80,204.2120973,104.209865
2326,22.6,25.36233465,45.36233465,65.36233465,85.36233465,21.90472707,111.7456609,71,201.7456609,105.3623347
2327,21.4,26.51480429,46.51480429,66.51480429,86.51480429,21.90472707,109.2646723,68,199.2646723,106.5148043
2328,21.2,27.37915652,47.37915652,67.37915652,87.37915652,21.90472707,108.2399062,69,198.2399062,107.3791565
2329,21.8,27.66727393,47.66727393,67.66727393,87.66727393,21.90472707,107.8670109,72,197.8670109,107.6672739
2330,21.6,27.52321523,47.52321523,67.52321523,87.52321523,21.90472707,108.0350712,70,198.0350712,107.5232152
2331,20.7,27.66727393,47.66727393,67.66727393,87.66727393,21.90472707,109.3777092,74,199.3777092,107.6672739
2332,20.9,27.95539134,47.95539134,67.95539134,87.95539134,34.80523813,114.4297039,79,204.4297039,107.9553913
2333,22.1,26.94698041,46.94698041,66.94698041,86.94698041,34.80523813,122.2155404,80,212.2155404,106.9469804
2334,24.5,23.20145408,43.20145408,63.20145408,83.20145408,133.8418866,128.3537525,83,218.3537525,103.2014541
2335,29.7,45.13253446,65.13253446,85.13253446,105.1325345,81.27054168,128.7652606,82,218.7652606,125.1325345
2336,29.7,17.15098847,37.15098847,57.15098847,77.15098847,142.9760943,129.7777526,110,219.7777526,97.15098847
2337,29.7,14.70199049,34.70199049,54.70199049,74.70199049,142.9760943,127.0837323,86,217.0837323,94.70199049
2338,29.1,12.68516862,32.68516862,52.68516862,72.68516862,142.9760943,125.9433061,85,215.9433061,92.68516862
2339,27.1,49.39934487,69.39934487,89.39934487,109.3993449,142.9760943,124.8431312,68,214.8431312,129.3993449
2340,26.4,10.66834675,30.66834675,50.66834675,70.66834675,221.6194071,124.0767984,53,214.0767984,90.66834675
2341,25.1,11.24458157,31.24458157,51.24458157,71.24458157,169.0480621,124.8786972,38,214.8786972,91.24458157
2342,24.2,11.96487509,31.96487509,51.96487509,71.96487509,142.9760943,124.6498753,54,214.6498753,91.96487509
2343,23.5,12.39705121,32.39705121,52.39705121,72.39705121,55.19857386,122.6821656,83,212.6821656,92.39705121
2344,23.2,12.2529925,32.2529925,52.2529925,72.2529925,55.19857386,119.1250166,84,209.1250166,92.2529925
2345,24,12.97328603,32.97328603,52.97328603,72.97328603,55.19857386,117.396175,105,207.396175,92.97328603
2346,26.1,77.81306698,97.81306698,117.813067,137.813067,55.19857386,117.6972652,124,207.6972652,157.813067
2347,28.1,15.2782253,35.2782253,55.2782253,75.2782253,55.19857386,118.4976084,112,208.4976084,95.2782253
2348,27.3,16.71881235,36.71881235,56.71881235,76.71881235,81.27054168,119.1263685,102,209.1263685,96.71881235
2349,26.6,17.87128199,37.87128199,57.87128199,77.87128199,81.27054168,113.9223581,101,203.9223581,97.87128199
2350,25.5,18.1593994,38.1593994,58.1593994,78.1593994,55.19857386,111.2848934,79,201.2848934,98.1593994
2351,24.7,18.30345811,38.30345811,58.30345811,78.30345811,21.90472707,107.5471035,77,197.5471035,98.30345811
2352,24.6,18.1593994,38.1593994,58.1593994,78.1593994,21.90472707,105.9787424,73,195.9787424,98.1593994
2353,25.4,19.74404516,39.74404516,59.74404516,79.74404516,21.90472707,104.8878953,74,194.8878953,99.74404516
2354,25.8,20.75245609,40.75245609,60.75245609,80.75245609,21.90472707,105.3798156,76,195.3798156,100.7524561
2355,26,20.17622127,40.17622127,60.17622127,80.17622127,21.90472707,109.7651566,77,199.7651566,100.1762213
2356,25.6,18.59157552,38.59157552,58.59157552,78.59157552,34.80523813,111.4131423,96,201.4131423,98.59157552
2357,25.4,17.15098847,37.15098847,57.15098847,77.15098847,34.80523813,120.2235668,151,210.2235668,97.15098847
2358,25.4,15.56634271,35.56634271,55.56634271,75.56634271,133.8418866,128.742724,157,218.742724,95.56634271
2359,24.8,40.09047979,60.09047979,80.09047979,100.0904798,81.27054168,134.0078866,82,224.0078866,120.0904798
2360,23.2,15.2782253,35.2782253,55.2782253,75.2782253,142.9760943,134.8433201,56,224.8433201,95.2782253
2361,22,14.12575567,34.12575567,54.12575567,74.12575567,142.9760943,133.5278219,48,223.5278219,94.12575567
2362,21.7,12.97328603,32.97328603,52.97328603,72.97328603,142.9760943,133.8764913,58,223.8764913,92.97328603
2363,21,50.2636971,70.2636971,90.2636971,110.2636971,142.9760943,131.9433664,41,221.9433664,130.2636971
2364,19.3,13.69357955,33.69357955,53.69357955,73.69357955,221.6194071,129.3275077,39,219.3275077,93.69357955
2365,20.1,13.54952085,33.54952085,53.54952085,73.54952085,169.0480621,126.325904,48,216.325904,93.54952085
2366,20.8,11.24458157,31.24458157,51.24458157,71.24458157,142.9760943,123.5493067,51,213.5493067,91.24458157
2367,20,11.10052286,31.10052286,51.10052286,71.10052286,55.19857386,118.5826061,70,208.5826061,91.10052286
2368,19,14.99010789,34.99010789,54.99010789,74.99010789,55.19857386,116.238264,79,206.238264,94.99010789
2369,22.1,18.30345811,38.30345811,58.30345811,78.30345811,55.19857386,113.9010131,95,203.9010131,98.30345811
2370,22.6,81.4145346,101.4145346,121.4145346,141.4145346,55.19857386,112.9838794,117,202.9838794,161.4145346
2371,24.4,18.44751681,38.44751681,58.44751681,78.44751681,55.19857386,113.5568031,105,203.5568031,98.44751681
2372,24.9,18.59157552,38.59157552,58.59157552,78.59157552,81.27054168,113.3088507,127,203.3088507,98.59157552
2373,24.3,17.72722329,37.72722329,57.72722329,77.72722329,81.27054168,113.1551627,92,203.1551627,97.72722329
2374,23.7,19.02375163,39.02375163,59.02375163,79.02375163,55.19857386,112.5095245,84,202.5095245,99.02375163
2375,22.4,20.60839739,40.60839739,60.60839739,80.60839739,21.90472707,109.4807114,76,199.4807114,100.6083974
2376,22.1,20.8965148,40.8965148,60.8965148,80.8965148,21.90472707,111.3698257,74,201.3698257,100.8965148
2377,22,21.61680832,41.61680832,61.61680832,81.61680832,21.90472707,109.0612357,72,199.0612357,101.6168083
2378,22,21.90492573,41.90492573,61.90492573,81.90492573,21.90472707,106.3995908,74,196.3995908,101.9049257
2379,22,21.47274962,41.47274962,61.47274962,81.47274962,21.90472707,108.584403,77,198.584403,101.4727496
2380,21.9,20.8965148,40.8965148,60.8965148,80.8965148,34.80523813,107.4614918,95,197.4614918,100.8965148
2381,22.4,20.75245609,40.75245609,60.75245609,80.75245609,34.80523813,109.7138481,167,199.7138481,100.7524561
2382,22.5,19.88810386,39.88810386,59.88810386,79.88810386,133.8418866,110.2082054,142,200.2082054,99.88810386
2383,22.2,43.83600612,63.83600612,83.83600612,103.8360061,81.27054168,112.4694516,82,202.4694516,123.8360061
2384,20.7,16.86287106,36.86287106,56.86287106,76.86287106,142.9760943,114.4115526,67,204.4115526,96.86287106
2385,19.4,15.1341666,35.1341666,55.1341666,75.1341666,142.9760943,114.3040801,57,204.3040801,95.1341666
2386,18.7,13.69357955,33.69357955,53.69357955,73.69357955,142.9760943,114.5286337,53,204.5286337,93.69357955
2387,17.3,49.54340358,69.54340358,89.54340358,109.5434036,142.9760943,113.103011,53,203.103011,129.5434036
2388,16.8,10.23617063,30.23617063,50.23617063,70.23617063,221.6194071,111.0098406,48,201.0098406,90.23617063
2389,16.7,9.371818402,29.3718184,49.3718184,69.3718184,169.0480621,109.2039475,48,199.2039475,89.3718184
2390,17.4,8.795583582,28.79558358,48.79558358,68.79558358,142.9760943,109.258247,55,199.258247,88.79558358
2391,15.2,9.227759697,29.2277597,49.2277597,69.2277597,55.19857386,108.2964073,53,198.2964073,89.2277597
2392,16.1,9.659935812,29.65993581,49.65993581,69.65993581,55.19857386,108.2180085,68,198.2180085,89.65993581
2393,17.9,11.10052286,31.10052286,51.10052286,71.10052286,55.19857386,106.5790559,81,196.5790559,91.10052286
2394,18.8,77.09277345,97.09277345,117.0927735,137.0927735,55.19857386,105.8522073,120,195.8522073,157.0927735
2395,19,15.71040142,35.71040142,55.71040142,75.71040142,55.19857386,105.9435577,119,195.9435577,95.71040142
2396,20.8,17.58316458,37.58316458,57.58316458,77.58316458,81.27054168,105.1245414,124,195.1245414,97.58316458
2397,22.1,18.59157552,38.59157552,58.59157552,78.59157552,81.27054168,105.1557351,100,195.1557351,98.59157552
2398,22.6,18.87969293,38.87969293,58.87969293,78.87969293,55.19857386,103.6425767,92,193.6425767,98.87969293
2399,22.8,19.31186904,39.31186904,59.31186904,79.31186904,21.90472707,103.2957769,84,193.2957769,99.31186904
2400,23.6,20.46433868,40.46433868,60.46433868,80.46433868,21.90472707,103.3047309,86,193.3047309,100.4643387
2401,24.5,21.90492573,41.90492573,61.90492573,81.90492573,21.90472707,103.2008632,86,193.2008632,101.9049257
2402,25.1,23.7776889,43.7776889,63.7776889,83.7776889,21.90472707,103.1280961,94,193.1280961,103.7776889
2403,25.3,25.50639336,45.50639336,65.50639336,85.50639336,21.90472707,105.3373761,93,195.3373761,105.5063934
2404,25.1,26.8029217,46.8029217,66.8029217,86.8029217,34.80523813,104.608924,108,194.608924,106.8029217
2405,25.2,25.50639336,45.50639336,65.50639336,85.50639336,34.80523813,106.3375965,179,196.3375965,105.5063934
2406,27.2,20.17622127,40.17622127,60.17622127,80.17622127,133.8418866,106.6960697,155,196.6960697,100.1762213
2407,28.7,41.67512554,61.67512554,81.67512554,101.6751255,81.27054168,107.326288,97,197.326288,121.6751255
2408,24.5,13.83763826,33.83763826,53.83763826,73.83763826,142.9760943,106.7616467,77,196.7616467,93.83763826
2409,21.7,11.53269898,31.53269898,51.53269898,71.53269898,142.9760943,108.3725417,57,198.3725417,91.53269898
2410,18.9,9.371818402,29.3718184,49.3718184,69.3718184,142.9760943,108.5858674,45,198.5858674,89.3718184
2411,17.9,46.51817077,66.51817077,86.51817077,106.5181708,142.9760943,108.5093376,44,198.5093376,126.5181708
2412,17.4,8.651524877,28.65152488,48.65152488,68.65152488,221.6194071,108.1987145,50,198.1987145,88.65152488
2413,15.6,8.939642287,28.93964229,48.93964229,68.93964229,169.0480621,110.1465551,39,200.1465551,88.93964229
2414,15.8,9.803994517,29.80399452,49.80399452,69.80399452,142.9760943,110.5533551,39,200.5533551,89.80399452
2415,15.8,10.81240545,30.81240545,50.81240545,70.81240545,55.19857386,110.063915,45,200.063915,90.81240545
2416,19.1,11.82081639,31.82081639,51.82081639,71.82081639,55.19857386,111.8955821,65,201.8955821,91.82081639
2417,18.7,13.98169696,33.98169696,53.98169696,73.98169696,55.19857386,111.912872,82,201.912872,93.98169696
2418,18.3,81.99076942,101.9907694,121.9907694,141.9907694,55.19857386,112.4820453,114,202.4820453,161.9907694
2419,19.8,21.0405735,41.0405735,61.0405735,81.0405735,55.19857386,114.3940139,103,204.3940139,101.0405735
2420,21,21.76086703,41.76086703,61.76086703,81.76086703,81.27054168,115.3233784,95,205.3233784,101.760867
2421,21.7,21.61680832,41.61680832,61.61680832,81.61680832,81.27054168,113.879585,90,203.879585,101.6168083
2422,22.7,22.04898444,42.04898444,62.04898444,82.04898444,55.19857386,111.3489821,87,201.3489821,102.0489844
2423,23.8,21.76086703,41.76086703,61.76086703,81.76086703,21.90472707,110.698576,81,200.698576,101.760867
2424,23.9,21.32869091,41.32869091,61.32869091,81.32869091,21.90472707,110.9973857,83,200.9973857,101.3286909
2425,24.7,21.0405735,41.0405735,61.0405735,81.0405735,21.90472707,110.5125101,86,200.5125101,101.0405735
2426,26,20.60839739,40.60839739,60.60839739,80.60839739,21.90472707,110.8012567,85,200.8012567,100.6083974
2427,27.3,20.46433868,40.46433868,60.46433868,80.46433868,21.90472707,113.0165421,88,203.0165421,100.4643387
2428,27.6,20.46433868,40.46433868,60.46433868,80.46433868,34.80523813,117.8624139,105,207.8624139,100.4643387
2429,28.8,20.32027998,40.32027998,60.32027998,80.32027998,34.80523813,127.6917146,158,217.6917146,100.32028
2430,29.5,19.74404516,39.74404516,59.74404516,79.74404516,133.8418866,136.6691127,138,226.6691127,99.74404516
2431,27.6,44.84441705,64.84441705,84.84441705,104.8444171,81.27054168,141.0588326,86,231.0588326,124.8444171
2432,23.9,19.16781034,39.16781034,59.16781034,79.16781034,142.9760943,142.8095,72,232.8095,99.16781034
2433,20.8,19.16781034,39.16781034,59.16781034,79.16781034,142.9760943,133.1042951,54,223.1042951,99.16781034
2434,18.8,18.87969293,38.87969293,58.87969293,78.87969293,142.9760943,139.1006719,45,229.1006719,98.87969293
2435,18.7,55.01763437,75.01763437,95.01763437,115.0176344,142.9760943,141.2822064,36,231.2822064,135.0176344
2436,18.5,16.57475365,36.57475365,56.57475365,76.57475365,221.6194071,140.9829091,35,230.9829091,96.57475365
2437,17.9,15.99851883,35.99851883,55.99851883,75.99851883,169.0480621,140.5329492,38,230.5329492,95.99851883
2438,18.8,15.99851883,35.99851883,55.99851883,75.99851883,142.9760943,139.4544457,32,229.4544457,95.99851883
2439,18.1,14.84604919,34.84604919,54.84604919,74.84604919,55.19857386,135.4458671,45,225.4458671,94.84604919
2440,17.8,14.55793178,34.55793178,54.55793178,74.55793178,55.19857386,131.9359754,65,221.9359754,94.55793178
2441,19.1,14.70199049,34.70199049,54.70199049,74.70199049,55.19857386,128.3393883,90,218.3393883,94.70199049
2442,18.9,79.10959532,99.10959532,119.1095953,139.1095953,55.19857386,127.827712,87,217.827712,159.1095953
2443,19.9,16.86287106,36.86287106,56.86287106,76.86287106,55.19857386,127.1095972,97,217.1095972,96.86287106
2444,20.7,17.00692976,37.00692976,57.00692976,77.00692976,81.27054168,124.8828274,93,214.8828274,97.00692976
2445,20.7,17.43910588,37.43910588,57.43910588,77.43910588,81.27054168,121.6156898,79,211.6156898,97.43910588
2446,21.2,18.87969293,38.87969293,58.87969293,78.87969293,55.19857386,119.8441025,80,209.8441025,98.87969293
2447,22.5,18.87969293,38.87969293,58.87969293,78.87969293,21.90472707,117.7081651,74,207.7081651,98.87969293
2448,24.5,19.88810386,39.88810386,59.88810386,79.88810386,21.90472707,115.428464,74,205.428464,99.88810386
2449,25.6,20.60839739,40.60839739,60.60839739,80.60839739,21.90472707,116.407951,78,206.407951,100.6083974
2450,25.8,21.47274962,41.47274962,61.47274962,81.47274962,21.90472707,117.5970173,77,207.5970173,101.4727496
2451,26.5,21.90492573,41.90492573,61.90492573,81.90492573,21.90472707,118.7681749,81,208.7681749,101.9049257
2452,26.5,22.04898444,42.04898444,62.04898444,82.04898444,34.80523813,120.674008,107,210.674008,102.0489844
2453,26.8,21.76086703,41.76086703,61.76086703,81.76086703,34.80523813,127.3810821,150,217.3810821,101.760867
2454,28.7,19.16781034,39.16781034,59.16781034,79.16781034,113.4485509,133.927694,144,223.927694,99.16781034
2455,29.2,43.11571259,63.11571259,83.11571259,103.1157126,60.87720596,133.9110543,85,223.9110543,123.1157126
2456,25.5,16.14257753,36.14257753,56.14257753,76.14257753,34.80523813,134.2295014,65,224.2295014,96.14257753
2457,23.5,15.56634271,35.56634271,55.56634271,75.56634271,34.80523813,132.7654413,49,222.7654413,95.56634271
2458,21.8,14.70199049,34.70199049,54.70199049,74.70199049,34.80523813,132.350368,33,222.350368,94.70199049
2459,22.6,52.28051897,72.28051897,92.28051897,112.280519,34.80523813,132.8470667,30,222.8470667,132.280519
2460,22.5,12.82922732,32.82922732,52.82922732,72.82922732,113.4485509,132.1659228,27,222.1659228,92.82922732
2461,21.5,12.2529925,32.2529925,52.2529925,72.2529925,60.87720596,130.6439182,25,220.6439182,92.2529925
2462,20.7,13.26140344,33.26140344,53.26140344,73.26140344,34.80523813,131.8779129,23,221.8779129,93.26140344
2463,21.5,14.12575567,34.12575567,54.12575567,74.12575567,34.80523813,128.0463088,39,218.0463088,94.12575567
2464,21.9,13.98169696,33.98169696,53.98169696,73.98169696,34.80523813,128.6570681,52,218.6570681,93.98169696
2465,20.8,15.56634271,35.56634271,55.56634271,75.56634271,34.80523813,127.1421687,65,217.1421687,95.56634271
2466,21.2,81.12641719,101.1264172,121.1264172,141.1264172,34.80523813,126.9016353,86,216.9016353,161.1264172
2467,21.3,20.60839739,40.60839739,60.60839739,80.60839739,34.80523813,126.4874601,78,216.4874601,100.6083974
2468,21.7,22.19304314,42.19304314,62.19304314,82.19304314,60.87720596,125.9220986,81,215.9220986,102.1930431
2469,21.5,22.91333667,42.91333667,62.91333667,82.91333667,60.87720596,124.2979345,74,214.2979345,102.9133367
2470,20.5,23.20145408,43.20145408,63.20145408,83.20145408,34.80523813,121.7643946,72,211.7643946,103.2014541
2471,20.4,23.34551278,43.34551278,63.34551278,83.34551278,21.90472707,119.5436046,78,209.5436046,103.3455128
2472,21,24.35392372,44.35392372,64.35392372,84.35392372,21.90472707,116.7051778,71,206.7051778,104.3539237
2473,21.2,24.64204113,44.64204113,64.64204113,84.64204113,21.90472707,114.6644964,71,204.6644964,104.6420411
2474,21.2,25.79451077,45.79451077,65.79451077,85.79451077,21.90472707,114.7854966,72,204.7854966,105.7945108
2475,20.8,26.51480429,46.51480429,66.51480429,86.51480429,21.90472707,116.2358614,74,206.2358614,106.5148043
2476,20.8,26.658863,46.658863,66.658863,86.658863,21.90472707,120.6008542,74,210.6008542,106.658863
2477,20.4,25.50639336,45.50639336,65.50639336,85.50639336,21.90472707,129.5178925,75,219.5178925,105.5063934
2478,21.3,21.90492573,41.90492573,61.90492573,81.90492573,100.5480399,137.3204423,77,227.3204423,101.9049257
2479,22.8,44.12412353,64.12412353,84.12412353,104.1241235,47.97669489,138.6480649,88,228.6480649,124.1241235
2480,22.7,16.28663624,36.28663624,56.28663624,76.28663624,21.90472707,138.3581254,80,228.3581254,96.28663624
2481,20.3,14.12575567,34.12575567,54.12575567,74.12575567,21.90472707,137.0841475,102,227.0841475,94.12575567
2482,18.6,12.54110991,32.54110991,52.54110991,72.54110991,21.90472707,141.2946457,73,231.2946457,92.54110991
2483,17.4,49.68746228,69.68746228,89.68746228,109.6874623,21.90472707,140.1508408,62,230.1508408,129.6874623
2484,15.5,10.95646416,30.95646416,50.95646416,70.95646416,100.5480399,138.5546867,39,228.5546867,90.95646416
2485,17,11.38864027,31.38864027,51.38864027,71.38864027,47.97669489,134.8078349,23,224.8078349,91.38864027
2486,20.8,11.10052286,31.10052286,51.10052286,71.10052286,21.90472707,135.6822021,21,225.6822021,91.10052286
2487,22.2,11.10052286,31.10052286,51.10052286,71.10052286,21.90472707,131.0879458,53,221.0879458,91.10052286
2488,21.6,11.38864027,31.38864027,51.38864027,71.38864027,21.90472707,128.7632449,59,218.7632449,91.38864027
2489,22.2,11.82081639,31.82081639,51.82081639,71.82081639,21.90472707,127.3813584,77,217.3813584,91.82081639
2490,22,78.10118439,98.10118439,118.1011844,138.1011844,21.90472707,126.8299454,86,216.8299454,158.1011844
2491,21.4,19.31186904,39.31186904,59.31186904,79.31186904,21.90472707,126.1783494,67,216.1783494,99.31186904
2492,21.8,21.90492573,41.90492573,61.90492573,81.90492573,47.97669489,126.0529912,67,216.0529912,101.9049257
2493,21.7,23.9217476,43.9217476,63.9217476,83.9217476,47.97669489,123.6539518,61,213.6539518,103.9217476
2494,21.2,24.78609983,44.78609983,64.78609983,84.78609983,21.90472707,122.1881512,61,212.1881512,104.7860998
2495,21,25.79451077,45.79451077,65.79451077,85.79451077,21.90472707,122.2906208,58,212.2906208,105.7945108
2496,20.8,26.51480429,46.51480429,66.51480429,86.51480429,21.90472707,121.7054316,55,211.7054316,106.5148043
2497,20.4,27.09103911,47.09103911,67.09103911,87.09103911,21.90472707,122.3256221,53,212.3256221,107.0910391
2498,20.4,27.37915652,47.37915652,67.37915652,87.37915652,21.90472707,118.6205569,53,208.6205569,107.3791565
2499,20.6,27.66727393,47.66727393,67.66727393,87.66727393,21.90472707,115.8206466,61,205.8206466,107.6672739
2500,20.6,27.37915652,47.37915652,67.37915652,87.37915652,34.80523813,117.0935087,60,207.0935087,107.3791565
2501,20.9,24.35392372,44.35392372,64.35392372,84.35392372,34.80523813,126.796409,60,216.796409,104.3539237
2502,21.7,20.03216257,40.03216257,60.03216257,80.03216257,133.8418866,134.2881367,64,224.2881367,100.0321626
2503,22.4,41.53106684,61.53106684,81.53106684,101.5310668,81.27054168,135.5706303,83,225.5706303,121.5310668
2504,23.8,13.11734473,33.11734473,53.11734473,73.11734473,142.9760943,135.6366349,100,225.6366349,93.11734473
2505,23.6,10.95646416,30.95646416,50.95646416,70.95646416,142.9760943,133.2567878,100,223.2567878,90.95646416
2506,25.1,9.948053222,29.94805322,49.94805322,69.94805322,142.9760943,132.7374838,72,222.7374838,89.94805322
2507,25,46.95034689,66.95034689,86.95034689,106.9503469,142.9760943,131.2800045,36,221.2800045,126.9503469
2508,22.5,8.363407467,28.36340747,48.36340747,68.36340747,221.6194071,131.3153739,52,221.3153739,88.36340747
2509,21.5,8.219348762,28.21934876,48.21934876,68.21934876,169.0480621,128.7638513,51,218.7638513,88.21934876
2510,20.9,8.363407467,28.36340747,48.36340747,68.36340747,142.9760943,127.8990006,68,217.8990006,88.36340747
2511,19.5,8.939642287,28.93964229,48.93964229,68.93964229,55.19857386,125.1094526,51,215.1094526,88.93964229
2512,18.4,10.23617063,30.23617063,50.23617063,70.23617063,55.19857386,122.0070664,64,212.0070664,90.23617063
2513,18,11.82081639,31.82081639,51.82081639,71.82081639,55.19857386,121.1521553,76,211.1521553,91.82081639
2514,18.5,77.81306698,97.81306698,117.813067,137.813067,55.19857386,120.1895687,109,210.1895687,157.813067
2515,19.8,17.72722329,37.72722329,57.72722329,77.72722329,55.19857386,121.4226652,87,211.4226652,97.72722329
2516,21.5,20.32027998,40.32027998,60.32027998,80.32027998,81.27054168,120.5677954,75,210.5677954,100.32028
2517,22.1,22.19304314,42.19304314,62.19304314,82.19304314,81.27054168,117.8171758,71,207.8171758,102.1930431
2518,23.4,23.63363019,43.63363019,63.63363019,83.63363019,55.19857386,115.9693735,60,205.9693735,103.6336302
2519,24.4,24.78609983,44.78609983,64.78609983,84.78609983,21.90472707,114.2684232,51,204.2684232,104.7860998
2520,24.7,25.21827595,45.21827595,65.21827595,85.21827595,21.90472707,111.7187774,47,201.7187774,105.2182759
2521,24.8,25.36233465,45.36233465,65.36233465,85.36233465,21.90472707,112.631341,46,202.631341,105.3623347
2522,24.9,25.36233465,45.36233465,65.36233465,85.36233465,21.90472707,111.2882588,47,201.2882588,105.3623347
2523,24.9,25.50639336,45.50639336,65.50639336,85.50639336,21.90472707,112.1397955,47,202.1397955,105.5063934
2524,24.4,25.07421724,45.07421724,65.07421724,85.07421724,34.80523813,114.3860204,62,204.3860204,105.0742172
2525,23.8,22.62521926,42.62521926,62.62521926,82.62521926,34.80523813,113.7714679,131,203.7714679,102.6252193
2526,23.8,18.44751681,38.44751681,58.44751681,78.44751681,133.8418866,129.0751262,113,219.0751262,98.44751681
2527,21.9,40.23453849,60.23453849,80.23453849,100.2345385,81.27054168,132.28146,55,222.28146,120.2345385
2528,18.9,11.10052286,31.10052286,51.10052286,71.10052286,142.9760943,131.490831,49,221.490831,91.10052286
2529,17.9,7.643113943,27.64311394,47.64311394,67.64311394,142.9760943,132.441125,46,222.441125,87.64311394
2530,18.5,6.058468188,26.05846819,46.05846819,66.05846819,142.9760943,133.1289535,45,223.1289535,86.05846819
2531,19.2,43.06076185,63.06076185,83.06076185,103.0607619,142.9760943,131.6026112,28,221.6026112,123.0607619
2532,18.6,4.854698192,24.85469819,44.85469819,64.85469819,221.6194071,127.1444492,28,217.1444492,84.85469819
2533,17.3,4.854698192,24.85469819,44.85469819,64.85469819,169.0480621,124.4343188,23,214.4343188,84.85469819
2534,16.5,5.050057254,25.05005725,45.05005725,65.05005725,142.9760943,122.2981202,22,212.2981202,85.05005725
2535,15.7,6.058468188,26.05846819,46.05846819,66.05846819,55.19857386,117.3057962,21,207.3057962,86.05846819
2536,14.8,7.354996533,27.35499653,47.35499653,67.35499653,55.19857386,115.9646687,57,205.9646687,87.35499653
2537,15.2,8.939642287,28.93964229,48.93964229,68.93964229,55.19857386,114.5305496,60,204.5305496,88.93964229
2538,14.6,74.49971676,94.49971676,114.4997168,134.4997168,55.19857386,112.7711877,62,202.7711877,154.4997168
2539,16.3,14.12575567,34.12575567,54.12575567,74.12575567,55.19857386,112.9333286,77,202.9333286,94.12575567
2540,18.6,16.71881235,36.71881235,56.71881235,76.71881235,81.27054168,112.7138268,99,202.7138268,96.71881235
2541,19.5,18.73563422,38.73563422,58.73563422,78.73563422,81.27054168,110.8004698,81,200.8004698,98.73563422
2542,18.5,19.74404516,39.74404516,59.74404516,79.74404516,55.19857386,109.4892762,76,199.4892762,99.74404516
2543,17.6,20.75245609,40.75245609,60.75245609,80.75245609,21.90472707,107.0295079,68,197.0295079,100.7524561
2544,17.4,21.61680832,41.61680832,61.61680832,81.61680832,21.90472707,106.3993765,68,196.3993765,101.6168083
2545,16.7,22.19304314,42.19304314,62.19304314,82.19304314,21.90472707,106.5862501,68,196.5862501,102.1930431
2546,16.6,22.48116055,42.48116055,62.48116055,82.48116055,21.90472707,107.0166312,72,197.0166312,102.4811606
2547,16.9,22.48116055,42.48116055,62.48116055,82.48116055,21.90472707,108.0060084,74,198.0060084,102.4811606
2548,17.4,22.62521926,42.62521926,62.62521926,82.62521926,34.80523813,108.6008487,87,198.6008487,102.6252193
2549,17.9,20.8965148,40.8965148,60.8965148,80.8965148,34.80523813,112.9463464,155,202.9463464,100.8965148
2550,18.3,17.72722329,37.72722329,57.72722329,77.72722329,133.8418866,113.8160523,134,203.8160523,97.72722329
2551,17.9,39.22612756,59.22612756,79.22612756,99.22612756,81.27054168,114.0407603,66,204.0407603,119.2261276
2552,15.3,10.09211193,30.09211193,50.09211193,70.09211193,142.9760943,114.6635273,53,204.6635273,90.09211193
2553,14.7,6.490644303,26.4906443,46.4906443,66.4906443,142.9760943,114.4485928,47,204.4485928,86.4906443
2554,14.9,4.854698192,24.85469819,44.85469819,64.85469819,142.9760943,113.5574145,43,203.5574145,84.85469819
2555,15.3,42.72134409,62.72134409,82.72134409,102.7213441,142.9760943,112.0542682,38,202.0542682,122.7213441
2556,15.9,4.854698192,24.85469819,44.85469819,64.85469819,221.6194071,104.108176,26,194.108176,84.85469819
2557,15.5,4.854698192,24.85469819,44.85469819,64.85469819,169.0480621,109.6559405,33,199.6559405,84.85469819
2558,14.3,4.854698192,24.85469819,44.85469819,64.85469819,142.9760943,107.1845806,21,197.1845806,84.85469819
2559,14.1,4.854698192,24.85469819,44.85469819,64.85469819,55.19857386,106.8114829,25,196.8114829,84.85469819
2560,13.5,4.854698192,24.85469819,44.85469819,64.85469819,55.19857386,107.9098235,39,197.9098235,84.85469819
2561,13.2,5.482233368,25.48223337,45.48223337,65.48223337,55.19857386,106.5575451,78,196.5575451,85.48223337
2562,13.4,72.05071878,92.05071878,112.0507188,132.0507188,55.19857386,106.3456081,79,196.3456081,152.0507188
2563,15.1,12.39705121,32.39705121,52.39705121,72.39705121,55.19857386,106.2997433,85,196.2997433,92.39705121
2564,17.6,14.99010789,34.99010789,54.99010789,74.99010789,81.27054168,106.5969518,79,196.5969518,94.99010789
2565,18.5,17.43910588,37.43910588,57.43910588,77.43910588,81.27054168,106.0010787,62,196.0010787,97.43910588
2566,18.9,18.87969293,38.87969293,58.87969293,78.87969293,55.19857386,105.0218749,51,195.0218749,98.87969293
2567,19.5,20.03216257,40.03216257,60.03216257,80.03216257,21.90472707,104.2890807,48,194.2890807,100.0321626
2568,20.3,21.32869091,41.32869091,61.32869091,81.32869091,21.90472707,104.0149327,47,194.0149327,101.3286909
2569,20.4,22.33710185,42.33710185,62.33710185,82.33710185,21.90472707,104.2294323,48,194.2294323,102.3371018
2570,20.7,22.48116055,42.48116055,62.48116055,82.48116055,21.90472707,104.0911802,52,194.0911802,102.4811606
2571,21.3,22.91333667,42.91333667,62.91333667,82.91333667,21.90472707,104.7627527,54,194.7627527,102.9133367
2572,21.9,22.91333667,42.91333667,62.91333667,82.91333667,34.80523813,104.4480439,73,194.4480439,102.9133367
2573,21.8,20.60839739,40.60839739,60.60839739,80.60839739,34.80523813,101.681205,128,191.681205,100.6083974
2574,22.1,17.00692976,37.00692976,57.00692976,77.00692976,133.8418866,101.9134278,112,191.9134278,97.00692976
2575,20.5,37.6414818,57.6414818,77.6414818,97.6414818,81.27054168,101.9286449,66,191.9286449,117.6414818
2576,17.3,7.787172648,27.78717265,47.78717265,67.78717265,142.9760943,101.6701369,55,191.6701369,87.78717265
2577,15.4,4.854698192,24.85469819,44.85469819,64.85469819,142.9760943,100.9946678,51,190.9946678,84.85469819
2578,16.1,4.854698192,24.85469819,44.85469819,64.85469819,142.9760943,100.259709,40,190.259709,84.85469819
2579,15,42.72134409,62.72134409,82.72134409,102.7213441,142.9760943,98.93578709,35,188.9357871,122.7213441
2580,13.7,4.854698192,24.85469819,44.85469819,64.85469819,221.6194071,99.4013994,36,189.4013994,84.85469819
2581,13,4.854698192,24.85469819,44.85469819,64.85469819,169.0480621,99.18806048,20,189.1880605,84.85469819
2582,12.6,4.854698192,24.85469819,44.85469819,64.85469819,142.9760943,100.2997058,33,190.2997058,84.85469819
2583,12.3,4.854698192,24.85469819,44.85469819,64.85469819,55.19857386,101.7282284,23,191.7282284,84.85469819
2584,11.8,4.854698192,24.85469819,44.85469819,64.85469819,55.19857386,104.1013429,43,194.1013429,84.85469819
2585,11.5,4.854698192,24.85469819,44.85469819,64.85469819,55.19857386,105.0477702,43,195.0477702,84.85469819
2586,12,69.31360339,89.31360339,109.3136034,129.3136034,55.19857386,106.0222815,61,196.0222815,149.3136034
2587,14.1,11.38864027,31.38864027,51.38864027,71.38864027,55.19857386,106.9072323,82,196.9072323,91.38864027
2588,16.7,14.55793178,34.55793178,54.55793178,74.55793178,81.27054168,108.1989311,80,198.1989311,94.55793178
2589,19.1,17.00692976,37.00692976,57.00692976,77.00692976,81.27054168,106.8020669,61,196.8020669,97.00692976
2590,18.8,19.16781034,39.16781034,59.16781034,79.16781034,55.19857386,106.2829016,54,196.2829016,99.16781034
2591,19.5,20.60839739,40.60839739,60.60839739,80.60839739,21.90472707,104.3498834,49,194.3498834,100.6083974
2592,20.2,22.33710185,42.33710185,62.33710185,82.33710185,21.90472707,104.4399069,47,194.4399069,102.3371018
2593,19.7,23.05739537,43.05739537,63.05739537,83.05739537,21.90472707,104.1309255,51,194.1309255,103.0573954
2594,19.5,23.63363019,43.63363019,63.63363019,83.63363019,21.90472707,104.4888897,55,194.4888897,103.6336302
2595,20.3,23.9217476,43.9217476,63.9217476,83.9217476,21.90472707,106.6232074,53,196.6232074,103.9217476
2596,21.9,23.63363019,43.63363019,63.63363019,83.63363019,34.80523813,109.9257578,72,199.9257578,103.6336302
2597,23.4,20.60839739,40.60839739,60.60839739,80.60839739,34.80523813,119.3788646,124,209.3788646,100.6083974
2598,23.9,16.28663624,36.28663624,56.28663624,76.28663624,133.8418866,124.1769084,116,214.1769084,96.28663624
2599,21,36.77712957,56.77712957,76.77712957,96.77712957,81.27054168,125.6841903,71,215.6841903,116.7771296
2600,18.1,7.066879123,27.06687912,47.06687912,67.06687912,142.9760943,126.5209432,41,216.5209432,87.06687912
2601,17.2,4.854698192,24.85469819,44.85469819,64.85469819,142.9760943,125.4925417,30,215.4925417,84.85469819
2602,16.7,4.854698192,24.85469819,44.85469819,64.85469819,142.9760943,123.8947409,17,213.8947409,84.85469819
2603,16,42.72134409,62.72134409,82.72134409,102.7213441,142.9760943,122.9846137,15,212.9846137,122.7213441
2604,15.5,4.854698192,24.85469819,44.85469819,64.85469819,221.6194071,120.0864694,12,210.0864694,84.85469819
2605,15.4,4.854698192,24.85469819,44.85469819,64.85469819,169.0480621,123.4946297,10,213.4946297,84.85469819
2606,14.4,4.854698192,24.85469819,44.85469819,64.85469819,142.9760943,122.0868537,19,212.0868537,84.85469819
2607,14.7,4.854698192,24.85469819,44.85469819,64.85469819,55.19857386,117.4693627,14,207.4693627,84.85469819
2608,14.7,4.854698192,24.85469819,44.85469819,64.85469819,55.19857386,115.1152276,36,205.1152276,84.85469819
2609,14.7,4.854698192,24.85469819,44.85469819,64.85469819,55.19857386,115.6651189,45,205.6651189,84.85469819
2610,14.7,69.6017208,89.6017208,109.6017208,129.6017208,55.19857386,115.7360694,60,205.7360694,149.6017208
2611,16.5,10.09211193,30.09211193,50.09211193,70.09211193,55.19857386,115.0656546,77,205.0656546,90.09211193
2612,19,13.98169696,33.98169696,53.98169696,73.98169696,81.27054168,115.4645006,103,205.4645006,93.98169696
2613,20.2,17.29504717,37.29504717,57.29504717,77.29504717,81.27054168,113.4096442,76,203.4096442,97.29504717
2614,20.3,19.74404516,39.74404516,59.74404516,79.74404516,55.19857386,112.907733,60,202.907733,99.74404516
2615,19.9,21.18463221,41.18463221,61.18463221,81.18463221,21.90472707,109.9045661,50,199.9045661,101.1846322
2616,19.7,22.91333667,42.91333667,62.91333667,82.91333667,21.90472707,108.6738718,55,198.6738718,102.9133367
2617,20.6,23.05739537,43.05739537,63.05739537,83.05739537,21.90472707,108.7189875,54,198.7189875,103.0573954
2618,21,24.20986501,44.20986501,64.20986501,84.20986501,21.90472707,108.5143866,52,198.5143866,104.209865
2619,21.4,24.78609983,44.78609983,64.78609983,84.78609983,21.90472707,109.2350112,49,199.2350112,104.7860998
2620,21.4,24.49798242,44.49798242,64.49798242,84.49798242,34.80523813,111.8136873,70,201.8136873,104.4979824
2621,22.4,21.32869091,41.32869091,61.32869091,81.32869091,34.80523813,120.8650349,114,210.8650349,101.3286909
2622,21.4,14.84604919,34.84604919,54.84604919,74.84604919,113.4485509,127.8210314,92,217.8210314,94.84604919
2623,20.2,34.32813159,54.32813159,74.32813159,94.32813159,60.87720596,128.4210781,50,218.4210781,114.3281316
2624,18,5.338174663,25.33817466,45.33817466,65.33817466,34.80523813,128.2550513,31,218.2550513,85.33817466
2625,17.7,4.854698192,24.85469819,44.85469819,64.85469819,34.80523813,126.808374,18,216.808374,84.85469819
2626,16.2,4.854698192,24.85469819,44.85469819,64.85469819,34.80523813,125.481246,14,215.481246,84.85469819
2627,14.9,42.72134409,62.72134409,82.72134409,102.7213441,34.80523813,124.7788828,11,214.7788828,122.7213441
2628,13.9,4.854698192,24.85469819,44.85469819,64.85469819,113.4485509,125.5507015,15,215.5507015,84.85469819
2629,14,4.854698192,24.85469819,44.85469819,64.85469819,60.87720596,124.7949076,17,214.7949076,84.85469819
2630,14.9,4.854698192,24.85469819,44.85469819,64.85469819,34.80523813,122.8614014,9,212.8614014,84.85469819
2631,15.4,4.854698192,24.85469819,44.85469819,64.85469819,34.80523813,117.3965909,13,207.3965909,84.85469819
2632,15.2,4.854698192,24.85469819,44.85469819,64.85469819,34.80523813,114.4891993,50,204.4891993,84.85469819
2633,15,4.854698192,24.85469819,44.85469819,64.85469819,34.80523813,112.9942109,45,202.9942109,84.85469819
2634,16.2,67.96577468,87.96577468,107.9657747,127.9657747,34.80523813,113.0093155,46,203.0093155,147.9657747
2635,17.8,8.363407467,28.36340747,48.36340747,68.36340747,34.80523813,113.867884,51,203.867884,88.36340747
2636,19.8,10.81240545,30.81240545,50.81240545,70.81240545,60.87720596,112.8155393,41,202.8155393,90.81240545
2637,21,12.68516862,32.68516862,52.68516862,72.68516862,60.87720596,112.1186527,32,202.1186527,92.68516862
2638,19.9,14.55793178,34.55793178,54.55793178,74.55793178,34.80523813,111.6647101,17,201.6647101,94.55793178
2639,19.4,16.14257753,36.14257753,56.14257753,76.14257753,21.90472707,108.9089187,9,198.9089187,96.14257753
2640,19.4,17.00692976,37.00692976,57.00692976,77.00692976,21.90472707,108.0936365,8,198.0936365,97.00692976
2641,19.8,17.43910588,37.43910588,57.43910588,77.43910588,21.90472707,108.0225148,38,198.0225148,97.43910588
2642,20.6,18.30345811,38.30345811,58.30345811,78.30345811,21.90472707,107.2645994,34,197.2645994,98.30345811
2643,20.2,19.59998645,39.59998645,59.59998645,79.59998645,21.90472707,108.4754429,52,198.4754429,99.59998645
2644,20.4,20.46433868,40.46433868,60.46433868,80.46433868,21.90472707,111.0117261,53,201.0117261,100.4643387
2645,21.3,17.00692976,37.00692976,57.00692976,77.00692976,21.90472707,120.4568013,58,210.4568013,97.00692976
2646,20.7,11.82081639,31.82081639,51.82081639,71.82081639,100.5480399,124.4487632,53,214.4487632,91.82081639
2647,18.5,33.75189677,53.75189677,73.75189677,93.75189677,47.97669489,126.3376666,84,216.3376666,113.7518968
2648,16.9,5.194115958,25.19411596,45.19411596,65.19411596,21.90472707,125.5260288,65,215.5260288,85.19411596
2649,16.1,4.854698192,24.85469819,44.85469819,64.85469819,21.90472707,126.2503957,84,216.2503957,84.85469819
2650,15.2,4.854698192,24.85469819,44.85469819,64.85469819,21.90472707,123.9730461,61,213.9730461,84.85469819
2651,15,42.72134409,62.72134409,82.72134409,102.7213441,21.90472707,126.0449311,62,216.0449311,122.7213441
2652,13.6,4.854698192,24.85469819,44.85469819,64.85469819,100.5480399,127.6430669,46,217.6430669,84.85469819
2653,12.8,4.854698192,24.85469819,44.85469819,64.85469819,47.97669489,128.230095,26,218.230095,84.85469819
2654,12.5,4.905998549,24.90599855,44.90599855,64.90599855,21.90472707,124.4724481,32,214.4724481,84.90599855
2655,12.1,6.202526893,26.20252689,46.20252689,66.20252689,21.90472707,119.7700216,29,209.7700216,86.20252689
2656,12.3,6.490644303,26.4906443,46.4906443,66.4906443,21.90472707,118.8572752,38,208.8572752,86.4906443
2657,12.5,8.939642287,28.93964229,48.93964229,68.93964229,21.90472707,116.3227689,44,206.3227689,88.93964229
2658,13.7,73.49130583,93.49130583,113.4913058,133.4913058,21.90472707,116.6685383,49,206.6685383,153.4913058
2659,17,11.82081639,31.82081639,51.82081639,71.82081639,21.90472707,116.9643502,72,206.9643502,91.82081639
2660,20.4,13.11734473,33.11734473,53.11734473,73.11734473,47.97669489,116.2432867,54,206.2432867,93.11734473
2661,19.7,15.1341666,35.1341666,55.1341666,75.1341666,47.97669489,115.3810019,60,205.3810019,95.1341666
2662,17.7,17.58316458,37.58316458,57.58316458,77.58316458,21.90472707,113.8709123,57,203.8709123,97.58316458
2663,16.6,18.73563422,38.73563422,58.73563422,78.73563422,21.90472707,110.1506513,50,200.1506513,98.73563422
2664,16.7,16.57475365,36.57475365,56.57475365,76.57475365,21.90472707,109.7676168,48,199.7676168,96.57475365
2665,17.8,16.57475365,36.57475365,56.57475365,76.57475365,21.90472707,111.2939369,48,201.2939369,96.57475365
2666,18.1,16.57475365,36.57475365,56.57475365,76.57475365,21.90472707,111.8115849,53,201.8115849,96.57475365
2667,18.3,17.00692976,37.00692976,57.00692976,77.00692976,21.90472707,112.912669,55,202.912669,97.00692976
2668,19.1,18.44751681,38.44751681,58.44751681,78.44751681,34.80523813,116.5275359,57,206.5275359,98.44751681
2669,19.7,20.17622127,40.17622127,60.17622127,80.17622127,34.80523813,125.4283776,63,215.4283776,100.1762213
2670,20,21.61680832,41.61680832,61.61680832,81.61680832,133.8418866,134.2514377,59,224.2514377,101.6168083
2671,19,47.14935633,67.14935633,87.14935633,107.1493563,81.27054168,135.5193248,65,225.5193248,127.1493563
2672,17.2,21.90492573,41.90492573,61.90492573,81.90492573,142.9760943,133.582613,85,223.582613,101.9049257
2673,16.7,21.61680832,41.61680832,61.61680832,81.61680832,142.9760943,128.4729937,112,218.4729937,101.6168083
2674,16.8,21.47274962,41.47274962,61.47274962,81.47274962,142.9760943,129.0798453,90,219.0798453,101.4727496
2675,15.6,59.33939551,79.33939551,99.33939551,119.3393955,142.9760943,127.65559,71,217.65559,139.3393955
2676,15.5,21.18463221,41.18463221,61.18463221,81.18463221,221.6194071,126.6447864,68,216.6447864,101.1846322
2677,15.4,21.32869091,41.32869091,61.32869091,81.32869091,169.0480621,126.9350617,33,216.9350617,101.3286909
2678,14.7,21.61680832,41.61680832,61.61680832,81.61680832,142.9760943,124.2480893,43,214.2480893,101.6168083
2679,14.1,21.0405735,41.0405735,61.0405735,81.0405735,55.19857386,119.337988,60,209.337988,101.0405735
2680,14.3,20.17622127,40.17622127,60.17622127,80.17622127,55.19857386,117.1957421,65,207.1957421,100.1762213
2681,13.9,20.03216257,40.03216257,60.03216257,80.03216257,55.19857386,114.5402852,102,204.5402852,100.0321626
2682,13.7,82.99918036,102.9991804,122.9991804,142.9991804,55.19857386,112.7481377,94,202.7481377,162.9991804
2683,14.9,20.32027998,40.32027998,60.32027998,80.32027998,55.19857386,113.7023678,95,203.7023678,100.32028
2684,16.5,20.60839739,40.60839739,60.60839739,80.60839739,81.27054168,113.6603903,86,203.6603903,100.6083974
2685,17.7,20.60839739,40.60839739,60.60839739,80.60839739,81.27054168,114.3254046,84,204.3254046,100.6083974
2686,17.4,20.17622127,40.17622127,60.17622127,80.17622127,55.19857386,110.7407978,68,200.7407978,100.1762213
2687,17.4,20.17622127,40.17622127,60.17622127,80.17622127,21.90472707,110.1086638,67,200.1086638,100.1762213
2688,17.2,20.60839739,40.60839739,60.60839739,80.60839739,21.90472707,108.0971495,63,198.0971495,100.6083974
2689,17.9,21.32869091,41.32869091,61.32869091,81.32869091,21.90472707,108.1944028,66,198.1944028,101.3286909
2690,17.9,21.76086703,41.76086703,61.76086703,81.76086703,21.90472707,109.6124961,66,199.6124961,101.760867
2691,18.2,22.19304314,42.19304314,62.19304314,82.19304314,21.90472707,110.2466987,68,200.2466987,102.1930431
2692,18.1,21.76086703,41.76086703,61.76086703,81.76086703,34.80523813,111.3280126,86,201.3280126,101.760867
2693,18.9,20.75245609,40.75245609,60.75245609,80.75245609,34.80523813,120.4920112,145,210.4920112,100.7524561
2694,18.8,19.16781034,39.16781034,59.16781034,79.16781034,133.8418866,127.3860018,116,217.3860018,99.16781034
2695,16.9,43.2597713,63.2597713,83.2597713,103.2597713,81.27054168,130.0291501,60,220.0291501,123.2597713
2696,15.3,15.85446012,35.85446012,55.85446012,75.85446012,142.9760943,129.3322873,44,219.3322873,95.85446012
2697,14.8,14.84604919,34.84604919,54.84604919,74.84604919,142.9760943,128.7642528,39,218.7642528,94.84604919
2698,14.1,14.26981437,34.26981437,54.26981437,74.26981437,142.9760943,128.7992167,38,218.7992167,94.26981437
2699,13.7,51.41616674,71.41616674,91.41616674,111.4161667,142.9760943,127.7378536,42,217.7378536,131.4161667
2700,12.9,12.82922732,32.82922732,52.82922732,72.82922732,221.6194071,127.4604356,38,217.4604356,92.82922732
2701,13.6,12.39705121,32.39705121,52.39705121,72.39705121,169.0480621,122.8141556,52,212.8141556,92.39705121
2702,13.2,11.67675768,31.67675768,51.67675768,71.67675768,142.9760943,118.9109476,61,208.9109476,91.67675768
2703,12.8,10.95646416,30.95646416,50.95646416,70.95646416,55.19857386,114.5585224,74,204.5585224,90.95646416
2704,12.7,10.81240545,30.81240545,50.81240545,70.81240545,55.19857386,113.274571,86,203.274571,90.81240545
2705,13.4,11.53269898,31.53269898,51.53269898,71.53269898,55.19857386,110.5741678,82,200.5741678,91.53269898
2706,13.9,76.66059734,96.66059734,116.6605973,136.6605973,55.19857386,110.2040556,82,200.2040556,156.6605973
2707,15.4,15.56634271,35.56634271,55.56634271,75.56634271,55.19857386,113.5942235,101,203.5942235,95.56634271
2708,15.8,16.57475365,36.57475365,56.57475365,76.57475365,81.27054168,112.6198577,84,202.6198577,96.57475365
2709,16.4,17.87128199,37.87128199,57.87128199,77.87128199,81.27054168,110.6247081,73,200.6247081,97.87128199
2710,16.2,18.87969293,38.87969293,58.87969293,78.87969293,55.19857386,109.6642551,67,199.6642551,98.87969293
2711,16.3,19.45592775,39.45592775,59.45592775,79.45592775,21.90472707,108.8822728,62,198.8822728,99.45592775
2712,16.5,20.32027998,40.32027998,60.32027998,80.32027998,21.90472707,104.3264224,58,194.3264224,100.32028
2713,15.6,20.60839739,40.60839739,60.60839739,80.60839739,21.90472707,104.9996543,57,194.9996543,100.6083974
2714,15.8,21.18463221,41.18463221,61.18463221,81.18463221,21.90472707,107.1100267,52,197.1100267,101.1846322
2715,16.6,21.90492573,41.90492573,61.90492573,81.90492573,21.90472707,106.9453491,54,196.9453491,101.9049257
2716,16.3,22.19304314,42.19304314,62.19304314,82.19304314,34.80523813,106.4470654,65,196.4470654,102.1930431
2717,16.3,20.8965148,40.8965148,60.8965148,80.8965148,34.80523813,111.02529,105,201.02529,100.8965148
2718,16.8,19.45592775,39.45592775,59.45592775,79.45592775,133.8418866,113.1528809,106,203.1528809,99.45592775
2719,16.8,43.98006482,63.98006482,83.98006482,103.9800648,81.27054168,112.3626511,51,202.3626511,123.9800648
2720,15.8,18.1593994,38.1593994,58.1593994,78.1593994,142.9760943,113.7015812,48,203.7015812,98.1593994
2721,15.5,17.72722329,37.72722329,57.72722329,77.72722329,142.9760943,115.2507462,51,205.2507462,97.72722329
2722,16.3,17.15098847,37.15098847,57.15098847,77.15098847,142.9760943,115.8878415,30,205.8878415,97.15098847
2723,16.3,53.72110602,73.72110602,93.72110602,113.721106,142.9760943,115.0412927,25,205.0412927,133.721106
2724,15.8,15.56634271,35.56634271,55.56634271,75.56634271,221.6194071,114.8436146,42,204.8436146,95.56634271
2725,15.5,14.55793178,34.55793178,54.55793178,74.55793178,169.0480621,109.5627253,31,199.5627253,94.55793178
2726,15.8,16.28663624,36.28663624,56.28663624,76.28663624,142.9760943,108.3620736,18,198.3620736,96.28663624
2727,15.9,14.84604919,34.84604919,54.84604919,74.84604919,55.19857386,107.1131027,31,197.1131027,94.84604919
2728,15.4,15.71040142,35.71040142,55.71040142,75.71040142,55.19857386,105.9841316,51,195.9841316,95.71040142
2729,14.9,15.71040142,35.71040142,55.71040142,75.71040142,55.19857386,105.3925054,73,195.3925054,95.71040142
2730,15.5,80.26206496,100.262065,120.262065,140.262065,55.19857386,105.9979219,91,195.9979219,160.262065
2731,18.8,19.16781034,39.16781034,59.16781034,79.16781034,55.19857386,105.6479477,122,195.6479477,99.16781034
2732,21.1,20.46433868,40.46433868,60.46433868,80.46433868,81.27054168,104.964636,79,194.964636,100.4643387
2733,21.4,19.59998645,39.59998645,59.59998645,79.59998645,81.27054168,102.9002313,72,192.9002313,99.59998645
2734,22.4,21.0405735,41.0405735,61.0405735,81.0405735,55.19857386,101.596417,53,191.596417,101.0405735
2735,22.7,22.19304314,42.19304314,62.19304314,82.19304314,21.90472707,101.9304209,49,191.9304209,102.1930431
2736,22.2,22.62521926,42.62521926,62.62521926,82.62521926,21.90472707,101.5825485,50,191.5825485,102.6252193
2737,21,23.34551278,43.34551278,63.34551278,83.34551278,21.90472707,101.8248925,51,191.8248925,103.3455128
2738,20.9,23.9217476,43.9217476,63.9217476,83.9217476,21.90472707,101.7851284,51,191.7851284,103.9217476
2739,20.8,23.20145408,43.20145408,63.20145408,83.20145408,21.90472707,102.6919609,51,192.6919609,103.2014541
2740,20.5,23.05739537,43.05739537,63.05739537,83.05739537,34.80523813,101.4595202,79,191.4595202,103.0573954
2741,21.1,21.61680832,41.61680832,61.61680832,81.61680832,34.80523813,106.5085995,129,196.5085995,101.6168083
2742,22.5,19.31186904,39.31186904,59.31186904,79.31186904,133.8418866,108.4582844,112,198.4582844,99.31186904
2743,21.8,43.69194741,63.69194741,83.69194741,103.6919474,81.27054168,109.8617546,67,199.8617546,123.6919474
2744,19,18.1593994,38.1593994,58.1593994,78.1593994,142.9760943,111.4434323,48,201.4434323,98.1593994
2745,17,18.30345811,38.30345811,58.30345811,78.30345811,142.9760943,112.5829187,46,202.5829187,98.30345811
2746,16.5,17.43910588,37.43910588,57.43910588,77.43910588,142.9760943,109.1497532,49,199.1497532,97.43910588
2747,14.8,55.01763437,75.01763437,95.01763437,115.0176344,142.9760943,110.1983946,33,200.1983946,135.0176344
2748,15.1,15.56634271,35.56634271,55.56634271,75.56634271,221.6194071,108.6450094,39,198.6450094,95.56634271
2749,16.1,16.57475365,36.57475365,56.57475365,76.57475365,169.0480621,108.578801,26,198.578801,96.57475365
2750,15.2,17.43910588,37.43910588,57.43910588,77.43910588,142.9760943,108.0375558,35,198.0375558,97.43910588
2751,15.3,17.87128199,37.87128199,57.87128199,77.87128199,55.19857386,107.1597291,35,197.1597291,97.87128199
2752,14.9,19.16781034,39.16781034,59.16781034,79.16781034,55.19857386,106.4941659,41,196.4941659,99.16781034
2753,15.2,19.59998645,39.59998645,59.59998645,79.59998645,55.19857386,107.1174346,44,197.1174346,99.59998645
2754,13.9,83.28729777,103.2872978,123.2872978,143.2872978,55.19857386,107.7114397,74,197.7114397,163.2872978
2755,15,22.33710185,42.33710185,62.33710185,82.33710185,55.19857386,107.3697615,90,197.3697615,102.3371018
2756,17.5,23.20145408,43.20145408,63.20145408,83.20145408,81.27054168,106.7829383,90,196.7829383,103.2014541
2757,19,22.76927796,42.76927796,62.76927796,82.76927796,81.27054168,106.9852662,77,196.9852662,102.769278
2758,19.6,22.62521926,42.62521926,62.62521926,82.62521926,55.19857386,107.4559617,57,197.4559617,102.6252193
2759,19.8,23.20145408,43.20145408,63.20145408,83.20145408,21.90472707,105.4362375,59,195.4362375,103.2014541
2760,19.6,23.05739537,43.05739537,63.05739537,83.05739537,21.90472707,107.3848651,49,197.3848651,103.0573954
2761,20,22.76927796,42.76927796,62.76927796,82.76927796,21.90472707,106.9965912,56,196.9965912,102.769278
2762,21.5,22.48116055,42.48116055,62.48116055,82.48116055,21.90472707,106.5572456,58,196.5572456,102.4811606
2763,21.7,22.76927796,42.76927796,62.76927796,82.76927796,21.90472707,109.3698011,59,199.3698011,102.769278
2764,21.9,22.48116055,42.48116055,62.48116055,82.48116055,34.80523813,110.6488362,77,200.6488362,102.4811606
2765,22.5,21.61680832,41.61680832,61.61680832,81.61680832,34.80523813,118.9295894,133,208.9295894,101.6168083
2766,22.3,20.03216257,40.03216257,60.03216257,80.03216257,133.8418866,126.0022172,130,216.0022172,100.0321626
2767,20.7,44.26818223,64.26818223,84.26818223,104.2681822,81.27054168,128.8336503,65,218.8336503,124.2681822
2768,16.3,18.1593994,38.1593994,58.1593994,78.1593994,142.9760943,128.5962263,53,218.5962263,98.1593994
2769,15.3,17.58316458,37.58316458,57.58316458,77.58316458,142.9760943,118.6332249,59,208.6332249,97.58316458
2770,16,16.86287106,36.86287106,56.86287106,76.86287106,142.9760943,125.2289885,41,215.2289885,96.86287106
2771,15.4,54.44139955,74.44139955,94.44139955,114.4413995,142.9760943,124.4072674,48,214.4072674,134.4413995
2772,15.6,15.99851883,35.99851883,55.99851883,75.99851883,221.6194071,124.4865157,36,214.4865157,95.99851883
2773,16.3,14.99010789,34.99010789,54.99010789,74.99010789,169.0480621,123.4183811,29,213.4183811,94.99010789
2774,17,14.26981437,34.26981437,54.26981437,74.26981437,142.9760943,120.9651514,32,210.9651514,94.26981437
2775,19.2,14.55793178,34.55793178,54.55793178,74.55793178,55.19857386,116.9980593,35,206.9980593,94.55793178
2776,19.4,14.99010789,34.99010789,54.99010789,74.99010789,55.19857386,115.4271551,67,205.4271551,94.99010789
2777,20.6,16.14257753,36.14257753,56.14257753,76.14257753,55.19857386,113.7467928,80,203.7467928,96.14257753
2778,19.8,79.82988885,99.82988885,119.8298888,139.8298888,55.19857386,112.9558662,94,202.9558662,159.8298888
2779,18.8,19.59998645,39.59998645,59.59998645,79.59998645,55.19857386,113.2397558,81,203.2397558,99.59998645
2780,19.1,22.19304314,42.19304314,62.19304314,82.19304314,81.27054168,114.9445562,107,204.9445562,102.1930431
2781,19.2,23.48957149,43.48957149,63.48957149,83.48957149,81.27054168,112.9226924,86,202.9226924,103.4895715
2782,19.2,24.78609983,44.78609983,64.78609983,84.78609983,55.19857386,110.756519,65,200.756519,104.7860998
2783,18.7,24.93015854,44.93015854,64.93015854,84.93015854,21.90472707,107.8132907,62,197.8132907,104.9301585
2784,18.2,24.93015854,44.93015854,64.93015854,84.93015854,21.90472707,107.0519628,63,197.0519628,104.9301585
2785,18.9,24.49798242,44.49798242,64.49798242,84.49798242,21.90472707,106.1480342,65,196.1480342,104.4979824
2786,20,24.93015854,44.93015854,64.93015854,84.93015854,21.90472707,106.1373076,64,196.1373076,104.9301585
2787,19.1,26.08262818,46.08262818,66.08262818,86.08262818,21.90472707,108.1631913,65,198.1631913,106.0826282
2788,19.3,25.21827595,45.21827595,65.21827595,85.21827595,34.80523813,110.8487555,83,200.8487555,105.2182759
2789,20,22.19304314,42.19304314,62.19304314,82.19304314,34.80523813,117.4983237,125,207.4983237,102.1930431
2790,21.7,17.87128199,37.87128199,57.87128199,77.87128199,113.4485509,126.4406068,113,216.4406068,97.87128199
2791,21.1,39.65830367,59.65830367,79.65830367,99.65830367,60.87720596,129.9878965,76,219.9878965,119.6583037
2792,20,12.2529925,32.2529925,52.2529925,72.2529925,34.80523813,128.5607489,52,218.5607489,92.2529925
2793,19.8,10.38022934,30.38022934,50.38022934,70.38022934,34.80523813,127.0075305,53,217.0075305,90.38022934
2794,18.9,8.507466172,28.50746617,48.50746617,68.50746617,34.80523813,126.6377634,41,216.6377634,88.50746617
2795,17.8,45.79787725,65.79787725,85.79787725,105.7978772,34.80523813,126.1794794,57,216.1794794,125.7978772
2796,17.2,8.219348762,28.21934876,48.21934876,68.21934876,113.4485509,126.9677075,51,216.9677075,88.21934876
2797,16.5,8.363407467,28.36340747,48.36340747,68.36340747,60.87720596,128.53177,46,218.53177,88.36340747
2798,16.6,9.515877107,29.51587711,49.51587711,69.51587711,34.80523813,128.9376688,44,218.9376688,89.51587711
2799,17.1,10.52428804,30.52428804,50.52428804,70.52428804,34.80523813,123.6139748,45,213.6139748,90.52428804
2800,16.3,11.53269898,31.53269898,51.53269898,71.53269898,34.80523813,121.5444402,48,211.5444402,91.53269898
2801,17.1,13.11734473,33.11734473,53.11734473,73.11734473,34.80523813,116.8442523,71,206.8442523,93.11734473
2802,17.6,77.09277345,97.09277345,117.0927735,137.0927735,34.80523813,116.4147622,82,206.4147622,157.0927735
2803,18.2,15.85446012,35.85446012,55.85446012,75.85446012,34.80523813,116.6334772,82,206.6334772,95.85446012
2804,20,19.74404516,39.74404516,59.74404516,79.74404516,60.87720596,117.7032765,102,207.7032765,99.74404516
2805,21,22.33710185,42.33710185,62.33710185,82.33710185,60.87720596,116.1028698,75,206.1028698,102.3371018
2806,20.3,23.34551278,43.34551278,63.34551278,83.34551278,34.80523813,112.0409685,76,202.0409685,103.3455128
2807,20.5,23.63363019,43.63363019,63.63363019,83.63363019,21.90472707,109.4916283,67,199.4916283,103.6336302
2808,20.4,23.9217476,43.9217476,63.9217476,83.9217476,21.90472707,106.9269744,68,196.9269744,103.9217476
2809,20.2,24.35392372,44.35392372,64.35392372,84.35392372,21.90472707,105.1236621,70,195.1236621,104.3539237
2810,21.4,24.20986501,44.20986501,64.20986501,84.20986501,21.90472707,106.0400845,69,196.0400845,104.209865
2811,22.2,24.35392372,44.35392372,64.35392372,84.35392372,21.90472707,108.1236841,72,198.1236841,104.3539237
2812,22.3,23.63363019,43.63363019,63.63363019,83.63363019,21.90472707,112.633517,77,202.633517,103.6336302
2813,22.8,21.32869091,41.32869091,61.32869091,81.32869091,21.90472707,121.0777397,73,211.0777397,101.3286909
2814,23.5,17.43910588,37.43910588,57.43910588,77.43910588,100.5480399,127.886548,76,217.886548,97.43910588
2815,22.6,40.3785972,60.3785972,80.3785972,100.3785972,47.97669489,128.1617798,80,218.1617798,120.3785972
2816,20.1,12.39705121,32.39705121,52.39705121,72.39705121,21.90472707,128.2145585,106,218.2145585,92.39705121
2817,17.4,10.52428804,30.52428804,50.52428804,70.52428804,21.90472707,127.9418883,92,217.9418883,90.52428804
2818,15.9,11.53269898,31.53269898,51.53269898,71.53269898,21.90472707,126.8962509,77,216.8962509,91.53269898
2819,15,48.96716876,68.96716876,88.96716876,108.9671688,21.90472707,127.1756842,58,217.1756842,128.9671688
2820,14.1,10.09211193,30.09211193,50.09211193,70.09211193,100.5480399,127.5591208,46,217.5591208,90.09211193
2821,13.4,9.371818402,29.3718184,49.3718184,69.3718184,47.97669489,125.9063472,24,215.9063472,89.3718184
2822,12.5,10.38022934,30.38022934,50.38022934,70.38022934,21.90472707,126.0015427,27,216.0015427,90.38022934
2823,11.6,10.52428804,30.52428804,50.52428804,70.52428804,21.90472707,123.3459608,51,213.3459608,90.52428804
2824,11.6,11.38864027,31.38864027,51.38864027,71.38864027,21.90472707,119.5411409,66,209.5411409,91.38864027
2825,11.7,13.40546214,33.40546214,53.40546214,73.40546214,21.90472707,117.6160807,79,207.6160807,93.40546214
2826,14.2,77.66900827,97.66900827,117.6690083,137.6690083,21.90472707,116.7166709,91,206.7166709,157.6690083
2827,14.5,16.43069494,36.43069494,56.43069494,76.43069494,21.90472707,115.5508789,62,205.5508789,96.43069494
2828,15.1,18.0153407,38.0153407,58.0153407,78.0153407,47.97669489,116.064779,75,206.064779,98.0153407
2829,16.6,18.59157552,38.59157552,58.59157552,78.59157552,47.97669489,114.6662629,66,204.6662629,98.59157552
2830,17.9,19.45592775,39.45592775,59.45592775,79.45592775,21.90472707,114.8649587,67,204.8649587,99.45592775
2831,18.9,21.47274962,41.47274962,61.47274962,81.47274962,21.90472707,112.5440745,63,202.5440745,101.4727496
2832,19.1,22.62521926,42.62521926,62.62521926,82.62521926,21.90472707,108.6195141,70,198.6195141,102.6252193
2833,19.6,23.48957149,43.48957149,63.48957149,83.48957149,21.90472707,107.7674557,61,197.7674557,103.4895715
2834,20.9,23.05739537,43.05739537,63.05739537,83.05739537,21.90472707,107.849308,61,197.849308,103.0573954
2835,21.3,22.91333667,42.91333667,62.91333667,82.91333667,21.90472707,108.1792099,59,198.1792099,102.9133367
2836,23.3,22.19304314,42.19304314,62.19304314,82.19304314,34.80523813,113.4107397,61,203.4107397,102.1930431
2837,25.1,19.74404516,39.74404516,59.74404516,79.74404516,34.80523813,122.109644,62,212.109644,99.74404516
2838,24.6,16.43069494,36.43069494,56.43069494,76.43069494,185.5653067,130.4027091,68,220.4027091,96.43069494
2839,20.5,39.37018626,59.37018626,79.37018626,99.37018626,132.9939617,132.0086325,83,222.0086325,119.3701863
2840,15.8,12.2529925,32.2529925,52.2529925,72.2529925,142.9760943,129.1905813,100,219.1905813,92.2529925
2841,15.1,10.52428804,30.52428804,50.52428804,70.52428804,142.9760943,127.9464193,87,217.9464193,90.52428804
2842,15.2,9.948053222,29.94805322,49.94805322,69.94805322,142.9760943,127.3189297,86,217.3189297,89.94805322
2843,14.5,47.67064041,67.67064041,87.67064041,107.6706404,142.9760943,128.4011589,84,218.4011589,127.6706404
2844,15,10.95646416,30.95646416,50.95646416,70.95646416,273.3428271,127.8349147,54,217.8349147,90.95646416
2845,17.1,11.38864027,31.38864027,51.38864027,71.38864027,220.7714822,123.9323015,62,213.9323015,91.38864027
2846,16.8,10.52428804,30.52428804,50.52428804,70.52428804,142.9760943,123.0770124,37,213.0770124,90.52428804
2847,16.8,10.81240545,30.81240545,50.81240545,70.81240545,55.19857386,119.0508641,61,209.0508641,90.81240545
2848,18.1,11.67675768,31.67675768,51.67675768,71.67675768,55.19857386,115.7948205,61,205.7948205,91.67675768
2849,17,11.96487509,31.96487509,51.96487509,71.96487509,55.19857386,113.7294215,59,203.7294215,91.96487509
2850,17.3,76.22842122,96.22842122,116.2284212,136.2284212,55.19857386,112.7848809,75,202.7848809,156.2284212
2851,17.9,16.14257753,36.14257753,56.14257753,76.14257753,55.19857386,112.7567526,79,202.7567526,96.14257753
2852,18.4,18.44751681,38.44751681,58.44751681,78.44751681,132.9939617,113.6268138,70,203.6268138,98.44751681
2853,18.3,21.18463221,41.18463221,61.18463221,81.18463221,132.9939617,111.8252879,69,201.8252879,101.1846322
2854,17.6,23.7776889,43.7776889,63.7776889,83.7776889,55.19857386,109.5710751,69,199.5710751,103.7776889
2855,16.7,25.36233465,45.36233465,65.36233465,85.36233465,21.90472707,107.0026891,55,197.0026891,105.3623347
2856,16.3,26.51480429,46.51480429,66.51480429,86.51480429,21.90472707,106.0822565,58,196.0822565,106.5148043
2857,16,27.23509782,47.23509782,67.23509782,87.23509782,21.90472707,104.1373536,58,194.1373536,107.2350978
2858,15.9,27.95539134,47.95539134,67.95539134,87.95539134,21.90472707,104.3462227,57,194.3462227,107.9553913
2859,15.6,28.09945005,48.09945005,68.09945005,88.09945005,21.90472707,104.6506767,61,194.6506767,108.09945
2860,15.5,27.09103911,47.09103911,67.09103911,87.09103911,34.80523813,108.0663054,77,198.0663054,107.0910391
2861,16.3,22.48116055,42.48116055,62.48116055,82.48116055,34.80523813,115.8037675,87,205.8037675,102.4811606
2862,16.8,17.72722329,37.72722329,57.72722329,77.72722329,159.4933389,122.5845082,83,212.5845082,97.72722329
2863,17,39.65830367,59.65830367,79.65830367,99.65830367,106.9219939,123.9480089,75,213.9480089,119.6583037
2864,15.9,11.53269898,31.53269898,51.53269898,71.53269898,142.9760943,123.8754119,73,213.8754119,91.53269898
2865,15.7,10.52428804,30.52428804,50.52428804,70.52428804,142.9760943,113.5263235,54,203.5263235,90.52428804
2866,14.6,9.227759697,29.2277597,49.2277597,69.2277597,142.9760943,119.7006183,42,209.7006183,89.2277597
2867,13.3,46.23005336,66.23005336,86.23005336,106.2300534,142.9760943,119.4267341,43,209.4267341,126.2300534
2868,12.9,7.643113943,27.64311394,47.64311394,67.64311394,247.2708593,117.7277263,60,207.7277263,87.64311394
2869,11.9,8.075290057,28.07529006,48.07529006,68.07529006,194.6995144,116.1849536,48,206.1849536,88.07529006
2870,11.3,7.354996533,27.35499653,47.35499653,67.35499653,142.9760943,115.2966147,45,205.2966147,87.35499653
2871,11.7,7.643113943,27.64311394,47.64311394,67.64311394,55.19857386,112.9046718,58,202.9046718,87.64311394
2872,11.7,8.075290057,28.07529006,48.07529006,68.07529006,55.19857386,109.4238794,67,199.4238794,88.07529006
2873,12.6,8.363407467,28.36340747,48.36340747,68.36340747,55.19857386,106.5979174,53,196.5979174,88.36340747
2874,13.9,73.63536453,93.63536453,113.6353645,133.6353645,55.19857386,105.0509821,64,195.0509821,153.6353645
2875,14.8,13.69357955,33.69357955,53.69357955,73.69357955,55.19857386,103.7158031,66,193.7158031,93.69357955
2876,15.3,16.14257753,36.14257753,56.14257753,76.14257753,106.9219939,104.0718627,59,194.0718627,96.14257753
2877,15.9,17.87128199,37.87128199,57.87128199,77.87128199,106.9219939,102.3417131,55,192.3417131,97.87128199
2878,15.6,18.87969293,38.87969293,58.87969293,78.87969293,55.19857386,101.5815202,56,191.5815202,98.87969293
2879,15.5,20.17622127,40.17622127,60.17622127,80.17622127,21.90472707,100.2624552,58,190.2624552,100.1762213
2880,16.2,22.91333667,42.91333667,62.91333667,82.91333667,21.90472707,103.6040008,52,193.6040008,102.9133367
2881,17.6,24.78609983,44.78609983,64.78609983,84.78609983,21.90472707,103.1631352,53,193.1631352,104.7860998
2882,17.6,25.93856947,45.93856947,65.93856947,85.93856947,21.90472707,102.9496924,54,192.9496924,105.9385695
2883,18.2,26.658863,46.658863,66.658863,86.658863,21.90472707,102.7154831,54,192.7154831,106.658863
2884,19,25.21827595,45.21827595,65.21827595,85.21827595,34.80523813,103.1826048,53,193.1826048,105.2182759
2885,19.6,21.0405735,41.0405735,61.0405735,81.0405735,34.80523813,104.3924675,53,194.3924675,101.0405735
2886,18.4,16.71881235,36.71881235,56.71881235,76.71881235,159.4933389,106.2319031,59,196.2319031,96.71881235
2887,15.2,38.64989274,58.64989274,78.64989274,98.64989274,106.9219939,106.8737962,76,196.8737962,118.6498927
2888,13.2,11.10052286,31.10052286,51.10052286,71.10052286,142.9760943,107.8315368,83,197.8315368,91.10052286
2889,12.6,10.23617063,30.23617063,50.23617063,70.23617063,142.9760943,109.6843975,108,199.6843975,90.23617063
2890,12.8,9.948053222,29.94805322,49.94805322,69.94805322,142.9760943,111.7968681,82,201.7968681,89.94805322
2891,13.4,47.2384643,67.2384643,87.2384643,107.2384643,142.9760943,110.1037201,69,200.1037201,127.2384643
2892,12.5,8.939642287,28.93964229,48.93964229,68.93964229,247.2708593,109.7460806,51,199.7460806,88.93964229
2893,13,8.363407467,28.36340747,48.36340747,68.36340747,194.6995144,111.6448054,50,201.6448054,88.36340747
2894,12.8,8.507466172,28.50746617,48.50746617,68.50746617,142.9760943,112.8781792,48,202.8781792,88.50746617
2895,12.5,7.931231353,27.93123135,47.93123135,67.93123135,55.19857386,114.5157479,52,204.5157479,87.93123135
2896,12.1,9.227759697,29.2277597,49.2277597,69.2277597,55.19857386,113.3951016,68,203.3951016,89.2277597
2897,12,11.38864027,31.38864027,51.38864027,71.38864027,55.19857386,111.6746448,69,201.6746448,91.38864027
2898,13,76.08436252,96.08436252,116.0843625,136.0843625,55.19857386,111.8213102,87,201.8213102,156.0843625
2899,14.5,14.70199049,34.70199049,54.70199049,74.70199049,55.19857386,110.1569892,109,200.1569892,94.70199049
2900,16.5,16.86287106,36.86287106,56.86287106,76.86287106,106.9219939,102.1715561,85,192.1715561,96.86287106
2901,17.9,18.0153407,38.0153407,58.0153407,78.0153407,106.9219939,100.8643797,80,190.8643797,98.0153407
2902,18.7,18.44751681,38.44751681,58.44751681,78.44751681,55.19857386,100.8470822,59,190.8470822,98.44751681
2903,20.1,18.59157552,38.59157552,58.59157552,78.59157552,21.90472707,100.4786762,53,190.4786762,98.59157552
2904,19.9,18.59157552,38.59157552,58.59157552,78.59157552,21.90472707,100.9214466,49,190.9214466,98.59157552
2905,19.6,18.73563422,38.73563422,58.73563422,78.73563422,21.90472707,101.2149136,51,191.2149136,98.73563422
2906,18.2,18.59157552,38.59157552,58.59157552,78.59157552,21.90472707,100.469458,51,190.469458,98.59157552
2907,16.9,19.16781034,39.16781034,59.16781034,79.16781034,21.90472707,100.4415137,50,190.4415137,99.16781034
2908,17.3,18.59157552,38.59157552,58.59157552,78.59157552,34.80523813,102.3063919,74,192.3063919,98.59157552
2909,18.4,16.43069494,36.43069494,56.43069494,76.43069494,34.80523813,102.6295342,127,192.6295342,96.43069494
2910,18.7,13.98169696,33.98169696,53.98169696,73.98169696,159.4933389,103.5160637,87,193.5160637,93.98169696
2911,17.5,37.4974231,57.4974231,77.4974231,97.4974231,106.9219939,104.9234041,58,194.9234041,117.4974231
2912,14.8,9.948053222,29.94805322,49.94805322,69.94805322,142.9760943,105.5675422,44,195.5675422,89.94805322
2913,13.1,7.931231353,27.93123135,47.93123135,67.93123135,142.9760943,105.076502,37,195.076502,87.93123135
2914,13.4,7.066879123,27.06687912,47.06687912,67.06687912,142.9760943,105.8149682,34,195.8149682,87.06687912
2915,12.5,44.64540761,64.64540761,84.64540761,104.6454076,142.9760943,106.27164,50,196.27164,124.6454076
2916,11,7.066879123,27.06687912,47.06687912,67.06687912,247.2708593,106.0795845,36,196.0795845,87.06687912
2917,9.8,7.643113943,27.64311394,47.64311394,67.64311394,194.6995144,105.4559774,42,195.4559774,87.64311394
2918,9.7,6.922820418,26.92282042,46.92282042,66.92282042,142.9760943,105.2036252,28,195.2036252,86.92282042
2919,8.8,6.778761713,26.77876171,46.77876171,66.77876171,55.19857386,105.0357298,41,195.0357298,86.77876171
2920,9.3,6.922820418,26.92282042,46.92282042,66.92282042,55.19857386,105.0406874,49,195.0406874,86.92282042
2921,9.9,8.795583582,28.79558358,48.79558358,68.79558358,55.19857386,104.7581884,61,194.7581884,88.79558358
2922,11.4,75.6521864,95.6521864,115.6521864,135.6521864,55.19857386,104.7880881,71,194.7880881,155.6521864
2923,11.6,13.40546214,33.40546214,53.40546214,73.40546214,55.19857386,105.4038121,73,195.4038121,93.40546214
2924,12.6,15.56634271,35.56634271,55.56634271,75.56634271,106.9219939,105.5465846,80,195.5465846,95.56634271
2925,13,16.43069494,36.43069494,56.43069494,76.43069494,106.9219939,105.3258884,82,195.3258884,96.43069494
2926,12.8,17.87128199,37.87128199,57.87128199,77.87128199,55.19857386,104.9435551,61,194.9435551,97.87128199
2927,13.3,20.32027998,40.32027998,60.32027998,80.32027998,21.90472707,104.5945232,61,194.5945232,100.32028
2928,13.5,22.19304314,42.19304314,62.19304314,82.19304314,21.90472707,103.5451938,59,193.5451938,102.1930431
2929,14.9,23.48957149,43.48957149,63.48957149,83.48957149,21.90472707,103.1746906,57,193.1746906,103.4895715
2930,14.9,24.49798242,44.49798242,64.49798242,84.49798242,21.90472707,101.5599174,62,191.5599174,104.4979824
2931,15.3,25.21827595,45.21827595,65.21827595,85.21827595,21.90472707,103.1707697,64,193.1707697,105.2182759
2932,15.7,24.06580631,44.06580631,64.06580631,84.06580631,34.80523813,107.9636214,73,197.9636214,104.0658063
2933,16,20.60839739,40.60839739,60.60839739,80.60839739,34.80523813,118.0483924,123,208.0483924,100.6083974
2934,16.9,15.1341666,35.1341666,55.1341666,75.1341666,159.4933389,126.5530637,104,216.5530637,95.1341666
2935,17.4,36.77712957,56.77712957,76.77712957,96.77712957,106.9219939,129.9452946,58,219.9452946,116.7771296
2936,16.3,9.083700992,29.08370099,49.08370099,69.08370099,142.9760943,130.2586385,42,220.2586385,89.08370099
2937,15.6,7.499055238,27.49905524,47.49905524,67.49905524,142.9760943,129.2694814,36,219.2694814,87.49905524
2938,15.5,7.066879123,27.06687912,47.06687912,67.06687912,142.9760943,125.7470211,44,215.7470211,87.06687912
2939,16.3,43.92511408,63.92511408,83.92511408,103.9251141,142.9760943,124.913554,56,214.913554,123.9251141
2940,15.9,5.626292073,25.62629207,45.62629207,65.62629207,247.2708593,125.0967855,60,215.0967855,85.62629207
2941,15.8,5.626292073,25.62629207,45.62629207,65.62629207,194.6995144,124.3023296,57,214.3023296,85.62629207
2942,15.6,5.770350778,25.77035078,45.77035078,65.77035078,142.9760943,122.4578461,70,212.4578461,85.77035078
2943,14.9,6.490644303,26.4906443,46.4906443,66.4906443,55.19857386,117.3682216,72,207.3682216,86.4906443
2944,14.8,7.787172648,27.78717265,47.78717265,67.78717265,55.19857386,114.5282015,92,204.5282015,87.78717265
2945,15.2,8.795583582,28.79558358,48.79558358,68.79558358,55.19857386,113.402091,106,203.402091,88.79558358
2946,14.5,73.20318842,93.20318842,113.2031884,133.2031884,55.19857386,113.3768474,98,203.3768474,153.2031884
2947,15.5,11.67675768,31.67675768,51.67675768,71.67675768,55.19857386,113.9462526,83,203.9462526,91.67675768
2948,17.5,13.11734473,33.11734473,53.11734473,73.11734473,106.9219939,113.2412738,110,203.2412738,93.11734473
2949,18.9,14.41387308,34.41387308,54.41387308,74.41387308,106.9219939,111.0110069,101,201.0110069,94.41387308
2950,20.7,15.71040142,35.71040142,55.71040142,75.71040142,55.19857386,109.3774716,70,199.3774716,95.71040142
2951,21.1,16.71881235,36.71881235,56.71881235,76.71881235,21.90472707,109.295157,67,199.295157,96.71881235
2952,22,17.87128199,37.87128199,57.87128199,77.87128199,21.90472707,106.9891604,64,196.9891604,97.87128199
2953,22.3,18.30345811,38.30345811,58.30345811,78.30345811,21.90472707,104.420274,63,194.420274,98.30345811
2954,22.9,18.59157552,38.59157552,58.59157552,78.59157552,21.90472707,106.0048549,61,196.0048549,98.59157552
2955,23.5,19.16781034,39.16781034,59.16781034,79.16781034,21.90472707,106.3493236,70,196.3493236,99.16781034
2956,24.4,18.1593994,38.1593994,58.1593994,78.1593994,34.80523813,111.2756562,82,201.2756562,98.1593994
2957,24.6,16.71881235,36.71881235,56.71881235,76.71881235,34.80523813,118.4322727,125,208.4322727,96.71881235
2958,22.5,14.26981437,34.26981437,54.26981437,74.26981437,139.1000031,126.3097154,115,216.3097154,94.26981437
2959,19.6,37.4974231,57.4974231,77.4974231,97.4974231,86.52865817,128.0962117,74,218.0962117,117.4974231
2960,16.1,9.803994517,29.80399452,49.80399452,69.80399452,34.80523813,127.0981812,68,217.0981812,89.80399452
2961,15.1,7.931231353,27.93123135,47.93123135,67.93123135,34.80523813,125.6950342,56,215.6950342,87.93123135
2962,14.6,6.202526893,26.20252689,46.20252689,66.20252689,34.80523813,128.6087366,38,218.6087366,86.20252689
2963,13.4,43.63699667,63.63699667,83.63699667,103.6369967,34.80523813,129.4411621,35,219.4411621,123.6369967
2964,13,5.338174663,25.33817466,45.33817466,65.33817466,139.1000031,127.1980698,34,217.1980698,85.33817466
2965,12.4,5.770350778,25.77035078,45.77035078,65.77035078,86.52865817,121.6320958,35,211.6320958,85.77035078
2966,12.5,6.634703008,26.63470301,46.63470301,66.63470301,34.80523813,122.1575284,30,212.1575284,86.63470301
2967,12.4,7.787172648,27.78717265,47.78717265,67.78717265,34.80523813,119.4720324,32,209.4720324,87.78717265
2968,11.7,9.515877107,29.51587711,49.51587711,69.51587711,34.80523813,115.738615,40,205.738615,89.51587711
2969,12,11.10052286,31.10052286,51.10052286,71.10052286,34.80523813,115.0952628,55,205.0952628,91.10052286
2970,12.9,75.6521864,95.6521864,115.6521864,135.6521864,34.80523813,114.2118149,61,204.2118149,155.6521864
2971,13.8,13.98169696,33.98169696,53.98169696,73.98169696,34.80523813,111.8191582,61,201.8191582,93.98169696
2972,14.8,14.99010789,34.99010789,54.99010789,74.99010789,86.52865817,113.0151497,79,203.0151497,94.99010789
2973,15.8,15.99851883,35.99851883,55.99851883,75.99851883,86.52865817,111.4420668,81,201.4420668,95.99851883
2974,16.3,16.71881235,36.71881235,56.71881235,76.71881235,34.80523813,108.0763451,59,198.0763451,96.71881235
2975,17.2,17.00692976,37.00692976,57.00692976,77.00692976,21.90472707,108.6616244,64,198.6616244,97.00692976
2976,17.5,16.86287106,36.86287106,56.86287106,76.86287106,21.90472707,109.0177891,57,199.0177891,96.86287106
2977,18.2,16.57475365,36.57475365,56.57475365,76.57475365,21.90472707,106.6982512,56,196.6982512,96.57475365
2978,19.7,16.28663624,36.28663624,56.28663624,76.28663624,21.90472707,106.6809035,60,196.6809035,96.28663624
2979,20.8,15.71040142,35.71040142,55.71040142,75.71040142,21.90472707,106.5000519,61,196.5000519,95.71040142
2980,21.8,15.2782253,35.2782253,55.2782253,75.2782253,21.90472707,110.8838643,64,200.8838643,95.2782253
2981,23.3,15.71040142,35.71040142,55.71040142,75.71040142,21.90472707,120.3782107,66,210.3782107,95.71040142
2982,21.7,16.28663624,36.28663624,56.28663624,76.28663624,126.1994921,127.5763997,75,217.5763997,96.28663624
2983,17.5,42.53947777,62.53947777,82.53947777,102.5394778,73.62814711,127.6699135,79,217.6699135,122.5394778
2984,13.4,17.58316458,37.58316458,57.58316458,77.58316458,21.90472707,126.3110221,90,216.3110221,97.58316458
2985,11.5,17.72722329,37.72722329,57.72722329,77.72722329,21.90472707,126.62076,70,216.62076,97.72722329
2986,11.2,17.72722329,37.72722329,57.72722329,77.72722329,21.90472707,125.734074,53,215.734074,97.72722329
2987,9.1,55.73792789,75.73792789,95.73792789,115.7379279,21.90472707,124.8217765,34,214.8217765,135.7379279
2988,8.4,18.0153407,38.0153407,58.0153407,78.0153407,126.1994921,126.2737606,35,216.2737606,98.0153407
2989,8.2,18.30345811,38.30345811,58.30345811,78.30345811,73.62814711,125.4738116,38,215.4738116,98.30345811
2990,8.5,18.1593994,38.1593994,58.1593994,78.1593994,21.90472707,125.8149855,31,215.8149855,98.1593994
2991,8.2,18.1593994,38.1593994,58.1593994,78.1593994,21.90472707,123.1282515,26,213.1282515,98.1593994
2992,8.3,18.44751681,38.44751681,58.44751681,78.44751681,21.90472707,119.4957666,42,209.4957666,98.44751681
2993,8.1,18.59157552,38.59157552,58.59157552,78.59157552,21.90472707,116.1539652,46,206.1539652,98.59157552
2994,7.8,82.13482813,102.1348281,122.1348281,142.1348281,21.90472707,114.8377752,41,204.8377752,162.1348281
2995,8.3,19.31186904,39.31186904,59.31186904,79.31186904,21.90472707,112.0464129,34,202.0464129,99.31186904
2996,9.9,19.45592775,39.45592775,59.45592775,79.45592775,73.62814711,113.5928572,72,203.5928572,99.45592775
2997,10.9,19.59998645,39.59998645,59.59998645,79.59998645,73.62814711,112.7106527,57,202.7106527,99.59998645
2998,10.8,19.31186904,39.31186904,59.31186904,79.31186904,21.90472707,110.8001229,49,200.8001229,99.31186904
2999,11.2,19.31186904,39.31186904,59.31186904,79.31186904,21.90472707,109.8545303,55,199.8545303,99.31186904
3000,12.2,19.31186904,39.31186904,59.31186904,79.31186904,21.90472707,105.4858126,47,195.4858126,99.31186904
3001,13.2,19.16781034,39.16781034,59.16781034,79.16781034,21.90472707,105.8172523,46,195.8172523,99.16781034
3002,14.1,19.02375163,39.02375163,59.02375163,79.02375163,21.90472707,106.4587028,46,196.4587028,99.02375163
3003,14.2,18.87969293,38.87969293,58.87969293,78.87969293,21.90472707,105.1216655,44,195.1216655,98.87969293
3004,16.1,18.73563422,38.73563422,58.73563422,78.73563422,34.80523813,108.7096661,45,198.7096661,98.73563422
3005,16.4,18.44751681,38.44751681,58.44751681,78.44751681,34.80523813,119.0309138,45,209.0309138,98.44751681
3006,15.6,17.87128199,37.87128199,57.87128199,77.87128199,159.4933389,125.9139087,43,215.9139087,97.87128199
3007,14.5,42.82759518,62.82759518,82.82759518,102.8275952,106.9219939,128.0406894,50,218.0406894,122.8275952
3008,13.4,17.43910588,37.43910588,57.43910588,77.43910588,142.9760943,128.3248594,65,218.3248594,97.43910588
3009,12,17.00692976,37.00692976,57.00692976,77.00692976,142.9760943,127.2689793,52,217.2689793,97.00692976
3010,11.4,17.00692976,37.00692976,57.00692976,77.00692976,142.9760943,127.7759346,55,217.7759346,97.00692976
3011,10.4,54.72951696,74.72951696,94.72951696,114.729517,142.9760943,127.7410656,57,217.7410656,134.729517
3012,9.1,16.86287106,36.86287106,56.86287106,76.86287106,247.2708593,129.3841781,25,219.3841781,96.86287106
3013,8.5,17.00692976,37.00692976,57.00692976,77.00692976,194.6995144,128.3315483,32,218.3315483,97.00692976
3014,8.8,17.00692976,37.00692976,57.00692976,77.00692976,142.9760943,126.8523657,18,216.8523657,97.00692976
3015,7.9,17.15098847,37.15098847,57.15098847,77.15098847,55.19857386,122.9570441,38,212.9570441,97.15098847
3016,7.6,17.72722329,37.72722329,57.72722329,77.72722329,55.19857386,121.9041154,57,211.9041154,97.72722329
3017,7.6,18.1593994,38.1593994,58.1593994,78.1593994,55.19857386,115.9574293,40,205.9574293,98.1593994
3018,7.7,81.70265201,101.702652,121.702652,141.702652,55.19857386,115.512227,42,205.512227,161.702652
3019,7.9,19.02375163,39.02375163,59.02375163,79.02375163,55.19857386,113.6927059,50,203.6927059,99.02375163
3020,8.8,19.45592775,39.45592775,59.45592775,79.45592775,106.9219939,113.3419791,39,203.3419791,99.45592775
3021,9.9,19.74404516,39.74404516,59.74404516,79.74404516,106.9219939,111.6166185,40,201.6166185,99.74404516
3022,9.8,19.74404516,39.74404516,59.74404516,79.74404516,55.19857386,109.6538919,35,199.6538919,99.74404516
3023,9.4,19.88810386,39.88810386,59.88810386,79.88810386,21.90472707,106.0042802,24,196.0042802,99.88810386
3024,9.5,20.17622127,40.17622127,60.17622127,80.17622127,21.90472707,105.2883753,23,195.2883753,100.1762213
3025,9.8,20.32027998,40.32027998,60.32027998,80.32027998,21.90472707,104.2396503,30,194.2396503,100.32028
3026,9.9,20.75245609,40.75245609,60.75245609,80.75245609,21.90472707,104.1326601,34,194.1326601,100.7524561
3027,9,20.75245609,40.75245609,60.75245609,80.75245609,21.90472707,104.8815122,40,194.8815122,100.7524561
3028,8.9,20.32027998,40.32027998,60.32027998,80.32027998,34.80523813,108.3117204,62,198.3117204,100.32028
3029,9.3,19.74404516,39.74404516,59.74404516,79.74404516,34.80523813,116.6158343,97,206.6158343,99.74404516
3030,9.8,19.16781034,39.16781034,59.16781034,79.16781034,159.4933389,122.7109916,67,212.7109916,99.16781034
3031,10.2,44.12412353,64.12412353,84.12412353,104.1241235,106.9219939,123.8284496,44,213.8284496,124.1241235
3032,9.2,18.44751681,38.44751681,58.44751681,78.44751681,142.9760943,123.5174253,11,213.5174253,98.44751681
3033,9.1,17.43910588,37.43910588,57.43910588,77.43910588,142.9760943,123.4463782,28,213.4463782,97.43910588
3034,9.3,16.86287106,36.86287106,56.86287106,76.86287106,142.9760943,123.5936571,20,213.5936571,96.86287106
3035,9.3,54.44139955,74.44139955,94.44139955,114.4413995,142.9760943,122.2087149,17,212.2087149,134.4413995
3036,8.3,16.14257753,36.14257753,56.14257753,76.14257753,247.2708593,120.5277993,8,210.5277993,96.14257753
3037,8.1,14.70199049,34.70199049,54.70199049,74.70199049,194.6995144,120.6667583,6,210.6667583,94.70199049
3038,8.1,12.54110991,32.54110991,52.54110991,72.54110991,142.9760943,117.4615926,13,207.4615926,92.54110991
3039,8.3,12.68516862,32.68516862,52.68516862,72.68516862,55.19857386,113.2331222,14,203.2331222,92.68516862
3040,8.1,12.82922732,32.82922732,52.82922732,72.82922732,55.19857386,111.0151555,24,201.0151555,92.82922732
3041,8.3,13.40546214,33.40546214,53.40546214,73.40546214,55.19857386,106.7642386,37,196.7642386,93.40546214
3042,11,77.66900827,97.66900827,117.6690083,137.6690083,55.19857386,105.208362,53,195.208362,157.6690083
3043,12.7,16.57475365,36.57475365,56.57475365,76.57475365,55.19857386,104.2828487,34,194.2828487,96.57475365
3044,13,17.87128199,37.87128199,57.87128199,77.87128199,106.9219939,104.4866241,47,194.4866241,97.87128199
3045,13.2,18.30345811,38.30345811,58.30345811,78.30345811,106.9219939,104.8936422,38,194.8936422,98.30345811
3046,13.4,18.30345811,38.30345811,58.30345811,78.30345811,55.19857386,104.7883284,37,194.7883284,98.30345811
3047,13.7,19.88810386,39.88810386,59.88810386,79.88810386,21.90472707,105.098143,34,195.098143,99.88810386
3048,14,21.61680832,41.61680832,61.61680832,81.61680832,21.90472707,105.1536849,27,195.1536849,101.6168083
3049,14,22.33710185,42.33710185,62.33710185,82.33710185,21.90472707,103.9446953,30,193.9446953,102.3371018
3050,14.1,22.48116055,42.48116055,62.48116055,82.48116055,21.90472707,105.528109,33,195.528109,102.4811606
3051,15.2,22.76927796,42.76927796,62.76927796,82.76927796,21.90472707,101.4663654,35,191.4663654,102.769278
3052,16.1,21.47274962,41.47274962,61.47274962,81.47274962,34.80523813,101.6020149,52,191.6020149,101.4727496
3053,15.9,16.86287106,36.86287106,56.86287106,76.86287106,34.80523813,102.9892369,90,192.9892369,96.86287106
3054,14.1,13.98169696,33.98169696,53.98169696,73.98169696,159.4933389,105.9241868,77,195.9241868,93.98169696
3055,13,37.06524698,57.06524698,77.06524698,97.06524698,106.9219939,106.639225,26,196.639225,117.065247
3056,13.4,8.795583582,28.79558358,48.79558358,68.79558358,142.9760943,107.4963787,21,197.4963787,88.79558358
3057,14.3,6.922820418,26.92282042,46.92282042,66.92282042,142.9760943,107.5379348,8,197.5379348,86.92282042
3058,14.4,5.626292073,25.62629207,45.62629207,65.62629207,142.9760943,107.3696606,16,197.3696606,85.62629207
3059,14,43.34887926,63.34887926,83.34887926,103.3488793,142.9760943,109.0402898,10,199.0402898,123.3488793
3060,13.6,5.050057254,25.05005725,45.05005725,65.05005725,247.2708593,108.825272,9,198.825272,85.05005725
3061,12.5,6.634703008,26.63470301,46.63470301,66.63470301,194.6995144,107.5668968,7,197.5668968,86.63470301
3062,12.4,6.058468188,26.05846819,46.05846819,66.05846819,142.9760943,107.3480451,6,197.3480451,86.05846819
3063,12.8,5.194115958,25.19411596,45.19411596,65.19411596,55.19857386,107.1482617,24,197.1482617,85.19411596
3064,13.3,5.338174663,25.33817466,45.33817466,65.33817466,55.19857386,106.1346836,22,196.1346836,85.33817466
3065,13.3,6.346585598,26.3465856,46.3465856,66.3465856,55.19857386,101.731201,60,191.731201,86.3465856
3066,12.8,72.91507101,92.91507101,112.915071,132.915071,55.19857386,101.4029108,51,191.4029108,152.915071
3067,13.5,14.55793178,34.55793178,54.55793178,74.55793178,55.19857386,101.3039706,47,191.3039706,94.55793178
3068,15.9,15.42228401,35.42228401,55.42228401,75.42228401,106.9219939,102.0078318,49,192.0078318,95.42228401
3069,17.8,16.43069494,36.43069494,56.43069494,76.43069494,106.9219939,102.2334599,59,192.2334599,96.43069494
3070,18.2,17.43910588,37.43910588,57.43910588,77.43910588,55.19857386,103.1166429,43,193.1166429,97.43910588
3071,18.5,18.73563422,38.73563422,58.73563422,78.73563422,21.90472707,104.9794803,38,194.9794803,98.73563422
3072,19,19.59998645,39.59998645,59.59998645,79.59998645,21.90472707,105.7346555,36,195.7346555,99.59998645
3073,19.9,19.88810386,39.88810386,59.88810386,79.88810386,21.90472707,105.9139528,37,195.9139528,99.88810386
3074,19.8,19.59998645,39.59998645,59.59998645,79.59998645,21.90472707,105.8205127,39,195.8205127,99.59998645
3075,20.7,19.59998645,39.59998645,59.59998645,79.59998645,21.90472707,105.0510914,40,195.0510914,99.59998645
3076,22.2,18.1593994,38.1593994,58.1593994,78.1593994,34.80523813,104.9245474,51,194.9245474,98.1593994
3077,22.3,15.56634271,35.56634271,55.56634271,75.56634271,34.80523813,104.9443552,111,194.9443552,95.56634271
3078,21.2,12.68516862,32.68516862,52.68516862,72.68516862,159.4933389,104.4576616,66,194.4576616,92.68516862
3079,18.3,36.20089475,56.20089475,76.20089475,96.20089475,106.9219939,102.3228005,33,192.3228005,116.2008948
3080,15.5,9.227759697,29.2277597,49.2277597,69.2277597,142.9760943,100.9085124,13,190.9085124,89.2277597
3081,14.2,8.075290057,28.07529006,48.07529006,68.07529006,142.9760943,102.1292497,9,192.1292497,88.07529006
3082,13.9,6.922820418,26.92282042,46.92282042,66.92282042,142.9760943,101.9950948,11,191.9950948,86.92282042
3083,12.4,45.94193595,65.94193595,85.94193595,105.941936,142.9760943,102.0329422,14,192.0329422,125.941936
3084,11.5,9.227759697,29.2277597,49.2277597,69.2277597,247.2708593,103.5117516,15,193.5117516,89.2277597
3085,9.6,10.81240545,30.81240545,50.81240545,70.81240545,194.6995144,102.7444769,14,192.7444769,90.81240545
3086,10,12.2529925,32.2529925,52.2529925,72.2529925,142.9760943,102.6109692,29,192.6109692,92.2529925
3087,10.4,12.54110991,32.54110991,52.54110991,72.54110991,55.19857386,104.4502242,22,194.4502242,92.54110991
3088,9.7,12.54110991,32.54110991,52.54110991,72.54110991,55.19857386,105.5620713,27,195.5620713,92.54110991
3089,9.7,12.82922732,32.82922732,52.82922732,72.82922732,55.19857386,104.8076556,37,194.8076556,92.82922732
3090,9.9,76.22842122,96.22842122,116.2284212,136.2284212,55.19857386,103.86173,53,193.86173,156.2284212
3091,10.9,13.11734473,33.11734473,53.11734473,73.11734473,55.19857386,102.6925328,50,192.6925328,93.11734473
3092,12.9,13.26140344,33.26140344,53.26140344,73.26140344,106.9219939,102.1722535,53,192.1722535,93.26140344
3093,14,13.11734473,33.11734473,53.11734473,73.11734473,106.9219939,99.84521726,55,189.8452173,93.11734473
3094,15.3,12.82922732,32.82922732,52.82922732,72.82922732,55.19857386,99.88591064,54,189.8859106,92.82922732
3095,15.7,12.39705121,32.39705121,52.39705121,72.39705121,21.90472707,101.4475828,50,191.4475828,92.39705121
3096,16,12.68516862,32.68516862,52.68516862,72.68516862,21.90472707,102.0209374,49,192.0209374,92.68516862
3097,17,12.2529925,32.2529925,52.2529925,72.2529925,21.90472707,100.5127125,48,190.5127125,92.2529925
3098,17.4,12.1089338,32.1089338,52.1089338,72.1089338,21.90472707,98.31588909,49,188.3158891,92.1089338
3099,18.5,10.66834675,30.66834675,50.66834675,70.66834675,21.90472707,99.08631101,49,189.086311,90.66834675
3100,19.7,9.083700992,29.08370099,49.08370099,69.08370099,34.80523813,101.6903957,50,191.6903957,89.08370099
3101,20.7,7.354996533,27.35499653,47.35499653,67.35499653,34.80523813,111.2825748,49,201.2825748,87.35499653
3102,18.8,5.770350778,25.77035078,45.77035078,65.77035078,159.4933389,120.2272717,42,210.2272717,85.77035078
3103,16.6,30.09912879,50.09912879,70.09912879,90.09912879,106.9219939,123.502331,58,213.502331,110.0991288
3104,13.2,4.854698192,24.85469819,44.85469819,64.85469819,142.9760943,123.9137322,50,213.9137322,84.85469819
3105,10.8,4.854698192,24.85469819,44.85469819,64.85469819,142.9760943,115.0141202,58,205.0141202,84.85469819
3106,10.1,4.854698192,24.85469819,44.85469819,64.85469819,142.9760943,122.0277722,22,212.0277722,84.85469819
3107,9.3,42.72134409,62.72134409,82.72134409,102.7213441,142.9760943,120.7143703,49,210.7143703,122.7213441
3108,8.4,4.854698192,24.85469819,44.85469819,64.85469819,247.2708593,120.1812039,39,210.1812039,84.85469819
3109,8.2,4.854698192,24.85469819,44.85469819,64.85469819,194.6995144,120.860154,9,210.860154,84.85469819
3110,7.9,4.854698192,24.85469819,44.85469819,64.85469819,142.9760943,120.1948265,22,210.1948265,84.85469819
3111,8.2,4.854698192,24.85469819,44.85469819,64.85469819,55.19857386,116.356448,17,206.356448,84.85469819
3112,8.6,4.854698192,24.85469819,44.85469819,64.85469819,55.19857386,113.0748276,21,203.0748276,84.85469819
3113,8.6,4.854698192,24.85469819,44.85469819,64.85469819,55.19857386,111.51979,34,201.51979,84.85469819
3114,8.6,67.96577468,87.96577468,107.9657747,127.9657747,55.19857386,110.5886334,39,200.5886334,147.9657747
3115,8.6,4.854698192,24.85469819,44.85469819,64.85469819,55.19857386,109.4516928,32,199.4516928,84.85469819
3116,8.7,4.854698192,24.85469819,44.85469819,64.85469819,106.9219939,109.4626201,43,199.4626201,84.85469819
3117,8.8,4.854698192,24.85469819,44.85469819,64.85469819,106.9219939,107.7435266,38,197.7435266,84.85469819
3118,10.5,4.854698192,24.85469819,44.85469819,64.85469819,55.19857386,109.9762183,46,199.9762183,84.85469819
3119,9.8,6.490644303,26.4906443,46.4906443,66.4906443,21.90472707,107.8021102,32,197.8021102,86.4906443
3120,9,7.499055238,27.49905524,47.49905524,67.49905524,21.90472707,106.1174575,32,196.1174575,87.49905524
3121,8.3,8.507466172,28.50746617,48.50746617,68.50746617,21.90472707,105.3725094,31,195.3725094,88.50746617
3122,8.7,10.09211193,30.09211193,50.09211193,70.09211193,21.90472707,105.5458727,31,195.5458727,90.09211193
3123,9.1,10.66834675,30.66834675,50.66834675,70.66834675,21.90472707,105.8924374,33,195.8924374,90.66834675
3124,10.3,9.083700992,29.08370099,49.08370099,69.08370099,34.80523813,108.9616955,43,198.9616955,89.08370099
3125,10.3,7.066879123,27.06687912,47.06687912,67.06687912,34.80523813,103.4201175,47,193.4201175,87.06687912
3126,11.5,4.854698192,24.85469819,44.85469819,64.85469819,139.1000031,117.2732982,31,207.2732982,84.85469819
3127,11.8,30.09912879,50.09912879,70.09912879,90.09912879,86.52865817,120.1165395,28,210.1165395,110.0991288
3128,10.8,4.854698192,24.85469819,44.85469819,64.85469819,34.80523813,120.4271744,39,210.4271744,84.85469819
3129,10.2,4.854698192,24.85469819,44.85469819,64.85469819,34.80523813,119.1345915,47,209.1345915,84.85469819
3130,9.5,4.854698192,24.85469819,44.85469819,64.85469819,34.80523813,118.3881085,33,208.3881085,84.85469819
3131,8.8,42.72134409,62.72134409,82.72134409,102.7213441,34.80523813,118.6418282,25,208.6418282,122.7213441
3132,8.7,4.854698192,24.85469819,44.85469819,64.85469819,139.1000031,118.0606661,17,208.0606661,84.85469819
3133,8.2,4.854698192,24.85469819,44.85469819,64.85469819,86.52865817,117.7845819,17,207.7845819,84.85469819
3134,7.9,4.854698192,24.85469819,44.85469819,64.85469819,34.80523813,119.0049124,9,209.0049124,84.85469819
3135,8.2,4.854698192,24.85469819,44.85469819,64.85469819,34.80523813,117.3418309,17,207.3418309,84.85469819
3136,8,4.854698192,24.85469819,44.85469819,64.85469819,34.80523813,123.4017539,31,213.4017539,84.85469819
3137,8,4.854698192,24.85469819,44.85469819,64.85469819,34.80523813,121.1900974,34,211.1900974,84.85469819
3138,8.1,67.96577468,87.96577468,107.9657747,127.9657747,34.80523813,120.2483572,25,210.2483572,147.9657747
3139,8.6,4.854698192,24.85469819,44.85469819,64.85469819,34.80523813,118.6196809,32,208.6196809,84.85469819
3140,10.3,4.854698192,24.85469819,44.85469819,64.85469819,86.52865817,114.7758558,49,204.7758558,84.85469819
3141,11.1,5.338174663,25.33817466,45.33817466,65.33817466,86.52865817,106.4955222,37,196.4955222,85.33817466
3142,11.7,7.210937828,27.21093783,47.21093783,67.21093783,34.80523813,104.8457603,33,194.8457603,87.21093783
3143,11.2,9.083700992,29.08370099,49.08370099,69.08370099,21.90472707,101.8730297,40,191.8730297,89.08370099
3144,10.4,10.66834675,30.66834675,50.66834675,70.66834675,21.90472707,101.294516,36,191.294516,90.66834675
3145,10.8,11.67675768,31.67675768,51.67675768,71.67675768,21.90472707,102.3110124,35,192.3110124,91.67675768
3146,11.5,12.1089338,32.1089338,52.1089338,72.1089338,21.90472707,104.7464828,37,194.7464828,92.1089338
3147,11.2,12.39705121,32.39705121,52.39705121,72.39705121,21.90472707,105.8657722,36,195.8657722,92.39705121
3148,11.2,10.09211193,30.09211193,50.09211193,70.09211193,21.90472707,108.558386,34,198.558386,90.09211193
3149,11.2,5.194115958,25.19411596,45.19411596,65.19411596,21.90472707,112.7340204,28,202.7340204,85.19411596
3150,12.8,4.854698192,24.85469819,44.85469819,64.85469819,126.1994921,121.0917713,26,211.0917713,84.85469819
3151,12.9,30.09912879,50.09912879,70.09912879,90.09912879,73.62814711,123.1792762,53,213.1792762,110.0991288
3152,12,4.854698192,24.85469819,44.85469819,64.85469819,21.90472707,122.982713,50,212.982713,84.85469819
3153,11.1,4.854698192,24.85469819,44.85469819,64.85469819,21.90472707,122.4510948,26,212.4510948,84.85469819
3154,11,4.854698192,24.85469819,44.85469819,64.85469819,21.90472707,123.8994863,34,213.8994863,84.85469819
3155,10.7,42.72134409,62.72134409,82.72134409,102.7213441,21.90472707,124.2901306,30,214.2901306,122.7213441
3156,10.1,4.854698192,24.85469819,44.85469819,64.85469819,126.1994921,122.7829594,13,212.7829594,84.85469819
3157,9.4,4.854698192,24.85469819,44.85469819,64.85469819,73.62814711,119.8409497,19,209.8409497,84.85469819
3158,9.5,4.854698192,24.85469819,44.85469819,64.85469819,21.90472707,117.9141899,19,207.9141899,84.85469819
3159,9.1,4.854698192,24.85469819,44.85469819,64.85469819,21.90472707,116.6788289,28,206.6788289,84.85469819
3160,9.2,4.854698192,24.85469819,44.85469819,64.85469819,21.90472707,113.1122775,29,203.1122775,84.85469819
3161,9.2,4.854698192,24.85469819,44.85469819,64.85469819,21.90472707,109.965926,33,199.965926,84.85469819
3162,9.6,67.96577468,87.96577468,107.9657747,127.9657747,21.90472707,107.251844,40,197.251844,147.9657747
3163,11.3,4.854698192,24.85469819,44.85469819,64.85469819,21.90472707,105.1072473,28,195.1072473,84.85469819
3164,12.1,4.854698192,24.85469819,44.85469819,64.85469819,73.62814711,104.1764067,37,194.1764067,84.85469819
3165,12.3,4.854698192,24.85469819,44.85469819,64.85469819,73.62814711,104.1085009,33,194.1085009,84.85469819
3166,13.3,4.854698192,24.85469819,44.85469819,64.85469819,21.90472707,101.9118972,37,191.9118972,84.85469819
3167,12.4,4.854698192,24.85469819,44.85469819,64.85469819,21.90472707,100.303697,40,190.303697,84.85469819
3168,13,4.854698192,24.85469819,44.85469819,64.85469819,21.90472707,98.97031042,41,188.9703104,84.85469819
3169,13.4,4.854698192,24.85469819,44.85469819,64.85469819,21.90472707,98.32460601,37,188.324606,84.85469819
3170,13.6,4.854698192,24.85469819,44.85469819,64.85469819,21.90472707,97.36177689,39,187.3617769,84.85469819
3171,13.8,5.914409483,25.91440948,45.91440948,65.91440948,21.90472707,98.03426088,39,188.0342609,85.91440948
3172,14.2,4.854698192,24.85469819,44.85469819,64.85469819,34.80523813,100.4843237,40,190.4843237,84.85469819
3173,13.9,4.854698192,24.85469819,44.85469819,64.85469819,34.80523813,113.0035953,38,203.0035953,84.85469819
3174,14,4.854698192,24.85469819,44.85469819,64.85469819,159.4933389,115.5074945,33,205.5074945,84.85469819
3175,14.5,30.09912879,50.09912879,70.09912879,90.09912879,106.9219939,117.2932444,21,207.2932444,110.0991288
3176,13.4,4.854698192,24.85469819,44.85469819,64.85469819,142.9760943,116.5324044,37,206.5324044,84.85469819
3177,12.8,4.854698192,24.85469819,44.85469819,64.85469819,142.9760943,115.3525932,43,205.3525932,84.85469819
3178,12.8,4.854698192,24.85469819,44.85469819,64.85469819,142.9760943,110.4865127,34,200.4865127,84.85469819
3179,12.2,42.72134409,62.72134409,82.72134409,102.7213441,142.9760943,108.4456995,19,198.4456995,122.7213441
3180,11.6,4.854698192,24.85469819,44.85469819,64.85469819,247.2708593,107.6550721,24,197.6550721,84.85469819
3181,11.2,4.854698192,24.85469819,44.85469819,64.85469819,194.6995144,105.984,27,195.984,84.85469819
3182,11.1,4.854698192,24.85469819,44.85469819,64.85469819,142.9760943,104.6788223,22,194.6788223,84.85469819
3183,9.4,4.854698192,24.85469819,44.85469819,64.85469819,55.19857386,103.8972051,15,193.8972051,84.85469819
3184,8.8,4.854698192,24.85469819,44.85469819,64.85469819,55.19857386,102.6971697,34,192.6971697,84.85469819
3185,9.1,4.854698192,24.85469819,44.85469819,64.85469819,55.19857386,103.1268154,44,193.1268154,84.85469819
3186,10.1,67.96577468,87.96577468,107.9657747,127.9657747,55.19857386,102.9008401,56,192.9008401,147.9657747
3187,10.6,4.854698192,24.85469819,44.85469819,64.85469819,55.19857386,103.4501164,48,193.4501164,84.85469819
3188,11.1,4.854698192,24.85469819,44.85469819,64.85469819,106.9219939,102.2976854,50,192.2976854,84.85469819
3189,11.5,4.854698192,24.85469819,44.85469819,64.85469819,106.9219939,103.032726,51,193.032726,84.85469819
3190,10.7,4.854698192,24.85469819,44.85469819,64.85469819,55.19857386,103.4437123,40,193.4437123,84.85469819
3191,10.1,4.854698192,24.85469819,44.85469819,64.85469819,21.90472707,101.606626,32,191.606626,84.85469819
3192,9.7,5.482233368,25.48223337,45.48223337,65.48223337,21.90472707,98.32219989,31,188.3221999,85.48223337
3193,9.6,6.922820418,26.92282042,46.92282042,66.92282042,21.90472707,97.42315156,34,187.4231516,86.92282042
3194,9.9,8.075290057,28.07529006,48.07529006,68.07529006,21.90472707,96.97212309,36,186.9721231,88.07529006
3195,10,8.795583582,28.79558358,48.79558358,68.79558358,21.90472707,98.13614131,39,188.1361413,88.79558358
3196,9.9,7.499055238,27.49905524,47.49905524,67.49905524,34.80523813,100.9352347,47,190.9352347,87.49905524
3197,10.2,4.854698192,24.85469819,44.85469819,64.85469819,34.80523813,107.1626336,88,197.1626336,84.85469819
3198,10.9,4.854698192,24.85469819,44.85469819,64.85469819,159.4933389,112.7492742,80,202.7492742,84.85469819
3199,11.3,30.09912879,50.09912879,70.09912879,90.09912879,106.9219939,113.8101499,29,203.8101499,110.0991288
3200,10.7,4.854698192,24.85469819,44.85469819,64.85469819,142.9760943,116.5781002,19,206.5781002,84.85469819
3201,10.6,4.854698192,24.85469819,44.85469819,64.85469819,142.9760943,110.903453,13,200.903453,84.85469819
3202,10.6,4.854698192,24.85469819,44.85469819,64.85469819,142.9760943,116.9743803,14,206.9743803,84.85469819
3203,10.6,42.72134409,62.72134409,82.72134409,102.7213441,142.9760943,116.7171727,13,206.7171727,122.7213441
3204,9.7,4.854698192,24.85469819,44.85469819,64.85469819,247.2708593,115.9973376,8,205.9973376,84.85469819
3205,8.9,4.854698192,24.85469819,44.85469819,64.85469819,194.6995144,114.4859155,9,204.4859155,84.85469819
3206,8.3,4.854698192,24.85469819,44.85469819,64.85469819,142.9760943,113.8636743,13,203.8636743,84.85469819
3207,8.3,4.854698192,24.85469819,44.85469819,64.85469819,55.19857386,111.4866595,12,201.4866595,84.85469819
3208,8.7,4.854698192,24.85469819,44.85469819,64.85469819,55.19857386,109.3968693,25,199.3968693,84.85469819
3209,8.5,4.854698192,24.85469819,44.85469819,64.85469819,55.19857386,108.1492778,31,198.1492778,84.85469819
3210,8.3,67.96577468,87.96577468,107.9657747,127.9657747,55.19857386,109.6391743,65,199.6391743,147.9657747
3211,8.8,7.210937828,27.21093783,47.21093783,67.21093783,55.19857386,109.3586131,34,199.3586131,87.21093783
3212,9.7,9.515877107,29.51587711,49.51587711,69.51587711,106.9219939,108.7294372,58,198.7294372,89.51587711
3213,9.6,10.95646416,30.95646416,50.95646416,70.95646416,106.9219939,106.9192748,24,196.9192748,90.95646416
3214,10,11.53269898,31.53269898,51.53269898,71.53269898,55.19857386,105.4931911,30,195.4931911,91.53269898
3215,9.7,12.54110991,32.54110991,52.54110991,72.54110991,21.90472707,104.1480724,25,194.1480724,92.54110991
3216,10.2,13.11734473,33.11734473,53.11734473,73.11734473,21.90472707,102.6415499,23,192.6415499,93.11734473
3217,10.9,13.26140344,33.26140344,53.26140344,73.26140344,21.90472707,101.1262543,27,191.1262543,93.26140344
3218,11.6,13.40546214,33.40546214,53.40546214,73.40546214,21.90472707,99.94518171,29,189.9451817,93.40546214
3219,12.2,13.26140344,33.26140344,53.26140344,73.26140344,21.90472707,99.91065065,32,189.9106506,93.26140344
3220,12.7,12.97328603,32.97328603,52.97328603,72.97328603,34.80523813,98.71995374,45,188.7199537,92.97328603
3221,12.5,12.68516862,32.68516862,52.68516862,72.68516862,34.80523813,101.2128296,83,191.2128296,92.68516862
3222,11.4,12.2529925,32.2529925,52.2529925,72.2529925,159.4933389,103.5657171,48,193.5657171,92.2529925
3223,10.7,36.63307087,56.63307087,76.63307087,96.63307087,106.9219939,103.1709308,20,193.1709308,116.6330709
3224,10.2,10.81240545,30.81240545,50.81240545,70.81240545,142.9760943,106.0667455,14,196.0667455,90.81240545
3225,10,9.659935812,29.65993581,49.65993581,69.65993581,142.9760943,109.4553027,20,199.4553027,89.65993581
3226,10.5,8.651524877,28.65152488,48.65152488,68.65152488,142.9760943,108.3521994,10,198.3521994,88.65152488
3227,11.1,45.22164243,65.22164243,85.22164243,105.2216424,142.9760943,108.2153761,15,198.2153761,125.2216424
3228,11,6.058468188,26.05846819,46.05846819,66.05846819,247.2708593,107.4605651,39,197.4605651,86.05846819
3229,10.8,4.854698192,24.85469819,44.85469819,64.85469819,194.6995144,106.9945219,7,196.9945219,84.85469819
3230,10.6,4.854698192,24.85469819,44.85469819,64.85469819,142.9760943,107.5046429,8,197.5046429,84.85469819
3231,9.7,4.854698192,24.85469819,44.85469819,64.85469819,55.19857386,106.4090622,13,196.4090622,84.85469819
3232,8.8,4.854698192,24.85469819,44.85469819,64.85469819,55.19857386,103.8386895,14,193.8386895,84.85469819
3233,8.9,4.854698192,24.85469819,44.85469819,64.85469819,55.19857386,101.099805,41,191.099805,84.85469819
3234,9.4,67.96577468,87.96577468,107.9657747,127.9657747,55.19857386,100.1614481,66,190.1614481,147.9657747
3235,10.3,6.058468188,26.05846819,46.05846819,66.05846819,55.19857386,100.4122254,55,190.4122254,86.05846819
3236,11.9,7.643113943,27.64311394,47.64311394,67.64311394,106.9219939,100.6778449,35,190.6778449,87.64311394
3237,13.3,8.795583582,28.79558358,48.79558358,68.79558358,106.9219939,101.1337617,26,191.1337617,88.79558358
3238,15.4,9.515877107,29.51587711,49.51587711,69.51587711,55.19857386,99.53760648,22,189.5376065,89.51587711
3239,15.9,10.09211193,30.09211193,50.09211193,70.09211193,21.90472707,98.87559929,28,188.8755993,90.09211193
3240,15.9,10.38022934,30.38022934,50.38022934,70.38022934,21.90472707,98.03640592,20,188.0364059,90.38022934
3241,15.7,10.38022934,30.38022934,50.38022934,70.38022934,21.90472707,98.21218342,23,188.2121834,90.38022934
3242,16.4,10.38022934,30.38022934,50.38022934,70.38022934,21.90472707,97.76685939,25,187.7668594,90.38022934
3243,16.4,10.66834675,30.66834675,50.66834675,70.66834675,21.90472707,96.47884939,28,186.4788494,90.66834675
3244,16.3,10.66834675,30.66834675,50.66834675,70.66834675,34.80523813,95.75789781,38,185.7578978,90.66834675
3245,15.6,10.38022934,30.38022934,50.38022934,70.38022934,34.80523813,99.11948873,81,189.1194887,90.38022934
3246,14.8,9.659935812,29.65993581,49.65993581,69.65993581,159.4933389,99.7261015,59,189.7261015,89.65993581
3247,13.6,34.04001418,54.04001418,74.04001418,94.04001418,106.9219939,101.0149461,25,191.0149461,114.0400142
3248,13.5,8.219348762,28.21934876,48.21934876,68.21934876,142.9760943,101.8040869,21,191.8040869,88.21934876
3249,13.8,7.354996533,27.35499653,47.35499653,67.35499653,142.9760943,101.2349478,12,191.2349478,87.35499653
3250,14.2,5.194115958,25.19411596,45.19411596,65.19411596,142.9760943,102.7329703,18,192.7329703,85.19411596
3251,14.2,42.72134409,62.72134409,82.72134409,102.7213441,142.9760943,103.1287629,11,193.1287629,122.7213441
3252,13.5,4.854698192,24.85469819,44.85469819,64.85469819,247.2708593,105.0024224,21,195.0024224,84.85469819
3253,11.5,4.854698192,24.85469819,44.85469819,64.85469819,194.6995144,102.7005809,6,192.7005809,84.85469819
3254,12,4.854698192,24.85469819,44.85469819,64.85469819,142.9760943,102.73237,12,192.73237,84.85469819
3255,12.2,4.854698192,24.85469819,44.85469819,64.85469819,55.19857386,102.5494582,18,192.5494582,84.85469819
3256,11.6,4.854698192,24.85469819,44.85469819,64.85469819,55.19857386,102.8482481,28,192.8482481,84.85469819
3257,11.4,4.854698192,24.85469819,44.85469819,64.85469819,55.19857386,102.8355807,47,192.8355807,84.85469819
3258,11.4,67.96577468,87.96577468,107.9657747,127.9657747,55.19857386,102.4930911,47,192.4930911,147.9657747
3259,12.4,5.626292073,25.62629207,45.62629207,65.62629207,55.19857386,101.1790389,46,191.1790389,85.62629207
3260,14.4,6.202526893,26.20252689,46.20252689,66.20252689,106.9219939,102.1743869,43,192.1743869,86.20252689
3261,16.8,6.922820418,26.92282042,46.92282042,66.92282042,106.9219939,100.7048236,23,190.7048236,86.92282042
3262,18.1,8.219348762,28.21934876,48.21934876,68.21934876,55.19857386,99.40378413,24,189.4037841,88.21934876
3263,18.3,8.507466172,28.50746617,48.50746617,68.50746617,21.90472707,98.71950105,15,188.719501,88.50746617
3264,19.3,8.939642287,28.93964229,48.93964229,68.93964229,21.90472707,96.94326481,10,186.9432648,88.93964229
3265,19.8,9.803994517,29.80399452,49.80399452,69.80399452,21.90472707,97.23686525,16,187.2368652,89.80399452
3266,20.7,11.10052286,31.10052286,51.10052286,71.10052286,21.90472707,96.57102997,20,186.57103,91.10052286
3267,20.2,11.38864027,31.38864027,51.38864027,71.38864027,21.90472707,97.7185149,24,187.7185149,91.38864027
3268,20.9,11.10052286,31.10052286,51.10052286,71.10052286,34.80523813,100.4168783,36,190.4168783,91.10052286
3269,19.9,10.09211193,30.09211193,50.09211193,70.09211193,34.80523813,108.6457125,81,198.6457125,90.09211193
3270,17.1,9.227759697,29.2277597,49.2277597,69.2277597,159.4933389,118.0572892,74,208.0572892,89.2277597
3271,15,33.60783806,53.60783806,73.60783806,93.60783806,106.9219939,121.1345161,39,211.1345161,113.6078381
3272,13,7.499055238,27.49905524,47.49905524,67.49905524,142.9760943,123.2189481,23,213.2189481,87.49905524
3273,13.1,6.490644303,26.4906443,46.4906443,66.4906443,142.9760943,122.0684886,28,212.0684886,86.4906443
3274,13.8,4.905998549,24.90599855,44.90599855,64.90599855,142.9760943,122.1494815,19,212.1494815,84.90599855
3275,13.9,42.72134409,62.72134409,82.72134409,102.7213441,142.9760943,122.4985848,30,212.4985848,122.7213441
3276,14.1,5.194115958,25.19411596,45.19411596,65.19411596,247.2708593,122.1927832,38,212.1927832,85.19411596
3277,13.5,4.854698192,24.85469819,44.85469819,64.85469819,194.6995144,122.2771997,21,212.2771997,84.85469819
3278,14,4.854698192,24.85469819,44.85469819,64.85469819,142.9760943,121.1400495,12,211.1400495,84.85469819
3279,14.4,4.854698192,24.85469819,44.85469819,64.85469819,55.19857386,117.1803561,21,207.1803561,84.85469819
3280,13,4.854698192,24.85469819,44.85469819,64.85469819,55.19857386,115.098706,34,205.098706,84.85469819
3281,13.3,4.854698192,24.85469819,44.85469819,64.85469819,55.19857386,112.1797192,38,202.1797192,84.85469819
3282,13,67.96577468,87.96577468,107.9657747,127.9657747,55.19857386,108.4167983,74,198.4167983,147.9657747
3283,13.1,4.854698192,24.85469819,44.85469819,64.85469819,55.19857386,106.2058796,59,196.2058796,84.85469819
3284,14.9,6.490644303,26.4906443,46.4906443,66.4906443,106.9219939,106.2771388,52,196.2771388,86.4906443
3285,16.8,8.651524877,28.65152488,48.65152488,68.65152488,106.9219939,103.6490818,67,193.6490818,88.65152488
3286,18.2,9.803994517,29.80399452,49.80399452,69.80399452,55.19857386,100.9796749,41,190.9796749,89.80399452
3287,19.5,11.10052286,31.10052286,51.10052286,71.10052286,21.90472707,98.49107715,37,188.4910771,91.10052286
3288,20.4,12.2529925,32.2529925,52.2529925,72.2529925,21.90472707,96.30868825,32,186.3086883,92.2529925
3289,21.7,12.54110991,32.54110991,52.54110991,72.54110991,21.90472707,95.20712127,32,185.2071213,92.54110991
3290,22.3,12.82922732,32.82922732,52.82922732,72.82922732,21.90472707,95.73103983,33,185.7310398,92.82922732
3291,22.5,13.11734473,33.11734473,53.11734473,73.11734473,21.90472707,95.8595203,35,185.8595203,93.11734473
3292,22.4,12.82922732,32.82922732,52.82922732,72.82922732,34.80523813,101.2577127,41,191.2577127,92.82922732
3293,20.8,12.1089338,32.1089338,52.1089338,72.1089338,34.80523813,111.0663781,78,201.0663781,92.1089338
3294,18,11.24458157,31.24458157,51.24458157,71.24458157,139.1000031,118.9215731,68,208.9215731,91.24458157
3295,16,35.48060123,55.48060123,75.48060123,95.48060123,86.52865817,121.713128,35,211.713128,115.4806012
3296,13.5,8.651524877,28.65152488,48.65152488,68.65152488,34.80523813,121.7928004,30,211.7928004,88.65152488
3297,12.1,6.202526893,26.20252689,46.20252689,66.20252689,34.80523813,120.8579833,20,210.8579833,86.20252689
3298,11.7,4.854698192,24.85469819,44.85469819,64.85469819,34.80523813,120.8635759,19,210.8635759,84.85469819
3299,10.3,42.72134409,62.72134409,82.72134409,102.7213441,34.80523813,120.4343181,15,210.4343181,122.7213441
3300,8.8,4.854698192,24.85469819,44.85469819,64.85469819,139.1000031,119.7596114,37,209.7596114,84.85469819
3301,8.3,4.854698192,24.85469819,44.85469819,64.85469819,86.52865817,118.8785429,16,208.8785429,84.85469819
3302,8,4.854698192,24.85469819,44.85469819,64.85469819,34.80523813,117.9056585,24,207.9056585,84.85469819
3303,8.2,4.854698192,24.85469819,44.85469819,64.85469819,34.80523813,113.1906161,36,203.1906161,84.85469819
3304,7.7,4.854698192,24.85469819,44.85469819,64.85469819,34.80523813,111.3752767,31,201.3752767,84.85469819
3305,7.5,4.854698192,24.85469819,44.85469819,64.85469819,34.80523813,108.9973514,37,198.9973514,84.85469819
3306,7.6,67.96577468,87.96577468,107.9657747,127.9657747,34.80523813,106.4499911,37,196.4499911,147.9657747
3307,8.3,4.854698192,24.85469819,44.85469819,64.85469819,34.80523813,104.6513527,39,194.6513527,84.85469819
3308,8.9,4.854698192,24.85469819,44.85469819,64.85469819,86.52865817,107.2393391,48,197.2393391,84.85469819
3309,8.8,7.066879123,27.06687912,47.06687912,67.06687912,86.52865817,107.520399,60,197.520399,87.06687912
3310,8.7,8.939642287,28.93964229,48.93964229,68.93964229,34.80523813,105.0009462,51,195.0009462,88.93964229
3311,8.4,10.38022934,30.38022934,50.38022934,70.38022934,21.90472707,98.60929756,39,188.6092976,90.38022934
3312,8.6,10.66834675,30.66834675,50.66834675,70.66834675,21.90472707,97.19870773,37,187.1987077,90.66834675
3313,9.5,11.82081639,31.82081639,51.82081639,71.82081639,21.90472707,95.69908161,38,185.6990816,91.82081639
3314,10.4,13.11734473,33.11734473,53.11734473,73.11734473,21.90472707,95.15750704,41,185.157507,93.11734473
3315,10,13.54952085,33.54952085,53.54952085,73.54952085,21.90472707,95.78524629,45,185.7852463,93.54952085
3316,10.6,12.2529925,32.2529925,52.2529925,72.2529925,21.90472707,102.1058606,43,192.1058606,92.2529925
3317,10.8,9.659935812,29.65993581,49.65993581,69.65993581,21.90472707,110.6412618,41,200.6412618,89.65993581
3318,11.6,6.634703008,26.63470301,46.63470301,66.63470301,126.1994921,115.1928965,41,205.1928965,86.63470301
3319,11.2,30.09912879,50.09912879,70.09912879,90.09912879,73.62814711,117.1497944,54,207.1497944,110.0991288
3320,10.1,4.854698192,24.85469819,44.85469819,64.85469819,21.90472707,117.8005357,51,207.8005357,84.85469819
3321,8.5,4.854698192,24.85469819,44.85469819,64.85469819,21.90472707,117.2244666,59,207.2244666,84.85469819
3322,7.8,4.854698192,24.85469819,44.85469819,64.85469819,21.90472707,117.3626405,47,207.3626405,84.85469819
3323,7.4,42.72134409,62.72134409,82.72134409,102.7213441,21.90472707,116.6362378,40,206.6362378,122.7213441
3324,7.5,4.854698192,24.85469819,44.85469819,64.85469819,126.1994921,116.6033388,26,206.6033388,84.85469819
3325,7,4.854698192,24.85469819,44.85469819,64.85469819,73.62814711,114.2101191,40,204.2101191,84.85469819
3326,7.3,4.854698192,24.85469819,44.85469819,64.85469819,21.90472707,112.0937739,27,202.0937739,84.85469819
3327,7.2,4.854698192,24.85469819,44.85469819,64.85469819,21.90472707,109.9414181,19,199.9414181,84.85469819
3328,7.1,4.854698192,24.85469819,44.85469819,64.85469819,21.90472707,106.9843119,25,196.9843119,84.85469819
3329,6.6,4.854698192,24.85469819,44.85469819,64.85469819,21.90472707,104.7568581,36,194.7568581,84.85469819
3330,6.5,67.96577468,87.96577468,107.9657747,127.9657747,21.90472707,102.6490649,23,192.6490649,147.9657747
3331,6.5,4.854698192,24.85469819,44.85469819,64.85469819,21.90472707,101.1780885,26,191.1780885,84.85469819
3332,7.5,4.854698192,24.85469819,44.85469819,64.85469819,73.62814711,99.2265762,28,189.2265762,84.85469819
3333,8,5.338174663,25.33817466,45.33817466,65.33817466,73.62814711,98.14410882,41,188.1441088,85.33817466
3334,7.3,5.626292073,25.62629207,45.62629207,65.62629207,21.90472707,97.71011585,36,187.7101159,85.62629207
3335,6.7,6.922820418,26.92282042,46.92282042,66.92282042,21.90472707,98.16830601,32,188.168306,86.92282042
3336,7.2,7.499055238,27.49905524,47.49905524,67.49905524,21.90472707,97.45468658,26,187.4546866,87.49905524
3337,7.2,8.363407467,28.36340747,48.36340747,68.36340747,21.90472707,96.6589926,26,186.6589926,88.36340747
3338,7.3,9.948053222,29.94805322,49.94805322,69.94805322,21.90472707,96.4066379,27,186.4066379,89.94805322
3339,7.6,10.52428804,30.52428804,50.52428804,70.52428804,21.90472707,97.03650806,33,187.0365081,90.52428804
3340,8.4,10.38022934,30.38022934,50.38022934,70.38022934,34.80523813,100.4946203,22,190.4946203,90.38022934
3341,8.8,9.659935812,29.65993581,49.65993581,69.65993581,34.80523813,108.4762017,18,198.4762017,89.65993581
3342,9,8.219348762,28.21934876,48.21934876,68.21934876,159.4933389,112.9502485,16,202.9502485,88.21934876
3343,8.3,30.87072267,50.87072267,70.87072267,90.87072267,106.9219939,115.1688819,25,205.1688819,110.8707227
3344,7.7,4.854698192,24.85469819,44.85469819,64.85469819,142.9760943,116.8611556,32,206.8611556,84.85469819
3345,6.9,4.854698192,24.85469819,44.85469819,64.85469819,142.9760943,107.1377504,42,197.1377504,84.85469819
3346,6.7,4.854698192,24.85469819,44.85469819,64.85469819,142.9760943,108.6186051,49,198.6186051,84.85469819
3347,6.6,42.72134409,62.72134409,82.72134409,102.7213441,142.9760943,113.8007617,39,203.8007617,122.7213441
3348,6.8,4.854698192,24.85469819,44.85469819,64.85469819,247.2708593,113.1529492,17,203.1529492,84.85469819
3349,7.3,4.854698192,24.85469819,44.85469819,64.85469819,194.6995144,113.0110281,23,203.0110281,84.85469819
3350,7,4.854698192,24.85469819,44.85469819,64.85469819,142.9760943,112.3382582,25,202.3382582,84.85469819
3351,8.4,4.854698192,24.85469819,44.85469819,64.85469819,55.19857386,108.812953,20,198.812953,84.85469819
3352,9.3,4.854698192,24.85469819,44.85469819,64.85469819,55.19857386,105.6220146,35,195.6220146,84.85469819
3353,8.8,4.854698192,24.85469819,44.85469819,64.85469819,55.19857386,103.8859627,36,193.8859627,84.85469819
3354,8.6,67.96577468,87.96577468,107.9657747,127.9657747,55.19857386,102.1799173,53,192.1799173,147.9657747
3355,9.4,4.854698192,24.85469819,44.85469819,64.85469819,55.19857386,100.9520436,51,190.9520436,84.85469819
3356,9.7,5.482233368,25.48223337,45.48223337,65.48223337,106.9219939,96.69479969,30,186.6947997,85.48223337
3357,10.6,7.499055238,27.49905524,47.49905524,67.49905524,106.9219939,95.98718553,24,185.9871855,87.49905524
3358,10.3,10.09211193,30.09211193,50.09211193,70.09211193,55.19857386,96.08595187,23,186.0859519,90.09211193
3359,10.7,12.39705121,32.39705121,52.39705121,72.39705121,21.90472707,96.8945208,31,186.8945208,92.39705121
3360,10.8,13.54952085,33.54952085,53.54952085,73.54952085,21.90472707,97.58096064,22,187.5809606,93.54952085
3361,10.9,13.83763826,33.83763826,53.83763826,73.83763826,21.90472707,96.94955205,24,186.949552,93.83763826
3362,11.3,13.11734473,33.11734473,53.11734473,73.11734473,21.90472707,96.3236953,28,186.3236953,93.11734473
3363,11.9,13.11734473,33.11734473,53.11734473,73.11734473,21.90472707,95.15487065,27,185.1548707,93.11734473
3364,12.2,11.96487509,31.96487509,51.96487509,71.96487509,34.80523813,95.64057335,45,185.6405734,91.96487509
3365,12.8,10.09211193,30.09211193,50.09211193,70.09211193,34.80523813,106.0496522,78,196.0496522,90.09211193
3366,12.7,7.643113943,27.64311394,47.64311394,67.64311394,159.4933389,113.4976389,74,203.4976389,87.64311394
3367,13.3,30.09912879,50.09912879,70.09912879,90.09912879,106.9219939,116.0796366,17,206.0796366,110.0991288
3368,14,4.854698192,24.85469819,44.85469819,64.85469819,142.9760943,113.8370505,10,203.8370505,84.85469819
3369,14.1,4.854698192,24.85469819,44.85469819,64.85469819,142.9760943,114.0903488,10,204.0903488,84.85469819
3370,14.1,4.854698192,24.85469819,44.85469819,64.85469819,142.9760943,115.2827455,7,205.2827455,84.85469819
3371,14,42.72134409,62.72134409,82.72134409,102.7213441,142.9760943,114.8454125,14,204.8454125,122.7213441
3372,13.9,4.854698192,24.85469819,44.85469819,64.85469819,247.2708593,113.5639202,10,203.5639202,84.85469819
3373,13.5,4.854698192,24.85469819,44.85469819,64.85469819,194.6995144,110.8482032,8,200.8482032,84.85469819
3374,13.6,6.922820418,26.92282042,46.92282042,66.92282042,142.9760943,108.6343841,7,198.6343841,86.92282042
3375,12.5,6.490644303,26.4906443,46.4906443,66.4906443,55.19857386,104.4579479,15,194.4579479,86.4906443
3376,12.6,6.490644303,26.4906443,46.4906443,66.4906443,55.19857386,102.6634139,26,192.6634139,86.4906443
3377,12.5,6.634703008,26.63470301,46.63470301,66.63470301,55.19857386,100.3127834,53,190.3127834,86.63470301
3378,12.2,70.17795562,90.17795562,110.1779556,130.1779556,55.19857386,98.50807895,46,188.5080789,150.1779556
3379,12.7,7.931231353,27.93123135,47.93123135,67.93123135,55.19857386,97.73661695,33,187.7366169,87.93123135
3380,13.4,8.939642287,28.93964229,48.93964229,68.93964229,106.9219939,96.18454389,34,186.1845439,88.93964229
3381,14.1,9.371818402,29.3718184,49.3718184,69.3718184,106.9219939,95.39881156,49,185.3988116,89.3718184
3382,13.5,9.659935812,29.65993581,49.65993581,69.65993581,55.19857386,94.83007758,25,184.8300776,89.65993581
3383,13.3,10.38022934,30.38022934,50.38022934,70.38022934,21.90472707,94.17449113,30,184.1744911,90.38022934
3384,13.5,11.38864027,31.38864027,51.38864027,71.38864027,21.90472707,92.72848431,26,182.7284843,91.38864027
3385,14.1,12.2529925,32.2529925,52.2529925,72.2529925,21.90472707,90.80200202,30,180.802002,92.2529925
3386,13.7,14.41387308,34.41387308,54.41387308,74.41387308,21.90472707,89.7630182,31,179.7630182,94.41387308
3387,14.4,15.42228401,35.42228401,55.42228401,75.42228401,21.90472707,90.05423535,30,180.0542354,95.42228401
3388,14.9,12.82922732,32.82922732,52.82922732,72.82922732,34.80523813,91.82774303,39,181.827743,92.82922732
3389,16.1,8.939642287,28.93964229,48.93964229,68.93964229,34.80523813,94.12019189,77,184.1201919,88.93964229
3390,14.8,6.346585598,26.3465856,46.3465856,66.3465856,159.4933389,96.35543003,60,186.35543,86.3465856
3391,11,30.09912879,50.09912879,70.09912879,90.09912879,106.9219939,100.5030482,23,190.5030482,110.0991288
3392,10.3,4.854698192,24.85469819,44.85469819,64.85469819,142.9760943,103.9636856,13,193.9636856,84.85469819
3393,9.8,4.854698192,24.85469819,44.85469819,64.85469819,142.9760943,104.6267668,13,194.6267668,84.85469819
3394,9.9,4.854698192,24.85469819,44.85469819,64.85469819,142.9760943,102.2210787,7,192.2210787,84.85469819
3395,10.7,42.72134409,62.72134409,82.72134409,102.7213441,142.9760943,101.3425087,12,191.3425087,122.7213441
3396,11,4.854698192,24.85469819,44.85469819,64.85469819,247.2708593,100.606385,8,190.606385,84.85469819
3397,11,4.854698192,24.85469819,44.85469819,64.85469819,194.6995144,100.7574734,8,190.7574734,84.85469819
3398,10.8,4.854698192,24.85469819,44.85469819,64.85469819,142.9760943,101.15746,8,191.15746,84.85469819
3399,10.6,4.854698192,24.85469819,44.85469819,64.85469819,55.19857386,99.65727278,10,189.6572728,84.85469819
3400,10.2,4.854698192,24.85469819,44.85469819,64.85469819,55.19857386,100.4435763,21,190.4435763,84.85469819
3401,10.7,4.854698192,24.85469819,44.85469819,64.85469819,55.19857386,98.0960242,52,188.0960242,84.85469819
3402,11.6,69.7457795,89.7457795,109.7457795,129.7457795,55.19857386,97.94728675,75,187.9472867,149.7457795
3403,12.9,7.787172648,27.78717265,47.78717265,67.78717265,55.19857386,98.90409066,33,188.9040907,87.78717265
3404,13.7,9.083700992,29.08370099,49.08370099,69.08370099,106.9219939,98.80830816,30,188.8083082,89.08370099
3405,13.8,10.09211193,30.09211193,50.09211193,70.09211193,106.9219939,98.4714142,34,188.4714142,90.09211193
3406,16.2,11.82081639,31.82081639,51.82081639,71.82081639,55.19857386,97.70360475,24,187.7036047,91.82081639
3407,17.6,12.82922732,32.82922732,52.82922732,72.82922732,21.90472707,96.20553602,24,186.205536,92.82922732
3408,18.8,12.97328603,32.97328603,52.97328603,72.97328603,21.90472707,94.20545386,21,184.2054539,92.97328603
3409,19.8,12.2529925,32.2529925,52.2529925,72.2529925,21.90472707,94.09202671,23,184.0920267,92.2529925
3410,20.1,12.1089338,32.1089338,52.1089338,72.1089338,21.90472707,94.6899059,26,184.6899059,92.1089338
3411,20.6,12.54110991,32.54110991,52.54110991,72.54110991,21.90472707,94.22376563,28,184.2237656,92.54110991
3412,20.9,12.54110991,32.54110991,52.54110991,72.54110991,34.80523813,94.16642806,32,184.1664281,92.54110991
3413,19.2,12.39705121,32.39705121,52.39705121,72.39705121,34.80523813,95.80671395,68,185.8067139,92.39705121
3414,16.7,11.67675768,31.67675768,51.67675768,71.67675768,159.4933389,97.76533001,51,187.76533,91.67675768
3415,15.3,36.05683605,56.05683605,76.05683605,96.05683605,106.9219939,99.67292896,24,189.672929,116.056836
3416,13.5,9.659935812,29.65993581,49.65993581,69.65993581,142.9760943,100.6234751,12,190.6234751,89.65993581
3417,12.1,9.083700992,29.08370099,49.08370099,69.08370099,142.9760943,102.6561587,19,192.6561587,89.08370099
3418,11.4,8.363407467,28.36340747,48.36340747,68.36340747,142.9760943,101.0012277,9,191.0012277,88.36340747
3419,10.6,45.50975984,65.50975984,85.50975984,105.5097598,142.9760943,98.6991311,7,188.6991311,125.5097598
3420,10.2,8.507466172,28.50746617,48.50746617,68.50746617,247.2708593,98.91676481,10,188.9167648,88.50746617
3421,9.1,9.371818402,29.3718184,49.3718184,69.3718184,194.6995144,101.2750938,9,191.2750938,89.3718184
3422,8.6,10.09211193,30.09211193,50.09211193,70.09211193,142.9760943,102.0901108,7,192.0901108,90.09211193
3423,8.3,10.38022934,30.38022934,50.38022934,70.38022934,55.19857386,102.1511582,8,192.1511582,90.38022934
3424,8.3,10.23617063,30.23617063,50.23617063,70.23617063,55.19857386,100.6751763,22,190.6751763,90.23617063
3425,8.3,10.52428804,30.52428804,50.52428804,70.52428804,55.19857386,98.40331712,31,188.4033171,90.52428804
3426,8.5,74.35565806,94.35565806,114.3556581,134.3556581,55.19857386,96.47430633,47,186.4743063,154.3556581
3427,9.5,12.2529925,32.2529925,52.2529925,72.2529925,55.19857386,96.10694884,32,186.1069488,92.2529925
3428,10.9,13.11734473,33.11734473,53.11734473,73.11734473,106.9219939,95.55710546,36,185.5571055,93.11734473
3429,11.7,13.83763826,33.83763826,53.83763826,73.83763826,106.9219939,94.3958291,57,184.3958291,93.83763826
3430,12.7,14.12575567,34.12575567,54.12575567,74.12575567,55.19857386,93.93279783,32,183.9327978,94.12575567
3431,13.7,14.55793178,34.55793178,54.55793178,74.55793178,21.90472707,94.6217779,28,184.6217779,94.55793178
3432,13.9,14.84604919,34.84604919,54.84604919,74.84604919,21.90472707,95.51391934,30,185.5139193,94.84604919
3433,14.6,14.84604919,34.84604919,54.84604919,74.84604919,21.90472707,97.12501314,28,187.1250131,94.84604919
3434,14.7,14.84604919,34.84604919,54.84604919,74.84604919,21.90472707,96.47311439,30,186.4731144,94.84604919
3435,14.3,14.55793178,34.55793178,54.55793178,74.55793178,21.90472707,97.4663378,32,187.4663378,94.55793178
3436,14.4,14.26981437,34.26981437,54.26981437,74.26981437,34.80523813,101.8309639,53,191.8309639,94.26981437
3437,14.1,13.54952085,33.54952085,53.54952085,73.54952085,34.80523813,111.8382999,83,201.8382999,93.54952085
3438,13.1,12.54110991,32.54110991,52.54110991,72.54110991,159.4933389,121.8685909,73,211.8685909,92.54110991
3439,11.7,36.63307087,56.63307087,76.63307087,96.63307087,106.9219939,124.614584,40,214.614584,116.6330709
3440,10.5,9.948053222,29.94805322,49.94805322,69.94805322,142.9760943,119.6432958,24,209.6432958,89.94805322
3441,9.2,7.931231353,27.93123135,47.93123135,67.93123135,142.9760943,120.1030644,13,210.1030644,87.93123135
3442,8.5,6.634703008,26.63470301,46.63470301,66.63470301,142.9760943,118.2466816,15,208.2466816,86.63470301
3443,8.2,44.21323149,64.21323149,84.21323149,104.2132315,142.9760943,117.6234465,14,207.6234465,124.2132315
3444,7.9,5.914409483,25.91440948,45.91440948,65.91440948,247.2708593,116.25158,10,206.25158,85.91440948
3445,8.1,5.050057254,25.05005725,45.05005725,65.05005725,194.6995144,116.0943639,26,206.0943639,85.05005725
3446,7.8,5.338174663,25.33817466,45.33817466,65.33817466,142.9760943,114.4993187,10,204.4993187,85.33817466
3447,7.9,6.346585598,26.3465856,46.3465856,66.3465856,55.19857386,110.7678427,18,200.7678427,86.3465856
3448,8.8,6.058468188,26.05846819,46.05846819,66.05846819,55.19857386,107.5485508,24,197.5485508,86.05846819
3449,9.9,5.482233368,25.48223337,45.48223337,65.48223337,55.19857386,105.2817592,39,195.2817592,85.48223337
3450,9.9,69.16954468,89.16954468,109.1695447,129.1695447,55.19857386,104.2479541,61,194.2479541,149.1695447
3451,10.2,7.066879123,27.06687912,47.06687912,67.06687912,55.19857386,103.5288936,37,193.5288936,87.06687912
3452,10.9,8.795583582,28.79558358,48.79558358,68.79558358,106.9219939,102.6502407,32,192.6502407,88.79558358
3453,10.3,9.948053222,29.94805322,49.94805322,69.94805322,106.9219939,100.9527291,36,190.9527291,89.94805322
3454,9.7,9.803994517,29.80399452,49.80399452,69.80399452,55.19857386,99.84561087,37,189.8456109,89.80399452
3455,9.4,9.659935812,29.65993581,49.65993581,69.65993581,21.90472707,98.01849053,30,188.0184905,89.65993581
3456,9.9,10.23617063,30.23617063,50.23617063,70.23617063,21.90472707,95.52461118,38,185.5246112,90.23617063
3457,10.4,10.09211193,30.09211193,50.09211193,70.09211193,21.90472707,94.92178542,33,184.9217854,90.09211193
3458,11.1,10.23617063,30.23617063,50.23617063,70.23617063,21.90472707,94.44846945,35,184.4484695,90.23617063
3459,11,10.09211193,30.09211193,50.09211193,70.09211193,21.90472707,93.69834234,39,183.6983423,90.09211193
3460,11.4,9.371818402,29.3718184,49.3718184,69.3718184,34.80523813,96.37059728,48,186.3705973,89.3718184
3461,11.5,8.363407467,28.36340747,48.36340747,68.36340747,34.80523813,104.0660849,85,194.0660849,88.36340747
3462,10.6,7.643113943,27.64311394,47.64311394,67.64311394,139.1000031,112.6072131,59,202.6072131,87.64311394
3463,9.8,31.44695749,51.44695749,71.44695749,91.44695749,86.52865817,114.4038517,22,204.4038517,111.4469575
3464,9.8,4.854698192,24.85469819,44.85469819,64.85469819,34.80523813,114.1287293,17,204.1287293,84.85469819
3465,8.5,4.854698192,24.85469819,44.85469819,64.85469819,34.80523813,114.0567084,21,204.0567084,84.85469819
3466,8.1,4.854698192,24.85469819,44.85469819,64.85469819,34.80523813,113.7158553,9,203.7158553,84.85469819
3467,7.8,42.72134409,62.72134409,82.72134409,102.7213441,34.80523813,112.748701,18,202.748701,122.7213441
3468,7.6,4.854698192,24.85469819,44.85469819,64.85469819,139.1000031,114.6012961,29,204.6012961,84.85469819
3469,7,4.854698192,24.85469819,44.85469819,64.85469819,86.52865817,111.9200894,25,201.9200894,84.85469819
3470,7.1,4.854698192,24.85469819,44.85469819,64.85469819,34.80523813,109.8427504,11,199.8427504,84.85469819
3471,7.1,4.854698192,24.85469819,44.85469819,64.85469819,34.80523813,106.4998653,15,196.4998653,84.85469819
3472,7.3,4.854698192,24.85469819,44.85469819,64.85469819,34.80523813,103.381723,25,193.381723,84.85469819
3473,7.9,4.854698192,24.85469819,44.85469819,64.85469819,34.80523813,101.7808176,24,191.7808176,84.85469819
3474,7.3,67.96577468,87.96577468,107.9657747,127.9657747,34.80523813,101.7815939,25,191.7815939,147.9657747
3475,7.4,5.050057254,25.05005725,45.05005725,65.05005725,34.80523813,100.532996,25,190.532996,85.05005725
3476,7.8,6.346585598,26.3465856,46.3465856,66.3465856,86.52865817,99.22642422,24,189.2264242,86.3465856
3477,8.6,7.210937828,27.21093783,47.21093783,67.21093783,86.52865817,97.70240531,57,187.7024053,87.21093783
3478,9.1,7.354996533,27.35499653,47.35499653,67.35499653,34.80523813,95.77125588,39,185.7712559,87.35499653
3479,9,7.643113943,27.64311394,47.64311394,67.64311394,21.90472707,95.10928736,31,185.1092874,87.64311394
3480,8.9,8.507466172,28.50746617,48.50746617,68.50746617,21.90472707,94.8479171,31,184.8479171,88.50746617
3481,8.5,8.651524877,28.65152488,48.65152488,68.65152488,21.90472707,91.69005768,34,181.6900577,88.65152488
3482,8.8,8.219348762,28.21934876,48.21934876,68.21934876,21.90472707,90.41956898,35,180.419569,88.21934876
3483,9,8.651524877,28.65152488,48.65152488,68.65152488,21.90472707,92.21953667,35,182.2195367,88.65152488
3484,9.4,8.651524877,28.65152488,48.65152488,68.65152488,21.90472707,95.21715033,36,185.2171503,88.65152488
3485,9.8,8.507466172,28.50746617,48.50746617,68.50746617,21.90472707,104.6867751,31,194.6867751,88.50746617
3486,9.8,8.363407467,28.36340747,48.36340747,68.36340747,126.1994921,112.7239815,29,202.7239815,88.36340747
3487,10.4,33.60783806,53.60783806,73.60783806,93.60783806,73.62814711,115.1982343,34,205.1982343,113.6078381
3488,11.1,8.651524877,28.65152488,48.65152488,68.65152488,21.90472707,114.0326547,33,204.0326547,88.65152488
3489,10.2,8.651524877,28.65152488,48.65152488,68.65152488,21.90472707,115.6059287,38,205.6059287,88.65152488
3490,9.4,9.371818402,29.3718184,49.3718184,69.3718184,21.90472707,114.2914969,41,204.2914969,89.3718184
3491,10.1,47.2384643,67.2384643,87.2384643,107.2384643,21.90472707,113.5029669,31,203.5029669,127.2384643
3492,8.9,9.227759697,29.2277597,49.2277597,69.2277597,126.1994921,113.0931421,30,203.0931421,89.2277597
3493,8.6,9.227759697,29.2277597,49.2277597,69.2277597,73.62814711,113.2784763,33,203.2784763,89.2277597
3494,8.7,9.227759697,29.2277597,49.2277597,69.2277597,21.90472707,111.9068548,26,201.9068548,89.2277597
3495,8.4,9.659935812,29.65993581,49.65993581,69.65993581,21.90472707,107.5258031,29,197.5258031,89.65993581
3496,8.2,10.09211193,30.09211193,50.09211193,70.09211193,21.90472707,107.7030944,25,197.7030944,90.09211193
3497,8.4,10.38022934,30.38022934,50.38022934,70.38022934,21.90472707,104.6971995,25,194.6971995,90.38022934
3498,8.3,73.77942324,93.77942324,113.7794232,133.7794232,21.90472707,102.0385086,27,192.0385086,153.7794232
3499,8.4,11.10052286,31.10052286,51.10052286,71.10052286,21.90472707,102.525723,31,192.525723,91.10052286
3500,9.4,11.53269898,31.53269898,51.53269898,71.53269898,73.62814711,101.564507,17,191.564507,91.53269898
3501,10.3,11.96487509,31.96487509,51.96487509,71.96487509,73.62814711,100.0803668,18,190.0803668,91.96487509
3502,10.4,12.39705121,32.39705121,52.39705121,72.39705121,21.90472707,98.31935583,22,188.3193558,92.39705121
3503,11,12.82922732,32.82922732,52.82922732,72.82922732,21.90472707,96.16986146,27,186.1698615,92.82922732
3504,12.9,13.11734473,33.11734473,53.11734473,73.11734473,21.90472707,94.08882468,24,184.0888247,93.11734473
3505,12.9,13.40546214,33.40546214,53.40546214,73.40546214,21.90472707,94.36807625,22,184.3680763,93.40546214
3506,12.8,13.69357955,33.69357955,53.69357955,73.69357955,21.90472707,94.24833783,20,184.2483378,93.69357955
3507,13.4,13.83763826,33.83763826,53.83763826,73.83763826,21.90472707,96.24505172,23,186.2450517,93.83763826
3508,14,13.98169696,33.98169696,53.98169696,73.98169696,34.80523813,100.3099562,22,190.3099562,93.98169696
3509,13.9,13.98169696,33.98169696,53.98169696,73.98169696,34.80523813,110.0123995,18,200.0123995,93.98169696
3510,13.1,13.69357955,33.69357955,53.69357955,73.69357955,159.4933389,120.5170554,17,210.5170554,93.69357955
3511,12.3,39.22612756,59.22612756,79.22612756,99.22612756,106.9219939,122.9129113,18,212.9129113,119.2261276
3512,11.9,14.26981437,34.26981437,54.26981437,74.26981437,142.9760943,122.0036101,45,212.0036101,94.26981437
3513,11.6,14.41387308,34.41387308,54.41387308,74.41387308,142.9760943,112.0320664,48,202.0320664,94.41387308
3514,11.7,14.55793178,34.55793178,54.55793178,74.55793178,142.9760943,119.2768244,44,209.2768244,94.55793178
3515,11.6,52.13646027,72.13646027,92.13646027,112.1364603,142.9760943,118.5562039,34,208.5562039,132.1364603
3516,11.6,13.83763826,33.83763826,53.83763826,73.83763826,247.2708593,117.8557322,19,207.8557322,93.83763826
3517,10.8,14.12575567,34.12575567,54.12575567,74.12575567,194.6995144,117.5003156,23,207.5003156,94.12575567
3518,11.1,13.69357955,33.69357955,53.69357955,73.69357955,142.9760943,112.8774031,20,202.8774031,93.69357955
3519,10.3,12.97328603,32.97328603,52.97328603,72.97328603,55.19857386,111.9269954,29,201.9269954,92.97328603
3520,8.9,12.39705121,32.39705121,52.39705121,72.39705121,55.19857386,108.6236465,29,198.6236465,92.39705121
3521,9.7,11.96487509,31.96487509,51.96487509,71.96487509,55.19857386,106.2749938,37,196.2749938,91.96487509
3522,8.5,75.07595158,95.07595158,115.0759516,135.0759516,55.19857386,104.8181557,48,194.8181557,155.0759516
3523,9.1,12.1089338,32.1089338,52.1089338,72.1089338,55.19857386,104.5540248,49,194.5540248,92.1089338
3524,10.8,12.2529925,32.2529925,52.2529925,72.2529925,106.9219939,103.5860855,44,193.5860855,92.2529925
3525,11.4,12.2529925,32.2529925,52.2529925,72.2529925,106.9219939,104.8760607,64,194.8760607,92.2529925
3526,11.7,12.54110991,32.54110991,52.54110991,72.54110991,55.19857386,103.254536,35,193.254536,92.54110991
3527,11.6,12.97328603,32.97328603,52.97328603,72.97328603,21.90472707,104.0645187,28,194.0645187,92.97328603
3528,11.8,13.69357955,33.69357955,53.69357955,73.69357955,21.90472707,102.4418195,28,192.4418195,93.69357955
3529,13.1,14.12575567,34.12575567,54.12575567,74.12575567,21.90472707,100.8752885,29,190.8752885,94.12575567
3530,13.4,14.41387308,34.41387308,54.41387308,74.41387308,21.90472707,99.21788333,33,189.2178833,94.41387308
3531,14,14.41387308,34.41387308,54.41387308,74.41387308,21.90472707,102.2585198,34,192.2585198,94.41387308
3532,14.1,14.41387308,34.41387308,54.41387308,74.41387308,34.80523813,104.0530787,46,194.0530787,94.41387308
3533,13.9,13.83763826,33.83763826,53.83763826,73.83763826,34.80523813,110.9627254,93,200.9627254,93.83763826
3534,13.5,12.39705121,32.39705121,52.39705121,72.39705121,159.4933389,117.1632819,73,207.1632819,92.39705121
3535,13,34.616249,54.616249,74.616249,94.616249,106.9219939,122.5978451,24,212.5978451,114.616249
3536,12.9,6.058468188,26.05846819,46.05846819,66.05846819,142.9760943,121.4858419,10,211.4858419,86.05846819
3537,12.5,4.854698192,24.85469819,44.85469819,64.85469819,142.9760943,123.8906515,6,213.8906515,84.85469819
3538,12.4,4.854698192,24.85469819,44.85469819,64.85469819,142.9760943,123.6078157,8,213.6078157,84.85469819
3539,12.3,42.72134409,62.72134409,82.72134409,102.7213441,142.9760943,118.5441894,8,208.5441894,122.7213441
3540,11.1,4.854698192,24.85469819,44.85469819,64.85469819,247.2708593,118.7191345,16,208.7191345,84.85469819
3541,11,4.854698192,24.85469819,44.85469819,64.85469819,194.6995144,118.4713519,13,208.4713519,84.85469819
3542,10.9,4.854698192,24.85469819,44.85469819,64.85469819,142.9760943,115.7528111,7,205.7528111,84.85469819
3543,10,4.854698192,24.85469819,44.85469819,64.85469819,55.19857386,111.3641343,11,201.3641343,84.85469819
3544,10.7,4.854698192,24.85469819,44.85469819,64.85469819,55.19857386,108.5974554,24,198.5974554,84.85469819
3545,11.3,4.854698192,24.85469819,44.85469819,64.85469819,55.19857386,103.9753368,41,193.9753368,84.85469819
3546,11.8,67.96577468,87.96577468,107.9657747,127.9657747,55.19857386,103.2964832,41,193.2964832,147.9657747
3547,12.2,4.854698192,24.85469819,44.85469819,64.85469819,55.19857386,103.9695031,42,193.9695031,84.85469819
3548,11.7,6.778761713,26.77876171,46.77876171,66.77876171,106.9219939,99.58204326,38,189.5820433,86.77876171
3549,11.6,10.09211193,30.09211193,50.09211193,70.09211193,106.9219939,99.88346224,40,189.8834622,90.09211193
3550,11.5,10.23617063,30.23617063,50.23617063,70.23617063,55.19857386,100.4786887,33,190.4786887,90.23617063
3551,11.9,9.803994517,29.80399452,49.80399452,69.80399452,21.90472707,98.74901547,23,188.7490155,89.80399452
3552,12,10.09211193,30.09211193,50.09211193,70.09211193,21.90472707,99.485298,25,189.485298,90.09211193
3553,12,12.82922732,32.82922732,52.82922732,72.82922732,21.90472707,98.88344442,26,188.8834444,92.82922732
3554,12.2,14.26981437,34.26981437,54.26981437,74.26981437,21.90472707,96.22116212,26,186.2211621,94.26981437
3555,12.3,13.83763826,33.83763826,53.83763826,73.83763826,21.90472707,94.18465937,26,184.1846594,93.83763826
3556,13.2,10.09211193,30.09211193,50.09211193,70.09211193,34.80523813,96.88566495,44,186.8856649,90.09211193
3557,13,7.066879123,27.06687912,47.06687912,67.06687912,34.80523813,98.28134196,75,188.281342,87.06687912
3558,12.8,4.854698192,24.85469819,44.85469819,64.85469819,159.4933389,97.42956191,55,187.4295619,84.85469819
3559,11.6,30.09912879,50.09912879,70.09912879,90.09912879,106.9219939,98.25356387,17,188.2535639,110.0991288
3560,10.6,4.854698192,24.85469819,44.85469819,64.85469819,142.9760943,99.5319163,10,189.5319163,84.85469819
3561,9.8,4.854698192,24.85469819,44.85469819,64.85469819,142.9760943,100.4612854,12,190.4612854,84.85469819
3562,9.9,4.854698192,24.85469819,44.85469819,64.85469819,142.9760943,99.68794483,12,189.6879448,84.85469819
3563,10.4,42.72134409,62.72134409,82.72134409,102.7213441,142.9760943,100.8200198,10,190.8200198,122.7213441
3564,10.3,4.854698192,24.85469819,44.85469819,64.85469819,247.2708593,101.0507381,12,191.0507381,84.85469819
3565,9.9,4.854698192,24.85469819,44.85469819,64.85469819,194.6995144,98.77819354,11,188.7781935,84.85469819
3566,9.1,4.854698192,24.85469819,44.85469819,64.85469819,142.9760943,97.13064702,9,187.130647,84.85469819
3567,8.9,4.854698192,24.85469819,44.85469819,64.85469819,55.19857386,95.91884779,17,185.9188478,84.85469819
3568,8.9,4.854698192,24.85469819,44.85469819,64.85469819,55.19857386,94.9071193,29,184.9071193,84.85469819
3569,8.9,4.854698192,24.85469819,44.85469819,64.85469819,55.19857386,93.12400807,30,183.1240081,84.85469819
3570,9.6,67.96577468,87.96577468,107.9657747,127.9657747,55.19857386,92.98493844,39,182.9849384,147.9657747
3571,10.4,4.854698192,24.85469819,44.85469819,64.85469819,55.19857386,92.93665944,31,182.9366594,84.85469819
3572,11.3,6.922820418,26.92282042,46.92282042,66.92282042,106.9219939,91.23471787,29,181.2347179,86.92282042
3573,11.9,9.515877107,29.51587711,49.51587711,69.51587711,106.9219939,91.07504464,30,181.0750446,89.51587711
3574,13.1,11.96487509,31.96487509,51.96487509,71.96487509,55.19857386,91.29678117,21,181.2967812,91.96487509
3575,11.8,13.98169696,33.98169696,53.98169696,73.98169696,21.90472707,90.68117217,8,180.6811722,93.98169696
3576,11.5,15.56634271,35.56634271,55.56634271,75.56634271,21.90472707,90.5213565,6,180.5213565,95.56634271
3577,11.6,16.57475365,36.57475365,56.57475365,76.57475365,21.90472707,90.93441593,4,180.9344159,96.57475365
3578,12.1,17.29504717,37.29504717,57.29504717,77.29504717,21.90472707,90.57454656,4,180.5745466,97.29504717
3579,12.3,16.43069494,36.43069494,56.43069494,76.43069494,21.90472707,90.25731736,4,180.2573174,96.43069494
3580,12.3,12.68516862,32.68516862,52.68516862,72.68516862,34.80523813,89.72467004,14,179.72467,92.68516862
3581,12.6,7.066879123,27.06687912,47.06687912,67.06687912,34.80523813,90.81299336,61,180.8129934,87.06687912
3582,13.7,4.854698192,24.85469819,44.85469819,64.85469819,159.4933389,93.42010245,64,183.4201025,84.85469819
3583,14.1,30.09912879,50.09912879,70.09912879,90.09912879,106.9219939,94.38362696,26,184.383627,110.0991288
3584,14.6,4.854698192,24.85469819,44.85469819,64.85469819,142.9760943,95.11002589,14,185.1100259,84.85469819
3585,14.5,4.854698192,24.85469819,44.85469819,64.85469819,142.9760943,95.62564012,9,185.6256401,84.85469819
3586,14.1,4.854698192,24.85469819,44.85469819,64.85469819,142.9760943,96.14080891,17,186.1408089,84.85469819
3587,12.9,42.72134409,62.72134409,82.72134409,102.7213441,142.9760943,96.44919519,16,186.4491952,122.7213441
3588,12.5,4.854698192,24.85469819,44.85469819,64.85469819,247.2708593,98.67726259,7,188.6772626,84.85469819
3589,11.4,4.854698192,24.85469819,44.85469819,64.85469819,194.6995144,99.49429024,9,189.4942902,84.85469819
3590,10.5,4.854698192,24.85469819,44.85469819,64.85469819,142.9760943,99.31270573,13,189.3127057,84.85469819
3591,10.9,4.854698192,24.85469819,44.85469819,64.85469819,55.19857386,99.97956309,13,189.9795631,84.85469819
3592,10.5,4.854698192,24.85469819,44.85469819,64.85469819,55.19857386,99.94728543,36,189.9472854,84.85469819
3593,10,4.854698192,24.85469819,44.85469819,64.85469819,55.19857386,99.20266196,27,189.202662,84.85469819
3594,10.4,67.96577468,87.96577468,107.9657747,127.9657747,55.19857386,98.12638166,43,188.1263817,147.9657747
3595,10.6,4.854698192,24.85469819,44.85469819,64.85469819,55.19857386,96.13801813,49,186.1380181,84.85469819
3596,12,4.854698192,24.85469819,44.85469819,64.85469819,106.9219939,95.15443645,33,185.1544365,84.85469819
3597,12.4,4.854698192,24.85469819,44.85469819,64.85469819,106.9219939,97.80429178,22,187.8042918,84.85469819
3598,12.7,4.905998549,24.90599855,44.90599855,64.90599855,55.19857386,97.2705273,30,187.2705273,84.90599855
3599,13.4,5.914409483,25.91440948,45.91440948,65.91440948,21.90472707,96.50078749,19,186.5007875,85.91440948
3600,13.9,6.922820418,26.92282042,46.92282042,66.92282042,21.90472707,96.13629207,21,186.1362921,86.92282042
3601,14.2,7.643113943,27.64311394,47.64311394,67.64311394,21.90472707,95.4461336,23,185.4461336,87.64311394
3602,14.2,8.219348762,28.21934876,48.21934876,68.21934876,21.90472707,94.71942732,24,184.7194273,88.21934876
3603,14.8,7.931231353,27.93123135,47.93123135,67.93123135,21.90472707,95.47462908,32,185.4746291,87.93123135
3604,16,6.490644303,26.4906443,46.4906443,66.4906443,34.80523813,98.38540657,51,188.3854066,86.4906443
3605,15.5,4.854698192,24.85469819,44.85469819,64.85469819,34.80523813,106.5084585,65,196.5084585,84.85469819
3606,14.6,4.854698192,24.85469819,44.85469819,64.85469819,159.4933389,114.5530882,60,204.5530882,84.85469819
3607,13.5,30.09912879,50.09912879,70.09912879,90.09912879,106.9219939,117.5097402,17,207.5097402,110.0991288
3608,11.7,4.854698192,24.85469819,44.85469819,64.85469819,142.9760943,117.9653433,16,207.9653433,84.85469819
3609,10.3,4.854698192,24.85469819,44.85469819,64.85469819,142.9760943,117.1535689,11,207.1535689,84.85469819
3610,10.2,4.854698192,24.85469819,44.85469819,64.85469819,142.9760943,118.2041531,11,208.2041531,84.85469819
3611,9.8,42.72134409,62.72134409,82.72134409,102.7213441,142.9760943,117.9759671,6,207.9759671,122.7213441
3612,9.4,4.854698192,24.85469819,44.85469819,64.85469819,247.2708593,116.1282091,6,206.1282091,84.85469819
3613,8.7,4.854698192,24.85469819,44.85469819,64.85469819,194.6995144,115.8841871,9,205.8841871,84.85469819
3614,9,4.854698192,24.85469819,44.85469819,64.85469819,142.9760943,114.3702863,9,204.3702863,84.85469819
3615,8.6,4.854698192,24.85469819,44.85469819,64.85469819,55.19857386,112.1135567,15,202.1135567,84.85469819
3616,7.9,4.854698192,24.85469819,44.85469819,64.85469819,55.19857386,108.7958312,19,198.7958312,84.85469819
3617,8.2,4.854698192,24.85469819,44.85469819,64.85469819,55.19857386,105.8965012,43,195.8965012,84.85469819
3618,8.2,67.96577468,87.96577468,107.9657747,127.9657747,55.19857386,105.3426875,46,195.3426875,147.9657747
3619,8.5,4.854698192,24.85469819,44.85469819,64.85469819,55.19857386,105.4326977,51,195.4326977,84.85469819
3620,8.8,6.058468188,26.05846819,46.05846819,66.05846819,106.9219939,104.3309174,37,194.3309174,86.05846819
3621,9.7,8.795583582,28.79558358,48.79558358,68.79558358,106.9219939,103.8385791,44,193.8385791,88.79558358
3622,10,10.09211193,30.09211193,50.09211193,70.09211193,55.19857386,103.3248642,30,193.3248642,90.09211193
3623,10.2,11.53269898,31.53269898,51.53269898,71.53269898,21.90472707,103.5377597,30,193.5377597,91.53269898
3624,11.1,12.2529925,32.2529925,52.2529925,72.2529925,21.90472707,101.9486936,32,191.9486936,92.2529925
3625,12.4,12.54110991,32.54110991,52.54110991,72.54110991,21.90472707,100.2112891,34,190.2112891,92.54110991
3626,13.4,12.1089338,32.1089338,52.1089338,72.1089338,21.90472707,99.45816638,36,189.4581664,92.1089338
3627,13.7,11.53269898,31.53269898,51.53269898,71.53269898,21.90472707,100.1748221,36,190.1748221,91.53269898
3628,13.3,9.515877107,29.51587711,49.51587711,69.51587711,34.80523813,102.2636552,50,192.2636552,89.51587711
3629,13,7.066879123,27.06687912,47.06687912,67.06687912,34.80523813,110.8058931,71,200.8058931,87.06687912
3630,12.6,5.194115958,25.19411596,45.19411596,65.19411596,139.1000031,118.3356496,49,208.3356496,85.19411596
3631,12.1,30.09912879,50.09912879,70.09912879,90.09912879,86.52865817,121.7319703,19,211.7319703,110.0991288
3632,10.4,4.854698192,24.85469819,44.85469819,64.85469819,34.80523813,121.5173618,25,211.5173618,84.85469819
3633,9.3,4.854698192,24.85469819,44.85469819,64.85469819,34.80523813,120.5213371,25,210.5213371,84.85469819
3634,8.1,4.854698192,24.85469819,44.85469819,64.85469819,34.80523813,120.0292356,12,210.0292356,84.85469819
3635,8.2,42.72134409,62.72134409,82.72134409,102.7213441,34.80523813,121.6818825,13,211.6818825,122.7213441
3636,8.5,4.854698192,24.85469819,44.85469819,64.85469819,139.1000031,119.144578,17,209.144578,84.85469819
3637,8.6,4.854698192,24.85469819,44.85469819,64.85469819,86.52865817,118.1310664,21,208.1310664,84.85469819
3638,8.6,4.854698192,24.85469819,44.85469819,64.85469819,34.80523813,117.8426993,17,207.8426993,84.85469819
3639,8.4,4.854698192,24.85469819,44.85469819,64.85469819,34.80523813,114.6120735,23,204.6120735,84.85469819
3640,8.5,4.854698192,24.85469819,44.85469819,64.85469819,34.80523813,111.3685116,24,201.3685116,84.85469819
3641,7.9,4.854698192,24.85469819,44.85469819,64.85469819,34.80523813,108.5974798,16,198.5974798,84.85469819
3642,8,67.96577468,87.96577468,107.9657747,127.9657747,34.80523813,109.4233335,41,199.4233335,147.9657747
3643,8.3,4.854698192,24.85469819,44.85469819,64.85469819,34.80523813,107.2295636,21,197.2295636,84.85469819
3644,9.6,4.854698192,24.85469819,44.85469819,64.85469819,86.52865817,104.1253779,35,194.1253779,84.85469819
3645,9.8,6.634703008,26.63470301,46.63470301,66.63470301,86.52865817,103.2526023,22,193.2526023,86.63470301
3646,10,8.219348762,28.21934876,48.21934876,68.21934876,34.80523813,102.3048339,20,192.3048339,88.21934876
3647,9.8,9.659935812,29.65993581,49.65993581,69.65993581,21.90472707,100.9763911,7,190.9763911,89.65993581
3648,9.7,10.81240545,30.81240545,50.81240545,70.81240545,21.90472707,99.66430145,7,189.6643015,90.81240545
3649,9.9,11.82081639,31.82081639,51.82081639,71.82081639,21.90472707,98.56438864,5,188.5643886,91.82081639
3650,10.3,12.54110991,32.54110991,52.54110991,72.54110991,21.90472707,97.83167554,8,187.8316755,92.54110991
3651,10.5,11.82081639,31.82081639,51.82081639,71.82081639,21.90472707,98.07184115,9,188.0718412,91.82081639
3652,10.7,8.939642287,28.93964229,48.93964229,68.93964229,21.90472707,100.5680545,5,190.5680545,88.93964229
3653,11.2,5.482233368,25.48223337,45.48223337,65.48223337,21.90472707,109.0251139,11,199.0251139,85.48223337
3654,12,4.854698192,24.85469819,44.85469819,64.85469819,126.1994921,117.4381577,12,207.4381577,84.85469819
3655,10.7,30.09912879,50.09912879,70.09912879,90.09912879,73.62814711,119.2329237,31,209.2329237,110.0991288
3656,10.3,4.854698192,24.85469819,44.85469819,64.85469819,21.90472707,119.3219045,53,209.3219045,84.85469819
3657,8.8,4.854698192,24.85469819,44.85469819,64.85469819,21.90472707,118.2215287,26,208.2215287,84.85469819
3658,8.5,4.854698192,24.85469819,44.85469819,64.85469819,21.90472707,118.8437925,36,208.8437925,84.85469819
3659,8.8,42.72134409,62.72134409,82.72134409,102.7213441,21.90472707,118.6927447,17,208.6927447,122.7213441
3660,8.6,4.854698192,24.85469819,44.85469819,64.85469819,126.1994921,120.1134077,28,210.1134077,84.85469819
3661,8,4.854698192,24.85469819,44.85469819,64.85469819,73.62814711,118.2545024,18,208.2545024,84.85469819
3662,8.2,4.854698192,24.85469819,44.85469819,64.85469819,21.90472707,117.7286509,9,207.7286509,84.85469819
3663,7.7,4.854698192,24.85469819,44.85469819,64.85469819,21.90472707,114.9056344,34,204.9056344,84.85469819
3664,7.6,4.854698192,24.85469819,44.85469819,64.85469819,21.90472707,111.8499357,27,201.8499357,84.85469819
3665,7.7,4.854698192,24.85469819,44.85469819,64.85469819,21.90472707,109.0204716,35,199.0204716,84.85469819
3666,8.2,67.96577468,87.96577468,107.9657747,127.9657747,21.90472707,109.5820685,29,199.5820685,147.9657747
3667,8.6,4.854698192,24.85469819,44.85469819,64.85469819,21.90472707,108.2765292,22,198.2765292,84.85469819
3668,8.8,4.854698192,24.85469819,44.85469819,64.85469819,73.62814711,105.5896275,21,195.5896275,84.85469819
3669,9.1,4.854698192,24.85469819,44.85469819,64.85469819,73.62814711,105.6770089,21,195.6770089,84.85469819
3670,9.3,7.643113943,27.64311394,47.64311394,67.64311394,21.90472707,103.8975768,13,193.8975768,87.64311394
3671,8.8,9.371818402,29.3718184,49.3718184,69.3718184,21.90472707,101.2493379,10,191.2493379,89.3718184
3672,9.4,10.95646416,30.95646416,50.95646416,70.95646416,21.90472707,100.3412788,4,190.3412788,90.95646416
3673,10.7,12.1089338,32.1089338,52.1089338,72.1089338,21.90472707,100.423996,12,190.423996,92.1089338
3674,11.2,13.26140344,33.26140344,53.26140344,73.26140344,21.90472707,100.6971494,16,190.6971494,93.26140344
3675,10.9,12.39705121,32.39705121,52.39705121,72.39705121,21.90472707,102.6430498,14,192.6430498,92.39705121
3676,10.4,8.075290057,28.07529006,48.07529006,68.07529006,34.80523813,105.2236244,13,195.2236244,88.07529006
3677,10.5,4.854698192,24.85469819,44.85469819,64.85469819,34.80523813,113.9706869,7,203.9706869,84.85469819
3678,10.8,4.854698192,24.85469819,44.85469819,64.85469819,159.4933389,121.7883384,7,211.7883384,84.85469819
3679,10.6,30.09912879,50.09912879,70.09912879,90.09912879,106.9219939,126.8320681,26,216.8320681,110.0991288
3680,9.5,4.854698192,24.85469819,44.85469819,64.85469819,142.9760943,125.6922945,20,215.6922945,84.85469819
3681,8.7,4.854698192,24.85469819,44.85469819,64.85469819,142.9760943,125.5959407,54,215.5959407,84.85469819
3682,8.8,4.854698192,24.85469819,44.85469819,64.85469819,142.9760943,124.8039482,31,214.8039482,84.85469819
3683,8.6,42.72134409,62.72134409,82.72134409,102.7213441,142.9760943,122.5141019,22,212.5141019,122.7213441
3684,8.5,4.854698192,24.85469819,44.85469819,64.85469819,247.2708593,121.8096302,24,211.8096302,84.85469819
3685,7.9,4.854698192,24.85469819,44.85469819,64.85469819,194.6995144,121.869862,18,211.869862,84.85469819
3686,8.2,4.854698192,24.85469819,44.85469819,64.85469819,142.9760943,119.0066275,14,209.0066275,84.85469819
3687,8,4.854698192,24.85469819,44.85469819,64.85469819,55.19857386,117.9703513,15,207.9703513,84.85469819
3688,8.1,4.854698192,24.85469819,44.85469819,64.85469819,55.19857386,115.8314722,31,205.8314722,84.85469819
3689,7.7,4.854698192,24.85469819,44.85469819,64.85469819,55.19857386,113.8403143,43,203.8403143,84.85469819
3690,7.3,67.96577468,87.96577468,107.9657747,127.9657747,55.19857386,109.7019774,51,199.7019774,147.9657747
3691,7.7,4.854698192,24.85469819,44.85469819,64.85469819,55.19857386,110.013336,50,200.013336,84.85469819
3692,7.8,4.854698192,24.85469819,44.85469819,64.85469819,106.9219939,109.1504675,35,199.1504675,84.85469819
3693,8.2,4.854698192,24.85469819,44.85469819,64.85469819,106.9219939,109.3152661,48,199.3152661,84.85469819
3694,8.5,4.905998549,24.90599855,44.90599855,64.90599855,55.19857386,105.424473,16,195.424473,84.90599855
3695,9,6.202526893,26.20252689,46.20252689,66.20252689,21.90472707,103.4461838,9,193.4461838,86.20252689
3696,9.4,8.795583582,28.79558358,48.79558358,68.79558358,21.90472707,103.0795964,4,193.0795964,88.79558358
3697,10,10.81240545,30.81240545,50.81240545,70.81240545,21.90472707,101.3856743,4,191.3856743,90.81240545
3698,10.3,11.82081639,31.82081639,51.82081639,71.82081639,21.90472707,101.034396,4,191.034396,91.82081639
3699,11,11.38864027,31.38864027,51.38864027,71.38864027,21.90472707,102.5743411,4,192.5743411,91.38864027
3700,10.8,7.499055238,27.49905524,47.49905524,67.49905524,34.80523813,103.8741483,14,193.8741483,87.49905524
3701,10.6,4.854698192,24.85469819,44.85469819,64.85469819,34.80523813,112.4240153,60,202.4240153,84.85469819
3702,10.1,4.854698192,24.85469819,44.85469819,64.85469819,159.4933389,119.955872,43,209.955872,84.85469819
3703,9.4,30.09912879,50.09912879,70.09912879,90.09912879,106.9219939,121.6751954,26,211.6751954,110.0991288
3704,8.4,4.854698192,24.85469819,44.85469819,64.85469819,142.9760943,121.8674302,9,211.8674302,84.85469819
3705,8.2,4.854698192,24.85469819,44.85469819,64.85469819,142.9760943,115.8966094,11,205.8966094,84.85469819
3706,8.3,4.854698192,24.85469819,44.85469819,64.85469819,142.9760943,118.873294,33,208.873294,84.85469819
3707,8.6,42.72134409,62.72134409,82.72134409,102.7213441,142.9760943,118.2333872,13,208.2333872,122.7213441
3708,7.5,4.854698192,24.85469819,44.85469819,64.85469819,247.2708593,117.7724776,11,207.7724776,84.85469819
3709,7.1,4.854698192,24.85469819,44.85469819,64.85469819,194.6995144,116.0332718,6,206.0332718,84.85469819
3710,7.3,4.854698192,24.85469819,44.85469819,64.85469819,142.9760943,114.3019814,11,204.3019814,84.85469819
3711,7.7,4.854698192,24.85469819,44.85469819,64.85469819,55.19857386,110.5584775,17,200.5584775,84.85469819
3712,7.7,4.854698192,24.85469819,44.85469819,64.85469819,55.19857386,108.2074818,26,198.2074818,84.85469819
3713,7.3,4.854698192,24.85469819,44.85469819,64.85469819,55.19857386,105.975932,36,195.975932,84.85469819
3714,6.8,67.96577468,87.96577468,107.9657747,127.9657747,55.19857386,104.0440906,41,194.0440906,147.9657747
3715,6.6,4.854698192,24.85469819,44.85469819,64.85469819,55.19857386,101.5787794,44,191.5787794,84.85469819
3716,6.6,4.854698192,24.85469819,44.85469819,64.85469819,106.9219939,100.5347795,44,190.5347795,84.85469819
3717,6.9,4.854698192,24.85469819,44.85469819,64.85469819,106.9219939,98.82714414,42,188.8271441,84.85469819
3718,8,5.338174663,25.33817466,45.33817466,65.33817466,55.19857386,98.18988397,29,188.189884,85.33817466
3719,7.9,6.202526893,26.20252689,46.20252689,66.20252689,21.90472707,97.80998208,21,187.8099821,86.20252689
3720,8,7.066879123,27.06687912,47.06687912,67.06687912,21.90472707,96.49167564,23,186.4916756,87.06687912
3721,8.2,7.354996533,27.35499653,47.35499653,67.35499653,21.90472707,94.91169546,27,184.9116955,87.35499653
3722,8,9.083700992,29.08370099,49.08370099,69.08370099,21.90472707,94.31476732,32,184.3147673,89.08370099
3723,8.4,8.795583582,28.79558358,48.79558358,68.79558358,21.90472707,93.54346225,33,183.5434623,88.79558358
3724,8.6,5.050057254,25.05005725,45.05005725,65.05005725,34.80523813,95.48087947,46,185.4808795,85.05005725
3725,8.4,4.854698192,24.85469819,44.85469819,64.85469819,34.80523813,98.11925755,89,188.1192575,84.85469819
3726,8.3,4.854698192,24.85469819,44.85469819,64.85469819,159.4933389,101.4197138,75,191.4197138,84.85469819
3727,7.4,30.09912879,50.09912879,70.09912879,90.09912879,106.9219939,104.8202513,47,194.8202513,110.0991288
3728,7.3,4.854698192,24.85469819,44.85469819,64.85469819,142.9760943,106.9282785,31,196.9282785,84.85469819
3729,6.7,4.854698192,24.85469819,44.85469819,64.85469819,142.9760943,107.1243052,25,197.1243052,84.85469819
3730,6.5,4.854698192,24.85469819,44.85469819,64.85469819,142.9760943,106.1276704,24,196.1276704,84.85469819
3731,6.9,42.72134409,62.72134409,82.72134409,102.7213441,142.9760943,103.3826907,19,193.3826907,122.7213441
3732,6.3,4.854698192,24.85469819,44.85469819,64.85469819,247.2708593,103.9561145,19,193.9561145,84.85469819
3733,5.9,4.854698192,24.85469819,44.85469819,64.85469819,194.6995144,104.5484148,9,194.5484148,84.85469819
3734,5.7,4.854698192,24.85469819,44.85469819,64.85469819,142.9760943,104.4680504,19,194.4680504,84.85469819
3735,5.8,4.854698192,24.85469819,44.85469819,64.85469819,55.19857386,100.8131075,13,190.8131075,84.85469819
3736,5.7,4.854698192,24.85469819,44.85469819,64.85469819,55.19857386,102.3741381,35,192.3741381,84.85469819
3737,5.8,4.854698192,24.85469819,44.85469819,64.85469819,55.19857386,101.5662621,39,191.5662621,84.85469819
3738,5.8,67.96577468,87.96577468,107.9657747,127.9657747,55.19857386,101.5228287,35,191.5228287,147.9657747
3739,5.8,4.854698192,24.85469819,44.85469819,64.85469819,55.19857386,98.89943996,50,188.89944,84.85469819
3740,5.8,4.854698192,24.85469819,44.85469819,64.85469819,106.9219939,97.3065527,50,187.3065527,84.85469819
3741,5.8,4.854698192,24.85469819,44.85469819,64.85469819,106.9219939,97.57503427,55,187.5750343,84.85469819
3742,5.8,4.854698192,24.85469819,44.85469819,64.85469819,55.19857386,98.1066287,42,188.1066287,84.85469819
3743,5.5,4.854698192,24.85469819,44.85469819,64.85469819,21.90472707,99.48204172,41,189.4820417,84.85469819
3744,5.5,5.194115958,25.19411596,45.19411596,65.19411596,21.90472707,99.74556692,42,189.7455669,85.19411596
3745,5.4,6.346585598,26.3465856,46.3465856,66.3465856,21.90472707,98.64719255,43,188.6471925,86.3465856
3746,5.5,7.210937828,27.21093783,47.21093783,67.21093783,21.90472707,93.46284772,42,183.4628477,87.21093783
3747,5.6,6.202526893,26.20252689,46.20252689,66.20252689,21.90472707,89.41529297,37,179.415293,86.20252689
3748,6.1,4.854698192,24.85469819,44.85469819,64.85469819,34.80523813,96.17749371,36,186.1774937,84.85469819
3749,6.1,4.854698192,24.85469819,44.85469819,64.85469819,34.80523813,96.13930745,33,186.1393074,84.85469819
3750,5.9,4.854698192,24.85469819,44.85469819,64.85469819,159.4933389,99.09771916,37,189.0977192,84.85469819
3751,6,30.09912879,50.09912879,70.09912879,90.09912879,106.9219939,101.5087794,37,191.5087794,110.0991288
3752,6,4.854698192,24.85469819,44.85469819,64.85469819,142.9760943,103.0345964,42,193.0345964,84.85469819
3753,6.2,4.854698192,24.85469819,44.85469819,64.85469819,142.9760943,103.100088,54,193.100088,84.85469819
3754,6.7,4.854698192,24.85469819,44.85469819,64.85469819,142.9760943,103.5330648,54,193.5330648,84.85469819
3755,6.4,42.72134409,62.72134409,82.72134409,102.7213441,142.9760943,102.9906646,32,192.9906646,122.7213441
3756,6.3,4.854698192,24.85469819,44.85469819,64.85469819,247.2708593,103.7106449,35,193.7106449,84.85469819
3757,6.3,4.854698192,24.85469819,44.85469819,64.85469819,194.6995144,103.1005729,21,193.1005729,84.85469819
3758,6.4,4.854698192,24.85469819,44.85469819,64.85469819,142.9760943,103.1920095,13,193.1920095,84.85469819
3759,6.5,4.854698192,24.85469819,44.85469819,64.85469819,55.19857386,103.1838941,33,193.1838941,84.85469819
3760,6.4,4.854698192,24.85469819,44.85469819,64.85469819,55.19857386,102.6589682,20,192.6589682,84.85469819
3761,6.6,4.854698192,24.85469819,44.85469819,64.85469819,55.19857386,101.4685535,35,191.4685535,84.85469819
3762,6.9,67.96577468,87.96577468,107.9657747,127.9657747,55.19857386,100.2438309,61,190.2438309,147.9657747
3763,7.4,4.854698192,24.85469819,44.85469819,64.85469819,55.19857386,99.55166684,56,189.5516668,84.85469819
3764,8,4.854698192,24.85469819,44.85469819,64.85469819,106.9219939,98.6609783,56,188.6609783,84.85469819
3765,9.3,4.854698192,24.85469819,44.85469819,64.85469819,106.9219939,98.21339771,51,188.2133977,84.85469819
3766,8.4,4.854698192,24.85469819,44.85469819,64.85469819,55.19857386,97.22779967,42,187.2277997,84.85469819
3767,8.7,4.854698192,24.85469819,44.85469819,64.85469819,21.90472707,96.43400293,36,186.4340029,84.85469819
3768,8.7,4.854698192,24.85469819,44.85469819,64.85469819,21.90472707,96.17402891,34,186.1740289,84.85469819
3769,7.4,4.854698192,24.85469819,44.85469819,64.85469819,21.90472707,95.8472533,35,185.8472533,84.85469819
3770,7.3,4.854698192,24.85469819,44.85469819,64.85469819,21.90472707,95.01599288,39,185.0159929,84.85469819
3771,7.6,4.854698192,24.85469819,44.85469819,64.85469819,21.90472707,96.13711722,39,186.1371172,84.85469819
3772,8.3,4.854698192,24.85469819,44.85469819,64.85469819,34.80523813,99.00913833,53,189.0091383,84.85469819
3773,8.6,4.854698192,24.85469819,44.85469819,64.85469819,34.80523813,108.5135537,88,198.5135537,84.85469819
3774,8.9,4.854698192,24.85469819,44.85469819,64.85469819,159.4933389,117.9478464,60,207.9478464,84.85469819
3775,8.8,30.09912879,50.09912879,70.09912879,90.09912879,106.9219939,121.3248537,27,211.3248537,110.0991288
3776,8.8,4.854698192,24.85469819,44.85469819,64.85469819,142.9760943,122.5888246,14,212.5888246,84.85469819
3777,8.2,4.854698192,24.85469819,44.85469819,64.85469819,142.9760943,122.8030399,10,212.8030399,84.85469819
3778,8.1,4.854698192,24.85469819,44.85469819,64.85469819,142.9760943,122.4079037,9,212.4079037,84.85469819
3779,8.3,42.72134409,62.72134409,82.72134409,102.7213441,142.9760943,123.001221,10,213.001221,122.7213441
3780,7.6,4.854698192,24.85469819,44.85469819,64.85469819,247.2708593,122.9316736,12,212.9316736,84.85469819
3781,7.3,4.854698192,24.85469819,44.85469819,64.85469819,194.6995144,121.1054567,9,211.1054567,84.85469819
3782,7.6,4.854698192,24.85469819,44.85469819,64.85469819,142.9760943,117.8238614,11,207.8238614,84.85469819
3783,8.3,4.854698192,24.85469819,44.85469819,64.85469819,55.19857386,114.543977,18,204.543977,84.85469819
3784,8.3,4.854698192,24.85469819,44.85469819,64.85469819,55.19857386,112.2128664,27,202.2128664,84.85469819
3785,7.8,4.854698192,24.85469819,44.85469819,64.85469819,55.19857386,109.0372695,37,199.0372695,84.85469819
3786,7.9,67.96577468,87.96577468,107.9657747,127.9657747,55.19857386,109.386851,27,199.386851,147.9657747
3787,8.3,4.854698192,24.85469819,44.85469819,64.85469819,55.19857386,107.1035494,21,197.1035494,84.85469819
3788,8.5,4.854698192,24.85469819,44.85469819,64.85469819,106.9219939,104.7926164,20,194.7926164,84.85469819
3789,9.1,4.854698192,24.85469819,44.85469819,64.85469819,106.9219939,104.168363,30,194.168363,84.85469819
3790,9.5,4.854698192,24.85469819,44.85469819,64.85469819,55.19857386,103.3789365,19,193.3789365,84.85469819
3791,9.7,4.854698192,24.85469819,44.85469819,64.85469819,21.90472707,97.46143134,24,187.4614313,84.85469819
3792,9.1,4.854698192,24.85469819,44.85469819,64.85469819,21.90472707,99.86256229,22,189.8625623,84.85469819
3793,8.9,4.854698192,24.85469819,44.85469819,64.85469819,21.90472707,99.10465082,24,189.1046508,84.85469819
3794,8.7,4.854698192,24.85469819,44.85469819,64.85469819,21.90472707,97.39722288,26,187.3972229,84.85469819
3795,9.1,4.854698192,24.85469819,44.85469819,64.85469819,21.90472707,88.96591384,28,178.9659138,84.85469819
3796,9.9,4.854698192,24.85469819,44.85469819,64.85469819,34.80523813,101.3618686,37,191.3618686,84.85469819
3797,9.8,4.854698192,24.85469819,44.85469819,64.85469819,34.80523813,110.4848151,76,200.4848151,84.85469819
3798,10.1,4.854698192,24.85469819,44.85469819,64.85469819,139.1000031,118.6326626,55,208.6326626,84.85469819
3799,9.2,30.09912879,50.09912879,70.09912879,90.09912879,86.52865817,120.814428,36,210.814428,110.0991288
3800,8.2,4.854698192,24.85469819,44.85469819,64.85469819,34.80523813,120.6246545,20,210.6246545,84.85469819
3801,7.6,4.854698192,24.85469819,44.85469819,64.85469819,34.80523813,113.7279747,13,203.7279747,84.85469819
3802,7.2,4.854698192,24.85469819,44.85469819,64.85469819,34.80523813,120.8922829,16,210.8922829,84.85469819
3803,7,42.72134409,62.72134409,82.72134409,102.7213441,34.80523813,119.8644277,9,209.8644277,122.7213441
3804,6.9,4.854698192,24.85469819,44.85469819,64.85469819,139.1000031,120.275757,15,210.275757,84.85469819
3805,6.2,4.854698192,24.85469819,44.85469819,64.85469819,86.52865817,120.5960107,14,210.5960107,84.85469819
3806,6.4,4.854698192,24.85469819,44.85469819,64.85469819,34.80523813,119.9999087,10,209.9999087,84.85469819
3807,6.8,4.854698192,24.85469819,44.85469819,64.85469819,34.80523813,118.1270743,10,208.1270743,84.85469819
3808,7.3,4.854698192,24.85469819,44.85469819,64.85469819,34.80523813,115.8775533,16,205.8775533,84.85469819
3809,7,4.854698192,24.85469819,44.85469819,64.85469819,34.80523813,112.1998481,27,202.1998481,84.85469819
3810,7,67.96577468,87.96577468,107.9657747,127.9657747,34.80523813,110.9765491,36,200.9765491,147.9657747
3811,6.9,4.854698192,24.85469819,44.85469819,64.85469819,34.80523813,109.6417529,22,199.6417529,84.85469819
3812,7.2,4.854698192,24.85469819,44.85469819,64.85469819,86.52865817,107.968621,26,197.968621,84.85469819
3813,7.8,4.854698192,24.85469819,44.85469819,64.85469819,86.52865817,106.351619,38,196.351619,84.85469819
3814,8.1,4.854698192,24.85469819,44.85469819,64.85469819,34.80523813,104.868102,36,194.868102,84.85469819
3815,7.7,4.854698192,24.85469819,44.85469819,64.85469819,21.90472707,103.023825,28,193.023825,84.85469819
3816,8.2,4.854698192,24.85469819,44.85469819,64.85469819,21.90472707,100.6906435,25,190.6906435,84.85469819
3817,8.5,4.854698192,24.85469819,44.85469819,64.85469819,21.90472707,98.74606908,24,188.7460691,84.85469819
3818,9.1,5.338174663,25.33817466,45.33817466,65.33817466,21.90472707,94.29342651,26,184.2934265,85.33817466
3819,9.3,4.905998549,24.90599855,44.90599855,64.90599855,21.90472707,94.38414815,28,184.3841482,84.90599855
3820,10.4,4.854698192,24.85469819,44.85469819,64.85469819,21.90472707,97.63316474,27,187.6331647,84.85469819
3821,10.1,4.854698192,24.85469819,44.85469819,64.85469819,21.90472707,106.7813799,26,196.7813799,84.85469819
3822,10.1,4.854698192,24.85469819,44.85469819,64.85469819,126.1994921,112.7267824,18,202.7267824,84.85469819
3823,9.6,30.09912879,50.09912879,70.09912879,90.09912879,73.62814711,115.899523,17,205.899523,110.0991288
3824,8.3,4.854698192,24.85469819,44.85469819,64.85469819,21.90472707,119.0629409,44,209.0629409,84.85469819
3825,7.7,4.854698192,24.85469819,44.85469819,64.85469819,21.90472707,118.0756984,54,208.0756984,84.85469819
3826,7.4,4.854698192,24.85469819,44.85469819,64.85469819,21.90472707,118.4844404,47,208.4844404,84.85469819
3827,7.2,42.72134409,62.72134409,82.72134409,102.7213441,21.90472707,117.4008533,36,207.4008533,122.7213441
3828,6.7,4.854698192,24.85469819,44.85469819,64.85469819,126.1994921,118.3252912,23,208.3252912,84.85469819
3829,6.6,4.854698192,24.85469819,44.85469819,64.85469819,73.62814711,118.098502,15,208.098502,84.85469819
3830,7,4.854698192,24.85469819,44.85469819,64.85469819,21.90472707,116.3359628,11,206.3359628,84.85469819
3831,7.2,4.854698192,24.85469819,44.85469819,64.85469819,21.90472707,111.3584547,19,201.3584547,84.85469819
3832,7.2,4.854698192,24.85469819,44.85469819,64.85469819,21.90472707,107.5898768,13,197.5898768,84.85469819
3833,6.7,4.854698192,24.85469819,44.85469819,64.85469819,21.90472707,105.0159814,25,195.0159814,84.85469819
3834,7,67.96577468,87.96577468,107.9657747,127.9657747,21.90472707,102.9180703,18,192.9180703,147.9657747
3835,7.2,4.854698192,24.85469819,44.85469819,64.85469819,21.90472707,101.4493821,34,191.4493821,84.85469819
3836,7.4,4.854698192,24.85469819,44.85469819,64.85469819,73.62814711,101.4485062,23,191.4485062,84.85469819
3837,7.3,4.854698192,24.85469819,44.85469819,64.85469819,73.62814711,99.74609886,20,189.7460989,84.85469819
3838,7.2,4.854698192,24.85469819,44.85469819,64.85469819,21.90472707,99.17828464,11,189.1782846,84.85469819
3839,6.7,4.854698192,24.85469819,44.85469819,64.85469819,21.90472707,97.5211894,7,187.5211894,84.85469819
3840,6.4,4.854698192,24.85469819,44.85469819,64.85469819,21.90472707,96.07276934,14,186.0727693,84.85469819
3841,7.3,5.050057254,25.05005725,45.05005725,65.05005725,21.90472707,95.86497164,17,185.8649716,85.05005725
3842,7.3,5.770350778,25.77035078,45.77035078,65.77035078,21.90472707,94.54009937,14,184.5400994,85.77035078
3843,8.2,5.482233368,25.48223337,45.48223337,65.48223337,21.90472707,94.94798859,12,184.9479886,85.48223337
3844,8.7,4.854698192,24.85469819,44.85469819,64.85469819,34.80523813,98.38396817,6,188.3839682,84.85469819
3845,8.3,4.854698192,24.85469819,44.85469819,64.85469819,34.80523813,107.2949058,5,197.2949058,84.85469819
3846,8.3,4.854698192,24.85469819,44.85469819,64.85469819,159.4933389,114.7548347,13,204.7548347,84.85469819
3847,8.2,30.09912879,50.09912879,70.09912879,90.09912879,106.9219939,117.0351202,18,207.0351202,110.0991288
3848,6.5,4.854698192,24.85469819,44.85469819,64.85469819,142.9760943,116.5592239,43,206.5592239,84.85469819
3849,6.5,4.854698192,24.85469819,44.85469819,64.85469819,142.9760943,118.281175,42,208.281175,84.85469819
3850,6.5,4.854698192,24.85469819,44.85469819,64.85469819,142.9760943,119.782693,39,209.782693,84.85469819
3851,6.8,42.72134409,62.72134409,82.72134409,102.7213441,142.9760943,118.2963664,22,208.2963664,122.7213441
3852,6.9,4.854698192,24.85469819,44.85469819,64.85469819,247.2708593,117.8822159,18,207.8822159,84.85469819
3853,6.4,4.854698192,24.85469819,44.85469819,64.85469819,194.6995144,118.5470903,19,208.5470903,84.85469819
3854,5.8,4.854698192,24.85469819,44.85469819,64.85469819,142.9760943,117.2839416,19,207.2839416,84.85469819
3855,5.5,4.854698192,24.85469819,44.85469819,64.85469819,55.19857386,112.9042461,18,202.9042461,84.85469819
3856,5.5,4.854698192,24.85469819,44.85469819,64.85469819,55.19857386,110.0880249,27,200.0880249,84.85469819
3857,5.4,4.854698192,24.85469819,44.85469819,64.85469819,55.19857386,108.7757219,27,198.7757219,84.85469819
3858,5.3,67.96577468,87.96577468,107.9657747,127.9657747,55.19857386,105.952791,43,195.952791,147.9657747
3859,4.9,4.854698192,24.85469819,44.85469819,64.85469819,55.19857386,105.563744,26,195.563744,84.85469819
3860,5.4,4.854698192,24.85469819,44.85469819,64.85469819,106.9219939,104.3273509,43,194.3273509,84.85469819
3861,6.2,4.854698192,24.85469819,44.85469819,64.85469819,106.9219939,100.9245288,34,190.9245288,84.85469819
3862,6,4.854698192,24.85469819,44.85469819,64.85469819,55.19857386,100.5293451,13,190.5293451,84.85469819
3863,6,4.854698192,24.85469819,44.85469819,64.85469819,21.90472707,96.30481353,9,186.3048135,84.85469819
3864,6,4.854698192,24.85469819,44.85469819,64.85469819,21.90472707,95.08772655,19,185.0877266,84.85469819
3865,6.4,4.854698192,24.85469819,44.85469819,64.85469819,21.90472707,95.45063908,18,185.4506391,84.85469819
3866,6.6,4.854698192,24.85469819,44.85469819,64.85469819,21.90472707,93.58693422,19,183.5869342,84.85469819
3867,6.9,4.854698192,24.85469819,44.85469819,64.85469819,21.90472707,95.84675385,19,185.8467539,84.85469819
3868,7,4.854698192,24.85469819,44.85469819,64.85469819,34.80523813,97.78576206,18,187.7857621,84.85469819
3869,6.6,4.854698192,24.85469819,44.85469819,64.85469819,34.80523813,107.5105957,19,197.5105957,84.85469819
3870,6.7,4.854698192,24.85469819,44.85469819,64.85469819,159.4933389,115.1803968,19,205.1803968,84.85469819
3871,6.1,30.09912879,50.09912879,70.09912879,90.09912879,106.9219939,117.9472688,18,207.9472688,110.0991288
3872,5.7,4.854698192,24.85469819,44.85469819,64.85469819,142.9760943,117.5251811,19,207.5251811,84.85469819
3873,6.5,4.854698192,24.85469819,44.85469819,64.85469819,142.9760943,117.9071266,19,207.9071266,84.85469819
3874,5.9,4.854698192,24.85469819,44.85469819,64.85469819,142.9760943,117.0371242,18,207.0371242,84.85469819
3875,5.8,42.72134409,62.72134409,82.72134409,102.7213441,142.9760943,118.4010055,19,208.4010055,122.7213441
3876,5.9,4.854698192,24.85469819,44.85469819,64.85469819,247.2708593,115.7957334,19,205.7957334,84.85469819
3877,5.6,4.854698192,24.85469819,44.85469819,64.85469819,194.6995144,115.5014944,18,205.5014944,84.85469819
3878,5.7,4.854698192,24.85469819,44.85469819,64.85469819,142.9760943,116.0088156,19,206.0088156,84.85469819
3879,5.8,4.854698192,24.85469819,44.85469819,64.85469819,55.19857386,114.7277997,19,204.7277997,84.85469819
3880,5.7,4.854698192,24.85469819,44.85469819,64.85469819,55.19857386,112.7482455,18,202.7482455,84.85469819
3881,5.6,4.854698192,24.85469819,44.85469819,64.85469819,55.19857386,107.8297484,19,197.8297484,84.85469819
3882,5.7,67.96577468,87.96577468,107.9657747,127.9657747,55.19857386,109.417019,19,199.417019,147.9657747
3883,5.8,4.854698192,24.85469819,44.85469819,64.85469819,55.19857386,104.7682595,18,194.7682595,84.85469819
3884,5.8,4.854698192,24.85469819,44.85469819,64.85469819,106.9219939,104.2451082,19,194.2451082,84.85469819
3885,5.7,4.854698192,24.85469819,44.85469819,64.85469819,106.9219939,103.0806658,19,193.0806658,84.85469819
3886,6.1,4.854698192,24.85469819,44.85469819,64.85469819,55.19857386,101.412637,18,191.412637,84.85469819
3887,6.2,4.854698192,24.85469819,44.85469819,64.85469819,21.90472707,101.9097111,19,191.9097111,84.85469819
3888,6.5,4.854698192,24.85469819,44.85469819,64.85469819,21.90472707,101.1702844,4,191.1702844,84.85469819
3889,6.4,4.854698192,24.85469819,44.85469819,64.85469819,21.90472707,99.56232051,11,189.5623205,84.85469819
3890,6.2,4.854698192,24.85469819,44.85469819,64.85469819,21.90472707,97.96522158,16,187.9652216,84.85469819
3891,6.5,4.854698192,24.85469819,44.85469819,64.85469819,21.90472707,97.93831758,18,187.9383176,84.85469819
3892,6.8,4.854698192,24.85469819,44.85469819,64.85469819,34.80523813,95.71647327,25,185.7164733,84.85469819
3893,6.4,4.854698192,24.85469819,44.85469819,64.85469819,34.80523813,97.51935304,50,187.519353,84.85469819
3894,6,4.854698192,24.85469819,44.85469819,64.85469819,159.4933389,100.1785379,42,190.1785379,84.85469819
3895,5.9,30.09912879,50.09912879,70.09912879,90.09912879,106.9219939,102.2958445,26,192.2958445,110.0991288
3896,6.3,4.854698192,24.85469819,44.85469819,64.85469819,142.9760943,104.377306,13,194.377306,84.85469819
3897,5.8,4.854698192,24.85469819,44.85469819,64.85469819,142.9760943,106.3383611,24,196.3383611,84.85469819
3898,6.2,4.854698192,24.85469819,44.85469819,64.85469819,142.9760943,108.1104965,11,198.1104965,84.85469819
3899,6.5,42.72134409,62.72134409,82.72134409,102.7213441,142.9760943,105.5863162,10,195.5863162,122.7213441
3900,6.2,4.854698192,24.85469819,44.85469819,64.85469819,247.2708593,104.7460698,8,194.7460698,84.85469819
3901,6.4,4.854698192,24.85469819,44.85469819,64.85469819,194.6995144,103.5584389,9,193.5584389,84.85469819
3902,6.3,4.854698192,24.85469819,44.85469819,64.85469819,142.9760943,102.9842313,10,192.9842313,84.85469819
3903,6.2,4.854698192,24.85469819,44.85469819,64.85469819,55.19857386,101.264998,23,191.264998,84.85469819
3904,6.3,4.854698192,24.85469819,44.85469819,64.85469819,55.19857386,99.39942604,18,189.399426,84.85469819
3905,6.3,4.854698192,24.85469819,44.85469819,64.85469819,55.19857386,97.35170434,25,187.3517043,84.85469819
3906,6.8,67.96577468,87.96577468,107.9657747,127.9657747,55.19857386,97.0385498,36,187.0385498,147.9657747
3907,7.5,4.854698192,24.85469819,44.85469819,64.85469819,55.19857386,97.23725583,26,187.2372558,84.85469819
3908,7.7,4.854698192,24.85469819,44.85469819,64.85469819,106.9219939,97.29431179,30,187.2943118,84.85469819
3909,7.6,4.854698192,24.85469819,44.85469819,64.85469819,106.9219939,96.43800934,24,186.4380093,84.85469819
3910,7.6,6.058468188,26.05846819,46.05846819,66.05846819,55.19857386,98.13442987,38,188.1344299,86.05846819
3911,7.4,6.922820418,26.92282042,46.92282042,66.92282042,21.90472707,97.26204513,23,187.2620451,86.92282042
3912,8.5,7.210937828,27.21093783,47.21093783,67.21093783,21.90472707,95.24376668,27,185.2437667,87.21093783
3913,7.8,7.210937828,27.21093783,47.21093783,67.21093783,21.90472707,95.01287288,25,185.0128729,87.21093783
3914,7.6,7.499055238,27.49905524,47.49905524,67.49905524,21.90472707,94.17497475,28,184.1749747,87.49905524
3915,8,6.634703008,26.63470301,46.63470301,66.63470301,21.90472707,94.12115863,30,184.1211586,86.63470301
3916,7.6,5.482233368,25.48223337,45.48223337,65.48223337,34.80523813,94.1810055,37,184.1810055,85.48223337
3917,8.1,4.854698192,24.85469819,44.85469819,64.85469819,34.80523813,97.37920226,64,187.3792023,84.85469819
3918,8.1,4.854698192,24.85469819,44.85469819,64.85469819,159.4933389,97.9762203,68,187.9762203,84.85469819
3919,8.8,30.09912879,50.09912879,70.09912879,90.09912879,106.9219939,98.60532885,18,188.6053288,110.0991288
3920,8.7,4.854698192,24.85469819,44.85469819,64.85469819,142.9760943,101.2963638,21,191.2963638,84.85469819
3921,8.4,4.854698192,24.85469819,44.85469819,64.85469819,142.9760943,101.6452225,11,191.6452225,84.85469819
3922,8.5,4.854698192,24.85469819,44.85469819,64.85469819,142.9760943,104.2291222,12,194.2291222,84.85469819
3923,7.8,42.72134409,62.72134409,82.72134409,102.7213441,142.9760943,104.1453085,11,194.1453085,122.7213441
3924,6.4,4.854698192,24.85469819,44.85469819,64.85469819,247.2708593,103.8700475,5,193.8700475,84.85469819
3925,5.8,4.854698192,24.85469819,44.85469819,64.85469819,194.6995144,103.54437,6,193.54437,84.85469819
3926,6.3,4.854698192,24.85469819,44.85469819,64.85469819,142.9760943,102.8110284,11,192.8110284,84.85469819
3927,6.5,4.854698192,24.85469819,44.85469819,64.85469819,55.19857386,102.0832473,16,192.0832473,84.85469819
3928,6.7,4.854698192,24.85469819,44.85469819,64.85469819,55.19857386,100.5741209,21,190.5741209,84.85469819
3929,6.9,4.854698192,24.85469819,44.85469819,64.85469819,55.19857386,100.3427725,26,190.3427725,84.85469819
3930,7.3,67.96577468,87.96577468,107.9657747,127.9657747,55.19857386,99.12515644,22,189.1251564,147.9657747
3931,7.4,4.854698192,24.85469819,44.85469819,64.85469819,55.19857386,97.98863155,25,187.9886316,84.85469819
3932,7.7,4.854698192,24.85469819,44.85469819,64.85469819,106.9219939,99.07045392,31,189.0704539,84.85469819
3933,8,4.854698192,24.85469819,44.85469819,64.85469819,106.9219939,99.30268283,45,189.3026828,84.85469819
3934,8.5,4.854698192,24.85469819,44.85469819,64.85469819,55.19857386,100.4900668,27,190.4900668,84.85469819
3935,8.6,4.854698192,24.85469819,44.85469819,64.85469819,21.90472707,98.59752419,18,188.5975242,84.85469819
3936,9.1,4.854698192,24.85469819,44.85469819,64.85469819,21.90472707,98.96720758,15,188.9672076,84.85469819
3937,9.6,4.854698192,24.85469819,44.85469819,64.85469819,21.90472707,96.77241238,12,186.7724124,84.85469819
3938,9.7,4.854698192,24.85469819,44.85469819,64.85469819,21.90472707,95.51138661,12,185.5113866,84.85469819
3939,9.5,4.854698192,24.85469819,44.85469819,64.85469819,21.90472707,98.36293882,13,188.3629388,84.85469819
3940,10.1,4.854698192,24.85469819,44.85469819,64.85469819,34.80523813,100.1942221,18,190.1942221,84.85469819
3941,9.3,4.854698192,24.85469819,44.85469819,64.85469819,34.80523813,106.2624113,60,196.2624113,84.85469819
3942,9.1,4.854698192,24.85469819,44.85469819,64.85469819,159.4933389,115.1662061,49,205.1662061,84.85469819
3943,8.9,30.09912879,50.09912879,70.09912879,90.09912879,106.9219939,118.4733646,14,208.4733646,110.0991288
3944,8.3,4.854698192,24.85469819,44.85469819,64.85469819,142.9760943,118.3282918,11,208.3282918,84.85469819
3945,7.2,4.854698192,24.85469819,44.85469819,64.85469819,142.9760943,110.569409,23,200.569409,84.85469819
3946,6.2,4.854698192,24.85469819,44.85469819,64.85469819,142.9760943,118.6490794,13,208.6490794,84.85469819
3947,6.7,42.72134409,62.72134409,82.72134409,102.7213441,142.9760943,121.4865906,8,211.4865906,122.7213441
3948,6.7,4.854698192,24.85469819,44.85469819,64.85469819,247.2708593,120.5334942,7,210.5334942,84.85469819
3949,7,4.854698192,24.85469819,44.85469819,64.85469819,194.6995144,119.6519284,10,209.6519284,84.85469819
3950,7.3,4.854698192,24.85469819,44.85469819,64.85469819,142.9760943,118.8934992,15,208.8934992,84.85469819
3951,7.1,4.854698192,24.85469819,44.85469819,64.85469819,55.19857386,117.4940356,26,207.4940356,84.85469819
3952,6.7,4.854698192,24.85469819,44.85469819,64.85469819,55.19857386,114.5865983,22,204.5865983,84.85469819
3953,6.8,4.854698192,24.85469819,44.85469819,64.85469819,55.19857386,114.4311174,34,204.4311174,84.85469819
3954,7.7,67.96577468,87.96577468,107.9657747,127.9657747,55.19857386,111.5012098,24,201.5012098,147.9657747
3955,8.2,4.854698192,24.85469819,44.85469819,64.85469819,55.19857386,108.9040642,26,198.9040642,84.85469819
3956,7.9,4.854698192,24.85469819,44.85469819,64.85469819,106.9219939,109.3709125,34,199.3709125,84.85469819
3957,8.2,4.854698192,24.85469819,44.85469819,64.85469819,106.9219939,109.0427962,31,199.0427962,84.85469819
3958,8.5,4.854698192,24.85469819,44.85469819,64.85469819,55.19857386,108.7979733,21,198.7979733,84.85469819
3959,8.3,4.854698192,24.85469819,44.85469819,64.85469819,21.90472707,106.1687093,7,196.1687093,84.85469819
3960,8.8,4.854698192,24.85469819,44.85469819,64.85469819,21.90472707,103.4060407,5,193.4060407,84.85469819
3961,8.6,4.854698192,24.85469819,44.85469819,64.85469819,21.90472707,104.3871566,4,194.3871566,84.85469819
3962,9.1,5.482233368,25.48223337,45.48223337,65.48223337,21.90472707,102.2405836,4,192.2405836,85.48223337
3963,9.4,5.050057254,25.05005725,45.05005725,65.05005725,21.90472707,103.7067067,5,193.7067067,85.05005725
3964,9.7,4.854698192,24.85469819,44.85469819,64.85469819,34.80523813,105.2610847,16,195.2610847,84.85469819
3965,9.3,4.854698192,24.85469819,44.85469819,64.85469819,34.80523813,114.1491427,28,204.1491427,84.85469819
3966,8.7,4.854698192,24.85469819,44.85469819,64.85469819,139.1000031,121.0204304,49,211.0204304,84.85469819
3967,8.6,30.09912879,50.09912879,70.09912879,90.09912879,86.52865817,119.9135936,22,209.9135936,110.0991288
3968,8,4.854698192,24.85469819,44.85469819,64.85469819,34.80523813,118.3232947,17,208.3232947,84.85469819
3969,7,4.854698192,24.85469819,44.85469819,64.85469819,34.80523813,119.8390325,26,209.8390325,84.85469819
3970,7.1,4.854698192,24.85469819,44.85469819,64.85469819,34.80523813,119.8652497,32,209.8652497,84.85469819
3971,7.2,42.72134409,62.72134409,82.72134409,102.7213441,34.80523813,119.3491172,23,209.3491172,122.7213441
3972,6.7,4.854698192,24.85469819,44.85469819,64.85469819,139.1000031,119.1096788,10,209.1096788,84.85469819
3973,6.1,4.854698192,24.85469819,44.85469819,64.85469819,86.52865817,118.6464536,18,208.6464536,84.85469819
3974,6.7,4.854698192,24.85469819,44.85469819,64.85469819,34.80523813,117.4639737,22,207.4639737,84.85469819
3975,6.4,4.854698192,24.85469819,44.85469819,64.85469819,34.80523813,113.2013631,25,203.2013631,84.85469819
3976,5.9,4.854698192,24.85469819,44.85469819,64.85469819,34.80523813,109.1576542,33,199.1576542,84.85469819
3977,6.4,4.854698192,24.85469819,44.85469819,64.85469819,34.80523813,108.6409135,29,198.6409135,84.85469819
3978,6.9,67.96577468,87.96577468,107.9657747,127.9657747,34.80523813,108.6841207,31,198.6841207,147.9657747
3979,7.3,4.854698192,24.85469819,44.85469819,64.85469819,34.80523813,107.9443948,17,197.9443948,84.85469819
3980,6.9,4.854698192,24.85469819,44.85469819,64.85469819,86.52865817,107.0485627,23,197.0485627,84.85469819
3981,7.1,4.854698192,24.85469819,44.85469819,64.85469819,86.52865817,106.4344944,26,196.4344944,84.85469819
3982,7.3,4.854698192,24.85469819,44.85469819,64.85469819,34.80523813,104.6833049,10,194.6833049,84.85469819
3983,6.6,5.194115958,25.19411596,45.19411596,65.19411596,21.90472707,103.5249017,7,193.5249017,85.19411596
3984,6.5,6.922820418,26.92282042,46.92282042,66.92282042,21.90472707,102.9916703,13,192.9916703,86.92282042
3985,6.4,8.363407467,28.36340747,48.36340747,68.36340747,21.90472707,104.2504045,11,194.2504045,88.36340747
3986,7,9.227759697,29.2277597,49.2277597,69.2277597,21.90472707,104.414528,8,194.414528,89.2277597
3987,7.3,8.075290057,28.07529006,48.07529006,68.07529006,21.90472707,105.4278137,11,195.4278137,88.07529006
3988,6.9,5.194115958,25.19411596,45.19411596,65.19411596,21.90472707,108.54204,7,198.54204,85.19411596
3989,7.1,4.854698192,24.85469819,44.85469819,64.85469819,21.90472707,118.4889505,5,208.4889505,84.85469819
3990,7.5,4.854698192,24.85469819,44.85469819,64.85469819,126.1994921,126.7130823,12,216.7130823,84.85469819
3991,7.8,30.09912879,50.09912879,70.09912879,90.09912879,73.62814711,116.656055,30,206.656055,110.0991288
3992,7.1,4.854698192,24.85469819,44.85469819,64.85469819,21.90472707,129.7572232,43,219.7572232,84.85469819
3993,6.5,4.854698192,24.85469819,44.85469819,64.85469819,21.90472707,130.2537616,36,220.2537616,84.85469819
3994,6.6,4.854698192,24.85469819,44.85469819,64.85469819,21.90472707,131.5677973,44,221.5677973,84.85469819
3995,6.3,42.72134409,62.72134409,82.72134409,102.7213441,21.90472707,129.9332334,19,219.9332334,122.7213441
3996,7,4.854698192,24.85469819,44.85469819,64.85469819,126.1994921,130.2075971,18,220.2075971,84.85469819
3997,6.2,4.854698192,24.85469819,44.85469819,64.85469819,73.62814711,128.3126826,19,218.3126826,84.85469819
3998,7.2,4.854698192,24.85469819,44.85469819,64.85469819,21.90472707,127.424663,14,217.424663,84.85469819
3999,7.2,4.854698192,24.85469819,44.85469819,64.85469819,21.90472707,125.2152417,43,215.2152417,84.85469819
4000,6.2,4.854698192,24.85469819,44.85469819,64.85469819,21.90472707,121.7447381,42,211.7447381,84.85469819
4001,6.9,4.854698192,24.85469819,44.85469819,64.85469819,21.90472707,117.1334504,21,207.1334504,84.85469819
4002,6.8,67.96577468,87.96577468,107.9657747,127.9657747,21.90472707,116.6980637,17,206.6980637,147.9657747
4003,7,4.854698192,24.85469819,44.85469819,64.85469819,21.90472707,115.7369355,20,205.7369355,84.85469819
4004,6.9,4.854698192,24.85469819,44.85469819,64.85469819,73.62814711,113.5059689,21,203.5059689,84.85469819
4005,7.3,4.854698192,24.85469819,44.85469819,64.85469819,73.62814711,110.8127286,16,200.8127286,84.85469819
4006,6.5,4.854698192,24.85469819,44.85469819,64.85469819,21.90472707,111.7742813,11,201.7742813,84.85469819
4007,6.3,4.854698192,24.85469819,44.85469819,64.85469819,21.90472707,112.8256152,13,202.8256152,84.85469819
4008,6.4,4.854698192,24.85469819,44.85469819,64.85469819,21.90472707,111.4429969,24,201.4429969,84.85469819
4009,7.2,4.854698192,24.85469819,44.85469819,64.85469819,21.90472707,111.4245543,22,201.4245543,84.85469819
4010,7.5,4.854698192,24.85469819,44.85469819,64.85469819,21.90472707,109.2564082,21,199.2564082,84.85469819
4011,7.6,4.854698192,24.85469819,44.85469819,64.85469819,21.90472707,109.0887393,17,199.0887393,84.85469819
4012,7.6,4.854698192,24.85469819,44.85469819,64.85469819,34.80523813,107.612813,11,197.612813,84.85469819
4013,6.8,4.854698192,24.85469819,44.85469819,64.85469819,34.80523813,114.253599,6,204.253599,84.85469819
4014,6.3,4.854698192,24.85469819,44.85469819,64.85469819,159.4933389,121.5064014,12,211.5064014,84.85469819
4015,5.8,30.09912879,50.09912879,70.09912879,90.09912879,106.9219939,120.679773,23,210.679773,110.0991288
4016,5.5,4.854698192,24.85469819,44.85469819,64.85469819,142.9760943,120.8217273,31,210.8217273,84.85469819
4017,5.6,4.854698192,24.85469819,44.85469819,64.85469819,142.9760943,121.072526,30,211.072526,84.85469819
4018,6,4.854698192,24.85469819,44.85469819,64.85469819,142.9760943,121.7654704,28,211.7654704,84.85469819
4019,6.1,42.72134409,62.72134409,82.72134409,102.7213441,142.9760943,121.7451346,27,211.7451346,122.7213441
4020,6.2,4.854698192,24.85469819,44.85469819,64.85469819,247.2708593,121.3934191,24,211.3934191,84.85469819
4021,5.9,4.854698192,24.85469819,44.85469819,64.85469819,194.6995144,117.1123576,18,207.1123576,84.85469819
4022,5.9,4.854698192,24.85469819,44.85469819,64.85469819,142.9760943,114.6761162,14,204.6761162,84.85469819
4023,5.7,4.854698192,24.85469819,44.85469819,64.85469819,55.19857386,111.4816724,39,201.4816724,84.85469819
4024,5.6,4.854698192,24.85469819,44.85469819,64.85469819,55.19857386,108.7708792,37,198.7708792,84.85469819
4025,5.4,4.854698192,24.85469819,44.85469819,64.85469819,55.19857386,106.4635441,48,196.4635441,84.85469819
4026,5.4,67.96577468,87.96577468,107.9657747,127.9657747,55.19857386,105.5322456,39,195.5322456,147.9657747
4027,5.2,4.854698192,24.85469819,44.85469819,64.85469819,55.19857386,104.7045499,39,194.7045499,84.85469819
4028,5.2,4.854698192,24.85469819,44.85469819,64.85469819,106.9219939,102.7776098,25,192.7776098,84.85469819
4029,5.7,4.854698192,24.85469819,44.85469819,64.85469819,106.9219939,103.1355203,33,193.1355203,84.85469819
4030,5.8,4.854698192,24.85469819,44.85469819,64.85469819,55.19857386,104.7765117,10,194.7765117,84.85469819
4031,5.5,4.854698192,24.85469819,44.85469819,64.85469819,21.90472707,103.4664118,23,193.4664118,84.85469819
4032,5.3,4.854698192,24.85469819,44.85469819,64.85469819,21.90472707,102.1349519,19,192.1349519,84.85469819
4033,5.6,4.854698192,24.85469819,44.85469819,64.85469819,21.90472707,100.1930066,20,190.1930066,84.85469819
4034,5.7,4.854698192,24.85469819,44.85469819,64.85469819,21.90472707,99.68690149,22,189.6869015,84.85469819
4035,5.7,4.854698192,24.85469819,44.85469819,64.85469819,21.90472707,99.69294952,25,189.6929495,84.85469819
4036,5.5,4.854698192,24.85469819,44.85469819,64.85469819,34.80523813,103.281974,39,193.281974,84.85469819
4037,5.2,4.854698192,24.85469819,44.85469819,64.85469819,34.80523813,113.3308403,61,203.3308403,84.85469819
4038,5.8,4.854698192,24.85469819,44.85469819,64.85469819,159.4933389,119.6800191,44,209.6800191,84.85469819
4039,5.8,30.09912879,50.09912879,70.09912879,90.09912879,106.9219939,121.0609359,22,211.0609359,110.0991288
4040,6.2,4.854698192,24.85469819,44.85469819,64.85469819,142.9760943,120.4492033,9,210.4492033,84.85469819
4041,6.7,4.854698192,24.85469819,44.85469819,64.85469819,142.9760943,114.3447824,17,204.3447824,84.85469819
4042,5.8,4.854698192,24.85469819,44.85469819,64.85469819,142.9760943,121.365156,14,211.365156,84.85469819
4043,6.3,42.72134409,62.72134409,82.72134409,102.7213441,142.9760943,120.3059491,16,210.3059491,122.7213441
4044,6.3,4.854698192,24.85469819,44.85469819,64.85469819,247.2708593,120.1318865,15,210.1318865,84.85469819
4045,5.9,4.854698192,24.85469819,44.85469819,64.85469819,194.6995144,119.1929905,6,209.1929905,84.85469819
4046,5.8,4.854698192,24.85469819,44.85469819,64.85469819,142.9760943,116.8664651,11,206.8664651,84.85469819
4047,5.8,4.854698192,24.85469819,44.85469819,64.85469819,55.19857386,112.15911,18,202.15911,84.85469819
4048,6,4.854698192,24.85469819,44.85469819,64.85469819,55.19857386,109.7326877,24,199.7326877,84.85469819
4049,5.5,4.854698192,24.85469819,44.85469819,64.85469819,55.19857386,108.4261075,36,198.4261075,84.85469819
4050,5.3,67.96577468,87.96577468,107.9657747,127.9657747,55.19857386,106.9887879,38,196.9887879,147.9657747
4051,5.4,4.854698192,24.85469819,44.85469819,64.85469819,55.19857386,104.4974153,34,194.4974153,84.85469819
4052,5.4,4.854698192,24.85469819,44.85469819,64.85469819,106.9219939,99.51744965,42,189.5174496,84.85469819
4053,5.7,4.854698192,24.85469819,44.85469819,64.85469819,106.9219939,96.81087905,30,186.8108791,84.85469819
4054,6.2,4.854698192,24.85469819,44.85469819,64.85469819,55.19857386,96.11723137,13,186.1172314,84.85469819
4055,5.7,4.854698192,24.85469819,44.85469819,64.85469819,21.90472707,95.31172809,7,185.3117281,84.85469819
4056,6.2,4.854698192,24.85469819,44.85469819,64.85469819,21.90472707,95.56415841,5,185.5641584,84.85469819
4057,5.7,4.854698192,24.85469819,44.85469819,64.85469819,21.90472707,94.58660543,4,184.5866054,84.85469819
4058,5.6,4.854698192,24.85469819,44.85469819,64.85469819,21.90472707,93.3818925,7,183.3818925,84.85469819
4059,5.6,4.854698192,24.85469819,44.85469819,64.85469819,21.90472707,93.60225877,6,183.6022588,84.85469819
4060,5.7,4.854698192,24.85469819,44.85469819,64.85469819,34.80523813,93.2630342,11,183.2630342,84.85469819
4061,5.3,4.854698192,24.85469819,44.85469819,64.85469819,34.80523813,95.73603848,49,185.7360385,84.85469819
4062,5.5,4.854698192,24.85469819,44.85469819,64.85469819,159.4933389,99.04058322,46,189.0405832,84.85469819
4063,5.7,30.09912879,50.09912879,70.09912879,90.09912879,106.9219939,99.53078138,21,189.5307814,110.0991288
4064,6.2,4.854698192,24.85469819,44.85469819,64.85469819,142.9760943,101.7159892,17,191.7159892,84.85469819
4065,7.1,4.854698192,24.85469819,44.85469819,64.85469819,142.9760943,103.8503981,12,193.8503981,84.85469819
4066,7.5,4.854698192,24.85469819,44.85469819,64.85469819,142.9760943,104.4050454,20,194.4050454,84.85469819
4067,7.7,42.72134409,62.72134409,82.72134409,102.7213441,142.9760943,104.1701602,15,194.1701602,122.7213441
4068,7.5,4.854698192,24.85469819,44.85469819,64.85469819,247.2708593,104.4874083,13,194.4874083,84.85469819
4069,7.1,4.854698192,24.85469819,44.85469819,64.85469819,194.6995144,103.3336394,12,193.3336394,84.85469819
4070,6.9,4.854698192,24.85469819,44.85469819,64.85469819,142.9760943,101.8679653,14,191.8679653,84.85469819
4071,6.7,4.854698192,24.85469819,44.85469819,64.85469819,55.19857386,101.0769008,13,191.0769008,84.85469819
4072,5.9,4.854698192,24.85469819,44.85469819,64.85469819,55.19857386,100.0546197,18,190.0546197,84.85469819
4073,6.3,4.854698192,24.85469819,44.85469819,64.85469819,55.19857386,99.75183773,32,189.7518377,84.85469819
4074,6.1,67.96577468,87.96577468,107.9657747,127.9657747,55.19857386,98.1307174,55,188.1307174,147.9657747
4075,6.1,4.854698192,24.85469819,44.85469819,64.85469819,55.19857386,97.64835724,44,187.6483572,84.85469819
4076,6.8,4.854698192,24.85469819,44.85469819,64.85469819,106.9219939,96.23431046,50,186.2343105,84.85469819
4077,6.7,4.854698192,24.85469819,44.85469819,64.85469819,106.9219939,95.09121213,36,185.0912121,84.85469819
4078,8.1,4.854698192,24.85469819,44.85469819,64.85469819,55.19857386,94.29949158,11,184.2994916,84.85469819
4079,8.2,4.854698192,24.85469819,44.85469819,64.85469819,21.90472707,93.97326941,16,183.9732694,84.85469819
4080,8.1,4.854698192,24.85469819,44.85469819,64.85469819,21.90472707,94.06874287,21,184.0687429,84.85469819
4081,8,4.854698192,24.85469819,44.85469819,64.85469819,21.90472707,93.19951667,18,183.1995167,84.85469819
4082,8.9,4.854698192,24.85469819,44.85469819,64.85469819,21.90472707,92.22103246,21,182.2210325,84.85469819
4083,9.2,4.854698192,24.85469819,44.85469819,64.85469819,21.90472707,90.78498875,22,180.7849887,84.85469819
4084,8.9,4.854698192,24.85469819,44.85469819,64.85469819,34.80523813,90.44219596,30,180.442196,84.85469819
4085,8.6,4.854698192,24.85469819,44.85469819,64.85469819,34.80523813,92.48636551,54,182.4863655,84.85469819
4086,7.9,4.854698192,24.85469819,44.85469819,64.85469819,159.4933389,94.52636629,45,184.5263663,84.85469819
4087,7.3,30.09912879,50.09912879,70.09912879,90.09912879,106.9219939,96.5165181,25,186.5165181,110.0991288
4088,6.9,4.854698192,24.85469819,44.85469819,64.85469819,142.9760943,97.91752901,15,187.917529,84.85469819
4089,7.2,4.854698192,24.85469819,44.85469819,64.85469819,142.9760943,99.45448411,18,189.4544841,84.85469819
4090,6.9,4.854698192,24.85469819,44.85469819,64.85469819,142.9760943,101.118422,10,191.118422,84.85469819
4091,6.9,42.72134409,62.72134409,82.72134409,102.7213441,142.9760943,102.4713855,7,192.4713855,122.7213441
4092,6.7,4.854698192,24.85469819,44.85469819,64.85469819,247.2708593,102.6751677,10,192.6751677,84.85469819
4093,6.6,4.854698192,24.85469819,44.85469819,64.85469819,194.6995144,102.5313792,15,192.5313792,84.85469819
4094,6.7,4.854698192,24.85469819,44.85469819,64.85469819,142.9760943,103.1590552,18,193.1590552,84.85469819
4095,6.5,4.854698192,24.85469819,44.85469819,64.85469819,55.19857386,104.14038,28,194.14038,84.85469819
4096,6.4,4.854698192,24.85469819,44.85469819,64.85469819,55.19857386,103.8748064,25,193.8748064,84.85469819
4097,6.6,4.854698192,24.85469819,44.85469819,64.85469819,55.19857386,102.8959655,36,192.8959655,84.85469819
4098,7.2,67.96577468,87.96577468,107.9657747,127.9657747,55.19857386,102.5925984,57,192.5925984,147.9657747
4099,6.5,4.854698192,24.85469819,44.85469819,64.85469819,55.19857386,101.599029,41,191.599029,84.85469819
4100,7,4.854698192,24.85469819,44.85469819,64.85469819,106.9219939,100.5743687,35,190.5743687,84.85469819
4101,7.6,4.854698192,24.85469819,44.85469819,64.85469819,106.9219939,99.7836708,41,189.7836708,84.85469819
4102,8.1,4.854698192,24.85469819,44.85469819,64.85469819,55.19857386,97.28804908,35,187.2880491,84.85469819
4103,8.1,4.854698192,24.85469819,44.85469819,64.85469819,21.90472707,93.41781219,28,183.4178122,84.85469819
4104,7.7,4.854698192,24.85469819,44.85469819,64.85469819,21.90472707,92.3202846,23,182.3202846,84.85469819
4105,7.3,4.854698192,24.85469819,44.85469819,64.85469819,21.90472707,92.37923527,25,182.3792353,84.85469819
4106,7.5,4.854698192,24.85469819,44.85469819,64.85469819,21.90472707,89.25740561,26,179.2574056,84.85469819
4107,7.3,4.854698192,24.85469819,44.85469819,64.85469819,21.90472707,79.32714217,31,169.3271422,84.85469819
4108,8.3,4.854698192,24.85469819,44.85469819,64.85469819,34.80523813,93.38379652,32,183.3837965,84.85469819
4109,7.9,4.854698192,24.85469819,44.85469819,64.85469819,34.80523813,101.4299603,49,191.4299603,84.85469819
4110,8.5,4.854698192,24.85469819,44.85469819,64.85469819,159.4933389,110.5284896,58,200.5284896,84.85469819
4111,8,30.09912879,50.09912879,70.09912879,90.09912879,106.9219939,114.5881409,34,204.5881409,110.0991288
4112,7.4,4.854698192,24.85469819,44.85469819,64.85469819,142.9760943,115.5709167,37,205.5709167,84.85469819
4113,7,4.854698192,24.85469819,44.85469819,64.85469819,142.9760943,116.5590446,30,206.5590446,84.85469819
4114,6.9,4.854698192,24.85469819,44.85469819,64.85469819,142.9760943,115.8065015,16,205.8065015,84.85469819
4115,7,42.72134409,62.72134409,82.72134409,102.7213441,142.9760943,115.7126864,11,205.7126864,122.7213441
4116,7,4.854698192,24.85469819,44.85469819,64.85469819,247.2708593,114.660807,18,204.660807,84.85469819
4117,6.6,4.854698192,24.85469819,44.85469819,64.85469819,194.6995144,114.9165594,10,204.9165594,84.85469819
4118,7.4,4.854698192,24.85469819,44.85469819,64.85469819,142.9760943,114.7827355,10,204.7827355,84.85469819
4119,7.1,4.854698192,24.85469819,44.85469819,64.85469819,55.19857386,109.9496688,19,199.9496688,84.85469819
4120,6.6,4.854698192,24.85469819,44.85469819,64.85469819,55.19857386,108.7506081,30,198.7506081,84.85469819
4121,6.4,4.854698192,24.85469819,44.85469819,64.85469819,55.19857386,107.436653,29,197.436653,84.85469819
4122,6.3,67.96577468,87.96577468,107.9657747,127.9657747,55.19857386,105.9837698,33,195.9837698,147.9657747
4123,6.4,4.854698192,24.85469819,44.85469819,64.85469819,55.19857386,105.1528378,28,195.1528378,84.85469819
4124,6.7,4.854698192,24.85469819,44.85469819,64.85469819,106.9219939,103.6081737,36,193.6081737,84.85469819
4125,6.5,4.854698192,24.85469819,44.85469819,64.85469819,106.9219939,102.719749,34,192.719749,84.85469819
4126,6.9,4.854698192,24.85469819,44.85469819,64.85469819,55.19857386,101.3022665,32,191.3022665,84.85469819
4127,7,4.854698192,24.85469819,44.85469819,64.85469819,21.90472707,93.79954754,32,183.7995475,84.85469819
4128,7.5,4.854698192,24.85469819,44.85469819,64.85469819,21.90472707,97.45963678,34,187.4596368,84.85469819
4129,7,4.854698192,24.85469819,44.85469819,64.85469819,21.90472707,97.96678177,38,187.9667818,84.85469819
4130,7.2,4.854698192,24.85469819,44.85469819,64.85469819,21.90472707,95.75724313,37,185.7572431,84.85469819
4131,7.1,4.854698192,24.85469819,44.85469819,64.85469819,21.90472707,96.49736896,38,186.497369,84.85469819
4132,7.6,4.854698192,24.85469819,44.85469819,64.85469819,34.80523813,101.2024885,37,191.2024885,84.85469819
4133,6.6,4.854698192,24.85469819,44.85469819,64.85469819,34.80523813,108.795389,38,198.795389,84.85469819
4134,7.6,4.854698192,24.85469819,44.85469819,64.85469819,139.1000031,117.419226,49,207.419226,84.85469819
4135,7.3,30.09912879,50.09912879,70.09912879,90.09912879,86.52865817,118.5320955,65,208.5320955,110.0991288
4136,6.8,4.854698192,24.85469819,44.85469819,64.85469819,34.80523813,118.4572399,60,208.4572399,84.85469819
4137,6.5,4.854698192,24.85469819,44.85469819,64.85469819,34.80523813,120.4404649,63,210.4404649,84.85469819
4138,6.6,4.854698192,24.85469819,44.85469819,64.85469819,34.80523813,120.6270264,40,210.6270264,84.85469819
4139,6.8,42.72134409,62.72134409,82.72134409,102.7213441,34.80523813,119.5659511,40,209.5659511,122.7213441
4140,6.8,4.854698192,24.85469819,44.85469819,64.85469819,139.1000031,119.0879072,23,209.0879072,84.85469819
4141,6.1,4.854698192,24.85469819,44.85469819,64.85469819,86.52865817,119.3310694,19,209.3310694,84.85469819
4142,6.4,4.854698192,24.85469819,44.85469819,64.85469819,34.80523813,116.5855941,9,206.5855941,84.85469819
4143,6.7,4.854698192,24.85469819,44.85469819,64.85469819,34.80523813,112.6302898,12,202.6302898,84.85469819
4144,6.4,4.854698192,24.85469819,44.85469819,64.85469819,34.80523813,109.7236756,15,199.7236756,84.85469819
4145,6.6,4.854698192,24.85469819,44.85469819,64.85469819,34.80523813,106.3400134,18,196.3400134,84.85469819
4146,6.1,67.96577468,87.96577468,107.9657747,127.9657747,34.80523813,104.4412173,12,194.4412173,147.9657747
4147,6.5,4.854698192,24.85469819,44.85469819,64.85469819,34.80523813,103.1160859,13,193.1160859,84.85469819
4148,6.6,4.854698192,24.85469819,44.85469819,64.85469819,86.52865817,101.8346698,34,191.8346698,84.85469819
4149,6.7,4.854698192,24.85469819,44.85469819,64.85469819,86.52865817,100.3371377,38,190.3371377,84.85469819
4150,7.2,4.854698192,24.85469819,44.85469819,64.85469819,34.80523813,99.05645191,34,189.0564519,84.85469819
4151,7,4.854698192,24.85469819,44.85469819,64.85469819,21.90472707,97.09513121,29,187.0951312,84.85469819
4152,7.4,4.854698192,24.85469819,44.85469819,64.85469819,21.90472707,95.8199146,27,185.8199146,84.85469819
4153,7.5,4.854698192,24.85469819,44.85469819,64.85469819,21.90472707,94.74469009,30,184.7446901,84.85469819
4154,7.8,4.854698192,24.85469819,44.85469819,64.85469819,21.90472707,93.70039616,33,183.7003962,84.85469819
4155,7.8,4.854698192,24.85469819,44.85469819,64.85469819,21.90472707,93.73136094,35,183.7313609,84.85469819
4156,8,4.854698192,24.85469819,44.85469819,64.85469819,21.90472707,97.65015929,27,187.6501593,84.85469819
4157,7.9,4.854698192,24.85469819,44.85469819,64.85469819,21.90472707,106.8804138,24,196.8804138,84.85469819
4158,8.2,4.854698192,24.85469819,44.85469819,64.85469819,126.1994921,115.3926865,24,205.3926865,84.85469819
4159,7.6,30.09912879,50.09912879,70.09912879,90.09912879,73.62814711,117.0947078,26,207.0947078,110.0991288
4160,7.1,4.854698192,24.85469819,44.85469819,64.85469819,21.90472707,116.6679414,21,206.6679414,84.85469819
4161,6.7,4.854698192,24.85469819,44.85469819,64.85469819,21.90472707,119.1917039,22,209.1917039,84.85469819
4162,6.8,4.854698192,24.85469819,44.85469819,64.85469819,21.90472707,119.6159402,24,209.6159402,84.85469819
4163,6.6,42.72134409,62.72134409,82.72134409,102.7213441,21.90472707,119.2809496,14,209.2809496,122.7213441
4164,6.5,4.854698192,24.85469819,44.85469819,64.85469819,126.1994921,119.4797225,21,209.4797225,84.85469819
4165,6.3,4.854698192,24.85469819,44.85469819,64.85469819,73.62814711,121.7516542,11,211.7516542,84.85469819
4166,6.5,4.854698192,24.85469819,44.85469819,64.85469819,21.90472707,118.5984546,25,208.5984546,84.85469819
4167,6.9,4.854698192,24.85469819,44.85469819,64.85469819,21.90472707,113.4205062,21,203.4205062,84.85469819
4168,6.5,4.854698192,24.85469819,44.85469819,64.85469819,21.90472707,111.3174515,14,201.3174515,84.85469819
4169,6.2,4.854698192,24.85469819,44.85469819,64.85469819,21.90472707,108.2482851,26,198.2482851,84.85469819
4170,6,67.96577468,87.96577468,107.9657747,127.9657747,21.90472707,107.851383,11,197.851383,147.9657747
4171,5.7,4.854698192,24.85469819,44.85469819,64.85469819,21.90472707,109.592512,12,199.592512,84.85469819
4172,5.7,4.854698192,24.85469819,44.85469819,64.85469819,73.62814711,105.893917,22,195.893917,84.85469819
4173,5.7,4.854698192,24.85469819,44.85469819,64.85469819,73.62814711,102.1102183,40,192.1102183,84.85469819
4174,5.9,4.854698192,24.85469819,44.85469819,64.85469819,21.90472707,100.9434428,38,190.9434428,84.85469819
4175,5.6,4.854698192,24.85469819,44.85469819,64.85469819,21.90472707,100.2987725,29,190.2987725,84.85469819
4176,5.4,4.854698192,24.85469819,44.85469819,64.85469819,21.90472707,99.06383082,35,189.0638308,84.85469819
4177,5.4,4.854698192,24.85469819,44.85469819,64.85469819,21.90472707,96.87769708,37,186.8776971,84.85469819
4178,5.3,4.854698192,24.85469819,44.85469819,64.85469819,21.90472707,97.08757531,36,187.0875753,84.85469819
4179,5.6,4.854698192,24.85469819,44.85469819,64.85469819,21.90472707,98.07290455,39,188.0729045,84.85469819
4180,5.4,4.854698192,24.85469819,44.85469819,64.85469819,34.80523813,101.5634536,35,191.5634536,84.85469819
4181,5,4.854698192,24.85469819,44.85469819,64.85469819,34.80523813,107.8046882,22,197.8046882,84.85469819
4182,4.7,4.854698192,24.85469819,44.85469819,64.85469819,159.4933389,114.5091439,18,204.5091439,84.85469819
4183,4.8,30.09912879,50.09912879,70.09912879,90.09912879,106.9219939,117.8334905,15,207.8334905,110.0991288
4184,5.2,4.854698192,24.85469819,44.85469819,64.85469819,142.9760943,119.1594595,14,209.1594595,84.85469819
4185,5.8,4.854698192,24.85469819,44.85469819,64.85469819,142.9760943,119.6085453,22,209.6085453,84.85469819
4186,6.1,4.854698192,24.85469819,44.85469819,64.85469819,142.9760943,118.5701703,23,208.5701703,84.85469819
4187,6.5,42.72134409,62.72134409,82.72134409,102.7213441,142.9760943,117.6862147,15,207.6862147,122.7213441
4188,6.3,4.854698192,24.85469819,44.85469819,64.85469819,247.2708593,115.9117772,15,205.9117772,84.85469819
4189,6.1,4.854698192,24.85469819,44.85469819,64.85469819,194.6995144,114.8446439,12,204.8446439,84.85469819
4190,5.7,4.854698192,24.85469819,44.85469819,64.85469819,142.9760943,113.1660889,32,203.1660889,84.85469819
4191,5.6,4.854698192,24.85469819,44.85469819,64.85469819,55.19857386,109.7585846,26,199.7585846,84.85469819
4192,5.3,4.854698192,24.85469819,44.85469819,64.85469819,55.19857386,106.5695398,28,196.5695398,84.85469819
4193,5.4,4.854698192,24.85469819,44.85469819,64.85469819,55.19857386,104.2483512,23,194.2483512,84.85469819
4194,4.8,67.96577468,87.96577468,107.9657747,127.9657747,55.19857386,99.63210921,36,189.6321092,147.9657747
4195,4.6,4.854698192,24.85469819,44.85469819,64.85469819,55.19857386,97.55081473,25,187.5508147,84.85469819
4196,4.8,4.854698192,24.85469819,44.85469819,64.85469819,106.9219939,95.97582764,18,185.9758276,84.85469819
4197,5,4.854698192,24.85469819,44.85469819,64.85469819,106.9219939,94.85941803,35,184.859418,84.85469819
4198,4.9,4.854698192,24.85469819,44.85469819,64.85469819,55.19857386,94.55710503,46,184.557105,84.85469819
4199,4.8,4.854698192,24.85469819,44.85469819,64.85469819,21.90472707,96.08877504,28,186.088775,84.85469819
4200,4.8,4.854698192,24.85469819,44.85469819,64.85469819,21.90472707,94.8258873,27,184.8258873,84.85469819
4201,4.6,4.854698192,24.85469819,44.85469819,64.85469819,21.90472707,92.19123812,25,182.1912381,84.85469819
4202,4.7,4.854698192,24.85469819,44.85469819,64.85469819,21.90472707,90.34218874,30,180.3421887,84.85469819
4203,4.8,4.854698192,24.85469819,44.85469819,64.85469819,21.90472707,91.09342081,25,181.0934208,84.85469819
4204,4.7,4.854698192,24.85469819,44.85469819,64.85469819,34.80523813,91.72450514,35,181.7245051,84.85469819
4205,4.4,4.854698192,24.85469819,44.85469819,64.85469819,34.80523813,94.50477057,55,184.5047706,84.85469819
4206,4.6,4.854698192,24.85469819,44.85469819,64.85469819,159.4933389,97.07764712,40,187.0776471,84.85469819
4207,4.5,30.09912879,50.09912879,70.09912879,90.09912879,106.9219939,99.08482187,19,189.0848219,110.0991288
4208,4.8,4.854698192,24.85469819,44.85469819,64.85469819,142.9760943,99.91694078,13,189.9169408,84.85469819
4209,5.4,4.854698192,24.85469819,44.85469819,64.85469819,142.9760943,99.9322837,13,189.9322837,84.85469819
4210,5.2,4.854698192,24.85469819,44.85469819,64.85469819,142.9760943,99.17633725,11,189.1763373,84.85469819
4211,5.3,42.72134409,62.72134409,82.72134409,102.7213441,142.9760943,99.99731429,10,189.9973143,122.7213441
4212,5.7,4.854698192,24.85469819,44.85469819,64.85469819,247.2708593,100.3751904,11,190.3751904,84.85469819
4213,5.5,4.854698192,24.85469819,44.85469819,64.85469819,194.6995144,97.96451773,14,187.9645177,84.85469819
4214,5.5,4.854698192,24.85469819,44.85469819,64.85469819,142.9760943,96.41549182,16,186.4154918,84.85469819
4215,5.9,4.854698192,24.85469819,44.85469819,64.85469819,55.19857386,95.25372278,20,185.2537228,84.85469819
4216,5.3,4.854698192,24.85469819,44.85469819,64.85469819,55.19857386,93.61463076,19,183.6146308,84.85469819
4217,5.3,4.854698192,24.85469819,44.85469819,64.85469819,55.19857386,90.81052599,29,180.810526,84.85469819
4218,5.1,67.96577468,87.96577468,107.9657747,127.9657747,55.19857386,90.08427736,28,180.0842774,147.9657747
4219,5.8,4.854698192,24.85469819,44.85469819,64.85469819,55.19857386,89.43521192,26,179.4352119,84.85469819
4220,5.3,4.854698192,24.85469819,44.85469819,64.85469819,106.9219939,88.1919788,24,178.1919788,84.85469819
4221,5.1,4.854698192,24.85469819,44.85469819,64.85469819,106.9219939,88.22398716,17,178.2239872,84.85469819
4222,5.1,4.854698192,24.85469819,44.85469819,64.85469819,55.19857386,87.95812869,18,177.9581287,84.85469819
4223,5.1,4.854698192,24.85469819,44.85469819,64.85469819,21.90472707,89.33483985,12,179.3348398,84.85469819
4224,4.9,4.854698192,24.85469819,44.85469819,64.85469819,21.90472707,87.25021781,25,177.2502178,84.85469819
4225,4.9,4.854698192,24.85469819,44.85469819,64.85469819,21.90472707,88.42318925,13,178.4231893,84.85469819
4226,5,4.854698192,24.85469819,44.85469819,64.85469819,21.90472707,89.39636312,13,179.3963631,84.85469819
4227,5.2,4.854698192,24.85469819,44.85469819,64.85469819,21.90472707,88.9294111,12,178.9294111,84.85469819
4228,5.1,4.854698192,24.85469819,44.85469819,64.85469819,34.80523813,88.71060442,11,178.7106044,84.85469819
4229,4.5,4.854698192,24.85469819,44.85469819,64.85469819,34.80523813,90.36639233,34,180.3663923,84.85469819
4230,4.3,4.854698192,24.85469819,44.85469819,64.85469819,159.4933389,92.26322538,41,182.2632254,84.85469819
4231,4.5,30.09912879,50.09912879,70.09912879,90.09912879,106.9219939,93.22519865,21,183.2251987,110.0991288
4232,4.8,4.854698192,24.85469819,44.85469819,64.85469819,142.9760943,94.80667389,21,184.8066739,84.85469819
4233,4.9,4.854698192,24.85469819,44.85469819,64.85469819,142.9760943,95.39892597,13,185.398926,84.85469819
4234,5.7,4.854698192,24.85469819,44.85469819,64.85469819,142.9760943,96.05690234,22,186.0569023,84.85469819
4235,5.8,42.72134409,62.72134409,82.72134409,102.7213441,142.9760943,96.14898833,9,186.1489883,122.7213441
4236,5.6,4.854698192,24.85469819,44.85469819,64.85469819,247.2708593,96.43111357,16,186.4311136,84.85469819
4237,5.5,4.854698192,24.85469819,44.85469819,64.85469819,194.6995144,96.88514219,8,186.8851422,84.85469819
4238,5,4.854698192,24.85469819,44.85469819,64.85469819,142.9760943,96.21078065,12,186.2107806,84.85469819
4239,5.1,4.854698192,24.85469819,44.85469819,64.85469819,55.19857386,95.26494499,20,185.264945,84.85469819
4240,4.9,4.854698192,24.85469819,44.85469819,64.85469819,55.19857386,94.77224008,41,184.7722401,84.85469819
4241,5,4.854698192,24.85469819,44.85469819,64.85469819,55.19857386,96.717291,27,186.717291,84.85469819
4242,5.4,67.96577468,87.96577468,107.9657747,127.9657747,55.19857386,96.73067577,28,186.7306758,147.9657747
4243,5.8,4.854698192,24.85469819,44.85469819,64.85469819,55.19857386,96.19737207,19,186.1973721,84.85469819
4244,6.8,4.854698192,24.85469819,44.85469819,64.85469819,106.9219939,94.82994831,24,184.8299483,84.85469819
4245,5.5,4.854698192,24.85469819,44.85469819,64.85469819,106.9219939,91.91442057,25,181.9144206,84.85469819
4246,6.2,4.854698192,24.85469819,44.85469819,64.85469819,55.19857386,93.803188,34,183.803188,84.85469819
4247,6.1,4.854698192,24.85469819,44.85469819,64.85469819,21.90472707,93.72484585,27,183.7248458,84.85469819
4248,5.5,4.854698192,24.85469819,44.85469819,64.85469819,21.90472707,91.57177215,23,181.5717722,84.85469819
4249,5.3,4.854698192,24.85469819,44.85469819,64.85469819,21.90472707,88.98949525,22,178.9894952,84.85469819
4250,5,4.854698192,24.85469819,44.85469819,64.85469819,21.90472707,88.96482628,24,178.9648263,84.85469819
4251,4.4,4.854698192,24.85469819,44.85469819,64.85469819,21.90472707,88.92191235,22,178.9219124,84.85469819
4252,4.5,4.854698192,24.85469819,44.85469819,64.85469819,34.80523813,89.96155207,24,179.9615521,84.85469819
4253,4.5,4.854698192,24.85469819,44.85469819,64.85469819,34.80523813,90.05684419,38,180.0568442,84.85469819
4254,4.4,4.854698192,24.85469819,44.85469819,64.85469819,159.4933389,91.40807331,37,181.4080733,84.85469819
4255,5.1,30.09912879,50.09912879,70.09912879,90.09912879,106.9219939,93.66045846,39,183.6604585,110.0991288
4256,5.8,4.854698192,24.85469819,44.85469819,64.85469819,142.9760943,93.99921826,17,183.9992183,84.85469819
4257,5.2,4.854698192,24.85469819,44.85469819,64.85469819,142.9760943,95.53265674,22,185.5326567,84.85469819
4258,5.6,4.854698192,24.85469819,44.85469819,64.85469819,142.9760943,96.41387062,14,186.4138706,84.85469819
4259,5.5,42.72134409,62.72134409,82.72134409,102.7213441,142.9760943,96.8239607,10,186.8239607,122.7213441
4260,5.3,4.854698192,24.85469819,44.85469819,64.85469819,247.2708593,97.64701005,17,187.6470101,84.85469819
4261,5.3,4.854698192,24.85469819,44.85469819,64.85469819,194.6995144,97.56683214,9,187.5668321,84.85469819
4262,5.2,4.854698192,24.85469819,44.85469819,64.85469819,142.9760943,97.69165076,18,187.6916508,84.85469819
4263,5.3,4.854698192,24.85469819,44.85469819,64.85469819,55.19857386,96.74620703,12,186.746207,84.85469819
4264,5.7,4.854698192,24.85469819,44.85469819,64.85469819,55.19857386,97.3887366,21,187.3887366,84.85469819
4265,5.6,4.854698192,24.85469819,44.85469819,64.85469819,55.19857386,96.92939847,30,186.9293985,84.85469819
4266,5.5,67.96577468,87.96577468,107.9657747,127.9657747,55.19857386,96.6747801,30,186.6747801,147.9657747
4267,5.5,4.854698192,24.85469819,44.85469819,64.85469819,55.19857386,96.32489909,15,186.3248991,84.85469819
4268,5.9,4.854698192,24.85469819,44.85469819,64.85469819,106.9219939,95.45397522,18,185.4539752,84.85469819
4269,5.7,4.854698192,24.85469819,44.85469819,64.85469819,106.9219939,94.68578629,20,184.6857863,84.85469819
4270,6.1,4.854698192,24.85469819,44.85469819,64.85469819,55.19857386,97.21656621,17,187.2165662,84.85469819
4271,5.2,4.854698192,24.85469819,44.85469819,64.85469819,21.90472707,95.92598072,6,185.9259807,84.85469819
4272,4.3,4.854698192,24.85469819,44.85469819,64.85469819,21.90472707,94.69534334,5,184.6953433,84.85469819
4273,4.3,4.854698192,24.85469819,44.85469819,64.85469819,21.90472707,92.82551832,4,182.8255183,84.85469819
4274,4.3,4.854698192,24.85469819,44.85469819,64.85469819,21.90472707,92.36332345,4,182.3633234,84.85469819
4275,4.7,4.854698192,24.85469819,44.85469819,64.85469819,21.90472707,92.94320208,5,182.9432021,84.85469819
4276,4.8,4.854698192,24.85469819,44.85469819,64.85469819,34.80523813,96.08184978,10,186.0818498,84.85469819
4277,4.2,4.854698192,24.85469819,44.85469819,64.85469819,34.80523813,106.0450185,28,196.0450185,84.85469819
4278,4.4,4.854698192,24.85469819,44.85469819,64.85469819,159.4933389,112.7122794,36,202.7122794,84.85469819
4279,5.1,30.09912879,50.09912879,70.09912879,90.09912879,106.9219939,116.2855066,30,206.2855066,110.0991288
4280,4.8,4.854698192,24.85469819,44.85469819,64.85469819,142.9760943,118.3373849,13,208.3373849,84.85469819
4281,4.5,4.854698192,24.85469819,44.85469819,64.85469819,142.9760943,110.1349428,15,200.1349428,84.85469819
4282,4.8,4.854698192,24.85469819,44.85469819,64.85469819,142.9760943,114.6951468,14,204.6951468,84.85469819
4283,4.7,42.72134409,62.72134409,82.72134409,102.7213441,142.9760943,117.1801836,14,207.1801836,122.7213441
4284,4.7,4.854698192,24.85469819,44.85469819,64.85469819,247.2708593,117.0988253,13,207.0988253,84.85469819
4285,5,4.854698192,24.85469819,44.85469819,64.85469819,194.6995144,117.0377035,8,207.0377035,84.85469819
4286,6,4.854698192,24.85469819,44.85469819,64.85469819,142.9760943,115.9454595,12,205.9454595,84.85469819
4287,5.7,4.854698192,24.85469819,44.85469819,64.85469819,55.19857386,112.826682,10,202.826682,84.85469819
4288,5.6,4.854698192,24.85469819,44.85469819,64.85469819,55.19857386,110.3751735,24,200.3751735,84.85469819
4289,5.8,4.854698192,24.85469819,44.85469819,64.85469819,55.19857386,107.3050978,35,197.3050978,84.85469819
4290,5.9,67.96577468,87.96577468,107.9657747,127.9657747,55.19857386,105.9584307,38,195.9584307,147.9657747
4291,5.7,4.854698192,24.85469819,44.85469819,64.85469819,55.19857386,103.2241692,28,193.2241692,84.85469819
4292,5.5,4.854698192,24.85469819,44.85469819,64.85469819,106.9219939,101.643492,34,191.643492,84.85469819
4293,5.7,4.854698192,24.85469819,44.85469819,64.85469819,106.9219939,99.89210788,21,189.8921079,84.85469819
4294,6.5,4.854698192,24.85469819,44.85469819,64.85469819,55.19857386,98.25563521,13,188.2556352,84.85469819
4295,5.7,4.854698192,24.85469819,44.85469819,64.85469819,21.90472707,97.60267004,17,187.60267,84.85469819
4296,5.7,4.854698192,24.85469819,44.85469819,64.85469819,21.90472707,95.56780661,13,185.5678066,84.85469819
4297,5.8,4.854698192,24.85469819,44.85469819,64.85469819,21.90472707,95.03384448,15,185.0338445,84.85469819
4298,5.5,4.854698192,24.85469819,44.85469819,64.85469819,21.90472707,95.0819361,20,185.0819361,84.85469819
4299,5.6,4.854698192,24.85469819,44.85469819,64.85469819,21.90472707,95.65181176,21,185.6518118,84.85469819
4300,6.1,4.854698192,24.85469819,44.85469819,64.85469819,34.80523813,98.78102021,24,188.7810202,84.85469819
4301,5.6,4.854698192,24.85469819,44.85469819,64.85469819,34.80523813,107.5674847,43,197.5674847,84.85469819
4302,5.3,4.854698192,24.85469819,44.85469819,64.85469819,139.1000031,115.5283531,50,205.5283531,84.85469819
4303,5.9,30.09912879,50.09912879,70.09912879,90.09912879,86.52865817,118.6077806,34,208.6077806,110.0991288
4304,5.7,4.854698192,24.85469819,44.85469819,64.85469819,34.80523813,118.8193353,19,208.8193353,84.85469819
4305,5.2,4.854698192,24.85469819,44.85469819,64.85469819,34.80523813,118.1948576,27,208.1948576,84.85469819
4306,5.3,4.854698192,24.85469819,44.85469819,64.85469819,34.80523813,117.2502498,10,207.2502498,84.85469819
4307,5.4,42.72134409,62.72134409,82.72134409,102.7213441,34.80523813,116.5554208,14,206.5554208,122.7213441
4308,5.5,4.854698192,24.85469819,44.85469819,64.85469819,139.1000031,117.0644673,10,207.0644673,84.85469819
4309,5.6,4.854698192,24.85469819,44.85469819,64.85469819,86.52865817,117.5728897,12,207.5728897,84.85469819
4310,6.7,4.854698192,24.85469819,44.85469819,64.85469819,34.80523813,117.2591317,13,207.2591317,84.85469819
4311,6.2,4.854698192,24.85469819,44.85469819,64.85469819,34.80523813,114.3769819,11,204.3769819,84.85469819
4312,5.8,4.854698192,24.85469819,44.85469819,64.85469819,34.80523813,111.094485,30,201.094485,84.85469819
4313,5.7,4.854698192,24.85469819,44.85469819,64.85469819,34.80523813,107.9882201,23,197.9882201,84.85469819
4314,5.4,67.96577468,87.96577468,107.9657747,127.9657747,34.80523813,107.878209,20,197.878209,147.9657747
4315,5.4,4.854698192,24.85469819,44.85469819,64.85469819,34.80523813,107.0138952,29,197.0138952,84.85469819
4316,5.3,4.854698192,24.85469819,44.85469819,64.85469819,86.52865817,106.6091267,18,196.6091267,84.85469819
4317,5.5,4.854698192,24.85469819,44.85469819,64.85469819,86.52865817,104.0629583,34,194.0629583,84.85469819
4318,5.9,4.854698192,24.85469819,44.85469819,64.85469819,34.80523813,103.7971942,37,193.7971942,84.85469819
4319,5.8,4.854698192,24.85469819,44.85469819,64.85469819,21.90472707,101.6924728,27,191.6924728,84.85469819
4320,5.9,4.854698192,24.85469819,44.85469819,64.85469819,21.90472707,99.27594494,20,189.2759449,84.85469819
4321,5.9,4.854698192,24.85469819,44.85469819,64.85469819,21.90472707,98.72922929,21,188.7292293,84.85469819
4322,5.6,4.854698192,24.85469819,44.85469819,64.85469819,21.90472707,98.43607453,26,188.4360745,84.85469819
4323,5.6,4.854698192,24.85469819,44.85469819,64.85469819,21.90472707,98.39579735,27,188.3957973,84.85469819
4324,5.9,4.854698192,24.85469819,44.85469819,64.85469819,21.90472707,101.911286,27,191.911286,84.85469819
4325,5,4.854698192,24.85469819,44.85469819,64.85469819,21.90472707,110.2665581,23,200.2665581,84.85469819
4326,5.1,4.854698192,24.85469819,44.85469819,64.85469819,126.1994921,116.1039084,24,206.1039084,84.85469819
4327,5.6,30.09912879,50.09912879,70.09912879,90.09912879,73.62814711,117.9308701,27,207.9308701,110.0991288
4328,5.2,4.854698192,24.85469819,44.85469819,64.85469819,21.90472707,119.2793651,35,209.2793651,84.85469819
4329,5,4.854698192,24.85469819,44.85469819,64.85469819,21.90472707,120.3676346,43,210.3676346,84.85469819
4330,5.3,4.854698192,24.85469819,44.85469819,64.85469819,21.90472707,119.1244763,27,209.1244763,84.85469819
4331,5.6,42.72134409,62.72134409,82.72134409,102.7213441,21.90472707,118.7535067,21,208.7535067,122.7213441
4332,6.2,4.854698192,24.85469819,44.85469819,64.85469819,126.1994921,118.3954857,31,208.3954857,84.85469819
4333,5.8,4.854698192,24.85469819,44.85469819,64.85469819,73.62814711,118.7253476,19,208.7253476,84.85469819
4334,6.1,4.854698192,24.85469819,44.85469819,64.85469819,21.90472707,117.3739108,13,207.3739108,84.85469819
4335,6.2,4.854698192,24.85469819,44.85469819,64.85469819,21.90472707,115.0958469,16,205.0958469,84.85469819
4336,6.4,4.854698192,24.85469819,44.85469819,64.85469819,21.90472707,113.9099398,26,203.9099398,84.85469819
4337,5.8,4.854698192,24.85469819,44.85469819,64.85469819,21.90472707,111.6933321,33,201.6933321,84.85469819
4338,5.8,67.96577468,87.96577468,107.9657747,127.9657747,21.90472707,110.5072976,25,200.5072976,147.9657747
4339,5.8,4.854698192,24.85469819,44.85469819,64.85469819,21.90472707,108.519879,16,198.519879,84.85469819
4340,5.7,4.854698192,24.85469819,44.85469819,64.85469819,73.62814711,106.3796907,25,196.3796907,84.85469819
4341,5.4,4.854698192,24.85469819,44.85469819,64.85469819,73.62814711,104.5380034,40,194.5380034,84.85469819
4342,5.2,4.854698192,24.85469819,44.85469819,64.85469819,21.90472707,104.3690359,29,194.3690359,84.85469819
4343,5.1,4.854698192,24.85469819,44.85469819,64.85469819,21.90472707,102.8287129,28,192.8287129,84.85469819
4344,5.5,4.854698192,24.85469819,44.85469819,64.85469819,21.90472707,102.3472606,29,192.3472606,84.85469819
4345,5.5,4.854698192,24.85469819,44.85469819,64.85469819,21.90472707,100.0924422,32,190.0924422,84.85469819
4346,5.8,4.854698192,24.85469819,44.85469819,64.85469819,21.90472707,99.36277736,33,189.3627774,84.85469819
4347,5.6,4.854698192,24.85469819,44.85469819,64.85469819,21.90472707,100.112952,34,190.112952,84.85469819
4348,5.4,4.854698192,24.85469819,44.85469819,64.85469819,34.80523813,102.9056897,34,192.9056897,84.85469819
4349,4.9,4.854698192,24.85469819,44.85469819,64.85469819,34.80523813,110.6237671,28,200.6237671,84.85469819
4350,5,4.854698192,24.85469819,44.85469819,64.85469819,159.4933389,116.9608749,22,206.9608749,84.85469819
4351,6.2,30.09912879,50.09912879,70.09912879,90.09912879,106.9219939,119.7287073,23,209.7287073,110.0991288
4352,5.4,4.854698192,24.85469819,44.85469819,64.85469819,142.9760943,119.4319118,30,209.4319118,84.85469819
4353,5.6,4.854698192,24.85469819,44.85469819,64.85469819,142.9760943,114.2869026,35,204.2869026,84.85469819
4354,6.5,4.854698192,24.85469819,44.85469819,64.85469819,142.9760943,120.1405195,41,210.1405195,84.85469819
4355,6.6,42.72134409,62.72134409,82.72134409,102.7213441,142.9760943,121.183952,24,211.183952,122.7213441
4356,6.2,4.854698192,24.85469819,44.85469819,64.85469819,247.2708593,120.7231475,21,210.7231475,84.85469819
4357,5.6,4.854698192,24.85469819,44.85469819,64.85469819,194.6995144,119.8370711,23,209.8370711,84.85469819
4358,5.4,4.854698192,24.85469819,44.85469819,64.85469819,142.9760943,119.7845896,10,209.7845896,84.85469819
4359,5.6,4.854698192,24.85469819,44.85469819,64.85469819,55.19857386,115.4517477,19,205.4517477,84.85469819
4360,5.3,4.854698192,24.85469819,44.85469819,64.85469819,55.19857386,111.1789183,27,201.1789183,84.85469819
4361,5.2,4.854698192,24.85469819,44.85469819,64.85469819,55.19857386,108.2069575,28,198.2069575,84.85469819
4362,5.6,67.96577468,87.96577468,107.9657747,127.9657747,55.19857386,107.1824323,25,197.1824323,147.9657747
4363,6.2,4.854698192,24.85469819,44.85469819,64.85469819,55.19857386,105.1774518,20,195.1774518,84.85469819
4364,5.6,4.854698192,24.85469819,44.85469819,64.85469819,106.9219939,103.6116834,22,193.6116834,84.85469819
4365,5.1,4.854698192,24.85469819,44.85469819,64.85469819,106.9219939,103.0931376,16,193.0931376,84.85469819
4366,4.6,4.854698192,24.85469819,44.85469819,64.85469819,55.19857386,102.0469179,30,192.0469179,84.85469819
4367,4.5,4.854698192,24.85469819,44.85469819,64.85469819,21.90472707,100.3369676,24,190.3369676,84.85469819
4368,4.7,4.854698192,24.85469819,44.85469819,64.85469819,21.90472707,98.59948584,25,188.5994858,84.85469819
4369,4.9,4.905998549,24.90599855,44.90599855,64.90599855,21.90472707,97.5246658,26,187.5246658,84.90599855
4370,5,5.338174663,25.33817466,45.33817466,65.33817466,21.90472707,95.9213752,29,185.9213752,85.33817466
4371,4.5,4.905998549,24.90599855,44.90599855,64.90599855,21.90472707,96.84363863,29,186.8436386,84.90599855
4372,4.4,4.854698192,24.85469819,44.85469819,64.85469819,34.80523813,99.60062034,38,189.6006203,84.85469819
4373,4.4,4.854698192,24.85469819,44.85469819,64.85469819,34.80523813,107.3547735,37,197.3547735,84.85469819
4374,4.5,4.854698192,24.85469819,44.85469819,64.85469819,159.4933389,114.943852,50,204.943852,84.85469819
4375,4.9,30.09912879,50.09912879,70.09912879,90.09912879,106.9219939,118.2588131,25,208.2588131,110.0991288
4376,5.3,4.854698192,24.85469819,44.85469819,64.85469819,142.9760943,109.00808,24,199.00808,84.85469819
4377,5.7,4.854698192,24.85469819,44.85469819,64.85469819,142.9760943,117.8801804,16,207.8801804,84.85469819
4378,5.7,4.854698192,24.85469819,44.85469819,64.85469819,142.9760943,116.8659077,35,206.8659077,84.85469819
4379,6.1,42.72134409,62.72134409,82.72134409,102.7213441,142.9760943,115.9733847,10,205.9733847,122.7213441
4380,5.8,4.854698192,24.85469819,44.85469819,64.85469819,247.2708593,114.5904798,13,204.5904798,84.85469819
4381,5.8,4.854698192,24.85469819,44.85469819,64.85469819,194.6995144,112.2162787,13,202.2162787,84.85469819
4382,6.1,4.854698192,24.85469819,44.85469819,64.85469819,142.9760943,109.2449596,18,199.2449596,84.85469819
4383,6.6,4.854698192,24.85469819,44.85469819,64.85469819,55.19857386,106.2431074,13,196.2431074,84.85469819
4384,6,4.854698192,24.85469819,44.85469819,64.85469819,55.19857386,103.5835445,21,193.5835445,84.85469819
4385,5.1,4.854698192,24.85469819,44.85469819,64.85469819,55.19857386,101.392613,17,191.392613,84.85469819
4386,4.9,67.96577468,87.96577468,107.9657747,127.9657747,55.19857386,100.0996346,18,190.0996346,147.9657747
4387,5,4.854698192,24.85469819,44.85469819,64.85469819,55.19857386,98.05191857,16,188.0519186,84.85469819
4388,4.9,4.854698192,24.85469819,44.85469819,64.85469819,106.9219939,96.22272665,16,186.2227267,84.85469819
4389,5,4.854698192,24.85469819,44.85469819,64.85469819,106.9219939,94.53044373,20,184.5304437,84.85469819
4390,5.2,4.854698192,24.85469819,44.85469819,64.85469819,55.19857386,93.15739443,8,183.1573944,84.85469819
4391,5,4.854698192,24.85469819,44.85469819,64.85469819,21.90472707,91.75443613,5,181.7544361,84.85469819
4392,5.1,4.854698192,24.85469819,44.85469819,64.85469819,21.90472707,91.13162399,5,181.131624,84.85469819
4393,5.3,4.854698192,24.85469819,44.85469819,64.85469819,21.90472707,90.72339577,23,180.7233958,84.85469819
4394,5.3,5.338174663,25.33817466,45.33817466,65.33817466,21.90472707,90.25766977,18,180.2576698,85.33817466
4395,5.8,4.854698192,24.85469819,44.85469819,64.85469819,21.90472707,90.90386819,17,180.9038682,84.85469819
4396,6.2,4.854698192,24.85469819,44.85469819,64.85469819,34.80523813,90.05435109,30,180.0543511,84.85469819
4397,5.4,4.854698192,24.85469819,44.85469819,64.85469819,34.80523813,92.80938674,22,182.8093867,84.85469819
4398,4.4,4.854698192,24.85469819,44.85469819,64.85469819,159.4933389,96.79084436,31,186.7908444,84.85469819
4399,4.4,30.09912879,50.09912879,70.09912879,90.09912879,106.9219939,98.21017236,20,188.2101724,110.0991288
4400,4.7,4.854698192,24.85469819,44.85469819,64.85469819,142.9760943,99.07839449,15,189.0783945,84.85469819
4401,5.5,4.854698192,24.85469819,44.85469819,64.85469819,142.9760943,99.4566817,13,189.4566817,84.85469819
4402,5.6,4.854698192,24.85469819,44.85469819,64.85469819,142.9760943,100.1912077,22,190.1912077,84.85469819
4403,5.5,42.72134409,62.72134409,82.72134409,102.7213441,142.9760943,99.31494392,16,189.3149439,122.7213441
4404,5.4,4.854698192,24.85469819,44.85469819,64.85469819,247.2708593,98.68415304,20,188.684153,84.85469819
4405,5.5,4.854698192,24.85469819,44.85469819,64.85469819,194.6995144,98.04543199,16,188.045432,84.85469819
4406,5.3,4.854698192,24.85469819,44.85469819,64.85469819,142.9760943,97.60528094,19,187.6052809,84.85469819
4407,5.4,4.854698192,24.85469819,44.85469819,64.85469819,55.19857386,97.27064123,10,187.2706412,84.85469819
4408,5.9,4.854698192,24.85469819,44.85469819,64.85469819,55.19857386,97.22867266,11,187.2286727,84.85469819
4409,5.6,4.854698192,24.85469819,44.85469819,64.85469819,55.19857386,94.75114344,16,184.7511434,84.85469819
4410,5.5,67.96577468,87.96577468,107.9657747,127.9657747,55.19857386,93.49608814,18,183.4960881,147.9657747
4411,5.8,4.854698192,24.85469819,44.85469819,64.85469819,55.19857386,92.58306064,13,182.5830606,84.85469819
4412,6,4.854698192,24.85469819,44.85469819,64.85469819,106.9219939,92.5789548,12,182.5789548,84.85469819
4413,6.5,4.854698192,24.85469819,44.85469819,64.85469819,106.9219939,91.46991721,16,181.4699172,84.85469819
4414,5.6,4.854698192,24.85469819,44.85469819,64.85469819,55.19857386,91.85007836,15,181.8500784,84.85469819
4415,5.9,4.854698192,24.85469819,44.85469819,64.85469819,21.90472707,90.86726615,5,180.8672661,84.85469819
4416,6,4.854698192,24.85469819,44.85469819,64.85469819,21.90472707,91.37619723,9,181.3761972,84.85469819
4417,6.2,5.338174663,25.33817466,45.33817466,65.33817466,21.90472707,90.05705235,22,180.0570524,85.33817466
4418,6.5,5.770350778,25.77035078,45.77035078,65.77035078,21.90472707,89.76058067,5,179.7605807,85.77035078
4419,6.6,5.338174663,25.33817466,45.33817466,65.33817466,21.90472707,87.79709451,11,177.7970945,85.33817466
4420,6.4,4.854698192,24.85469819,44.85469819,64.85469819,34.80523813,89.5453103,18,179.5453103,84.85469819
4421,6.2,4.854698192,24.85469819,44.85469819,64.85469819,34.80523813,94.05291175,29,184.0529118,84.85469819
4422,6.6,4.854698192,24.85469819,44.85469819,64.85469819,159.4933389,93.29599626,46,183.2959963,84.85469819
4423,6,30.09912879,50.09912879,70.09912879,90.09912879,106.9219939,97.49131158,21,187.4913116,110.0991288
4424,6.4,4.854698192,24.85469819,44.85469819,64.85469819,142.9760943,96.07563201,21,186.075632,84.85469819
4425,6.7,4.854698192,24.85469819,44.85469819,64.85469819,142.9760943,97.72167924,23,187.7216792,84.85469819
4426,5.8,4.854698192,24.85469819,44.85469819,64.85469819,142.9760943,98.06662734,12,188.0666273,84.85469819
4427,6.3,42.72134409,62.72134409,82.72134409,102.7213441,142.9760943,98.32598461,12,188.3259846,122.7213441
4428,6.2,4.854698192,24.85469819,44.85469819,64.85469819,247.2708593,97.72184427,9,187.7218443,84.85469819
4429,5.7,4.854698192,24.85469819,44.85469819,64.85469819,194.6995144,96.64161749,13,186.6416175,84.85469819
4430,5.4,4.854698192,24.85469819,44.85469819,64.85469819,142.9760943,97.30474075,6,187.3047407,84.85469819
4431,5.2,4.854698192,24.85469819,44.85469819,64.85469819,55.19857386,96.83385458,8,186.8338546,84.85469819
4432,5.6,4.854698192,24.85469819,44.85469819,64.85469819,55.19857386,96.57449791,20,186.5744979,84.85469819
4433,5.4,4.854698192,24.85469819,44.85469819,64.85469819,55.19857386,96.69774318,17,186.6977432,84.85469819
4434,5.2,67.96577468,87.96577468,107.9657747,127.9657747,55.19857386,96.07637731,18,186.0763773,147.9657747
4435,5.5,4.854698192,24.85469819,44.85469819,64.85469819,55.19857386,96.49255057,13,186.4925506,84.85469819
4436,5.7,4.854698192,24.85469819,44.85469819,64.85469819,106.9219939,94.8957654,25,184.8957654,84.85469819
4437,5.9,4.854698192,24.85469819,44.85469819,64.85469819,106.9219939,93.71973147,10,183.7197315,84.85469819
4438,5.7,4.854698192,24.85469819,44.85469819,64.85469819,55.19857386,92.41143923,10,182.4114392,84.85469819
4439,5.2,4.854698192,24.85469819,44.85469819,64.85469819,21.90472707,92.48391699,17,182.483917,84.85469819
4440,6.4,4.854698192,24.85469819,44.85469819,64.85469819,21.90472707,92.37789787,22,182.3778979,84.85469819
4441,5.9,4.854698192,24.85469819,44.85469819,64.85469819,21.90472707,91.60319663,17,181.6031966,84.85469819
4442,6.6,4.854698192,24.85469819,44.85469819,64.85469819,21.90472707,89.77064574,13,179.7706457,84.85469819
4443,6.8,4.854698192,24.85469819,44.85469819,64.85469819,21.90472707,90.5660076,20,180.5660076,84.85469819
4444,7.2,4.854698192,24.85469819,44.85469819,64.85469819,34.80523813,92.66110885,17,182.6611089,84.85469819
4445,6.2,4.854698192,24.85469819,44.85469819,64.85469819,34.80523813,100.9422444,23,190.9422444,84.85469819
4446,5.7,4.854698192,24.85469819,44.85469819,64.85469819,159.4933389,109.3983955,31,199.3983955,84.85469819
4447,6.5,30.09912879,50.09912879,70.09912879,90.09912879,106.9219939,112.7210257,23,202.7210257,110.0991288
4448,5.8,4.854698192,24.85469819,44.85469819,64.85469819,142.9760943,113.9719493,18,203.9719493,84.85469819
4449,5.8,4.854698192,24.85469819,44.85469819,64.85469819,142.9760943,113.7639292,15,203.7639292,84.85469819
4450,6.1,4.854698192,24.85469819,44.85469819,64.85469819,142.9760943,113.371438,13,203.371438,84.85469819
4451,5.9,42.72134409,62.72134409,82.72134409,102.7213441,142.9760943,114.1431567,14,204.1431567,122.7213441
4452,6.2,4.854698192,24.85469819,44.85469819,64.85469819,247.2708593,113.9066563,8,203.9066563,84.85469819
4453,5.7,4.854698192,24.85469819,44.85469819,64.85469819,194.6995144,113.5286076,10,203.5286076,84.85469819
4454,5.6,4.854698192,24.85469819,44.85469819,64.85469819,142.9760943,111.6874696,6,201.6874696,84.85469819
4455,5.9,4.854698192,24.85469819,44.85469819,64.85469819,55.19857386,107.0880759,15,197.0880759,84.85469819
4456,6,4.854698192,24.85469819,44.85469819,64.85469819,55.19857386,108.7507256,12,198.7507256,84.85469819
4457,5.8,4.854698192,24.85469819,44.85469819,64.85469819,55.19857386,106.8970889,26,196.8970889,84.85469819
4458,5.7,67.96577468,87.96577468,107.9657747,127.9657747,55.19857386,101.99944,17,191.99944,147.9657747
4459,5.7,4.854698192,24.85469819,44.85469819,64.85469819,55.19857386,100.2332176,14,190.2332176,84.85469819
4460,5.9,4.854698192,24.85469819,44.85469819,64.85469819,106.9219939,100.4377192,13,190.4377192,84.85469819
4461,6,4.854698192,24.85469819,44.85469819,64.85469819,106.9219939,98.75694347,12,188.7569435,84.85469819
4462,6.2,4.854698192,24.85469819,44.85469819,64.85469819,55.19857386,98.08512081,18,188.0851208,84.85469819
4463,6,4.854698192,24.85469819,44.85469819,64.85469819,21.90472707,95.13472095,7,185.1347209,84.85469819
4464,6.4,4.854698192,24.85469819,44.85469819,64.85469819,21.90472707,93.33799431,9,183.3379943,84.85469819
4465,7.4,4.854698192,24.85469819,44.85469819,64.85469819,21.90472707,89.28611505,21,179.286115,84.85469819
4466,7.1,4.854698192,24.85469819,44.85469819,64.85469819,21.90472707,91.10075804,20,181.100758,84.85469819
4467,6.7,4.854698192,24.85469819,44.85469819,64.85469819,21.90472707,93.48208155,13,183.4820815,84.85469819
4468,7.4,4.854698192,24.85469819,44.85469819,64.85469819,34.80523813,93.38683606,14,183.3868361,84.85469819
4469,6.7,4.854698192,24.85469819,44.85469819,64.85469819,34.80523813,99.23192327,21,189.2319233,84.85469819
4470,6.5,4.854698192,24.85469819,44.85469819,64.85469819,139.1000031,105.5924962,26,195.5924962,84.85469819
4471,7.1,30.09912879,50.09912879,70.09912879,90.09912879,86.52865817,108.688077,27,198.688077,110.0991288
4472,6.1,4.854698192,24.85469819,44.85469819,64.85469819,34.80523813,109.3570627,18,199.3570627,84.85469819
4473,5.9,4.854698192,24.85469819,44.85469819,64.85469819,34.80523813,109.9901917,13,199.9901917,84.85469819
4474,5.9,4.854698192,24.85469819,44.85469819,64.85469819,34.80523813,110.4718714,9,200.4718714,84.85469819
4475,5.7,42.72134409,62.72134409,82.72134409,102.7213441,34.80523813,111.0559466,15,201.0559466,122.7213441
4476,5.9,4.854698192,24.85469819,44.85469819,64.85469819,139.1000031,110.5197247,16,200.5197247,84.85469819
4477,5.4,4.854698192,24.85469819,44.85469819,64.85469819,86.52865817,110.8619437,8,200.8619437,84.85469819
4478,5.7,4.854698192,24.85469819,44.85469819,64.85469819,34.80523813,108.9068386,12,198.9068386,84.85469819
4479,5.6,4.854698192,24.85469819,44.85469819,64.85469819,34.80523813,106.5716341,12,196.5716341,84.85469819
4480,5.5,4.854698192,24.85469819,44.85469819,64.85469819,34.80523813,105.2088074,15,195.2088074,84.85469819
4481,5.2,4.854698192,24.85469819,44.85469819,64.85469819,34.80523813,102.9705029,13,192.9705029,84.85469819
4482,5.1,67.96577468,87.96577468,107.9657747,127.9657747,34.80523813,102.4049173,20,192.4049173,147.9657747
4483,5,4.854698192,24.85469819,44.85469819,64.85469819,34.80523813,100.0050735,11,190.0050735,84.85469819
4484,5.2,4.854698192,24.85469819,44.85469819,64.85469819,86.52865817,98.90051677,17,188.9005168,84.85469819
4485,5.1,4.854698192,24.85469819,44.85469819,64.85469819,86.52865817,98.68139875,10,188.6813987,84.85469819
4486,5.2,4.854698192,24.85469819,44.85469819,64.85469819,34.80523813,98.70938053,7,188.7093805,84.85469819
4487,5.1,4.854698192,24.85469819,44.85469819,64.85469819,21.90472707,97.00559487,10,187.0055949,84.85469819
4488,5.6,4.854698192,24.85469819,44.85469819,64.85469819,21.90472707,94.88558471,5,184.8855847,84.85469819
4489,6.3,4.854698192,24.85469819,44.85469819,64.85469819,21.90472707,92.95713522,4,182.9571352,84.85469819
4490,6.8,4.854698192,24.85469819,44.85469819,64.85469819,21.90472707,89.24784856,5,179.2478486,84.85469819
4491,7.6,4.854698192,24.85469819,44.85469819,64.85469819,21.90472707,90.45687452,4,180.4568745,84.85469819
4492,6.8,4.854698192,24.85469819,44.85469819,64.85469819,21.90472707,93.99563809,4,183.9956381,84.85469819
4493,5.8,4.854698192,24.85469819,44.85469819,64.85469819,21.90472707,101.1198396,11,191.1198396,84.85469819
4494,5.7,4.854698192,24.85469819,44.85469819,64.85469819,126.1994921,108.0190693,9,198.0190693,84.85469819
4495,6.3,30.09912879,50.09912879,70.09912879,90.09912879,73.62814711,112.2973291,16,202.2973291,110.0991288
4496,6.1,4.854698192,24.85469819,44.85469819,64.85469819,21.90472707,115.4101236,13,205.4101236,84.85469819
4497,6.1,4.854698192,24.85469819,44.85469819,64.85469819,21.90472707,115.5850179,18,205.5850179,84.85469819
4498,6.1,4.854698192,24.85469819,44.85469819,64.85469819,21.90472707,115.6126734,16,205.6126734,84.85469819
4499,5.8,42.72134409,62.72134409,82.72134409,102.7213441,21.90472707,116.0317381,18,206.0317381,122.7213441
4500,5.6,4.854698192,24.85469819,44.85469819,64.85469819,126.1994921,116.0119666,10,206.0119666,84.85469819
4501,5.5,4.854698192,24.85469819,44.85469819,64.85469819,73.62814711,114.6877054,21,204.6877054,84.85469819
4502,5.3,4.854698192,24.85469819,44.85469819,64.85469819,21.90472707,113.0430432,11,203.0430432,84.85469819
4503,5.8,4.854698192,24.85469819,44.85469819,64.85469819,21.90472707,109.4523619,10,199.4523619,84.85469819
4504,6.6,4.854698192,24.85469819,44.85469819,64.85469819,21.90472707,106.7708805,4,196.7708805,84.85469819
4505,6.4,4.854698192,24.85469819,44.85469819,64.85469819,21.90472707,104.6052908,13,194.6052908,84.85469819
4506,6.1,67.96577468,87.96577468,107.9657747,127.9657747,21.90472707,102.8285303,16,192.8285303,147.9657747
4507,6,4.854698192,24.85469819,44.85469819,64.85469819,21.90472707,104.5850116,20,194.5850116,84.85469819
4508,7,4.854698192,24.85469819,44.85469819,64.85469819,73.62814711,106.3656395,22,196.3656395,84.85469819
4509,7.5,4.854698192,24.85469819,44.85469819,64.85469819,73.62814711,106.9519819,7,196.9519819,84.85469819
4510,6.7,4.854698192,24.85469819,44.85469819,64.85469819,21.90472707,102.9114204,7,192.9114204,84.85469819
4511,6.7,4.854698192,24.85469819,44.85469819,64.85469819,21.90472707,101.9581446,7,191.9581446,84.85469819
4512,7.4,4.854698192,24.85469819,44.85469819,64.85469819,21.90472707,100.9410223,17,190.9410223,84.85469819
4513,7.3,4.854698192,24.85469819,44.85469819,64.85469819,21.90472707,97.8372211,19,187.8372211,84.85469819
4514,7.4,4.854698192,24.85469819,44.85469819,64.85469819,21.90472707,95.11004171,15,185.1100417,84.85469819
4515,7.8,4.854698192,24.85469819,44.85469819,64.85469819,21.90472707,91.00751104,11,181.007511,84.85469819
4516,7.3,4.854698192,24.85469819,44.85469819,64.85469819,34.80523813,92.91543715,12,182.9154372,84.85469819
4517,6.6,4.854698192,24.85469819,44.85469819,64.85469819,34.80523813,100.8174808,9,190.8174808,84.85469819
4518,7.3,4.854698192,24.85469819,44.85469819,64.85469819,159.4933389,108.6454244,6,198.6454244,84.85469819
4519,7.6,30.09912879,50.09912879,70.09912879,90.09912879,106.9219939,110.0132409,11,200.0132409,110.0991288
4520,6.4,4.854698192,24.85469819,44.85469819,64.85469819,142.9760943,110.5787097,21,200.5787097,84.85469819
4521,6.2,4.854698192,24.85469819,44.85469819,64.85469819,142.9760943,113.2424551,17,203.2424551,84.85469819
4522,6.2,4.854698192,24.85469819,44.85469819,64.85469819,142.9760943,114.6458104,20,204.6458104,84.85469819
4523,6.4,42.72134409,62.72134409,82.72134409,102.7213441,142.9760943,114.8779646,16,204.8779646,122.7213441
4524,6.1,4.854698192,24.85469819,44.85469819,64.85469819,247.2708593,113.0858877,16,203.0858877,84.85469819
4525,5.6,4.854698192,24.85469819,44.85469819,64.85469819,194.6995144,113.4671402,11,203.4671402,84.85469819
4526,5.3,4.854698192,24.85469819,44.85469819,64.85469819,142.9760943,112.1371555,6,202.1371555,84.85469819
4527,5.1,4.854698192,24.85469819,44.85469819,64.85469819,55.19857386,109.6866764,8,199.6866764,84.85469819
4528,4.9,4.854698192,24.85469819,44.85469819,64.85469819,55.19857386,106.6837731,14,196.6837731,84.85469819
4529,4.6,4.854698192,24.85469819,44.85469819,64.85469819,55.19857386,104.928601,20,194.928601,84.85469819
4530,4.6,67.96577468,87.96577468,107.9657747,127.9657747,55.19857386,104.5330804,28,194.5330804,147.9657747
4531,4.7,4.854698192,24.85469819,44.85469819,64.85469819,55.19857386,101.6474097,28,191.6474097,84.85469819
4532,4.8,4.854698192,24.85469819,44.85469819,64.85469819,106.9219939,99.76121984,21,189.7612198,84.85469819
4533,5.2,4.854698192,24.85469819,44.85469819,64.85469819,106.9219939,97.68976052,8,187.6897605,84.85469819
4534,4.7,4.854698192,24.85469819,44.85469819,64.85469819,55.19857386,96.78672922,12,186.7867292,84.85469819
4535,4.7,4.854698192,24.85469819,44.85469819,64.85469819,21.90472707,95.87126214,10,185.8712621,84.85469819
4536,4.6,4.854698192,24.85469819,44.85469819,64.85469819,21.90472707,94.97443218,20,184.9744322,84.85469819
4537,4.2,4.854698192,24.85469819,44.85469819,64.85469819,21.90472707,94.09249341,18,184.0924934,84.85469819
4538,4.5,4.854698192,24.85469819,44.85469819,64.85469819,21.90472707,93.26857336,17,183.2685734,84.85469819
4539,4.7,4.854698192,24.85469819,44.85469819,64.85469819,21.90472707,94.6142824,17,184.6142824,84.85469819
4540,4.6,4.854698192,24.85469819,44.85469819,64.85469819,34.80523813,97.34846207,16,187.3484621,84.85469819
4541,4.4,4.854698192,24.85469819,44.85469819,64.85469819,34.80523813,104.437661,11,194.437661,84.85469819
4542,4.7,4.854698192,24.85469819,44.85469819,64.85469819,159.4933389,110.6708402,20,200.6708402,84.85469819
4543,5.1,30.09912879,50.09912879,70.09912879,90.09912879,106.9219939,113.5888286,25,203.5888286,110.0991288
4544,5.1,4.854698192,24.85469819,44.85469819,64.85469819,142.9760943,114.4608009,17,204.4608009,84.85469819
4545,5.1,4.854698192,24.85469819,44.85469819,64.85469819,142.9760943,113.9813281,22,203.9813281,84.85469819
4546,5.2,4.854698192,24.85469819,44.85469819,64.85469819,142.9760943,113.9781091,20,203.9781091,84.85469819
4547,5.4,42.72134409,62.72134409,82.72134409,102.7213441,142.9760943,112.889031,17,202.889031,122.7213441
4548,5.9,4.854698192,24.85469819,44.85469819,64.85469819,247.2708593,112.9185231,21,202.9185231,84.85469819
4549,5.5,4.854698192,24.85469819,44.85469819,64.85469819,194.6995144,111.191276,14,201.191276,84.85469819
4550,5,4.854698192,24.85469819,44.85469819,64.85469819,142.9760943,109.1189494,12,199.1189494,84.85469819
4551,5.1,4.854698192,24.85469819,44.85469819,64.85469819,55.19857386,107.0926136,23,197.0926136,84.85469819
4552,4.8,4.854698192,24.85469819,44.85469819,64.85469819,55.19857386,105.2269477,12,195.2269477,84.85469819
4553,4.9,4.854698192,24.85469819,44.85469819,64.85469819,55.19857386,103.7299488,18,193.7299488,84.85469819
4554,4.7,67.96577468,87.96577468,107.9657747,127.9657747,55.19857386,103.6220883,22,193.6220883,147.9657747
4555,4.4,4.854698192,24.85469819,44.85469819,64.85469819,55.19857386,101.0716044,12,191.0716044,84.85469819
4556,4.4,4.854698192,24.85469819,44.85469819,64.85469819,106.9219939,99.1571085,18,189.1571085,84.85469819
4557,4.3,4.854698192,24.85469819,44.85469819,64.85469819,106.9219939,97.76831579,15,187.7683158,84.85469819
4558,4.4,4.854698192,24.85469819,44.85469819,64.85469819,55.19857386,96.86355493,12,186.8635549,84.85469819
4559,4.5,4.854698192,24.85469819,44.85469819,64.85469819,21.90472707,97.03109333,14,187.0310933,84.85469819
4560,4.9,4.854698192,24.85469819,44.85469819,64.85469819,21.90472707,93.98055758,5,183.9805576,84.85469819
4561,5.3,4.854698192,24.85469819,44.85469819,64.85469819,21.90472707,89.98460576,4,179.9846058,84.85469819
4562,5,4.854698192,24.85469819,44.85469819,64.85469819,21.90472707,89.45623789,4,179.4562379,84.85469819
4563,5.5,4.854698192,24.85469819,44.85469819,64.85469819,21.90472707,91.27967995,6,181.2796799,84.85469819
4564,5.2,4.854698192,24.85469819,44.85469819,64.85469819,34.80523813,91.04595766,5,181.0459577,84.85469819
4565,4.8,4.854698192,24.85469819,44.85469819,64.85469819,34.80523813,91.66087731,15,181.6608773,84.85469819
4566,4.2,4.854698192,24.85469819,44.85469819,64.85469819,159.4933389,95.27227135,20,185.2722713,84.85469819
4567,4.3,30.09912879,50.09912879,70.09912879,90.09912879,106.9219939,97.14439351,21,187.1443935,110.0991288
4568,4.7,4.854698192,24.85469819,44.85469819,64.85469819,142.9760943,98.79505556,22,188.7950556,84.85469819
4569,5.1,4.854698192,24.85469819,44.85469819,64.85469819,142.9760943,100.112407,12,190.112407,84.85469819
4570,5.7,4.854698192,24.85469819,44.85469819,64.85469819,142.9760943,100.1913438,14,190.1913438,84.85469819
4571,5.5,42.72134409,62.72134409,82.72134409,102.7213441,142.9760943,100.2168248,13,190.2168248,122.7213441
4572,5.5,4.854698192,24.85469819,44.85469819,64.85469819,247.2708593,101.0097285,21,191.0097285,84.85469819
4573,5.6,4.854698192,24.85469819,44.85469819,64.85469819,194.6995144,101.2551908,7,191.2551908,84.85469819
4574,5.9,4.854698192,24.85469819,44.85469819,64.85469819,142.9760943,101.0960063,8,191.0960063,84.85469819
4575,5.2,4.854698192,24.85469819,44.85469819,64.85469819,55.19857386,100.363274,18,190.363274,84.85469819
4576,5.9,4.854698192,24.85469819,44.85469819,64.85469819,55.19857386,99.52904288,15,189.5290429,84.85469819
4577,5.7,4.854698192,24.85469819,44.85469819,64.85469819,55.19857386,98.05367737,17,188.0536774,84.85469819
4578,6.7,67.96577468,87.96577468,107.9657747,127.9657747,55.19857386,96.93756943,15,186.9375694,147.9657747
4579,6.2,4.854698192,24.85469819,44.85469819,64.85469819,55.19857386,96.33273128,15,186.3327313,84.85469819
4580,7.4,4.854698192,24.85469819,44.85469819,64.85469819,106.9219939,95.07306092,15,185.0730609,84.85469819
4581,7.5,4.854698192,24.85469819,44.85469819,64.85469819,106.9219939,94.40230299,16,184.402303,84.85469819
4582,7,4.854698192,24.85469819,44.85469819,64.85469819,55.19857386,91.68041075,16,181.6804107,84.85469819
4583,8,4.854698192,24.85469819,44.85469819,64.85469819,21.90472707,88.11050855,10,178.1105085,84.85469819
4584,7.5,4.854698192,24.85469819,44.85469819,64.85469819,21.90472707,87.90303269,5,177.9030327,84.85469819
4585,8,4.854698192,24.85469819,44.85469819,64.85469819,21.90472707,88.23563971,4,178.2356397,84.85469819
4586,7.8,4.854698192,24.85469819,44.85469819,64.85469819,21.90472707,87.57501511,13,177.5750151,84.85469819
4587,7.7,4.854698192,24.85469819,44.85469819,64.85469819,21.90472707,87.66518633,12,177.6651863,84.85469819
4588,8.2,4.854698192,24.85469819,44.85469819,64.85469819,34.80523813,87.90741072,11,177.9074107,84.85469819
4589,7.1,4.854698192,24.85469819,44.85469819,64.85469819,34.80523813,89.70646917,15,179.7064692,84.85469819
4590,6.2,4.854698192,24.85469819,44.85469819,64.85469819,159.4933389,91.13905171,19,181.1390517,84.85469819
4591,6.6,30.09912879,50.09912879,70.09912879,90.09912879,106.9219939,92.65362001,24,182.65362,110.0991288
4592,5.8,4.854698192,24.85469819,44.85469819,64.85469819,142.9760943,94.39302937,14,184.3930294,84.85469819
4593,5.5,4.854698192,24.85469819,44.85469819,64.85469819,142.9760943,95.40461325,17,185.4046132,84.85469819
4594,5.8,4.854698192,24.85469819,44.85469819,64.85469819,142.9760943,95.78975891,17,185.7897589,84.85469819
4595,5.3,42.72134409,62.72134409,82.72134409,102.7213441,142.9760943,96.06562445,11,186.0656245,122.7213441
4596,5.5,4.854698192,24.85469819,44.85469819,64.85469819,247.2708593,96.61188234,19,186.6118823,84.85469819
4597,5.4,4.854698192,24.85469819,44.85469819,64.85469819,194.6995144,98.16840302,14,188.168403,84.85469819
4598,6,4.854698192,24.85469819,44.85469819,64.85469819,142.9760943,98.90484695,8,188.904847,84.85469819
4599,5.1,4.854698192,24.85469819,44.85469819,64.85469819,55.19857386,98.83417499,18,188.834175,84.85469819
4600,5.3,4.854698192,24.85469819,44.85469819,64.85469819,55.19857386,98.01932994,14,188.0193299,84.85469819
4601,5.6,4.854698192,24.85469819,44.85469819,64.85469819,55.19857386,96.4609038,7,186.4609038,84.85469819
4602,5.7,67.96577468,87.96577468,107.9657747,127.9657747,55.19857386,96.1606654,18,186.1606654,147.9657747
4603,5.4,4.854698192,24.85469819,44.85469819,64.85469819,55.19857386,95.64814339,18,185.6481434,84.85469819
4604,6.2,4.854698192,24.85469819,44.85469819,64.85469819,106.9219939,94.52396247,9,184.5239625,84.85469819
4605,6.6,4.854698192,24.85469819,44.85469819,64.85469819,106.9219939,94.19503686,13,184.1950369,84.85469819
4606,7.1,4.854698192,24.85469819,44.85469819,64.85469819,55.19857386,94.10595164,23,184.1059516,84.85469819
4607,6.5,4.854698192,24.85469819,44.85469819,64.85469819,21.90472707,93.6294154,9,183.6294154,84.85469819
4608,7.2,4.854698192,24.85469819,44.85469819,64.85469819,21.90472707,93.65516467,16,183.6551647,84.85469819
4609,7,4.854698192,24.85469819,44.85469819,64.85469819,21.90472707,92.64055273,13,182.6405527,84.85469819
4610,7.3,4.854698192,24.85469819,44.85469819,64.85469819,21.90472707,92.52262143,14,182.5226214,84.85469819
4611,6.8,4.854698192,24.85469819,44.85469819,64.85469819,21.90472707,92.66749903,15,182.667499,84.85469819
4612,6.9,4.854698192,24.85469819,44.85469819,64.85469819,34.80523813,93.63006706,17,183.6300671,84.85469819
4613,6,4.854698192,24.85469819,44.85469819,64.85469819,34.80523813,100.5670944,10,190.5670944,84.85469819
4614,5.5,4.854698192,24.85469819,44.85469819,64.85469819,159.4933389,105.8250695,26,195.8250695,84.85469819
4615,4.9,30.09912879,50.09912879,70.09912879,90.09912879,106.9219939,108.8796605,21,198.8796605,110.0991288
4616,5.2,4.854698192,24.85469819,44.85469819,64.85469819,142.9760943,110.1758161,12,200.1758161,84.85469819
4617,4.8,4.854698192,24.85469819,44.85469819,64.85469819,142.9760943,111.6599376,13,201.6599376,84.85469819
4618,4.7,4.854698192,24.85469819,44.85469819,64.85469819,142.9760943,111.4831696,10,201.4831696,84.85469819
4619,4.7,42.72134409,62.72134409,82.72134409,102.7213441,142.9760943,110.6666661,9,200.6666661,122.7213441
4620,4.7,4.854698192,24.85469819,44.85469819,64.85469819,247.2708593,110.8791371,8,200.8791371,84.85469819
4621,4.6,4.854698192,24.85469819,44.85469819,64.85469819,194.6995144,110.5153271,11,200.5153271,84.85469819
4622,4.7,4.854698192,24.85469819,44.85469819,64.85469819,142.9760943,109.3612476,8,199.3612476,84.85469819
4623,4.7,4.854698192,24.85469819,44.85469819,64.85469819,55.19857386,107.6055196,8,197.6055196,84.85469819
4624,4.3,4.854698192,24.85469819,44.85469819,64.85469819,55.19857386,105.6528361,11,195.6528361,84.85469819
4625,4.2,4.854698192,24.85469819,44.85469819,64.85469819,55.19857386,102.7050518,12,192.7050518,84.85469819
4626,4.1,67.96577468,87.96577468,107.9657747,127.9657747,55.19857386,101.5242102,19,191.5242102,147.9657747
4627,4.2,4.854698192,24.85469819,44.85469819,64.85469819,55.19857386,101.1135121,14,191.1135121,84.85469819
4628,4.4,4.854698192,24.85469819,44.85469819,64.85469819,106.9219939,99.08898352,15,189.0889835,84.85469819
4629,4.6,4.854698192,24.85469819,44.85469819,64.85469819,106.9219939,96.04120666,14,186.0412067,84.85469819
4630,4.9,4.854698192,24.85469819,44.85469819,64.85469819,55.19857386,95.22576504,13,185.225765,84.85469819
4631,4.5,4.854698192,24.85469819,44.85469819,64.85469819,21.90472707,94.96797254,7,184.9679725,84.85469819
4632,4,4.854698192,24.85469819,44.85469819,64.85469819,21.90472707,94.13283462,4,184.1328346,84.85469819
4633,4.4,4.854698192,24.85469819,44.85469819,64.85469819,21.90472707,93.26380668,7,183.2638067,84.85469819
4634,4.2,4.854698192,24.85469819,44.85469819,64.85469819,21.90472707,94.11202359,13,184.1120236,84.85469819
4635,4.2,4.854698192,24.85469819,44.85469819,64.85469819,21.90472707,94.88999838,11,184.8899984,84.85469819
4636,4.3,4.854698192,24.85469819,44.85469819,64.85469819,34.80523813,97.08391721,11,187.0839172,84.85469819
4637,4.2,4.854698192,24.85469819,44.85469819,64.85469819,34.80523813,103.2690086,12,193.2690086,84.85469819
4638,4.3,4.854698192,24.85469819,44.85469819,64.85469819,139.1000031,109.3704171,11,199.3704171,84.85469819
4639,4.3,30.09912879,50.09912879,70.09912879,90.09912879,86.52865817,110.9609086,16,200.9609086,110.0991288
4640,3.9,4.854698192,24.85469819,44.85469819,64.85469819,34.80523813,110.8359365,21,200.8359365,84.85469819
4641,4.2,4.854698192,24.85469819,44.85469819,64.85469819,34.80523813,110.7637923,19,200.7637923,84.85469819
4642,4.2,4.854698192,24.85469819,44.85469819,64.85469819,34.80523813,110.4267515,17,200.4267515,84.85469819
4643,4.2,42.72134409,62.72134409,82.72134409,102.7213441,34.80523813,110.2052778,13,200.2052778,122.7213441
4644,4.3,4.854698192,24.85469819,44.85469819,64.85469819,139.1000031,110.2072267,9,200.2072267,84.85469819
4645,4.3,4.854698192,24.85469819,44.85469819,64.85469819,86.52865817,110.0317362,6,200.0317362,84.85469819
4646,4.1,4.854698192,24.85469819,44.85469819,64.85469819,34.80523813,106.8995233,10,196.8995233,84.85469819
4647,4.2,4.854698192,24.85469819,44.85469819,64.85469819,34.80523813,103.1861057,11,193.1861057,84.85469819
4648,4.2,4.854698192,24.85469819,44.85469819,64.85469819,34.80523813,103.4921582,14,193.4921582,84.85469819
4649,4.1,4.854698192,24.85469819,44.85469819,64.85469819,34.80523813,101.8476526,18,191.8476526,84.85469819
4650,4.2,67.96577468,87.96577468,107.9657747,127.9657747,34.80523813,102.7292857,17,192.7292857,147.9657747
4651,4.2,4.854698192,24.85469819,44.85469819,64.85469819,34.80523813,101.3802186,27,191.3802186,84.85469819
4652,4.4,4.854698192,24.85469819,44.85469819,64.85469819,86.52865817,100.262286,10,190.262286,84.85469819
4653,4.3,4.854698192,24.85469819,44.85469819,64.85469819,86.52865817,98.89884363,16,188.8988436,84.85469819
4654,4.2,4.854698192,24.85469819,44.85469819,64.85469819,34.80523813,96.70240766,14,186.7024077,84.85469819
4655,4.4,4.854698192,24.85469819,44.85469819,64.85469819,21.90472707,95.76048503,10,185.760485,84.85469819
4656,4,4.854698192,24.85469819,44.85469819,64.85469819,21.90472707,94.75970922,7,184.7597092,84.85469819
4657,4.1,4.854698192,24.85469819,44.85469819,64.85469819,21.90472707,94.62932812,4,184.6293281,84.85469819
4658,4.4,4.854698192,24.85469819,44.85469819,64.85469819,21.90472707,93.69386403,4,183.693864,84.85469819
4659,4.4,4.854698192,24.85469819,44.85469819,64.85469819,21.90472707,94.48993942,4,184.4899394,84.85469819
4660,4.8,4.854698192,24.85469819,44.85469819,64.85469819,21.90472707,96.04250528,4,186.0425053,84.85469819
4661,4.7,4.854698192,24.85469819,44.85469819,64.85469819,21.90472707,102.9451683,8,192.9451683,84.85469819
4662,4.6,4.854698192,24.85469819,44.85469819,64.85469819,126.1994921,109.4207889,4,199.4207889,84.85469819
4663,4.3,30.09912879,50.09912879,70.09912879,90.09912879,73.62814711,111.4404463,11,201.4404463,110.0991288
4664,4.3,4.854698192,24.85469819,44.85469819,64.85469819,21.90472707,113.4601037,17,203.4601037,84.85469819
4665,4.4,4.854698192,24.85469819,44.85469819,64.85469819,21.90472707,113.8975507,24,203.8975507,84.85469819
4666,4.2,4.854698192,24.85469819,44.85469819,64.85469819,21.90472707,113.3302451,17,203.3302451,84.85469819
4667,4.3,42.72134409,62.72134409,82.72134409,102.7213441,21.90472707,112.9171869,12,202.9171869,122.7213441
4668,4.4,4.854698192,24.85469819,44.85469819,64.85469819,126.1994921,111.0468995,12,201.0468995,84.85469819
4669,4.4,4.854698192,24.85469819,44.85469819,64.85469819,73.62814711,109.7742256,6,199.7742256,84.85469819
4670,4.4,4.854698192,24.85469819,44.85469819,64.85469819,21.90472707,110.1229476,7,200.1229476,84.85469819
4671,4.4,4.854698192,24.85469819,44.85469819,64.85469819,21.90472707,106.8742108,13,196.8742108,84.85469819
4672,4.5,4.854698192,24.85469819,44.85469819,64.85469819,21.90472707,105.2560779,13,195.2560779,84.85469819
4673,4.4,4.854698192,24.85469819,44.85469819,64.85469819,21.90472707,97.1968257,19,187.1968257,84.85469819
4674,4.4,67.96577468,87.96577468,107.9657747,127.9657747,21.90472707,92.16690791,15,182.1669079,147.9657747
4675,4.6,4.854698192,24.85469819,44.85469819,64.85469819,21.90472707,93.25211752,23,183.2521175,84.85469819
4676,4.7,4.854698192,24.85469819,44.85469819,64.85469819,73.62814711,95.54088206,16,185.5408821,84.85469819
4677,5,4.854698192,24.85469819,44.85469819,64.85469819,73.62814711,94.11916159,10,184.1191616,84.85469819
4678,5.1,4.854698192,24.85469819,44.85469819,64.85469819,21.90472707,94.07224681,8,184.0722468,84.85469819
4679,4.9,4.854698192,24.85469819,44.85469819,64.85469819,21.90472707,93.85802148,6,183.8580215,84.85469819
4680,4.7,4.854698192,24.85469819,44.85469819,64.85469819,21.90472707,92.27861106,5,182.2786111,84.85469819
4681,4.8,4.854698192,24.85469819,44.85469819,64.85469819,21.90472707,93.53295501,4,183.532955,84.85469819
4682,4.7,4.854698192,24.85469819,44.85469819,64.85469819,21.90472707,93.60619619,4,183.6061962,84.85469819
4683,5.3,4.854698192,24.85469819,44.85469819,64.85469819,21.90472707,93.00981061,4,183.0098106,84.85469819
4684,5.7,4.854698192,24.85469819,44.85469819,64.85469819,34.80523813,95.54558834,4,185.5455883,84.85469819
4685,5.9,4.854698192,24.85469819,44.85469819,64.85469819,34.80523813,96.86501713,4,186.8650171,84.85469819
4686,5.9,4.854698192,24.85469819,44.85469819,64.85469819,159.4933389,102.7593285,7,192.7593285,84.85469819
4687,5.4,30.09912879,50.09912879,70.09912879,90.09912879,106.9219939,105.2099417,13,195.2099417,110.0991288
4688,5.2,4.854698192,24.85469819,44.85469819,64.85469819,142.9760943,106.7334406,13,196.7334406,84.85469819
4689,5.1,4.854698192,24.85469819,44.85469819,64.85469819,142.9760943,107.9020338,22,197.9020338,84.85469819
4690,5.1,4.854698192,24.85469819,44.85469819,64.85469819,142.9760943,108.6582854,12,198.6582854,84.85469819
4691,4.9,42.72134409,62.72134409,82.72134409,102.7213441,142.9760943,111.2050597,18,201.2050597,122.7213441
4692,4.8,4.854698192,24.85469819,44.85469819,64.85469819,247.2708593,109.7784282,6,199.7784282,84.85469819
4693,4.7,4.854698192,24.85469819,44.85469819,64.85469819,194.6995144,109.5306425,11,199.5306425,84.85469819
4694,4.4,4.854698192,24.85469819,44.85469819,64.85469819,142.9760943,107.1370792,6,197.1370792,84.85469819
4695,4.4,4.854698192,24.85469819,44.85469819,64.85469819,55.19857386,104.9037771,6,194.9037771,84.85469819
4696,4.4,4.854698192,24.85469819,44.85469819,64.85469819,55.19857386,103.204621,15,193.204621,84.85469819
4697,4.4,4.854698192,24.85469819,44.85469819,64.85469819,55.19857386,102.1055448,10,192.1055448,84.85469819
4698,4.4,67.96577468,87.96577468,107.9657747,127.9657747,55.19857386,103.4306902,16,193.4306902,147.9657747
4699,4.5,4.854698192,24.85469819,44.85469819,64.85469819,55.19857386,101.6751745,21,191.6751745,84.85469819
4700,4.4,4.854698192,24.85469819,44.85469819,64.85469819,106.9219939,99.90959099,23,189.909591,84.85469819
4701,4.5,4.854698192,24.85469819,44.85469819,64.85469819,106.9219939,97.48263973,23,187.4826397,84.85469819
4702,4.5,4.854698192,24.85469819,44.85469819,64.85469819,55.19857386,95.94583347,8,185.9458335,84.85469819
4703,4.7,4.854698192,24.85469819,44.85469819,64.85469819,21.90472707,93.50663707,7,183.5066371,84.85469819
4704,5.1,4.854698192,24.85469819,44.85469819,64.85469819,21.90472707,92.74303831,4,182.7430383,84.85469819
4705,5.2,4.854698192,24.85469819,44.85469819,64.85469819,21.90472707,91.65841357,3,181.6584136,84.85469819
4706,5.6,4.854698192,24.85469819,44.85469819,64.85469819,21.90472707,91.09845631,4,181.0984563,84.85469819
4707,6.2,4.854698192,24.85469819,44.85469819,64.85469819,21.90472707,89.32108539,4,179.3210854,84.85469819
4708,6.8,4.854698192,24.85469819,44.85469819,64.85469819,34.80523813,91.79331115,4,181.7933111,84.85469819
4709,6.7,4.854698192,24.85469819,44.85469819,64.85469819,34.80523813,96.82320345,9,186.8232034,84.85469819
4710,5.9,4.854698192,24.85469819,44.85469819,64.85469819,159.4933389,101.05369,10,191.05369,84.85469819
4711,5.3,30.09912879,50.09912879,70.09912879,90.09912879,106.9219939,102.2398233,11,192.2398233,110.0991288
4712,5.3,4.854698192,24.85469819,44.85469819,64.85469819,142.9760943,104.5869549,13,194.5869549,84.85469819
4713,5.2,4.854698192,24.85469819,44.85469819,64.85469819,142.9760943,108.1625515,20,198.1625515,84.85469819
4714,5.4,4.854698192,24.85469819,44.85469819,64.85469819,142.9760943,107.6874871,27,197.6874871,84.85469819
4715,5.3,42.72134409,62.72134409,82.72134409,102.7213441,142.9760943,108.028882,12,198.028882,122.7213441
4716,5.4,4.854698192,24.85469819,44.85469819,64.85469819,247.2708593,108.4755383,10,198.4755383,84.85469819
4717,5.8,4.854698192,24.85469819,44.85469819,64.85469819,194.6995144,108.6058091,7,198.6058091,84.85469819
4718,4.7,4.854698192,24.85469819,44.85469819,64.85469819,142.9760943,105.7552946,8,195.7552946,84.85469819
4719,5.1,4.854698192,24.85469819,44.85469819,64.85469819,55.19857386,103.2943184,11,193.2943184,84.85469819
4720,4.6,4.854698192,24.85469819,44.85469819,64.85469819,55.19857386,102.6677977,8,192.6677977,84.85469819
4721,4.4,4.854698192,24.85469819,44.85469819,64.85469819,55.19857386,100.8346655,13,190.8346655,84.85469819
4722,4.2,67.96577468,87.96577468,107.9657747,127.9657747,55.19857386,100.5844682,11,190.5844682,147.9657747
4723,4.4,4.854698192,24.85469819,44.85469819,64.85469819,55.19857386,98.13301164,8,188.1330116,84.85469819
4724,4.5,4.854698192,24.85469819,44.85469819,64.85469819,106.9219939,95.14067136,8,185.1406714,84.85469819
4725,4.5,4.854698192,24.85469819,44.85469819,64.85469819,106.9219939,94.31607766,18,184.3160777,84.85469819
4726,4.8,4.854698192,24.85469819,44.85469819,64.85469819,55.19857386,94.81855659,21,184.8185566,84.85469819
4727,5,4.854698192,24.85469819,44.85469819,64.85469819,21.90472707,94.28900946,7,184.2890095,84.85469819
4728,4.9,4.854698192,24.85469819,44.85469819,64.85469819,21.90472707,91.53848389,4,181.5384839,84.85469819
4729,5.4,4.854698192,24.85469819,44.85469819,64.85469819,21.90472707,91.29881881,4,181.2988188,84.85469819
4730,5.7,4.854698192,24.85469819,44.85469819,64.85469819,21.90472707,89.71224694,4,179.7122469,84.85469819
4731,6,4.854698192,24.85469819,44.85469819,64.85469819,21.90472707,88.48543812,4,178.4854381,84.85469819
4732,6.9,4.854698192,24.85469819,44.85469819,64.85469819,34.80523813,88.12191996,4,178.12192,84.85469819
4733,6.7,4.854698192,24.85469819,44.85469819,64.85469819,34.80523813,90.25013791,5,180.2501379,84.85469819
4734,5.6,4.854698192,24.85469819,44.85469819,64.85469819,159.4933389,89.48110764,6,179.4811076,84.85469819
4735,5.1,30.09912879,50.09912879,70.09912879,90.09912879,106.9219939,93.38212869,9,183.3821287,110.0991288
4736,4.6,4.854698192,24.85469819,44.85469819,64.85469819,142.9760943,95.45855513,19,185.4585551,84.85469819
4737,4.5,4.854698192,24.85469819,44.85469819,64.85469819,142.9760943,97.06144269,13,187.0614427,84.85469819
4738,4.5,4.854698192,24.85469819,44.85469819,64.85469819,142.9760943,97.99128969,11,187.9912897,84.85469819
4739,4.6,42.72134409,62.72134409,82.72134409,102.7213441,142.9760943,97.22000444,11,187.2200044,122.7213441
4740,4.6,4.854698192,24.85469819,44.85469819,64.85469819,247.2708593,96.22293832,11,186.2229383,84.85469819
4741,4.5,4.854698192,24.85469819,44.85469819,64.85469819,194.6995144,96.2061506,5,186.2061506,84.85469819
4742,4.3,4.854698192,24.85469819,44.85469819,64.85469819,142.9760943,96.13451165,6,186.1345116,84.85469819
4743,4.3,4.854698192,24.85469819,44.85469819,64.85469819,55.19857386,95.91424674,7,185.9142467,84.85469819
4744,4.4,4.854698192,24.85469819,44.85469819,64.85469819,55.19857386,95.35551308,10,185.3555131,84.85469819
4745,4.5,4.854698192,24.85469819,44.85469819,64.85469819,55.19857386,93.36058384,12,183.3605838,84.85469819
4746,4.4,67.96577468,87.96577468,107.9657747,127.9657747,55.19857386,93.0152901,6,183.0152901,147.9657747
4747,4.2,4.854698192,24.85469819,44.85469819,64.85469819,55.19857386,93.22665252,22,183.2266525,84.85469819
4748,4.4,4.854698192,24.85469819,44.85469819,64.85469819,106.9219939,83.28387017,15,173.2838702,84.85469819
4749,4.3,4.854698192,24.85469819,44.85469819,64.85469819,106.9219939,89.77586946,16,179.7758695,84.85469819
4750,4.2,4.854698192,24.85469819,44.85469819,64.85469819,55.19857386,92.58018964,11,182.5801896,84.85469819
4751,4.1,4.854698192,24.85469819,44.85469819,64.85469819,21.90472707,91.79440825,4,181.7944083,84.85469819
4752,4,4.854698192,24.85469819,44.85469819,64.85469819,21.90472707,91.75492167,6,181.7549217,84.85469819
4753,3.9,4.854698192,24.85469819,44.85469819,64.85469819,21.90472707,90.88392786,4,180.8839279,84.85469819
4754,3.8,4.854698192,24.85469819,44.85469819,64.85469819,21.90472707,90.05834965,4,180.0583496,84.85469819
4755,3.9,4.854698192,24.85469819,44.85469819,64.85469819,21.90472707,88.25000778,4,178.2500078,84.85469819
4756,4.1,4.854698192,24.85469819,44.85469819,64.85469819,34.80523813,87.57481347,3,177.5748135,84.85469819
4757,4.1,4.854698192,24.85469819,44.85469819,64.85469819,34.80523813,89.41237424,6,179.4123742,84.85469819
4758,4.2,4.854698192,24.85469819,44.85469819,64.85469819,159.4933389,90.82149184,7,180.8214918,84.85469819
4759,4.3,30.09912879,50.09912879,70.09912879,90.09912879,106.9219939,90.16949475,5,180.1694948,110.0991288
4760,4.2,4.854698192,24.85469819,44.85469819,64.85469819,142.9760943,91.889026,19,181.889026,84.85469819
4761,4.3,4.854698192,24.85469819,44.85469819,64.85469819,142.9760943,91.41858865,9,181.4185886,84.85469819
4762,4.4,4.854698192,24.85469819,44.85469819,64.85469819,142.9760943,92.46991197,8,182.469912,84.85469819
4763,4.4,42.72134409,62.72134409,82.72134409,102.7213441,142.9760943,94.05167474,5,184.0516747,122.7213441
4764,4.4,4.854698192,24.85469819,44.85469819,64.85469819,247.2708593,94.52169311,7,184.5216931,84.85469819
4765,4.4,4.854698192,24.85469819,44.85469819,64.85469819,194.6995144,97.40124511,5,187.4012451,84.85469819
4766,4.2,4.854698192,24.85469819,44.85469819,64.85469819,142.9760943,98.36891255,6,188.3689126,84.85469819
4767,4.3,4.854698192,24.85469819,44.85469819,64.85469819,55.19857386,98.89064851,11,188.8906485,84.85469819
4768,4.3,4.854698192,24.85469819,44.85469819,64.85469819,55.19857386,96.39450451,8,186.3945045,84.85469819
4769,4.4,4.854698192,24.85469819,44.85469819,64.85469819,55.19857386,94.15953651,9,184.1595365,84.85469819
4770,4.4,67.96577468,87.96577468,107.9657747,127.9657747,55.19857386,93.5473557,6,183.5473557,147.9657747
4771,4.5,4.854698192,24.85469819,44.85469819,64.85469819,55.19857386,92.55550907,8,182.5555091,84.85469819
4772,4.4,4.854698192,24.85469819,44.85469819,64.85469819,106.9219939,92.38834326,8,182.3883433,84.85469819
4773,4.5,4.854698192,24.85469819,44.85469819,64.85469819,106.9219939,91.85120495,7,181.8512049,84.85469819
4774,4.3,4.854698192,24.85469819,44.85469819,64.85469819,55.19857386,91.91285688,16,181.9128569,84.85469819
4775,4.1,4.854698192,24.85469819,44.85469819,64.85469819,21.90472707,91.96583805,14,181.9658381,84.85469819
4776,4,4.854698192,24.85469819,44.85469819,64.85469819,21.90472707,90.30545235,4,180.3054524,84.85469819
4777,3.9,5.194115958,25.19411596,45.19411596,65.19411596,21.90472707,89.93212464,4,179.9321246,85.19411596
4778,4,6.634703008,26.63470301,46.63470301,66.63470301,21.90472707,91.54394622,4,181.5439462,86.63470301
4779,4.4,7.210937828,27.21093783,47.21093783,67.21093783,21.90472707,90.87559404,5,180.875594,87.21093783
4780,4.7,4.905998549,24.90599855,44.90599855,64.90599855,34.80523813,91.84431449,4,181.8443145,84.90599855
4781,4.4,4.854698192,24.85469819,44.85469819,64.85469819,34.80523813,96.85234431,4,186.8523443,84.85469819
4782,4.4,4.854698192,24.85469819,44.85469819,64.85469819,159.4933389,99.70880468,11,189.7088047,84.85469819
4783,4.1,30.09912879,50.09912879,70.09912879,90.09912879,106.9219939,101.0977195,7,191.0977195,110.0991288
4784,4.1,4.854698192,24.85469819,44.85469819,64.85469819,142.9760943,101.4512394,9,191.4512394,84.85469819
4785,4.1,4.854698192,24.85469819,44.85469819,64.85469819,142.9760943,101.8688855,12,191.8688855,84.85469819
4786,4.2,4.854698192,24.85469819,44.85469819,64.85469819,142.9760943,103.1686775,6,193.1686775,84.85469819
4787,4.2,42.72134409,62.72134409,82.72134409,102.7213441,142.9760943,104.5531465,10,194.5531465,122.7213441
4788,4.2,4.854698192,24.85469819,44.85469819,64.85469819,247.2708593,104.5953353,12,194.5953353,84.85469819
4789,4.1,4.854698192,24.85469819,44.85469819,64.85469819,194.6995144,104.384192,9,194.384192,84.85469819
4790,4.1,4.854698192,24.85469819,44.85469819,64.85469819,142.9760943,104.3394916,9,194.3394916,84.85469819
4791,4.2,4.854698192,24.85469819,44.85469819,64.85469819,55.19857386,102.6690907,15,192.6690907,84.85469819
4792,4.2,4.854698192,24.85469819,44.85469819,64.85469819,55.19857386,101.3262147,9,191.3262147,84.85469819
4793,4.2,4.854698192,24.85469819,44.85469819,64.85469819,55.19857386,99.44680378,8,189.4468038,84.85469819
4794,4.3,67.96577468,87.96577468,107.9657747,127.9657747,55.19857386,98.87889435,19,188.8788944,147.9657747
4795,4.3,4.854698192,24.85469819,44.85469819,64.85469819,55.19857386,97.5241126,14,187.5241126,84.85469819
4796,4.3,4.854698192,24.85469819,44.85469819,64.85469819,106.9219939,97.8028808,13,187.8028808,84.85469819
4797,4.3,4.854698192,24.85469819,44.85469819,64.85469819,106.9219939,96.70214936,21,186.7021494,84.85469819
4798,4.3,4.854698192,24.85469819,44.85469819,64.85469819,55.19857386,96.35083538,10,186.3508354,84.85469819
4799,4,4.854698192,24.85469819,44.85469819,64.85469819,21.90472707,95.84638042,5,185.8463804,84.85469819
4800,4,4.854698192,24.85469819,44.85469819,64.85469819,21.90472707,94.62482142,4,184.6248214,84.85469819
4801,3.9,4.854698192,24.85469819,44.85469819,64.85469819,21.90472707,94.15018968,7,184.1501897,84.85469819
4802,4,4.854698192,24.85469819,44.85469819,64.85469819,21.90472707,93.91325195,3,183.913252,84.85469819
4803,4.1,4.854698192,24.85469819,44.85469819,64.85469819,21.90472707,93.87556319,4,183.8755632,84.85469819
4804,4.6,4.854698192,24.85469819,44.85469819,64.85469819,34.80523813,95.10035479,4,185.1003548,84.85469819
4805,4.4,4.854698192,24.85469819,44.85469819,64.85469819,34.80523813,98.16869986,5,188.1686999,84.85469819
4806,4.3,4.854698192,24.85469819,44.85469819,64.85469819,139.1000031,102.3688208,8,192.3688208,84.85469819
4807,4.2,30.09912879,50.09912879,70.09912879,90.09912879,86.52865817,104.9802545,10,194.9802545,110.0991288
4808,4.1,4.854698192,24.85469819,44.85469819,64.85469819,34.80523813,107.150326,7,197.150326,84.85469819
4809,4,4.854698192,24.85469819,44.85469819,64.85469819,34.80523813,106.5937012,19,196.5937012,84.85469819
4810,4,4.854698192,24.85469819,44.85469819,64.85469819,34.80523813,105.9882605,8,195.9882605,84.85469819
4811,4.1,42.72134409,62.72134409,82.72134409,102.7213441,34.80523813,106.2794378,8,196.2794378,122.7213441
4812,4,4.854698192,24.85469819,44.85469819,64.85469819,139.1000031,106.5516045,4,196.5516045,84.85469819
4813,4,4.854698192,24.85469819,44.85469819,64.85469819,86.52865817,105.9999889,11,195.9999889,84.85469819
4814,4,4.854698192,24.85469819,44.85469819,64.85469819,34.80523813,105.5365877,13,195.5365877,84.85469819
4815,4,4.854698192,24.85469819,44.85469819,64.85469819,34.80523813,104.490469,8,194.490469,84.85469819
4816,4,4.854698192,24.85469819,44.85469819,64.85469819,34.80523813,102.0379547,7,192.0379547,84.85469819
4817,4,4.854698192,24.85469819,44.85469819,64.85469819,34.80523813,99.76499139,13,189.7649914,84.85469819
4818,4,67.96577468,87.96577468,107.9657747,127.9657747,34.80523813,99.15000964,10,189.1500096,147.9657747
4819,3.9,4.854698192,24.85469819,44.85469819,64.85469819,34.80523813,97.39918404,14,187.399184,84.85469819
4820,4.1,4.854698192,24.85469819,44.85469819,64.85469819,86.52865817,96.57754675,10,186.5775468,84.85469819
4821,4.1,4.854698192,24.85469819,44.85469819,64.85469819,86.52865817,95.79592388,11,185.7959239,84.85469819
4822,3.9,4.854698192,24.85469819,44.85469819,64.85469819,34.80523813,95.09483121,9,185.0948312,84.85469819
4823,3.7,4.854698192,24.85469819,44.85469819,64.85469819,21.90472707,94.80334887,6,184.8033489,84.85469819
4824,3.5,6.490644303,26.4906443,46.4906443,66.4906443,21.90472707,93.65840029,4,183.6584003,86.4906443
4825,3.6,7.787172648,27.78717265,47.78717265,67.78717265,21.90472707,92.25451922,4,182.2545192,87.78717265
4826,3.8,8.219348762,28.21934876,48.21934876,68.21934876,21.90472707,92.06856236,3,182.0685624,88.21934876
4827,3.9,8.075290057,28.07529006,48.07529006,68.07529006,21.90472707,91.82091297,4,181.820913,88.07529006
4828,4,6.202526893,26.20252689,46.20252689,66.20252689,21.90472707,93.68241094,4,183.6824109,86.20252689
4829,4.1,4.854698192,24.85469819,44.85469819,64.85469819,21.90472707,98.7527916,4,188.7527916,84.85469819
4830,3.8,4.854698192,24.85469819,44.85469819,64.85469819,126.1994921,103.634396,5,193.634396,84.85469819
4831,3.8,30.09912879,50.09912879,70.09912879,90.09912879,73.62814711,105.3145917,8,195.3145917,110.0991288
4832,3.8,4.854698192,24.85469819,44.85469819,64.85469819,21.90472707,106.2556246,18,196.2556246,84.85469819
4833,3.8,4.854698192,24.85469819,44.85469819,64.85469819,21.90472707,101.3557016,20,191.3557016,84.85469819
4834,3.9,4.854698192,24.85469819,44.85469819,64.85469819,21.90472707,106.9428467,11,196.9428467,84.85469819
4835,3.8,42.72134409,62.72134409,82.72134409,102.7213441,21.90472707,106.1923511,15,196.1923511,122.7213441
4836,3.8,4.854698192,24.85469819,44.85469819,64.85469819,126.1994921,106.8972384,10,196.8972384,84.85469819
4837,3.6,4.854698192,24.85469819,44.85469819,64.85469819,73.62814711,106.7106569,11,196.7106569,84.85469819
4838,3.8,4.854698192,24.85469819,44.85469819,64.85469819,21.90472707,106.1017256,6,196.1017256,84.85469819
4839,3.7,4.854698192,24.85469819,44.85469819,64.85469819,21.90472707,105.5345463,9,195.5345463,84.85469819
4840,3.8,4.854698192,24.85469819,44.85469819,64.85469819,21.90472707,104.6227533,15,194.6227533,84.85469819
4841,3.8,4.854698192,24.85469819,44.85469819,64.85469819,21.90472707,102.8246111,14,192.8246111,84.85469819
4842,4,67.96577468,87.96577468,107.9657747,127.9657747,21.90472707,101.4872682,17,191.4872682,147.9657747
4843,3.9,4.854698192,24.85469819,44.85469819,64.85469819,21.90472707,100.3124104,8,190.3124104,84.85469819
4844,3.9,4.854698192,24.85469819,44.85469819,64.85469819,73.62814711,99.31733131,9,189.3173313,84.85469819
4845,4.1,4.854698192,24.85469819,44.85469819,64.85469819,73.62814711,97.95559761,11,187.9555976,84.85469819
4846,3.9,4.854698192,24.85469819,44.85469819,64.85469819,21.90472707,97.3989464,11,187.3989464,84.85469819
4847,3.7,5.914409483,25.91440948,45.91440948,65.91440948,21.90472707,95.11497633,5,185.1149763,85.91440948
4848,3.5,7.787172648,27.78717265,47.78717265,67.78717265,21.90472707,93.55014443,4,183.5501444,87.78717265
4849,3.5,7.787172648,27.78717265,47.78717265,67.78717265,21.90472707,92.7480436,4,182.7480436,87.78717265
4850,3.3,7.643113943,27.64311394,47.64311394,67.64311394,21.90472707,92.29701574,4,182.2970157,87.64311394
4851,3.3,6.778761713,26.77876171,46.77876171,66.77876171,21.90472707,92.4930936,4,182.4930936,86.77876171
4852,3.4,4.854698192,24.85469819,44.85469819,64.85469819,34.80523813,93.25790809,3,183.2579081,84.85469819
4853,3.3,4.854698192,24.85469819,44.85469819,64.85469819,34.80523813,98.83713358,4,188.8371336,84.85469819
4854,3.5,4.854698192,24.85469819,44.85469819,64.85469819,159.4933389,104.6370005,5,194.6370005,84.85469819
4855,3.6,30.09912879,50.09912879,70.09912879,90.09912879,106.9219939,106.5388638,7,196.5388638,110.0991288
4856,3.5,4.854698192,24.85469819,44.85469819,64.85469819,142.9760943,106.8953348,12,196.8953348,84.85469819
4857,3.6,4.854698192,24.85469819,44.85469819,64.85469819,142.9760943,107.9146322,14,197.9146322,84.85469819
4858,3.7,4.854698192,24.85469819,44.85469819,64.85469819,142.9760943,109.1863933,17,199.1863933,84.85469819
4859,3.6,42.72134409,62.72134409,82.72134409,102.7213441,142.9760943,108.8922057,7,198.8922057,122.7213441
4860,3.7,4.854698192,24.85469819,44.85469819,64.85469819,247.2708593,108.6438687,8,198.6438687,84.85469819
4861,3.5,4.854698192,24.85469819,44.85469819,64.85469819,194.6995144,105.4322679,7,195.4322679,84.85469819
4862,3.4,4.854698192,24.85469819,44.85469819,64.85469819,142.9760943,109.5899452,6,199.5899452,84.85469819
4863,3.4,4.854698192,24.85469819,44.85469819,64.85469819,55.19857386,108.3692366,11,198.3692366,84.85469819
4864,3.5,4.854698192,24.85469819,44.85469819,64.85469819,55.19857386,107.13653,6,197.13653,84.85469819
4865,3.5,4.854698192,24.85469819,44.85469819,64.85469819,55.19857386,105.179102,23,195.179102,84.85469819
4866,3.7,67.96577468,87.96577468,107.9657747,127.9657747,55.19857386,104.9584002,13,194.9584002,147.9657747
4867,3.7,4.854698192,24.85469819,44.85469819,64.85469819,55.19857386,104.2448277,13,194.2448277,84.85469819
4868,3.6,4.854698192,24.85469819,44.85469819,64.85469819,106.9219939,102.5798112,15,192.5798112,84.85469819
4869,3.5,4.854698192,24.85469819,44.85469819,64.85469819,106.9219939,100.6395532,16,190.6395532,84.85469819
4870,3.5,4.854698192,24.85469819,44.85469819,64.85469819,55.19857386,99.21163475,10,189.2116348,84.85469819
4871,3.4,4.854698192,24.85469819,44.85469819,64.85469819,21.90472707,98.39534237,9,188.3953424,84.85469819
4872,3.2,4.854698192,24.85469819,44.85469819,64.85469819,21.90472707,96.87375349,4,186.8737535,84.85469819
4873,3.2,4.854698192,24.85469819,44.85469819,64.85469819,21.90472707,96.80969134,4,186.8096913,84.85469819
4874,3.2,4.854698192,24.85469819,44.85469819,64.85469819,21.90472707,98.68427156,4,188.6842716,84.85469819
4875,3.1,5.050057254,25.05005725,45.05005725,65.05005725,21.90472707,99.07534891,3,189.0753489,85.05005725
4876,3.2,4.854698192,24.85469819,44.85469819,64.85469819,34.80523813,99.46895668,5,189.4689567,84.85469819
4877,3.1,4.854698192,24.85469819,44.85469819,64.85469819,34.80523813,101.5346193,5,191.5346193,84.85469819
4878,3.1,4.854698192,24.85469819,44.85469819,64.85469819,159.4933389,105.1247023,8,195.1247023,84.85469819
4879,3.2,30.09912879,50.09912879,70.09912879,90.09912879,106.9219939,107.9889895,15,197.9889895,110.0991288
4880,3.2,4.854698192,24.85469819,44.85469819,64.85469819,142.9760943,109.1181489,10,199.1181489,84.85469819
4881,3.4,4.854698192,24.85469819,44.85469819,64.85469819,142.9760943,110.0717231,17,200.0717231,84.85469819
4882,3.5,4.854698192,24.85469819,44.85469819,64.85469819,142.9760943,109.6009078,12,199.6009078,84.85469819
4883,3.6,42.72134409,62.72134409,82.72134409,102.7213441,142.9760943,109.9034193,13,199.9034193,122.7213441
4884,3.7,4.854698192,24.85469819,44.85469819,64.85469819,247.2708593,110.0303818,11,200.0303818,84.85469819
4885,3.6,4.854698192,24.85469819,44.85469819,64.85469819,194.6995144,110.2963084,7,200.2963084,84.85469819
4886,3.6,4.854698192,24.85469819,44.85469819,64.85469819,142.9760943,109.8239645,5,199.8239645,84.85469819
4887,3.5,4.854698192,24.85469819,44.85469819,64.85469819,55.19857386,108.1912002,9,198.1912002,84.85469819
4888,3.6,4.854698192,24.85469819,44.85469819,64.85469819,55.19857386,106.7284064,11,196.7284064,84.85469819
4889,3.9,4.854698192,24.85469819,44.85469819,64.85469819,55.19857386,103.7106192,13,193.7106192,84.85469819
4890,4,67.96577468,87.96577468,107.9657747,127.9657747,55.19857386,103.337672,19,193.337672,147.9657747
4891,3.9,4.854698192,24.85469819,44.85469819,64.85469819,55.19857386,103.110169,14,193.110169,84.85469819
4892,3.9,4.854698192,24.85469819,44.85469819,64.85469819,106.9219939,101.7512659,14,191.7512659,84.85469819
4893,3.9,4.854698192,24.85469819,44.85469819,64.85469819,106.9219939,100.2493447,16,190.2493447,84.85469819
4894,3.7,4.854698192,24.85469819,44.85469819,64.85469819,55.19857386,100.257366,14,190.257366,84.85469819
4895,3.7,5.914409483,25.91440948,45.91440948,65.91440948,21.90472707,99.59872273,5,189.5987227,85.91440948
4896,3.5,6.922820418,26.92282042,46.92282042,66.92282042,21.90472707,98.27094949,4,188.2709495,86.92282042
4897,3.4,7.499055238,27.49905524,47.49905524,67.49905524,21.90472707,99.37375312,4,189.3737531,87.49905524
4898,3.7,7.787172648,27.78717265,47.78717265,67.78717265,21.90472707,96.03670383,4,186.0367038,87.78717265
4899,3.6,7.499055238,27.49905524,47.49905524,67.49905524,21.90472707,95.1363506,4,185.1363506,87.49905524
4900,3.8,4.905998549,24.90599855,44.90599855,64.90599855,34.80523813,94.72068064,7,184.7206806,84.90599855
4901,3.8,4.854698192,24.85469819,44.85469819,64.85469819,34.80523813,96.69446854,5,186.6944685,84.85469819
4902,3.5,4.854698192,24.85469819,44.85469819,64.85469819,159.4933389,98.86658566,12,188.8665857,84.85469819
4903,3.5,30.09912879,50.09912879,70.09912879,90.09912879,106.9219939,100.6951329,19,190.6951329,110.0991288
4904,3.5,4.854698192,24.85469819,44.85469819,64.85469819,142.9760943,102.8536375,15,192.8536375,84.85469819
4905,3.6,4.854698192,24.85469819,44.85469819,64.85469819,142.9760943,104.1334047,11,194.1334047,84.85469819
4906,3.6,4.854698192,24.85469819,44.85469819,64.85469819,142.9760943,103.8390198,12,193.8390198,84.85469819
4907,3.7,42.72134409,62.72134409,82.72134409,102.7213441,142.9760943,104.1006879,9,194.1006879,122.7213441
4908,3.7,4.854698192,24.85469819,44.85469819,64.85469819,247.2708593,102.472117,8,192.472117,84.85469819
4909,3.7,4.854698192,24.85469819,44.85469819,64.85469819,194.6995144,100.968813,8,190.968813,84.85469819
4910,3.6,4.854698192,24.85469819,44.85469819,64.85469819,142.9760943,100.36884,8,190.36884,84.85469819
4911,3.5,4.854698192,24.85469819,44.85469819,64.85469819,55.19857386,100.0080537,12,190.0080537,84.85469819
4912,3.5,4.854698192,24.85469819,44.85469819,64.85469819,55.19857386,98.92209956,16,188.9220996,84.85469819
4913,3.5,4.854698192,24.85469819,44.85469819,64.85469819,55.19857386,98.014163,12,188.014163,84.85469819
4914,3.6,67.96577468,87.96577468,107.9657747,127.9657747,55.19857386,98.41930747,10,188.4193075,147.9657747
4915,3.7,4.854698192,24.85469819,44.85469819,64.85469819,55.19857386,97.57356434,12,187.5735643,84.85469819
4916,3.7,4.854698192,24.85469819,44.85469819,64.85469819,106.9219939,95.61051685,12,185.6105168,84.85469819
4917,3.6,4.854698192,24.85469819,44.85469819,64.85469819,106.9219939,94.32487902,14,184.324879,84.85469819
4918,3.7,4.854698192,24.85469819,44.85469819,64.85469819,55.19857386,94.14591579,15,184.1459158,84.85469819
4919,3.5,4.854698192,24.85469819,44.85469819,64.85469819,21.90472707,94.57752052,7,184.5775205,84.85469819
4920,3.4,4.854698192,24.85469819,44.85469819,64.85469819,21.90472707,93.67882775,4,183.6788277,84.85469819
4921,3.4,4.854698192,24.85469819,44.85469819,64.85469819,21.90472707,91.94265908,4,181.9426591,84.85469819
4922,3.2,4.854698192,24.85469819,44.85469819,64.85469819,21.90472707,93.81647081,4,183.8164708,84.85469819
4923,3.3,4.854698192,24.85469819,44.85469819,64.85469819,21.90472707,90.99114968,4,180.9911497,84.85469819
4924,3.2,4.854698192,24.85469819,44.85469819,64.85469819,34.80523813,89.89593746,6,179.8959375,84.85469819
4925,3,4.854698192,24.85469819,44.85469819,64.85469819,34.80523813,91.55996315,7,181.5599631,84.85469819
4926,3.2,4.854698192,24.85469819,44.85469819,64.85469819,159.4933389,93.80675163,11,183.8067516,84.85469819
4927,3.3,30.09912879,50.09912879,70.09912879,90.09912879,106.9219939,96.11174935,12,186.1117494,110.0991288
4928,3.4,4.854698192,24.85469819,44.85469819,64.85469819,142.9760943,97.25592739,13,187.2559274,84.85469819
4929,3.4,4.854698192,24.85469819,44.85469819,64.85469819,142.9760943,97.48645706,21,187.4864571,84.85469819
4930,3.6,4.854698192,24.85469819,44.85469819,64.85469819,142.9760943,97.80486613,12,187.8048661,84.85469819
4931,3.6,42.72134409,62.72134409,82.72134409,102.7213441,142.9760943,98.22892777,11,188.2289278,122.7213441
4932,3.6,4.854698192,24.85469819,44.85469819,64.85469819,247.2708593,97.40739933,8,187.4073993,84.85469819
4933,3.5,4.854698192,24.85469819,44.85469819,64.85469819,194.6995144,95.95748131,11,185.9574813,84.85469819
4934,3.5,4.854698192,24.85469819,44.85469819,64.85469819,142.9760943,95.42724107,11,185.4272411,84.85469819
4935,3.6,4.854698192,24.85469819,44.85469819,64.85469819,55.19857386,97.87140701,10,187.871407,84.85469819
4936,3.6,4.854698192,24.85469819,44.85469819,64.85469819,55.19857386,97.45230064,10,187.4523006,84.85469819
4937,3.6,4.854698192,24.85469819,44.85469819,64.85469819,55.19857386,96.47095812,11,186.4709581,84.85469819
4938,3.6,67.96577468,87.96577468,107.9657747,127.9657747,55.19857386,97.57578887,19,187.5757889,147.9657747
4939,3.8,4.854698192,24.85469819,44.85469819,64.85469819,55.19857386,96.91301005,11,186.91301,84.85469819
4940,3.8,4.854698192,24.85469819,44.85469819,64.85469819,106.9219939,94.86721688,9,184.8672169,84.85469819
4941,3.9,4.854698192,24.85469819,44.85469819,64.85469819,106.9219939,94.69154884,19,184.6915488,84.85469819
4942,3.7,4.854698192,24.85469819,44.85469819,64.85469819,55.19857386,95.60204965,11,185.6020497,84.85469819
4943,3.5,4.854698192,24.85469819,44.85469819,64.85469819,21.90472707,93.84531967,5,183.8453197,84.85469819
4944,3.4,4.854698192,24.85469819,44.85469819,64.85469819,21.90472707,92.60279668,5,182.6027967,84.85469819
4945,3.3,4.854698192,24.85469819,44.85469819,64.85469819,21.90472707,91.87653766,4,181.8765377,84.85469819
4946,3.2,4.854698192,24.85469819,44.85469819,64.85469819,21.90472707,91.71332763,3,181.7133276,84.85469819
4947,3.3,4.854698192,24.85469819,44.85469819,64.85469819,21.90472707,91.9711432,4,181.9711432,84.85469819
4948,3.3,4.854698192,24.85469819,44.85469819,64.85469819,34.80523813,93.2867932,4,183.2867932,84.85469819
4949,3.2,4.854698192,24.85469819,44.85469819,64.85469819,34.80523813,98.46943818,6,188.4694382,84.85469819
4950,3.5,4.854698192,24.85469819,44.85469819,64.85469819,159.4933389,104.39116,8,194.39116,84.85469819
4951,3.6,30.09912879,50.09912879,70.09912879,90.09912879,106.9219939,105.7000026,13,195.7000026,110.0991288
4952,3.7,4.854698192,24.85469819,44.85469819,64.85469819,142.9760943,106.6003931,14,196.6003931,84.85469819
4953,3.7,4.854698192,24.85469819,44.85469819,64.85469819,142.9760943,105.1594407,10,195.1594407,84.85469819
4954,3.7,4.854698192,24.85469819,44.85469819,64.85469819,142.9760943,107.1516255,13,197.1516255,84.85469819
4955,3.7,42.72134409,62.72134409,82.72134409,102.7213441,142.9760943,110.0684605,8,200.0684605,122.7213441
4956,3.7,4.854698192,24.85469819,44.85469819,64.85469819,247.2708593,108.9244345,10,198.9244345,84.85469819
4957,3.6,4.854698192,24.85469819,44.85469819,64.85469819,194.6995144,108.4781721,12,198.4781721,84.85469819
4958,3.5,4.854698192,24.85469819,44.85469819,64.85469819,142.9760943,108.1196947,10,198.1196947,84.85469819
4959,3.6,4.854698192,24.85469819,44.85469819,64.85469819,55.19857386,106.1851177,9,196.1851177,84.85469819
4960,3.7,4.854698192,24.85469819,44.85469819,64.85469819,55.19857386,105.5851684,7,195.5851684,84.85469819
4961,3.7,4.854698192,24.85469819,44.85469819,64.85469819,55.19857386,102.5903482,9,192.5903482,84.85469819
4962,3.8,67.96577468,87.96577468,107.9657747,127.9657747,55.19857386,100.1201643,10,190.1201643,147.9657747
4963,3.9,4.854698192,24.85469819,44.85469819,64.85469819,55.19857386,100.5245553,15,190.5245553,84.85469819
4964,4,4.854698192,24.85469819,44.85469819,64.85469819,106.9219939,99.779618,11,189.779618,84.85469819
4965,4,4.854698192,24.85469819,44.85469819,64.85469819,106.9219939,98.47171587,13,188.4717159,84.85469819
4966,4.1,4.854698192,24.85469819,44.85469819,64.85469819,55.19857386,97.2618807,13,187.2618807,84.85469819
4967,4.5,4.854698192,24.85469819,44.85469819,64.85469819,21.90472707,95.6846135,5,185.6846135,84.85469819
4968,4.3,4.854698192,24.85469819,44.85469819,64.85469819,21.90472707,93.6447304,5,183.6447304,84.85469819
4969,4.4,4.854698192,24.85469819,44.85469819,64.85469819,21.90472707,92.79765795,4,182.797658,84.85469819
4970,4.7,4.854698192,24.85469819,44.85469819,64.85469819,21.90472707,93.364435,3,183.364435,84.85469819
4971,4.9,4.854698192,24.85469819,44.85469819,64.85469819,21.90472707,92.16702692,4,182.1670269,84.85469819
4972,5.4,4.854698192,24.85469819,44.85469819,64.85469819,34.80523813,94.43875801,4,184.438758,84.85469819
4973,5.7,4.854698192,24.85469819,44.85469819,64.85469819,34.80523813,99.4148557,5,189.4148557,84.85469819
4974,5.7,4.854698192,24.85469819,44.85469819,64.85469819,139.1000031,105.0372361,6,195.0372361,84.85469819
4975,4.8,30.09912879,50.09912879,70.09912879,90.09912879,86.52865817,107.5331822,17,197.5331822,110.0991288
4976,4.5,4.854698192,24.85469819,44.85469819,64.85469819,34.80523813,109.3468498,11,199.3468498,84.85469819
4977,4.3,4.854698192,24.85469819,44.85469819,64.85469819,34.80523813,110.7664732,7,200.7664732,84.85469819
4978,4.3,4.854698192,24.85469819,44.85469819,64.85469819,34.80523813,112.4998273,9,202.4998273,84.85469819
4979,4.2,42.72134409,62.72134409,82.72134409,102.7213441,34.80523813,111.3872257,8,201.3872257,122.7213441
4980,4,4.854698192,24.85469819,44.85469819,64.85469819,139.1000031,111.3225491,9,201.3225491,84.85469819
4981,3.9,4.854698192,24.85469819,44.85469819,64.85469819,86.52865817,111.3861384,18,201.3861384,84.85469819
4982,3.8,4.854698192,24.85469819,44.85469819,64.85469819,34.80523813,109.6085545,7,199.6085545,84.85469819
4983,3.6,4.854698192,24.85469819,44.85469819,64.85469819,34.80523813,107.7083427,8,197.7083427,84.85469819
4984,3.9,4.854698192,24.85469819,44.85469819,64.85469819,34.80523813,105.9654511,10,195.9654511,84.85469819
4985,4.5,4.854698192,24.85469819,44.85469819,64.85469819,34.80523813,104.0075186,13,194.0075186,84.85469819
4986,4.4,67.96577468,87.96577468,107.9657747,127.9657747,34.80523813,102.9915529,11,192.9915529,147.9657747
4987,4.3,4.854698192,24.85469819,44.85469819,64.85469819,34.80523813,100.2817108,12,190.2817108,84.85469819
4988,4.3,4.854698192,24.85469819,44.85469819,64.85469819,86.52865817,98.9584816,13,188.9584816,84.85469819
4989,4.4,4.854698192,24.85469819,44.85469819,64.85469819,86.52865817,97.87291415,10,187.8729142,84.85469819
4990,4.5,4.854698192,24.85469819,44.85469819,64.85469819,34.80523813,96.63771848,6,186.6377185,84.85469819
4991,4.5,4.854698192,24.85469819,44.85469819,64.85469819,21.90472707,95.0001939,5,185.0001939,84.85469819
4992,4.2,4.854698192,24.85469819,44.85469819,64.85469819,21.90472707,94.64736045,5,184.6473604,84.85469819
4993,4.3,4.854698192,24.85469819,44.85469819,64.85469819,21.90472707,92.56079839,4,182.5607984,84.85469819
4994,4.8,4.854698192,24.85469819,44.85469819,64.85469819,21.90472707,92.3317935,3,182.3317935,84.85469819
4995,4.9,4.854698192,24.85469819,44.85469819,64.85469819,21.90472707,92.58766785,4,182.5876679,84.85469819
4996,4.7,4.854698192,24.85469819,44.85469819,64.85469819,21.90472707,94.38085201,4,184.380852,84.85469819
4997,4.8,4.854698192,24.85469819,44.85469819,64.85469819,21.90472707,98.99591847,3,188.9959185,84.85469819
4998,5.4,4.854698192,24.85469819,44.85469819,64.85469819,126.1994921,103.2922178,4,193.2922178,84.85469819
4999,5.1,30.09912879,50.09912879,70.09912879,90.09912879,73.62814711,106.31957,7,196.31957,110.0991288
5000,4.2,4.854698192,24.85469819,44.85469819,64.85469819,21.90472707,107.7917686,19,197.7917686,84.85469819
5001,4.1,4.854698192,24.85469819,44.85469819,64.85469819,21.90472707,107.9904943,18,197.9904943,84.85469819
5002,4.2,4.854698192,24.85469819,44.85469819,64.85469819,21.90472707,108.577805,8,198.577805,84.85469819
5003,4,42.72134409,62.72134409,82.72134409,102.7213441,21.90472707,108.8613852,11,198.8613852,122.7213441
5004,4.1,4.854698192,24.85469819,44.85469819,64.85469819,126.1994921,107.7512446,14,197.7512446,84.85469819
5005,4.3,4.854698192,24.85469819,44.85469819,64.85469819,73.62814711,108.9025719,11,198.9025719,84.85469819
5006,3.9,4.854698192,24.85469819,44.85469819,64.85469819,21.90472707,110.1373285,7,200.1373285,84.85469819
5007,4,4.854698192,24.85469819,44.85469819,64.85469819,21.90472707,108.7879119,10,198.7879119,84.85469819
5008,4,4.854698192,24.85469819,44.85469819,64.85469819,21.90472707,106.9706554,14,196.9706554,84.85469819
5009,4,4.854698192,24.85469819,44.85469819,64.85469819,21.90472707,106.4830919,17,196.4830919,84.85469819
5010,4,67.96577468,87.96577468,107.9657747,127.9657747,21.90472707,104.7370062,21,194.7370062,147.9657747
5011,3.9,4.854698192,24.85469819,44.85469819,64.85469819,21.90472707,102.8460674,17,192.8460674,84.85469819
5012,4,4.854698192,24.85469819,44.85469819,64.85469819,73.62814711,101.581489,13,191.581489,84.85469819
5013,4.2,4.854698192,24.85469819,44.85469819,64.85469819,73.62814711,99.53962285,10,189.5396229,84.85469819
5014,4.5,4.854698192,24.85469819,44.85469819,64.85469819,21.90472707,98.15105558,9,188.1510556,84.85469819
5015,4.8,4.854698192,24.85469819,44.85469819,64.85469819,21.90472707,96.26067214,5,186.2606721,84.85469819
5016,5.1,4.854698192,24.85469819,44.85469819,64.85469819,21.90472707,94.82314641,6,184.8231464,84.85469819
5017,5.8,4.854698192,24.85469819,44.85469819,64.85469819,21.90472707,93.153551,4,183.153551,84.85469819
5018,6.1,4.854698192,24.85469819,44.85469819,64.85469819,21.90472707,92.41899042,3,182.4189904,84.85469819
5019,6.4,4.854698192,24.85469819,44.85469819,64.85469819,21.90472707,92.4784206,4,182.4784206,84.85469819
5020,6.7,4.854698192,24.85469819,44.85469819,64.85469819,34.80523813,93.48393977,3,183.4839398,84.85469819
5021,6.3,4.854698192,24.85469819,44.85469819,64.85469819,34.80523813,98.68090414,4,188.6809041,84.85469819
5022,6,4.854698192,24.85469819,44.85469819,64.85469819,159.4933389,104.0642099,7,194.0642099,84.85469819
5023,5.2,30.09912879,50.09912879,70.09912879,90.09912879,106.9219939,106.7700283,10,196.7700283,110.0991288
5024,4.6,4.854698192,24.85469819,44.85469819,64.85469819,97.16392229,108.6815759,11,198.6815759,84.85469819
5025,4.3,4.854698192,24.85469819,44.85469819,64.85469819,97.16392229,109.6016809,15,199.6016809,84.85469819
5026,4.2,4.854698192,24.85469819,44.85469819,64.85469819,97.16392229,110.2986785,10,200.2986785,84.85469819
5027,4.3,42.72134409,62.72134409,82.72134409,102.7213441,97.16392229,110.1572104,12,200.1572104,122.7213441
5028,4.8,4.854698192,24.85469819,44.85469819,64.85469819,201.4586873,112.1617867,13,202.1617867,84.85469819
5029,4.9,4.854698192,24.85469819,44.85469819,64.85469819,148.8873423,111.0487099,8,201.0487099,84.85469819
5030,4.6,4.854698192,24.85469819,44.85469819,64.85469819,97.16392229,107.8448968,15,197.8448968,84.85469819
5031,4.4,4.854698192,24.85469819,44.85469819,64.85469819,55.19857386,104.9122717,8,194.9122717,84.85469819
5032,4.4,4.854698192,24.85469819,44.85469819,64.85469819,55.19857386,104.3391388,11,194.3391388,84.85469819
5033,4.4,4.854698192,24.85469819,44.85469819,64.85469819,55.19857386,102.8361684,19,192.8361684,84.85469819
5034,4.4,67.96577468,87.96577468,107.9657747,127.9657747,55.19857386,102.1909578,14,192.1909578,147.9657747
5035,4.2,4.854698192,24.85469819,44.85469819,64.85469819,55.19857386,101.036769,14,191.036769,84.85469819
5036,4.4,4.854698192,24.85469819,44.85469819,64.85469819,106.9219939,99.5981665,13,189.5981665,84.85469819
5037,4.5,4.854698192,24.85469819,44.85469819,64.85469819,106.9219939,98.28423979,10,188.2842398,84.85469819
5038,4.7,4.854698192,24.85469819,44.85469819,64.85469819,55.19857386,96.6552881,7,186.6552881,84.85469819
5039,4.8,4.854698192,24.85469819,44.85469819,64.85469819,21.90472707,94.58862519,5,184.5886252,84.85469819
5040,5,4.854698192,24.85469819,44.85469819,64.85469819,21.90472707,91.18732817,4,181.1873282,84.85469819
5041,5.2,4.854698192,24.85469819,44.85469819,64.85469819,21.90472707,91.33294732,3,181.3329473,84.85469819
5042,5.5,4.854698192,24.85469819,44.85469819,64.85469819,21.90472707,91.67670517,4,181.6767052,84.85469819
5043,5.5,4.854698192,24.85469819,44.85469819,64.85469819,21.90472707,91.90399632,4,181.9039963,84.85469819
5044,6,4.854698192,24.85469819,44.85469819,64.85469819,34.80523813,92.44648436,7,182.4464844,84.85469819
5045,6.2,4.854698192,24.85469819,44.85469819,64.85469819,34.80523813,93.74935739,7,183.7493574,84.85469819
5046,5.8,4.854698192,24.85469819,44.85469819,64.85469819,159.4933389,98.67777822,13,188.6777782,84.85469819
5047,5.2,30.09912879,50.09912879,70.09912879,90.09912879,106.9219939,101.7953567,13,191.7953567,110.0991288
5048,4.9,4.854698192,24.85469819,44.85469819,64.85469819,97.16392229,103.1528526,16,193.1528526,84.85469819
5049,4.7,4.854698192,24.85469819,44.85469819,64.85469819,97.16392229,104.5594393,10,194.5594393,84.85469819
5050,5.3,4.854698192,24.85469819,44.85469819,64.85469819,97.16392229,105.1007864,13,195.1007864,84.85469819
5051,5.1,42.72134409,62.72134409,82.72134409,102.7213441,97.16392229,104.8091044,13,194.8091044,122.7213441
5052,4.6,4.854698192,24.85469819,44.85469819,64.85469819,201.4586873,106.1860983,8,196.1860983,84.85469819
5053,4.5,4.854698192,24.85469819,44.85469819,64.85469819,148.8873423,106.0831963,10,196.0831963,84.85469819
5054,4.4,4.854698192,24.85469819,44.85469819,64.85469819,97.16392229,104.6144053,7,194.6144053,84.85469819
5055,4.2,4.854698192,24.85469819,44.85469819,64.85469819,55.19857386,102.3176648,6,192.3176648,84.85469819
5056,4.3,4.854698192,24.85469819,44.85469819,64.85469819,55.19857386,99.66451275,17,189.6645128,84.85469819
5057,4.3,4.854698192,24.85469819,44.85469819,64.85469819,55.19857386,93.73540468,18,183.7354047,84.85469819
5058,4.4,67.96577468,87.96577468,107.9657747,127.9657747,55.19857386,88.70251018,15,178.7025102,147.9657747
5059,4.4,4.854698192,24.85469819,44.85469819,64.85469819,55.19857386,94.06177678,12,184.0617768,84.85469819
5060,4.8,4.854698192,24.85469819,44.85469819,64.85469819,106.9219939,94.07088477,11,184.0708848,84.85469819
5061,5.2,4.854698192,24.85469819,44.85469819,64.85469819,106.9219939,93.12912209,14,183.1291221,84.85469819
5062,4.7,4.854698192,24.85469819,44.85469819,64.85469819,55.19857386,93.09069673,8,183.0906967,84.85469819
5063,4.8,4.854698192,24.85469819,44.85469819,64.85469819,21.90472707,91.18945521,5,181.1894552,84.85469819
5064,5.3,4.854698192,24.85469819,44.85469819,64.85469819,21.90472707,89.64785351,5,179.6478535,84.85469819
5065,5.6,4.854698192,24.85469819,44.85469819,64.85469819,21.90472707,90.47274091,3,180.4727409,84.85469819
5066,6.2,4.854698192,24.85469819,44.85469819,64.85469819,21.90472707,90.3250236,4,180.3250236,84.85469819
5067,6.3,4.854698192,24.85469819,44.85469819,64.85469819,21.90472707,89.51590643,5,179.5159064,84.85469819
5068,6.6,4.854698192,24.85469819,44.85469819,64.85469819,34.80523813,89.09422916,9,179.0942292,84.85469819
5069,7.3,4.854698192,24.85469819,44.85469819,64.85469819,34.80523813,91.1188625,10,181.1188625,84.85469819
5070,6,4.854698192,24.85469819,44.85469819,64.85469819,159.4933389,92.53620288,12,182.5362029,84.85469819
5071,5.1,30.09912879,50.09912879,70.09912879,90.09912879,106.9219939,94.95668074,12,184.9566807,110.0991288
5072,4.8,4.854698192,24.85469819,44.85469819,64.85469819,97.16392229,96.55917723,18,186.5591772,84.85469819
5073,4.6,4.854698192,24.85469819,44.85469819,64.85469819,97.16392229,97.3430488,11,187.3430488,84.85469819
5074,4.7,4.854698192,24.85469819,44.85469819,64.85469819,97.16392229,97.33514435,9,187.3351444,84.85469819
5075,4.6,42.72134409,62.72134409,82.72134409,102.7213441,97.16392229,96.83793118,7,186.8379312,122.7213441
5076,4.4,4.854698192,24.85469819,44.85469819,64.85469819,201.4586873,97.08293826,9,187.0829383,84.85469819
5077,4.4,4.854698192,24.85469819,44.85469819,64.85469819,148.8873423,97.03024293,6,187.0302429,84.85469819
5078,4.4,4.854698192,24.85469819,44.85469819,64.85469819,97.16392229,97.85965986,12,187.8596599,84.85469819
5079,4.8,4.854698192,24.85469819,44.85469819,64.85469819,55.19857386,97.04606378,11,187.0460638,84.85469819
5080,4.3,4.854698192,24.85469819,44.85469819,64.85469819,55.19857386,96.06745634,13,186.0674563,84.85469819
5081,4,4.854698192,24.85469819,44.85469819,64.85469819,55.19857386,94.7856768,20,184.7856768,84.85469819
5082,4,67.96577468,87.96577468,107.9657747,127.9657747,55.19857386,93.99186062,21,183.9918606,147.9657747
5083,4,4.854698192,24.85469819,44.85469819,64.85469819,55.19857386,92.89256215,15,182.8925621,84.85469819
5084,4.3,4.854698192,24.85469819,44.85469819,64.85469819,106.9219939,92.95966565,13,182.9596657,84.85469819
5085,4.9,4.854698192,24.85469819,44.85469819,64.85469819,106.9219939,92.78776215,18,182.7877621,84.85469819
5086,4.6,4.854698192,24.85469819,44.85469819,64.85469819,55.19857386,91.11059561,7,181.1105956,84.85469819
5087,4.5,4.854698192,24.85469819,44.85469819,64.85469819,21.90472707,90.795052,4,180.795052,84.85469819
5088,4.6,4.854698192,24.85469819,44.85469819,64.85469819,21.90472707,90.11142541,4,180.1114254,84.85469819
5089,5.1,4.854698192,24.85469819,44.85469819,64.85469819,21.90472707,89.07993309,4,179.0799331,84.85469819
5090,6.2,4.854698192,24.85469819,44.85469819,64.85469819,21.90472707,88.85177293,4,178.8517729,84.85469819
5091,5.9,4.854698192,24.85469819,44.85469819,64.85469819,21.90472707,87.35043537,5,177.3504354,84.85469819
5092,6,4.854698192,24.85469819,44.85469819,64.85469819,34.80523813,87.3595593,5,177.3595593,84.85469819
5093,6,4.854698192,24.85469819,44.85469819,64.85469819,34.80523813,89.54901371,9,179.5490137,84.85469819
5094,5.7,4.854698192,24.85469819,44.85469819,64.85469819,159.4933389,92.43247812,14,182.4324781,84.85469819
5095,5.1,30.09912879,50.09912879,70.09912879,90.09912879,106.9219939,93.75070567,14,183.7507057,110.0991288
5096,4.6,4.854698192,24.85469819,44.85469819,64.85469819,97.16392229,94.52087412,8,184.5208741,84.85469819
5097,4.3,4.854698192,24.85469819,44.85469819,64.85469819,97.16392229,93.84175556,11,183.8417556,84.85469819
5098,4.3,4.854698192,24.85469819,44.85469819,64.85469819,97.16392229,94.32431192,11,184.3243119,84.85469819
5099,4,42.72134409,62.72134409,82.72134409,102.7213441,97.16392229,94.7622533,9,184.7622533,122.7213441
5100,4.5,4.854698192,24.85469819,44.85469819,64.85469819,201.4586873,94.99835802,10,184.998358,84.85469819
5101,4.6,4.854698192,24.85469819,44.85469819,64.85469819,148.8873423,95.02996601,10,185.029966,84.85469819
5102,4,4.854698192,24.85469819,44.85469819,64.85469819,97.16392229,94.80018635,12,184.8001863,84.85469819
5103,3.9,4.854698192,24.85469819,44.85469819,64.85469819,55.19857386,94.94042713,11,184.9404271,84.85469819
5104,3.9,4.854698192,24.85469819,44.85469819,64.85469819,55.19857386,93.40679838,10,183.4067984,84.85469819
5105,3.9,4.854698192,24.85469819,44.85469819,64.85469819,55.19857386,93.51689423,11,183.5168942,84.85469819
5106,4.1,67.96577468,87.96577468,107.9657747,127.9657747,55.19857386,94.17076936,15,184.1707694,147.9657747
5107,4,4.854698192,24.85469819,44.85469819,64.85469819,55.19857386,93.66776029,8,183.6677603,84.85469819
5108,4.1,4.854698192,24.85469819,44.85469819,64.85469819,106.9219939,92.6490546,18,182.6490546,84.85469819
5109,4.2,4.854698192,24.85469819,44.85469819,64.85469819,106.9219939,94.12659402,17,184.126594,84.85469819
5110,4.1,4.854698192,24.85469819,44.85469819,64.85469819,55.19857386,93.35353523,13,183.3535352,84.85469819
5111,4.5,4.854698192,24.85469819,44.85469819,64.85469819,21.90472707,92.44119697,12,182.441197,84.85469819
5112,4,4.854698192,24.85469819,44.85469819,64.85469819,21.90472707,91.96142281,4,181.9614228,84.85469819
5113,4.7,4.854698192,24.85469819,44.85469819,64.85469819,21.90472707,93.8065065,4,183.8065065,84.85469819
5114,4.8,4.854698192,24.85469819,44.85469819,64.85469819,21.90472707,91.6238372,4,181.6238372,84.85469819
5115,5.1,4.854698192,24.85469819,44.85469819,64.85469819,21.90472707,89.99484069,4,179.9948407,84.85469819
5116,5.7,4.854698192,24.85469819,44.85469819,64.85469819,34.80523813,91.2942186,7,181.2942186,84.85469819
5117,6.5,4.854698192,24.85469819,44.85469819,64.85469819,34.80523813,97.42431209,7,187.4243121,84.85469819
5118,6.9,4.854698192,24.85469819,44.85469819,64.85469819,159.4933389,102.2347208,19,192.2347208,84.85469819
5119,6.3,30.09912879,50.09912879,70.09912879,90.09912879,106.9219939,104.4071523,18,194.4071523,110.0991288
5120,4.6,4.854698192,24.85469819,44.85469819,64.85469819,97.16392229,106.0320521,11,196.0320521,84.85469819
5121,4.3,4.854698192,24.85469819,44.85469819,64.85469819,97.16392229,106.6372563,13,196.6372563,84.85469819
5122,4.3,4.854698192,24.85469819,44.85469819,64.85469819,97.16392229,106.9360725,6,196.9360725,84.85469819
5123,4.1,42.72134409,62.72134409,82.72134409,102.7213441,97.16392229,107.7823518,9,197.7823518,122.7213441
5124,4.2,4.854698192,24.85469819,44.85469819,64.85469819,201.4586873,105.7171145,10,195.7171145,84.85469819
5125,4.1,4.854698192,24.85469819,44.85469819,64.85469819,148.8873423,104.6316891,5,194.6316891,84.85469819
5126,4,4.854698192,24.85469819,44.85469819,64.85469819,97.16392229,103.997454,7,193.997454,84.85469819
5127,3.8,4.854698192,24.85469819,44.85469819,64.85469819,55.19857386,101.0248354,14,191.0248354,84.85469819
5128,4,4.854698192,24.85469819,44.85469819,64.85469819,55.19857386,99.78550365,10,189.7855037,84.85469819
5129,4.1,4.854698192,24.85469819,44.85469819,64.85469819,55.19857386,98.71948752,16,188.7194875,84.85469819
5130,4,67.96577468,87.96577468,107.9657747,127.9657747,55.19857386,97.98055266,16,187.9805527,147.9657747
5131,4.1,4.854698192,24.85469819,44.85469819,64.85469819,55.19857386,96.57150175,20,186.5715017,84.85469819
5132,4.2,4.854698192,24.85469819,44.85469819,64.85469819,106.9219939,96.59725755,14,186.5972575,84.85469819
5133,4,5.050057254,25.05005725,45.05005725,65.05005725,106.9219939,95.29638421,14,185.2963842,85.05005725
5134,3.9,6.058468188,26.05846819,46.05846819,66.05846819,55.19857386,93.77784212,12,183.7778421,86.05846819
5135,4.1,6.202526893,26.20252689,46.20252689,66.20252689,21.90472707,93.47001726,9,183.4700173,86.20252689
5136,4.1,6.058468188,26.05846819,46.05846819,66.05846819,21.90472707,91.07094207,5,181.0709421,86.05846819
5137,3.5,6.922820418,26.92282042,46.92282042,66.92282042,21.90472707,90.43596345,5,180.4359634,86.92282042
5138,3.6,8.363407467,28.36340747,48.36340747,68.36340747,21.90472707,91.99816851,4,181.9981685,88.36340747
5139,3.7,9.227759697,29.2277597,49.2277597,69.2277597,21.90472707,95.26675296,4,185.266753,89.2277597
5140,3.7,7.787172648,27.78717265,47.78717265,67.78717265,34.80523813,95.08588983,7,185.0858898,87.78717265
5141,3.8,4.905998549,24.90599855,44.90599855,64.90599855,34.80523813,100.0172586,6,190.0172586,84.90599855
5142,4.6,4.854698192,24.85469819,44.85469819,64.85469819,139.1000031,105.4235156,18,195.4235156,84.85469819
5143,4.3,30.09912879,50.09912879,70.09912879,90.09912879,86.52865817,106.0764816,15,196.0764816,110.0991288
5144,4,4.854698192,24.85469819,44.85469819,64.85469819,34.80523813,107.5998097,14,197.5998097,84.85469819
5145,4.1,4.854698192,24.85469819,44.85469819,64.85469819,34.80523813,107.937157,14,197.937157,84.85469819
5146,4.3,4.854698192,24.85469819,44.85469819,64.85469819,34.80523813,108.5766348,15,198.5766348,84.85469819
5147,4.2,42.72134409,62.72134409,82.72134409,102.7213441,34.80523813,108.0993989,16,198.0993989,122.7213441
5148,4.2,4.854698192,24.85469819,44.85469819,64.85469819,139.1000031,108.2099965,7,198.2099965,84.85469819
5149,4,4.854698192,24.85469819,44.85469819,64.85469819,86.52865817,107.4237704,8,197.4237704,84.85469819
5150,3.9,4.854698192,24.85469819,44.85469819,64.85469819,34.80523813,107.1682734,11,197.1682734,84.85469819
5151,4.3,4.854698192,24.85469819,44.85469819,64.85469819,34.80523813,104.275767,12,194.275767,84.85469819
5152,4.4,4.854698192,24.85469819,44.85469819,64.85469819,34.80523813,101.6933175,12,191.6933175,84.85469819
5153,4.4,4.854698192,24.85469819,44.85469819,64.85469819,34.80523813,100.3244319,13,190.3244319,84.85469819
5154,4.1,67.96577468,87.96577468,107.9657747,127.9657747,34.80523813,98.73289597,23,188.732896,147.9657747
5155,4.1,4.854698192,24.85469819,44.85469819,64.85469819,34.80523813,98.22300925,14,188.2230092,84.85469819
5156,4.1,4.905998549,24.90599855,44.90599855,64.90599855,86.52865817,98.64093962,30,188.6409396,84.90599855
5157,4.1,5.770350778,25.77035078,45.77035078,65.77035078,86.52865817,98.7407278,11,188.7407278,85.77035078
5158,3.9,6.490644303,26.4906443,46.4906443,66.4906443,34.80523813,97.55081461,5,187.5508146,86.4906443
5159,3.8,7.066879123,27.06687912,47.06687912,67.06687912,21.90472707,98.22220125,11,188.2222012,87.06687912
5160,4.1,7.499055238,27.49905524,47.49905524,67.49905524,21.90472707,96.67765823,10,186.6776582,87.49905524
5161,3.5,7.066879123,27.06687912,47.06687912,67.06687912,21.90472707,95.29878271,3,185.2987827,87.06687912
5162,3.3,6.634703008,26.63470301,46.63470301,66.63470301,21.90472707,94.7019819,4,184.7019819,86.63470301
5163,3.6,7.354996533,27.35499653,47.35499653,67.35499653,21.90472707,94.00783382,4,184.0078338,87.35499653
5164,3.7,6.490644303,26.4906443,46.4906443,66.4906443,21.90472707,96.0020836,4,186.0020836,86.4906443
5165,4.4,4.854698192,24.85469819,44.85469819,64.85469819,21.90472707,101.7838332,6,191.7838332,84.85469819
5166,5.1,4.854698192,24.85469819,44.85469819,64.85469819,126.1994921,105.7339428,6,195.7339428,84.85469819
5167,4.8,30.09912879,50.09912879,70.09912879,90.09912879,73.62814711,106.3993013,7,196.3993013,110.0991288
5168,4.8,4.854698192,24.85469819,44.85469819,64.85469819,21.90472707,107.2846762,18,197.2846762,84.85469819
5169,4.5,4.854698192,24.85469819,44.85469819,64.85469819,21.90472707,108.272591,23,198.272591,84.85469819
5170,3.9,4.854698192,24.85469819,44.85469819,64.85469819,21.90472707,108.8915628,28,198.8915628,84.85469819
5171,4,42.72134409,62.72134409,82.72134409,102.7213441,21.90472707,109.392396,16,199.392396,122.7213441
5172,4,4.854698192,24.85469819,44.85469819,64.85469819,126.1994921,109.3410939,18,199.3410939,84.85469819
5173,4,4.854698192,24.85469819,44.85469819,64.85469819,73.62814711,109.1808196,11,199.1808196,84.85469819
5174,4.1,4.854698192,24.85469819,44.85469819,64.85469819,21.90472707,106.9152729,12,196.9152729,84.85469819
5175,4,4.854698192,24.85469819,44.85469819,64.85469819,21.90472707,105.4698549,8,195.4698549,84.85469819
5176,4.1,4.854698192,24.85469819,44.85469819,64.85469819,21.90472707,103.7067701,19,193.7067701,84.85469819
5177,3.9,4.854698192,24.85469819,44.85469819,64.85469819,21.90472707,102.5047123,17,192.5047123,84.85469819
5178,4,67.96577468,87.96577468,107.9657747,127.9657747,21.90472707,100.9124665,15,190.9124665,147.9657747
5179,4.1,4.854698192,24.85469819,44.85469819,64.85469819,21.90472707,99.05886516,27,189.0588652,84.85469819
5180,3.9,4.854698192,24.85469819,44.85469819,64.85469819,73.62814711,98.61567939,14,188.6156794,84.85469819
5181,3.9,4.854698192,24.85469819,44.85469819,64.85469819,73.62814711,98.34354831,17,188.3435483,84.85469819
5182,3.8,4.854698192,24.85469819,44.85469819,64.85469819,21.90472707,96.60145725,12,186.6014573,84.85469819
5183,4.1,5.482233368,25.48223337,45.48223337,65.48223337,21.90472707,95.78006256,8,185.7800626,85.48223337
5184,3.8,6.778761713,26.77876171,46.77876171,66.77876171,21.90472707,93.54366764,4,183.5436676,86.77876171
5185,3.6,7.787172648,27.78717265,47.78717265,67.78717265,21.90472707,92.58453239,4,182.5845324,87.78717265
5186,3.2,8.939642287,28.93964229,48.93964229,68.93964229,21.90472707,93.61464381,3,183.6146438,88.93964229
5187,3.3,9.948053222,29.94805322,49.94805322,69.94805322,21.90472707,93.76806193,4,183.7680619,89.94805322
5188,3.9,8.363407467,28.36340747,48.36340747,68.36340747,34.80523813,94.54661132,4,184.5466113,88.36340747
5189,3.5,4.854698192,24.85469819,44.85469819,64.85469819,34.80523813,101.4396949,4,191.4396949,84.85469819
5190,4.1,4.854698192,24.85469819,44.85469819,64.85469819,159.4933389,107.3899361,8,197.3899361,84.85469819
5191,4.4,30.09912879,50.09912879,70.09912879,90.09912879,106.9219939,109.7805882,8,199.7805882,110.0991288
5192,4.2,4.854698192,24.85469819,44.85469819,64.85469819,97.16392229,111.2252112,14,201.2252112,84.85469819
5193,4.3,4.854698192,24.85469819,44.85469819,64.85469819,97.16392229,111.7386945,26,201.7386945,84.85469819
5194,4.6,4.854698192,24.85469819,44.85469819,64.85469819,97.16392229,112.0772305,20,202.0772305,84.85469819
5195,4.9,42.72134409,62.72134409,82.72134409,102.7213441,97.16392229,110.2646072,21,200.2646072,122.7213441
5196,5,4.854698192,24.85469819,44.85469819,64.85469819,201.4586873,111.7422908,25,201.7422908,84.85469819
5197,4.9,4.854698192,24.85469819,44.85469819,64.85469819,148.8873423,111.2504583,27,201.2504583,84.85469819
5198,4.7,4.854698192,24.85469819,44.85469819,64.85469819,97.16392229,109.4386047,15,199.4386047,84.85469819
5199,4.4,4.854698192,24.85469819,44.85469819,64.85469819,55.19857386,108.3929639,18,198.3929639,84.85469819
5200,4.3,4.854698192,24.85469819,44.85469819,64.85469819,55.19857386,105.9325446,14,195.9325446,84.85469819
5201,4.2,4.854698192,24.85469819,44.85469819,64.85469819,55.19857386,102.956952,22,192.956952,84.85469819
5202,4.3,67.96577468,87.96577468,107.9657747,127.9657747,55.19857386,100.9279583,18,190.9279583,147.9657747
5203,4.5,4.854698192,24.85469819,44.85469819,64.85469819,55.19857386,98.76948605,17,188.7694861,84.85469819
5204,4.4,4.854698192,24.85469819,44.85469819,64.85469819,106.9219939,98.18779172,20,188.1877917,84.85469819
5205,4.3,4.854698192,24.85469819,44.85469819,64.85469819,106.9219939,98.6018899,23,188.6018899,84.85469819
5206,4.4,5.050057254,25.05005725,45.05005725,65.05005725,55.19857386,97.45950993,13,187.4595099,85.05005725
5207,4.3,6.778761713,26.77876171,46.77876171,66.77876171,21.90472707,96.41008253,5,186.4100825,86.77876171
5208,4.6,8.507466172,28.50746617,48.50746617,68.50746617,21.90472707,94.64437588,4,184.6443759,88.50746617
5209,4.7,9.948053222,29.94805322,49.94805322,69.94805322,21.90472707,93.19707854,5,183.1970785,89.94805322
5210,4.9,11.10052286,31.10052286,51.10052286,71.10052286,21.90472707,94.71241557,4,184.7124156,91.10052286
5211,5.1,11.82081639,31.82081639,51.82081639,71.82081639,21.90472707,93.56660209,5,183.5666021,91.82081639
5212,5.5,10.66834675,30.66834675,50.66834675,70.66834675,34.80523813,95.07471038,15,185.0747104,90.66834675
5213,5.6,5.914409483,25.91440948,45.91440948,65.91440948,34.80523813,99.56674481,12,189.5667448,85.91440948
5214,5.4,4.854698192,24.85469819,44.85469819,64.85469819,159.4933389,105.7657722,26,195.7657722,84.85469819
5215,5.1,30.09912879,50.09912879,70.09912879,90.09912879,106.9219939,109.4570416,16,199.4570416,110.0991288
5216,5.2,4.854698192,24.85469819,44.85469819,64.85469819,97.16392229,109.9411448,16,199.9411448,84.85469819
5217,5.1,4.854698192,24.85469819,44.85469819,64.85469819,97.16392229,111.4959667,17,201.4959667,84.85469819
5218,4.8,4.854698192,24.85469819,44.85469819,64.85469819,97.16392229,111.4983493,16,201.4983493,84.85469819
5219,4.7,42.72134409,62.72134409,82.72134409,102.7213441,97.16392229,110.8585761,9,200.8585761,122.7213441
5220,4.6,4.854698192,24.85469819,44.85469819,64.85469819,201.4586873,105.9345406,14,195.9345406,84.85469819
5221,4.4,4.854698192,24.85469819,44.85469819,64.85469819,148.8873423,104.8804223,13,194.8804223,84.85469819
5222,4.3,4.854698192,24.85469819,44.85469819,64.85469819,97.16392229,105.5537752,8,195.5537752,84.85469819
5223,4.3,4.854698192,24.85469819,44.85469819,64.85469819,55.19857386,104.5362413,14,194.5362413,84.85469819
5224,4.2,4.854698192,24.85469819,44.85469819,64.85469819,55.19857386,104.3594048,20,194.3594048,84.85469819
5225,4.2,4.854698192,24.85469819,44.85469819,64.85469819,55.19857386,101.6353032,19,191.6353032,84.85469819
5226,4.2,67.96577468,87.96577468,107.9657747,127.9657747,55.19857386,100.059037,23,190.059037,147.9657747
5227,4.1,4.854698192,24.85469819,44.85469819,64.85469819,55.19857386,98.67078845,23,188.6707884,84.85469819
5228,4.4,4.854698192,24.85469819,44.85469819,64.85469819,106.9219939,97.75130094,19,187.7513009,84.85469819
5229,4.5,4.854698192,24.85469819,44.85469819,64.85469819,106.9219939,96.72368757,16,186.7236876,84.85469819
5230,4.6,4.854698192,24.85469819,44.85469819,64.85469819,55.19857386,95.27438908,15,185.2743891,84.85469819
5231,4.5,4.854698192,24.85469819,44.85469819,64.85469819,21.90472707,95.9058112,4,185.9058112,84.85469819
5232,4.8,4.854698192,24.85469819,44.85469819,64.85469819,21.90472707,94.71476961,4,184.7147696,84.85469819
5233,5,4.854698192,24.85469819,44.85469819,64.85469819,21.90472707,94.47654269,4,184.4765427,84.85469819
5234,5.3,5.194115958,25.19411596,45.19411596,65.19411596,21.90472707,93.83372027,4,183.8337203,85.19411596
5235,5.8,5.626292073,25.62629207,45.62629207,65.62629207,21.90472707,92.54436853,13,182.5443685,85.62629207
5236,6.7,4.854698192,24.85469819,44.85469819,64.85469819,34.80523813,92.52438059,18,182.5243806,84.85469819
5237,7,4.854698192,24.85469819,44.85469819,64.85469819,34.80523813,94.53093967,26,184.5309397,84.85469819
5238,6.6,4.854698192,24.85469819,44.85469819,64.85469819,159.4933389,95.99085668,23,185.9908567,84.85469819
5239,5.4,30.09912879,50.09912879,70.09912879,90.09912879,106.9219939,97.89277801,17,187.892778,110.0991288
5240,5.1,4.854698192,24.85469819,44.85469819,64.85469819,97.16392229,99.34495029,11,189.3449503,84.85469819
5241,5,4.854698192,24.85469819,44.85469819,64.85469819,97.16392229,100.0848513,16,190.0848513,84.85469819
5242,4.9,4.854698192,24.85469819,44.85469819,64.85469819,97.16392229,101.4789994,24,191.4789994,84.85469819
5243,5,42.72134409,62.72134409,82.72134409,102.7213441,97.16392229,101.591096,15,191.591096,122.7213441
5244,5.1,4.854698192,24.85469819,44.85469819,64.85469819,201.4586873,101.3547881,11,191.3547881,84.85469819
5245,4.9,4.854698192,24.85469819,44.85469819,64.85469819,148.8873423,100.3734664,13,190.3734664,84.85469819
5246,4.6,4.854698192,24.85469819,44.85469819,64.85469819,97.16392229,97.44270844,10,187.4427084,84.85469819
5247,4.7,4.854698192,24.85469819,44.85469819,64.85469819,55.19857386,92.84739143,11,182.8473914,84.85469819
5248,4.6,4.854698192,24.85469819,44.85469819,64.85469819,55.19857386,97.37320932,14,187.3732093,84.85469819
5249,4.6,4.854698192,24.85469819,44.85469819,64.85469819,55.19857386,96.35401325,28,186.3540133,84.85469819
5250,4.7,67.96577468,87.96577468,107.9657747,127.9657747,55.19857386,95.32792056,22,185.3279206,147.9657747
5251,4.9,4.854698192,24.85469819,44.85469819,64.85469819,55.19857386,95.26202977,25,185.2620298,84.85469819
5252,5.2,4.854698192,24.85469819,44.85469819,64.85469819,106.9219939,94.8779527,18,184.8779527,84.85469819
5253,5.1,4.854698192,24.85469819,44.85469819,64.85469819,106.9219939,94.60949035,18,184.6094903,84.85469819
5254,5.4,4.854698192,24.85469819,44.85469819,64.85469819,55.19857386,93.66455608,11,183.6645561,84.85469819
5255,5.5,4.854698192,24.85469819,44.85469819,64.85469819,21.90472707,93.05761156,8,183.0576116,84.85469819
5256,5.3,4.854698192,24.85469819,44.85469819,64.85469819,21.90472707,92.43819259,4,182.4381926,84.85469819
5257,5.2,4.854698192,24.85469819,44.85469819,64.85469819,21.90472707,91.6211009,3,181.6211009,84.85469819
5258,4.9,4.854698192,24.85469819,44.85469819,64.85469819,21.90472707,90.40266589,4,180.4026659,84.85469819
5259,5.1,4.854698192,24.85469819,44.85469819,64.85469819,21.90472707,90.77345737,6,180.7734574,84.85469819
5260,5.7,4.854698192,24.85469819,44.85469819,64.85469819,34.80523813,90.46258246,10,180.4625825,84.85469819
5261,6.5,4.854698192,24.85469819,44.85469819,64.85469819,34.80523813,91.60340527,24,181.6034053,84.85469819
5262,7.1,4.854698192,24.85469819,44.85469819,64.85469819,159.4933389,93.10079007,24,183.1007901,84.85469819
5263,6,30.09912879,50.09912879,70.09912879,90.09912879,106.9219939,95.24058821,18,185.2405882,110.0991288
5264,6,4.854698192,24.85469819,44.85469819,64.85469819,97.16392229,96.77404178,12,186.7740418,84.85469819
5265,5.3,4.854698192,24.85469819,44.85469819,64.85469819,97.16392229,97.8617724,15,187.8617724,84.85469819
5266,5.3,4.854698192,24.85469819,44.85469819,64.85469819,97.16392229,98.8454953,15,188.8454953,84.85469819
5267,5.1,42.72134409,62.72134409,82.72134409,102.7213441,97.16392229,100.0148399,13,190.0148399,122.7213441
5268,5.1,4.854698192,24.85469819,44.85469819,64.85469819,201.4586873,99.74531962,11,189.7453196,84.85469819
5269,5,4.854698192,24.85469819,44.85469819,64.85469819,148.8873423,99.81917127,8,189.8191713,84.85469819
5270,4.9,4.854698192,24.85469819,44.85469819,64.85469819,97.16392229,100.0043118,6,190.0043118,84.85469819
5271,4.7,4.854698192,24.85469819,44.85469819,64.85469819,55.19857386,98.99309857,10,188.9930986,84.85469819
5272,4.6,4.854698192,24.85469819,44.85469819,64.85469819,55.19857386,98.10420567,17,188.1042057,84.85469819
5273,4.8,4.854698192,24.85469819,44.85469819,64.85469819,55.19857386,97.33528172,12,187.3352817,84.85469819
5274,5,67.96577468,87.96577468,107.9657747,127.9657747,55.19857386,96.96279668,26,186.9627967,147.9657747
5275,4.8,4.854698192,24.85469819,44.85469819,64.85469819,55.19857386,96.5815824,19,186.5815824,84.85469819
5276,4.9,4.854698192,24.85469819,44.85469819,64.85469819,106.9219939,96.62094406,22,186.6209441,84.85469819
5277,5.2,4.854698192,24.85469819,44.85469819,64.85469819,106.9219939,95.4659443,12,185.4659443,84.85469819
5278,6,4.854698192,24.85469819,44.85469819,64.85469819,55.19857386,94.80215935,10,184.8021593,84.85469819
5279,6.4,4.854698192,24.85469819,44.85469819,64.85469819,21.90472707,94.55085403,6,184.550854,84.85469819
5280,5.9,4.854698192,24.85469819,44.85469819,64.85469819,21.90472707,94.1558865,4,184.1558865,84.85469819
5281,5.9,4.854698192,24.85469819,44.85469819,64.85469819,21.90472707,93.31231245,4,183.3123124,84.85469819
5282,6.5,4.854698192,24.85469819,44.85469819,64.85469819,21.90472707,93.50143014,3,183.5014301,84.85469819
5283,7.2,4.854698192,24.85469819,44.85469819,64.85469819,21.90472707,94.63700314,4,184.6370031,84.85469819
5284,6.8,4.854698192,24.85469819,44.85469819,64.85469819,34.80523813,96.27750105,8,186.2775011,84.85469819
5285,6.9,4.854698192,24.85469819,44.85469819,64.85469819,34.80523813,103.7946461,20,193.7946461,84.85469819
5286,6.8,4.854698192,24.85469819,44.85469819,64.85469819,159.4933389,110.0140968,29,200.0140968,84.85469819
5287,6.6,30.09912879,50.09912879,70.09912879,90.09912879,106.9219939,115.4395027,18,205.4395027,110.0991288
5288,5.6,4.854698192,24.85469819,44.85469819,64.85469819,97.16392229,116.3286995,10,206.3286995,84.85469819
5289,5.3,4.854698192,24.85469819,44.85469819,64.85469819,97.16392229,117.1963379,8,207.1963379,84.85469819
5290,5.6,4.854698192,24.85469819,44.85469819,64.85469819,97.16392229,117.8221755,19,207.8221755,84.85469819
5291,5.3,42.72134409,62.72134409,82.72134409,102.7213441,97.16392229,118.5291861,10,208.5291861,122.7213441
5292,5,4.854698192,24.85469819,44.85469819,64.85469819,201.4586873,117.9093854,14,207.9093854,84.85469819
5293,4.8,4.854698192,24.85469819,44.85469819,64.85469819,148.8873423,117.3710786,9,207.3710786,84.85469819
5294,4.5,4.854698192,24.85469819,44.85469819,64.85469819,97.16392229,116.1698533,9,206.1698533,84.85469819
5295,4.5,4.854698192,24.85469819,44.85469819,64.85469819,55.19857386,111.9473646,17,201.9473646,84.85469819
5296,4.7,4.854698192,24.85469819,44.85469819,64.85469819,55.19857386,109.0306134,17,199.0306134,84.85469819
5297,5,4.854698192,24.85469819,44.85469819,64.85469819,55.19857386,106.4219595,23,196.4219595,84.85469819
5298,5,67.96577468,87.96577468,107.9657747,127.9657747,55.19857386,104.6624862,15,194.6624862,147.9657747
5299,4.5,4.854698192,24.85469819,44.85469819,64.85469819,55.19857386,103.8186195,29,193.8186195,84.85469819
5300,4.5,4.854698192,24.85469819,44.85469819,64.85469819,106.9219939,102.254186,23,192.254186,84.85469819
5301,4.6,4.854698192,24.85469819,44.85469819,64.85469819,106.9219939,101.1815139,17,191.1815139,84.85469819
5302,5.1,4.854698192,24.85469819,44.85469819,64.85469819,55.19857386,100.7219037,8,190.7219037,84.85469819
5303,5.4,4.854698192,24.85469819,44.85469819,64.85469819,21.90472707,99.15868004,6,189.15868,84.85469819
5304,5,4.854698192,24.85469819,44.85469819,64.85469819,21.90472707,97.02295439,4,187.0229544,84.85469819
5305,5,4.854698192,24.85469819,44.85469819,64.85469819,21.90472707,95.90436531,4,185.9043653,84.85469819
5306,5.2,4.854698192,24.85469819,44.85469819,64.85469819,21.90472707,95.31022445,4,185.3102244,84.85469819
5307,5.1,4.854698192,24.85469819,44.85469819,64.85469819,21.90472707,96.27541691,3,186.2754169,84.85469819
5308,6,4.854698192,24.85469819,44.85469819,64.85469819,34.80523813,98.40268636,9,188.4026864,84.85469819
5309,5.8,4.854698192,24.85469819,44.85469819,64.85469819,34.80523813,105.8435485,16,195.8435485,84.85469819
5310,6.1,4.854698192,24.85469819,44.85469819,64.85469819,139.1000031,112.6041688,17,202.6041688,84.85469819
5311,5.8,30.09912879,50.09912879,70.09912879,90.09912879,86.52865817,114.7415377,25,204.7415377,110.0991288
5312,5.4,4.854698192,24.85469819,44.85469819,64.85469819,34.80523813,115.4592473,16,205.4592473,84.85469819
5313,4.7,4.854698192,24.85469819,44.85469819,64.85469819,34.80523813,116.3618046,14,206.3618046,84.85469819
5314,4.7,4.854698192,24.85469819,44.85469819,64.85469819,34.80523813,116.9275021,20,206.9275021,84.85469819
5315,5.4,42.72134409,62.72134409,82.72134409,102.7213441,34.80523813,115.6891641,18,205.6891641,122.7213441
5316,5.3,4.854698192,24.85469819,44.85469819,64.85469819,139.1000031,115.5950431,10,205.5950431,84.85469819
5317,4.9,4.854698192,24.85469819,44.85469819,64.85469819,86.52865817,115.4264134,12,205.4264134,84.85469819
5318,4.7,4.854698192,24.85469819,44.85469819,64.85469819,34.80523813,115.2463438,17,205.2463438,84.85469819
5319,4.8,4.854698192,24.85469819,44.85469819,64.85469819,34.80523813,110.738332,29,200.738332,84.85469819
5320,4.7,4.854698192,24.85469819,44.85469819,64.85469819,34.80523813,108.0057046,26,198.0057046,84.85469819
5321,5,4.854698192,24.85469819,44.85469819,64.85469819,34.80523813,105.7816276,15,195.7816276,84.85469819
5322,4.8,67.96577468,87.96577468,107.9657747,127.9657747,34.80523813,106.1177865,24,196.1177865,147.9657747
5323,4.7,4.854698192,24.85469819,44.85469819,64.85469819,34.80523813,103.8111852,14,193.8111852,84.85469819
5324,5.1,4.854698192,24.85469819,44.85469819,64.85469819,86.52865817,101.5172408,15,191.5172408,84.85469819
5325,5.1,4.854698192,24.85469819,44.85469819,64.85469819,86.52865817,99.89811132,16,189.8981113,84.85469819
5326,5.1,4.854698192,24.85469819,44.85469819,64.85469819,34.80523813,97.95193213,10,187.9519321,84.85469819
5327,4.7,4.854698192,24.85469819,44.85469819,64.85469819,21.90472707,96.24785434,6,186.2478543,84.85469819
5328,4.3,4.854698192,24.85469819,44.85469819,64.85469819,21.90472707,94.45038724,4,184.4503872,84.85469819
5329,4.3,4.854698192,24.85469819,44.85469819,64.85469819,21.90472707,95.25567705,4,185.2556771,84.85469819
5330,4.7,4.854698192,24.85469819,44.85469819,64.85469819,21.90472707,95.48976262,4,185.4897626,84.85469819
5331,4.7,4.854698192,24.85469819,44.85469819,64.85469819,21.90472707,95.54330146,3,185.5433015,84.85469819
5332,4.6,4.854698192,24.85469819,44.85469819,64.85469819,21.90472707,96.90360087,7,186.9036009,84.85469819
5333,4.8,4.854698192,24.85469819,44.85469819,64.85469819,21.90472707,104.050751,4,194.050751,84.85469819
5334,4.9,4.854698192,24.85469819,44.85469819,64.85469819,126.1994921,113.6420682,13,203.6420682,84.85469819
5335,4.5,30.09912879,50.09912879,70.09912879,90.09912879,73.62814711,117.944224,15,207.944224,110.0991288
5336,4.8,4.854698192,24.85469819,44.85469819,64.85469819,21.90472707,117.0977427,24,207.0977427,84.85469819
5337,5.3,4.854698192,24.85469819,44.85469819,64.85469819,21.90472707,115.9319165,25,205.9319165,84.85469819
5338,4.8,4.854698192,24.85469819,44.85469819,64.85469819,21.90472707,116.8606398,21,206.8606398,84.85469819
5339,4.7,42.72134409,62.72134409,82.72134409,102.7213441,21.90472707,115.5139969,26,205.5139969,122.7213441
5340,4.7,4.854698192,24.85469819,44.85469819,64.85469819,126.1994921,113.8216776,23,203.8216776,84.85469819
5341,4.6,4.854698192,24.85469819,44.85469819,64.85469819,73.62814711,114.2059834,22,204.2059834,84.85469819
5342,4.5,4.854698192,24.85469819,44.85469819,64.85469819,21.90472707,113.2577366,15,203.2577366,84.85469819
5343,4.4,4.854698192,24.85469819,44.85469819,64.85469819,21.90472707,110.9655041,12,200.9655041,84.85469819
5344,4.4,4.854698192,24.85469819,44.85469819,64.85469819,21.90472707,108.6082654,22,198.6082654,84.85469819
5345,4.5,4.854698192,24.85469819,44.85469819,64.85469819,21.90472707,105.5898945,21,195.5898945,84.85469819
5346,4.5,67.96577468,87.96577468,107.9657747,127.9657747,21.90472707,104.1924936,24,194.1924936,147.9657747
5347,4.4,4.854698192,24.85469819,44.85469819,64.85469819,21.90472707,102.1940071,11,192.1940071,84.85469819
5348,4.6,4.854698192,24.85469819,44.85469819,64.85469819,73.62814711,101.7072557,18,191.7072557,84.85469819
5349,4.6,4.854698192,24.85469819,44.85469819,64.85469819,73.62814711,100.1960637,17,190.1960637,84.85469819
5350,4.9,5.194115958,25.19411596,45.19411596,65.19411596,21.90472707,99.94143445,12,189.9414344,85.19411596
5351,4,5.770350778,25.77035078,45.77035078,65.77035078,21.90472707,97.88260989,5,187.8826099,85.77035078
5352,3.8,6.202526893,26.20252689,46.20252689,66.20252689,21.90472707,95.05666778,6,185.0566678,86.20252689
5353,3.9,6.490644303,26.4906443,46.4906443,66.4906443,21.90472707,94.00379636,4,184.0037964,86.4906443
5354,3.8,6.922820418,26.92282042,46.92282042,66.92282042,21.90472707,93.99747553,3,183.9974755,86.92282042
5355,4,7.643113943,27.64311394,47.64311394,67.64311394,21.90472707,94.27695654,12,184.2769565,87.64311394
5356,4.2,7.354996533,27.35499653,47.35499653,67.35499653,34.80523813,96.96149238,12,186.9614924,87.35499653
5357,4.2,4.854698192,24.85469819,44.85469819,64.85469819,34.80523813,103.2269802,11,193.2269802,84.85469819
5358,4.7,4.854698192,24.85469819,44.85469819,64.85469819,159.4933389,109.687805,11,199.687805,84.85469819
5359,4.8,30.09912879,50.09912879,70.09912879,90.09912879,106.9219939,114.6360435,11,204.6360435,110.0991288
5360,4.9,4.854698192,24.85469819,44.85469819,64.85469819,97.16392229,116.1112536,24,206.1112536,84.85469819
5361,4.6,4.854698192,24.85469819,44.85469819,64.85469819,97.16392229,116.1600827,28,206.1600827,84.85469819
5362,4.6,4.854698192,24.85469819,44.85469819,64.85469819,97.16392229,118.174276,38,208.174276,84.85469819
5363,4.7,42.72134409,62.72134409,82.72134409,102.7213441,97.16392229,118.7530067,23,208.7530067,122.7213441
5364,4.7,4.854698192,24.85469819,44.85469819,64.85469819,201.4586873,118.1755917,30,208.1755917,84.85469819
5365,4.5,4.854698192,24.85469819,44.85469819,64.85469819,148.8873423,117.0647821,28,207.0647821,84.85469819
5366,4.5,4.854698192,24.85469819,44.85469819,64.85469819,97.16392229,117.8533927,21,207.8533927,84.85469819
5367,4.5,4.854698192,24.85469819,44.85469819,64.85469819,55.19857386,115.1082258,29,205.1082258,84.85469819
5368,4.6,4.854698192,24.85469819,44.85469819,64.85469819,55.19857386,112.3227474,26,202.3227474,84.85469819
5369,4.6,4.854698192,24.85469819,44.85469819,64.85469819,55.19857386,108.0188994,24,198.0188994,84.85469819
5370,4.6,67.96577468,87.96577468,107.9657747,127.9657747,55.19857386,105.5925615,39,195.5925615,147.9657747
5371,4.8,4.854698192,24.85469819,44.85469819,64.85469819,55.19857386,104.1704413,36,194.1704413,84.85469819
5372,4.8,4.854698192,24.85469819,44.85469819,64.85469819,106.9219939,103.7596494,39,193.7596494,84.85469819
5373,4.9,4.854698192,24.85469819,44.85469819,64.85469819,106.9219939,102.6996666,47,192.6996666,84.85469819
5374,5.1,4.854698192,24.85469819,44.85469819,64.85469819,55.19857386,100.526875,24,190.526875,84.85469819
5375,5,4.854698192,24.85469819,44.85469819,64.85469819,21.90472707,99.30331456,14,189.3033146,84.85469819
5376,4.5,4.854698192,24.85469819,44.85469819,64.85469819,21.90472707,97.27744216,14,187.2774422,84.85469819
5377,4.5,4.854698192,24.85469819,44.85469819,64.85469819,21.90472707,95.99311733,16,185.9931173,84.85469819
5378,4.2,4.854698192,24.85469819,44.85469819,64.85469819,21.90472707,96.07544946,16,186.0754495,84.85469819
5379,4.6,4.854698192,24.85469819,44.85469819,64.85469819,21.90472707,97.17330773,17,187.1733077,84.85469819
5380,4.7,4.854698192,24.85469819,44.85469819,64.85469819,34.80523813,100.8488933,24,190.8488933,84.85469819
5381,4.8,4.854698192,24.85469819,44.85469819,64.85469819,34.80523813,106.9488913,56,196.9488913,84.85469819
5382,4.7,4.854698192,24.85469819,44.85469819,64.85469819,159.4933389,113.4605438,56,203.4605438,84.85469819
5383,4.6,30.09912879,50.09912879,70.09912879,90.09912879,106.9219939,116.0391121,15,206.0391121,110.0991288
5384,4.8,4.854698192,24.85469819,44.85469819,64.85469819,97.16392229,118.1693271,13,208.1693271,84.85469819
5385,6,4.854698192,24.85469819,44.85469819,64.85469819,97.16392229,117.1291947,12,207.1291947,84.85469819
5386,6.5,4.854698192,24.85469819,44.85469819,64.85469819,97.16392229,116.0607355,12,206.0607355,84.85469819
5387,7.1,42.72134409,62.72134409,82.72134409,102.7213441,97.16392229,116.0459703,10,206.0459703,122.7213441
5388,6.4,4.854698192,24.85469819,44.85469819,64.85469819,201.4586873,113.899938,11,203.899938,84.85469819
5389,5.2,4.854698192,24.85469819,44.85469819,64.85469819,148.8873423,112.0379428,18,202.0379428,84.85469819
5390,4.9,4.854698192,24.85469819,44.85469819,64.85469819,97.16392229,108.9258094,15,198.9258094,84.85469819
5391,5,4.854698192,24.85469819,44.85469819,64.85469819,55.19857386,107.3476605,9,197.3476605,84.85469819
5392,5.1,4.854698192,24.85469819,44.85469819,64.85469819,55.19857386,106.7770627,14,196.7770627,84.85469819
5393,5.7,4.854698192,24.85469819,44.85469819,64.85469819,55.19857386,104.6074667,20,194.6074667,84.85469819
5394,5.4,67.96577468,87.96577468,107.9657747,127.9657747,55.19857386,102.6194279,23,192.6194279,147.9657747
5395,5,4.854698192,24.85469819,44.85469819,64.85469819,55.19857386,101.5169385,35,191.5169385,84.85469819
5396,5,4.854698192,24.85469819,44.85469819,64.85469819,106.9219939,101.3813791,35,191.3813791,84.85469819
5397,5,4.854698192,24.85469819,44.85469819,64.85469819,106.9219939,99.56146672,18,189.5614667,84.85469819
5398,5.1,4.854698192,24.85469819,44.85469819,64.85469819,55.19857386,98.03942395,25,188.039424,84.85469819
5399,4.7,4.854698192,24.85469819,44.85469819,64.85469819,21.90472707,96.20968028,20,186.2096803,84.85469819
5400,4.4,4.854698192,24.85469819,44.85469819,64.85469819,21.90472707,95.5825759,19,185.5825759,84.85469819
5401,4.3,4.854698192,24.85469819,44.85469819,64.85469819,21.90472707,94.90278948,20,184.9027895,84.85469819
5402,4.4,4.854698192,24.85469819,44.85469819,64.85469819,21.90472707,94.80372811,23,184.8037281,84.85469819
5403,4.7,4.854698192,24.85469819,44.85469819,64.85469819,21.90472707,93.86044922,26,183.8604492,84.85469819
5404,5,4.854698192,24.85469819,44.85469819,64.85469819,34.80523813,91.80191945,33,181.8019195,84.85469819
5405,5.3,4.854698192,24.85469819,44.85469819,64.85469819,34.80523813,92.37335795,52,182.373358,84.85469819
5406,5.6,4.854698192,24.85469819,44.85469819,64.85469819,159.4933389,94.47628645,50,184.4762864,84.85469819
5407,4.8,30.09912879,50.09912879,70.09912879,90.09912879,106.9219939,98.5748333,17,188.5748333,110.0991288
5408,5.3,4.854698192,24.85469819,44.85469819,64.85469819,97.16392229,99.82327444,13,189.8232744,84.85469819
5409,5.3,4.854698192,24.85469819,44.85469819,64.85469819,97.16392229,100.714653,9,190.714653,84.85469819
5410,5.5,4.854698192,24.85469819,44.85469819,64.85469819,97.16392229,102.2809574,11,192.2809574,84.85469819
5411,5.6,42.72134409,62.72134409,82.72134409,102.7213441,97.16392229,100.692064,9,190.692064,122.7213441
5412,6.3,4.854698192,24.85469819,44.85469819,64.85469819,201.4586873,100.7531481,10,190.7531481,84.85469819
5413,7,4.854698192,24.85469819,44.85469819,64.85469819,148.8873423,99.45130685,10,189.4513068,84.85469819
5414,5.8,4.854698192,24.85469819,44.85469819,64.85469819,97.16392229,98.33216251,7,188.3321625,84.85469819
5415,5.7,4.854698192,24.85469819,44.85469819,64.85469819,55.19857386,98.66348263,10,188.6634826,84.85469819
5416,5.6,4.854698192,24.85469819,44.85469819,64.85469819,55.19857386,97.77151722,32,187.7715172,84.85469819
5417,5.4,4.854698192,24.85469819,44.85469819,64.85469819,55.19857386,96.38323965,30,186.3832397,84.85469819
5418,5.2,67.96577468,87.96577468,107.9657747,127.9657747,55.19857386,95.17885944,21,185.1788594,147.9657747
5419,5.5,4.854698192,24.85469819,44.85469819,64.85469819,55.19857386,94.85273706,31,184.8527371,84.85469819
5420,5.8,4.854698192,24.85469819,44.85469819,64.85469819,106.9219939,96.38185924,29,186.3818592,84.85469819
5421,6,4.854698192,24.85469819,44.85469819,64.85469819,106.9219939,95.09698555,17,185.0969856,84.85469819
5422,5.5,4.854698192,24.85469819,44.85469819,64.85469819,55.19857386,92.57961275,14,182.5796128,84.85469819
5423,5.5,4.854698192,24.85469819,44.85469819,64.85469819,21.90472707,91.47238398,5,181.472384,84.85469819
5424,5.9,4.854698192,24.85469819,44.85469819,64.85469819,21.90472707,91.82231791,4,181.8223179,84.85469819
5425,5.5,4.854698192,24.85469819,44.85469819,64.85469819,21.90472707,91.04830361,15,181.0483036,84.85469819
5426,5.2,4.854698192,24.85469819,44.85469819,64.85469819,21.90472707,90.22589047,16,180.2258905,84.85469819
5427,5,4.854698192,24.85469819,44.85469819,64.85469819,21.90472707,90.32352419,12,180.3235242,84.85469819
5428,4.9,4.854698192,24.85469819,44.85469819,64.85469819,34.80523813,89.09631983,24,179.0963198,84.85469819
5429,4.7,4.854698192,24.85469819,44.85469819,64.85469819,34.80523813,90.52648804,47,180.526488,84.85469819
5430,5.3,4.854698192,24.85469819,44.85469819,64.85469819,159.4933389,92.33296503,52,182.332965,84.85469819
5431,5.2,30.09912879,50.09912879,70.09912879,90.09912879,106.9219939,85.68135836,22,175.6813584,110.0991288
5432,5.5,4.854698192,24.85469819,44.85469819,64.85469819,97.16392229,94.60217753,22,184.6021775,84.85469819
5433,5.1,4.854698192,24.85469819,44.85469819,64.85469819,97.16392229,96.16717168,20,186.1671717,84.85469819
5434,4.9,4.854698192,24.85469819,44.85469819,64.85469819,97.16392229,97.06535015,11,187.0653502,84.85469819
5435,4.7,42.72134409,62.72134409,82.72134409,102.7213441,97.16392229,97.88477172,11,187.8847717,122.7213441
5436,4.9,4.854698192,24.85469819,44.85469819,64.85469819,201.4586873,98.7160505,7,188.7160505,84.85469819
5437,5.1,4.854698192,24.85469819,44.85469819,64.85469819,148.8873423,98.5856311,24,188.5856311,84.85469819
5438,4.8,4.854698192,24.85469819,44.85469819,64.85469819,97.16392229,97.45294699,11,187.452947,84.85469819
5439,5.1,4.854698192,24.85469819,44.85469819,64.85469819,55.19857386,97.83043225,11,187.8304322,84.85469819
5440,5.1,4.854698192,24.85469819,44.85469819,64.85469819,55.19857386,97.00456759,23,187.0045676,84.85469819
5441,5.7,4.854698192,24.85469819,44.85469819,64.85469819,55.19857386,96.30608835,31,186.3060884,84.85469819
5442,5.5,67.96577468,87.96577468,107.9657747,127.9657747,55.19857386,95.65371759,37,185.6537176,147.9657747
5443,5.7,4.854698192,24.85469819,44.85469819,64.85469819,55.19857386,96.39241251,40,186.3924125,84.85469819
5444,6.2,4.854698192,24.85469819,44.85469819,64.85469819,106.9219939,97.75863092,31,187.7586309,84.85469819
5445,5.5,4.854698192,24.85469819,44.85469819,64.85469819,106.9219939,96.30648764,22,186.3064876,84.85469819
5446,5.3,4.854698192,24.85469819,44.85469819,64.85469819,55.19857386,95.17442125,13,185.1744212,84.85469819
5447,5.5,4.854698192,24.85469819,44.85469819,64.85469819,21.90472707,94.4186536,10,184.4186536,84.85469819
5448,5.6,4.854698192,24.85469819,44.85469819,64.85469819,21.90472707,93.80903633,5,183.8090363,84.85469819
5449,5.1,4.854698192,24.85469819,44.85469819,64.85469819,21.90472707,93.67324267,19,183.6732427,84.85469819
5450,5.4,4.854698192,24.85469819,44.85469819,64.85469819,21.90472707,93.48923006,6,183.4892301,84.85469819
5451,4.8,5.626292073,25.62629207,45.62629207,65.62629207,21.90472707,93.30638426,10,183.3063843,85.62629207
5452,3.2,5.482233368,25.48223337,45.48223337,65.48223337,34.80523813,96.37954132,25,186.3795413,85.48223337
5453,3.3,4.854698192,24.85469819,44.85469819,64.85469819,34.80523813,105.0099015,45,195.0099015,84.85469819
5454,4.7,4.854698192,24.85469819,44.85469819,64.85469819,159.4933389,113.0386599,37,203.0386599,84.85469819
5455,4.6,30.09912879,50.09912879,70.09912879,90.09912879,106.9219939,117.5942374,17,207.5942374,110.0991288
5456,4.8,4.854698192,24.85469819,44.85469819,64.85469819,97.16392229,114.5440698,20,204.5440698,84.85469819
5457,4.9,4.854698192,24.85469819,44.85469819,64.85469819,97.16392229,109.0524905,15,199.0524905,84.85469819
5458,4.8,4.854698192,24.85469819,44.85469819,64.85469819,97.16392229,116.1152778,12,206.1152778,84.85469819
5459,4.8,42.72134409,62.72134409,82.72134409,102.7213441,97.16392229,117.8106068,12,207.8106068,122.7213441
5460,5.1,4.854698192,24.85469819,44.85469819,64.85469819,201.4586873,117.5097739,10,207.5097739,84.85469819
5461,5.3,4.854698192,24.85469819,44.85469819,64.85469819,148.8873423,117.4525867,9,207.4525867,84.85469819
5462,5.6,4.854698192,24.85469819,44.85469819,64.85469819,97.16392229,116.3268081,12,206.3268081,84.85469819
5463,5.6,4.854698192,24.85469819,44.85469819,64.85469819,55.19857386,111.6949546,12,201.6949546,84.85469819
5464,4.7,4.854698192,24.85469819,44.85469819,64.85469819,55.19857386,108.2329468,28,198.2329468,84.85469819
5465,4.7,4.854698192,24.85469819,44.85469819,64.85469819,55.19857386,105.7317592,19,195.7317592,84.85469819
5466,4.8,67.96577468,87.96577468,107.9657747,127.9657747,55.19857386,105.7857926,40,195.7857926,147.9657747
5467,4.9,4.854698192,24.85469819,44.85469819,64.85469819,55.19857386,106.031435,23,196.031435,84.85469819
5468,5,4.854698192,24.85469819,44.85469819,64.85469819,106.9219939,107.8223442,16,197.8223442,84.85469819
5469,5.1,4.854698192,24.85469819,44.85469819,64.85469819,106.9219939,104.0522413,18,194.0522413,84.85469819
5470,5.2,4.854698192,24.85469819,44.85469819,64.85469819,55.19857386,101.5729654,15,191.5729654,84.85469819
5471,4.7,4.854698192,24.85469819,44.85469819,64.85469819,21.90472707,100.1488784,7,190.1488784,84.85469819
5472,4.8,4.854698192,24.85469819,44.85469819,64.85469819,21.90472707,98.00821465,4,188.0082146,84.85469819
5473,4.7,4.854698192,24.85469819,44.85469819,64.85469819,21.90472707,96.13058534,4,186.1305853,84.85469819
5474,5,4.854698192,24.85469819,44.85469819,64.85469819,21.90472707,95.35981342,4,185.3598134,84.85469819
5475,5.1,4.854698192,24.85469819,44.85469819,64.85469819,21.90472707,96.97003036,4,186.9700304,84.85469819
5476,5.7,4.854698192,24.85469819,44.85469819,64.85469819,34.80523813,98.80890268,14,188.8089027,84.85469819
5477,5.8,4.854698192,24.85469819,44.85469819,64.85469819,34.80523813,105.7840909,29,195.7840909,84.85469819
5478,5.7,4.854698192,24.85469819,44.85469819,64.85469819,139.1000031,115.0187654,37,205.0187654,84.85469819
5479,4.9,30.09912879,50.09912879,70.09912879,90.09912879,86.52865817,117.0667204,27,207.0667204,110.0991288
5480,5,4.854698192,24.85469819,44.85469819,64.85469819,34.80523813,117.4556374,14,207.4556374,84.85469819
5481,4.8,4.854698192,24.85469819,44.85469819,64.85469819,34.80523813,118.1343112,20,208.1343112,84.85469819
5482,4.7,4.854698192,24.85469819,44.85469819,64.85469819,34.80523813,118.5193988,18,208.5193988,84.85469819
5483,4.7,42.72134409,62.72134409,82.72134409,102.7213441,34.80523813,117.6124765,12,207.6124765,122.7213441
5484,5.1,4.854698192,24.85469819,44.85469819,64.85469819,139.1000031,118.6734006,10,208.6734006,84.85469819
5485,5,4.854698192,24.85469819,44.85469819,64.85469819,86.52865817,119.3867738,9,209.3867738,84.85469819
5486,5.4,4.854698192,24.85469819,44.85469819,64.85469819,34.80523813,119.4662843,14,209.4662843,84.85469819
5487,5.6,4.854698192,24.85469819,44.85469819,64.85469819,34.80523813,114.3028863,9,204.3028863,84.85469819
5488,5.2,4.854698192,24.85469819,44.85469819,64.85469819,34.80523813,111.0580693,13,201.0580693,84.85469819
5489,5.4,4.854698192,24.85469819,44.85469819,64.85469819,34.80523813,110.6393956,18,200.6393956,84.85469819
5490,5.5,67.96577468,87.96577468,107.9657747,127.9657747,34.80523813,110.7134345,20,200.7134345,147.9657747
5491,5.6,4.854698192,24.85469819,44.85469819,64.85469819,34.80523813,109.09931,15,199.09931,84.85469819
5492,5.5,4.854698192,24.85469819,44.85469819,64.85469819,86.52865817,106.3685279,19,196.3685279,84.85469819
5493,5.5,4.854698192,24.85469819,44.85469819,64.85469819,86.52865817,104.3950028,13,194.3950028,84.85469819
5494,5.7,4.854698192,24.85469819,44.85469819,64.85469819,34.80523813,100.5834374,12,190.5834374,84.85469819
5495,5.4,4.854698192,24.85469819,44.85469819,64.85469819,21.90472707,99.57482745,7,189.5748275,84.85469819
5496,5.1,4.854698192,24.85469819,44.85469819,64.85469819,21.90472707,97.23548737,5,187.2354874,84.85469819
5497,5,4.854698192,24.85469819,44.85469819,64.85469819,21.90472707,96.95697155,16,186.9569715,84.85469819
5498,5,4.854698192,24.85469819,44.85469819,64.85469819,21.90472707,97.52710176,14,187.5271018,84.85469819
5499,4.9,4.854698192,24.85469819,44.85469819,64.85469819,21.90472707,98.90590359,15,188.9059036,84.85469819
5500,5.2,4.854698192,24.85469819,44.85469819,64.85469819,21.90472707,100.5592375,16,190.5592375,84.85469819
5501,5.5,4.854698192,24.85469819,44.85469819,64.85469819,21.90472707,107.3283358,15,197.3283358,84.85469819
5502,5.9,4.854698192,24.85469819,44.85469819,64.85469819,126.1994921,114.5235082,16,204.5235082,84.85469819
5503,5.1,30.09912879,50.09912879,70.09912879,90.09912879,73.62814711,119.8499802,15,209.8499802,110.0991288
5504,4.5,4.854698192,24.85469819,44.85469819,64.85469819,21.90472707,121.1851714,20,211.1851714,84.85469819
5505,4.5,4.854698192,24.85469819,44.85469819,64.85469819,21.90472707,120.3527965,32,210.3527965,84.85469819
5506,4.8,4.854698192,24.85469819,44.85469819,64.85469819,21.90472707,119.409892,36,209.409892,84.85469819
5507,5.1,42.72134409,62.72134409,82.72134409,102.7213441,21.90472707,120.1298742,34,210.1298742,122.7213441
5508,5.3,4.854698192,24.85469819,44.85469819,64.85469819,126.1994921,120.0836578,21,210.0836578,84.85469819
5509,5.4,4.854698192,24.85469819,44.85469819,64.85469819,73.62814711,118.9081789,11,208.9081789,84.85469819
5510,5.6,4.854698192,24.85469819,44.85469819,64.85469819,21.90472707,118.3409092,11,208.3409092,84.85469819
5511,5.9,4.854698192,24.85469819,44.85469819,64.85469819,21.90472707,115.486236,24,205.486236,84.85469819
5512,5.8,4.854698192,24.85469819,44.85469819,64.85469819,21.90472707,111.0508049,20,201.0508049,84.85469819
5513,5.5,4.854698192,24.85469819,44.85469819,64.85469819,21.90472707,108.9570195,21,198.9570195,84.85469819
5514,5.2,67.96577468,87.96577468,107.9657747,127.9657747,21.90472707,107.8625291,17,197.8625291,147.9657747
5515,5.4,4.854698192,24.85469819,44.85469819,64.85469819,21.90472707,107.8290363,13,197.8290363,84.85469819
5516,5.1,4.854698192,24.85469819,44.85469819,64.85469819,73.62814711,107.0921173,13,197.0921173,84.85469819
5517,5.3,4.854698192,24.85469819,44.85469819,64.85469819,73.62814711,103.9660464,17,193.9660464,84.85469819
5518,5.7,5.194115958,25.19411596,45.19411596,65.19411596,21.90472707,103.7111172,16,193.7111172,85.19411596
5519,5.4,5.338174663,25.33817466,45.33817466,65.33817466,21.90472707,102.872272,9,192.872272,85.33817466
5520,5,5.914409483,25.91440948,45.91440948,65.91440948,21.90472707,98.22868372,8,188.2286837,85.91440948
5521,5.3,6.058468188,26.05846819,46.05846819,66.05846819,21.90472707,96.34534853,4,186.3453485,86.05846819
5522,4.9,6.058468188,26.05846819,46.05846819,66.05846819,21.90472707,96.46835085,4,186.4683508,86.05846819
5523,5.2,5.770350778,25.77035078,45.77035078,65.77035078,21.90472707,97.76557454,4,187.7655745,85.77035078
5524,5.1,6.202526893,26.20252689,46.20252689,66.20252689,34.80523813,102.3683086,4,192.3683086,86.20252689
5525,5.1,6.634703008,26.63470301,46.63470301,66.63470301,34.80523813,109.9321528,4,199.9321528,86.63470301
5526,5.5,6.778761713,26.77876171,46.77876171,66.77876171,159.4933389,120.387845,11,210.387845,86.77876171
5527,5,31.5910162,51.5910162,71.5910162,91.5910162,106.9219939,120.7002001,18,210.7002001,111.5910162
5528,5.4,4.905998549,24.90599855,44.90599855,64.90599855,97.16392229,120.6101439,21,210.6101439,84.90599855
5529,5.8,4.854698192,24.85469819,44.85469819,64.85469819,97.16392229,119.8447576,32,209.8447576,84.85469819
5530,5.7,4.854698192,24.85469819,44.85469819,64.85469819,97.16392229,119.2405921,24,209.2405921,84.85469819
5531,6.1,42.72134409,62.72134409,82.72134409,102.7213441,97.16392229,118.2497357,28,208.2497357,122.7213441
5532,6.3,4.854698192,24.85469819,44.85469819,64.85469819,201.4586873,117.2916162,23,207.2916162,84.85469819
5533,5.8,4.854698192,24.85469819,44.85469819,64.85469819,148.8873423,115.4237142,25,205.4237142,84.85469819
5534,5.7,4.854698192,24.85469819,44.85469819,64.85469819,97.16392229,119.1213269,22,209.1213269,84.85469819
5535,5.5,4.854698192,24.85469819,44.85469819,64.85469819,55.19857386,117.2024664,17,207.2024664,84.85469819
5536,5.6,4.854698192,24.85469819,44.85469819,64.85469819,55.19857386,112.2312448,19,202.2312448,84.85469819
5537,5.3,4.854698192,24.85469819,44.85469819,64.85469819,55.19857386,109.3135701,23,199.3135701,84.85469819
5538,5.2,67.96577468,87.96577468,107.9657747,127.9657747,55.19857386,108.324149,44,198.324149,147.9657747
5539,5.9,4.854698192,24.85469819,44.85469819,64.85469819,55.19857386,108.0798673,48,198.0798673,84.85469819
5540,5.3,4.854698192,24.85469819,44.85469819,64.85469819,106.9219939,107.368511,41,197.368511,84.85469819
5541,4.9,4.854698192,24.85469819,44.85469819,64.85469819,106.9219939,104.6643721,20,194.6643721,84.85469819
5542,4.7,4.854698192,24.85469819,44.85469819,64.85469819,55.19857386,102.1482637,9,192.1482637,84.85469819
5543,4.4,4.854698192,24.85469819,44.85469819,64.85469819,21.90472707,101.2047675,4,191.2047675,84.85469819
5544,4.4,4.854698192,24.85469819,44.85469819,64.85469819,21.90472707,98.30420549,4,188.3042055,84.85469819
5545,4.5,5.194115958,25.19411596,45.19411596,65.19411596,21.90472707,97.49404208,4,187.4940421,85.19411596
5546,4.3,5.770350778,25.77035078,45.77035078,65.77035078,21.90472707,97.27178835,4,187.2717883,85.77035078
5547,4,6.922820418,26.92282042,46.92282042,66.92282042,21.90472707,98.20280361,10,188.2028036,86.92282042
5548,4,7.066879123,27.06687912,47.06687912,67.06687912,34.80523813,99.9017095,27,189.9017095,87.06687912
5549,3.7,6.202526893,26.20252689,46.20252689,66.20252689,34.80523813,107.9476199,41,197.9476199,86.20252689
5550,4.3,4.854698192,24.85469819,44.85469819,64.85469819,159.4933389,115.7080463,54,205.7080463,84.85469819
5551,4.5,30.09912879,50.09912879,70.09912879,90.09912879,106.9219939,118.6077477,24,208.6077477,110.0991288
5552,4.3,4.854698192,24.85469819,44.85469819,64.85469819,97.16392229,118.7539698,7,208.7539698,84.85469819
5553,4.9,4.854698192,24.85469819,44.85469819,64.85469819,97.16392229,117.7776806,16,207.7776806,84.85469819
5554,5.3,4.854698192,24.85469819,44.85469819,64.85469819,97.16392229,117.6139468,7,207.6139468,84.85469819
5555,5.2,42.72134409,62.72134409,82.72134409,102.7213441,97.16392229,116.2551059,5,206.2551059,122.7213441
5556,5.1,4.854698192,24.85469819,44.85469819,64.85469819,201.4586873,115.4561,5,205.4561,84.85469819
5557,5.3,4.854698192,24.85469819,44.85469819,64.85469819,148.8873423,112.6708027,8,202.6708027,84.85469819
5558,5.6,4.854698192,24.85469819,44.85469819,64.85469819,97.16392229,110.0367971,13,200.0367971,84.85469819
5559,5.3,4.854698192,24.85469819,44.85469819,64.85469819,55.19857386,106.7342279,8,196.7342279,84.85469819
5560,5.1,4.854698192,24.85469819,44.85469819,64.85469819,55.19857386,104.7949773,19,194.7949773,84.85469819
5561,5.3,4.854698192,24.85469819,44.85469819,64.85469819,55.19857386,103.2199692,29,193.2199692,84.85469819
5562,5,67.96577468,87.96577468,107.9657747,127.9657747,55.19857386,102.149569,43,192.149569,147.9657747
5563,5.2,4.854698192,24.85469819,44.85469819,64.85469819,55.19857386,102.7413544,18,192.7413544,84.85469819
5564,5,4.854698192,24.85469819,44.85469819,64.85469819,106.9219939,100.8123705,21,190.8123705,84.85469819
5565,5,4.854698192,24.85469819,44.85469819,64.85469819,106.9219939,98.46287404,25,188.462874,84.85469819
5566,5.5,5.914409483,25.91440948,45.91440948,65.91440948,55.19857386,96.93419053,24,186.9341905,85.91440948
5567,4.8,7.787172648,27.78717265,47.78717265,67.78717265,21.90472707,94.95418836,18,184.9541884,87.78717265
5568,4.5,8.075290057,28.07529006,48.07529006,68.07529006,21.90472707,95.41737704,20,185.417377,88.07529006
5569,4.3,7.066879123,27.06687912,47.06687912,67.06687912,21.90472707,93.76420606,19,183.7642061,87.06687912
5570,4.5,6.346585598,26.3465856,46.3465856,66.3465856,21.90472707,93.89242473,22,183.8924247,86.3465856
5571,4.6,7.499055238,27.49905524,47.49905524,67.49905524,21.90472707,94.47154513,25,184.4715451,87.49905524
5572,4.5,8.939642287,28.93964229,48.93964229,68.93964229,34.80523813,95.9970109,41,185.9970109,88.93964229
5573,4.3,6.922820418,26.92282042,46.92282042,66.92282042,34.80523813,98.25181655,74,188.2518165,86.92282042
5574,4.3,4.854698192,24.85469819,44.85469819,64.85469819,159.4933389,100.1083677,64,190.1083677,84.85469819
5575,4.8,30.09912879,50.09912879,70.09912879,90.09912879,106.9219939,101.9885063,33,191.9885063,110.0991288
5576,5.3,4.854698192,24.85469819,44.85469819,64.85469819,97.16392229,102.812067,21,192.812067,84.85469819
5577,5.2,4.854698192,24.85469819,44.85469819,64.85469819,97.16392229,102.8844335,9,192.8844335,84.85469819
5578,5.3,4.854698192,24.85469819,44.85469819,64.85469819,97.16392229,102.0974333,11,192.0974333,84.85469819
5579,5.7,42.72134409,62.72134409,82.72134409,102.7213441,97.16392229,103.6687109,7,193.6687109,122.7213441
5580,6.4,4.854698192,24.85469819,44.85469819,64.85469819,201.4586873,102.090858,8,192.090858,84.85469819
5581,6.6,4.854698192,24.85469819,44.85469819,64.85469819,148.8873423,100.0361548,8,190.0361548,84.85469819
5582,5.5,4.854698192,24.85469819,44.85469819,64.85469819,97.16392229,100.0258984,9,190.0258984,84.85469819
5583,5.9,4.854698192,24.85469819,44.85469819,64.85469819,55.19857386,99.91702801,10,189.917028,84.85469819
5584,6.2,4.854698192,24.85469819,44.85469819,64.85469819,55.19857386,97.89120176,17,187.8912018,84.85469819
5585,6.3,4.854698192,24.85469819,44.85469819,64.85469819,55.19857386,96.35393412,28,186.3539341,84.85469819
5586,6.2,67.96577468,87.96577468,107.9657747,127.9657747,55.19857386,97.67234482,39,187.6723448,147.9657747
5587,6.2,4.854698192,24.85469819,44.85469819,64.85469819,55.19857386,98.13672375,24,188.1367237,84.85469819
5588,6.1,7.210937828,27.21093783,47.21093783,67.21093783,106.9219939,96.65157527,34,186.6515753,87.21093783
5589,6.4,8.651524877,28.65152488,48.65152488,68.65152488,106.9219939,94.82225046,47,184.8222505,88.65152488
5590,6.4,9.227759697,29.2277597,49.2277597,69.2277597,55.19857386,94.33109171,35,184.3310917,89.2277597
5591,5.2,8.939642287,28.93964229,48.93964229,68.93964229,21.90472707,92.92603114,31,182.9260311,88.93964229
5592,5.5,10.38022934,30.38022934,50.38022934,70.38022934,21.90472707,94.95772432,34,184.9577243,90.38022934
5593,5.5,11.53269898,31.53269898,51.53269898,71.53269898,21.90472707,93.15084974,33,183.1508497,91.53269898
5594,6.1,11.96487509,31.96487509,51.96487509,71.96487509,21.90472707,92.12300803,36,182.123008,91.96487509
5595,6.2,12.1089338,32.1089338,52.1089338,72.1089338,21.90472707,94.04524881,36,184.0452488,92.1089338
5596,6.2,12.68516862,32.68516862,52.68516862,72.68516862,34.80523813,92.46362835,49,182.4636284,92.68516862
5597,5.9,10.09211193,30.09211193,50.09211193,70.09211193,34.80523813,93.24806508,94,183.2480651,90.09211193
5598,6.1,7.210937828,27.21093783,47.21093783,67.21093783,159.4933389,95.33182886,56,185.3318289,87.21093783
5599,6.8,30.09912879,50.09912879,70.09912879,90.09912879,106.9219939,97.02696394,19,187.0269639,110.0991288
5600,5.9,4.854698192,24.85469819,44.85469819,64.85469819,97.16392229,98.0481254,7,188.0481254,84.85469819
5601,6.2,4.854698192,24.85469819,44.85469819,64.85469819,97.16392229,98.85167031,11,188.8516703,84.85469819
5602,5.9,4.854698192,24.85469819,44.85469819,64.85469819,97.16392229,99.37352563,11,189.3735256,84.85469819
5603,6.2,42.72134409,62.72134409,82.72134409,102.7213441,97.16392229,99.65971526,9,189.6597153,122.7213441
5604,5.9,4.854698192,24.85469819,44.85469819,64.85469819,201.4586873,101.1765751,9,191.1765751,84.85469819
5605,5.8,4.854698192,24.85469819,44.85469819,64.85469819,148.8873423,100.1201088,6,190.1201088,84.85469819
5606,5.7,4.854698192,24.85469819,44.85469819,64.85469819,97.16392229,100.1182157,5,190.1182157,84.85469819
5607,5.9,4.854698192,24.85469819,44.85469819,64.85469819,55.19857386,99.11714423,9,189.1171442,84.85469819
5608,5.9,4.854698192,24.85469819,44.85469819,64.85469819,55.19857386,98.4351607,23,188.4351607,84.85469819
5609,6.4,4.854698192,24.85469819,44.85469819,64.85469819,55.19857386,98.51956973,24,188.5195697,84.85469819
5610,6,67.96577468,87.96577468,107.9657747,127.9657747,55.19857386,98.31906696,31,188.319067,147.9657747
5611,5.8,4.854698192,24.85469819,44.85469819,64.85469819,55.19857386,99.52407709,23,189.5240771,84.85469819
5612,5.9,4.854698192,24.85469819,44.85469819,64.85469819,106.9219939,100.4183915,26,190.4183915,84.85469819
5613,5.5,4.854698192,24.85469819,44.85469819,64.85469819,106.9219939,97.42592217,18,187.4259222,84.85469819
5614,5.2,4.905998549,24.90599855,44.90599855,64.90599855,55.19857386,98.4228479,9,188.4228479,84.90599855
5615,5.2,5.338174663,25.33817466,45.33817466,65.33817466,21.90472707,96.38762746,4,186.3876275,85.33817466
5616,5.9,6.634703008,26.63470301,46.63470301,66.63470301,21.90472707,97.54159898,4,187.541599,86.63470301
5617,5.7,7.643113943,27.64311394,47.64311394,67.64311394,21.90472707,97.78132592,4,187.7813259,87.64311394
5618,5.9,8.507466172,28.50746617,48.50746617,68.50746617,21.90472707,97.35844426,4,187.3584443,88.50746617
5619,5.4,10.23617063,30.23617063,50.23617063,70.23617063,21.90472707,99.16631495,4,189.166315,90.23617063
5620,5.7,10.66834675,30.66834675,50.66834675,70.66834675,34.80523813,101.4677956,9,191.4677956,90.66834675
5621,5.6,9.227759697,29.2277597,49.2277597,69.2277597,34.80523813,110.8287597,54,200.8287597,89.2277597
5622,5.7,7.210937828,27.21093783,47.21093783,67.21093783,159.4933389,118.0004617,47,208.0004617,87.21093783
5623,6.1,30.29448785,50.29448785,70.29448785,90.29448785,106.9219939,120.9311043,16,210.9311043,110.2944879
5624,5.2,4.854698192,24.85469819,44.85469819,64.85469819,97.16392229,119.3080799,15,209.3080799,84.85469819
5625,5.3,4.854698192,24.85469819,44.85469819,64.85469819,97.16392229,122.2459132,13,212.2459132,84.85469819
5626,5,4.854698192,24.85469819,44.85469819,64.85469819,97.16392229,122.67183,8,212.67183,84.85469819
5627,5.2,42.72134409,62.72134409,82.72134409,102.7213441,97.16392229,123.6399648,6,213.6399648,122.7213441
5628,5.2,4.854698192,24.85469819,44.85469819,64.85469819,201.4586873,125.0157924,8,215.0157924,84.85469819
5629,5.4,4.854698192,24.85469819,44.85469819,64.85469819,148.8873423,123.5697851,6,213.5697851,84.85469819
5630,5,4.854698192,24.85469819,44.85469819,64.85469819,97.16392229,123.065263,8,213.065263,84.85469819
5631,5.3,4.854698192,24.85469819,44.85469819,64.85469819,55.19857386,118.4179932,6,208.4179932,84.85469819
5632,5.4,4.854698192,24.85469819,44.85469819,64.85469819,55.19857386,116.7130594,20,206.7130594,84.85469819
5633,5.7,4.854698192,24.85469819,44.85469819,64.85469819,55.19857386,116.4593807,19,206.4593807,84.85469819
5634,5.4,67.96577468,87.96577468,107.9657747,127.9657747,55.19857386,116.1144515,29,206.1144515,147.9657747
5635,5.4,4.905998549,24.90599855,44.90599855,64.90599855,55.19857386,111.9859258,19,201.9859258,84.90599855
5636,5.6,6.058468188,26.05846819,46.05846819,66.05846819,106.9219939,110.6971395,29,200.6971395,86.05846819
5637,5.4,7.354996533,27.35499653,47.35499653,67.35499653,106.9219939,108.1741191,14,198.1741191,87.35499653
5638,5.5,9.227759697,29.2277597,49.2277597,69.2277597,55.19857386,108.1917049,10,198.1917049,89.2277597
5639,5.9,10.95646416,30.95646416,50.95646416,70.95646416,21.90472707,104.9528675,5,194.9528675,90.95646416
5640,6.3,11.67675768,31.67675768,51.67675768,71.67675768,21.90472707,102.254096,5,192.254096,91.67675768
5641,6.3,11.96487509,31.96487509,51.96487509,71.96487509,21.90472707,101.0067124,4,191.0067124,91.96487509
5642,6.6,12.39705121,32.39705121,52.39705121,72.39705121,21.90472707,100.925854,3,190.925854,92.39705121
5643,6.4,13.40546214,33.40546214,53.40546214,73.40546214,21.90472707,103.0235712,4,193.0235712,93.40546214
5644,6.7,13.69357955,33.69357955,53.69357955,73.69357955,34.80523813,104.7896418,7,194.7896418,93.69357955
5645,6.3,11.38864027,31.38864027,51.38864027,71.38864027,34.80523813,111.2731535,63,201.2731535,91.38864027
5646,6.8,6.922820418,26.92282042,46.92282042,66.92282042,139.1000031,119.8745581,34,209.8745581,86.92282042
5647,6.6,30.09912879,50.09912879,70.09912879,90.09912879,86.52865817,122.3094161,20,212.3094161,110.0991288
5648,6.6,4.854698192,24.85469819,44.85469819,64.85469819,34.80523813,120.7708942,13,210.7708942,84.85469819
5649,5.5,4.854698192,24.85469819,44.85469819,64.85469819,34.80523813,119.4118738,10,209.4118738,84.85469819
5650,5.8,4.854698192,24.85469819,44.85469819,64.85469819,34.80523813,119.419247,14,209.419247,84.85469819
5651,6,42.72134409,62.72134409,82.72134409,102.7213441,34.80523813,119.7952874,13,209.7952874,122.7213441
5652,5.4,4.854698192,24.85469819,44.85469819,64.85469819,139.1000031,111.5570015,12,201.5570015,84.85469819
5653,5.3,4.854698192,24.85469819,44.85469819,64.85469819,86.52865817,118.865004,11,208.865004,84.85469819
5654,5.3,4.854698192,24.85469819,44.85469819,64.85469819,34.80523813,117.8334229,11,207.8334229,84.85469819
5655,5.9,4.854698192,24.85469819,44.85469819,64.85469819,34.80523813,115.6593605,15,205.6593605,84.85469819
5656,5.8,4.854698192,24.85469819,44.85469819,64.85469819,34.80523813,112.8171259,16,202.8171259,84.85469819
5657,5.5,4.854698192,24.85469819,44.85469819,64.85469819,34.80523813,111.2120197,38,201.2120197,84.85469819
5658,5.5,67.96577468,87.96577468,107.9657747,127.9657747,34.80523813,111.8602505,29,201.8602505,147.9657747
5659,5.8,4.854698192,24.85469819,44.85469819,64.85469819,34.80523813,110.1988934,19,200.1988934,84.85469819
5660,6.1,4.854698192,24.85469819,44.85469819,64.85469819,86.52865817,109.6774465,12,199.6774465,84.85469819
5661,6.3,4.854698192,24.85469819,44.85469819,64.85469819,86.52865817,106.6374137,12,196.6374137,84.85469819
5662,6.4,4.854698192,24.85469819,44.85469819,64.85469819,34.80523813,106.1880338,19,196.1880338,84.85469819
5663,6.3,4.854698192,24.85469819,44.85469819,64.85469819,21.90472707,104.7817084,18,194.7817084,84.85469819
5664,6.6,4.854698192,24.85469819,44.85469819,64.85469819,21.90472707,102.5782092,18,192.5782092,84.85469819
5665,7.1,4.854698192,24.85469819,44.85469819,64.85469819,21.90472707,99.57980677,19,189.5798068,84.85469819
5666,7,4.854698192,24.85469819,44.85469819,64.85469819,21.90472707,101.1491677,18,191.1491677,84.85469819
5667,6.9,4.854698192,24.85469819,44.85469819,64.85469819,21.90472707,101.4034762,22,191.4034762,84.85469819
5668,6.9,4.854698192,24.85469819,44.85469819,64.85469819,21.90472707,104.4065112,25,194.4065112,84.85469819
5669,6.7,4.854698192,24.85469819,44.85469819,64.85469819,21.90472707,112.7317187,27,202.7317187,84.85469819
5670,7.5,4.854698192,24.85469819,44.85469819,64.85469819,126.1994921,123.5586515,20,213.5586515,84.85469819
5671,7.4,30.09912879,50.09912879,70.09912879,90.09912879,73.62814711,124.5262012,25,214.5262012,110.0991288
5672,6.1,4.854698192,24.85469819,44.85469819,64.85469819,21.90472707,125.1861961,32,215.1861961,84.85469819
5673,5.5,4.854698192,24.85469819,44.85469819,64.85469819,21.90472707,125.6802017,29,215.6802017,84.85469819
5674,5.8,4.854698192,24.85469819,44.85469819,64.85469819,21.90472707,127.1394322,33,217.1394322,84.85469819
5675,6.2,42.72134409,62.72134409,82.72134409,102.7213441,21.90472707,127.2136809,17,217.2136809,122.7213441
5676,6,4.854698192,24.85469819,44.85469819,64.85469819,126.1994921,126.8021196,25,216.8021196,84.85469819
5677,5.8,4.854698192,24.85469819,44.85469819,64.85469819,73.62814711,126.2582415,18,216.2582415,84.85469819
5678,6.3,4.854698192,24.85469819,44.85469819,64.85469819,21.90472707,127.8222481,15,217.8222481,84.85469819
5679,6.6,4.854698192,24.85469819,44.85469819,64.85469819,21.90472707,124.0245334,15,214.0245334,84.85469819
5680,6.2,5.194115958,25.19411596,45.19411596,65.19411596,21.90472707,120.6891537,23,210.6891537,85.19411596
5681,5.7,5.770350778,25.77035078,45.77035078,65.77035078,21.90472707,118.8558213,35,208.8558213,85.77035078
5682,5.7,69.88983821,89.88983821,109.8898382,129.8898382,21.90472707,117.9822461,13,207.9822461,149.8898382
5683,5.7,7.643113943,27.64311394,47.64311394,67.64311394,21.90472707,118.5171955,21,208.5171955,87.64311394
5684,5.8,7.354996533,27.35499653,47.35499653,67.35499653,73.62814711,114.2883687,14,204.2883687,87.35499653
5685,5.9,7.066879123,27.06687912,47.06687912,67.06687912,73.62814711,110.578038,39,200.578038,87.06687912
5686,6.1,6.778761713,26.77876171,46.77876171,66.77876171,21.90472707,109.664053,28,199.664053,86.77876171
5687,6,6.634703008,26.63470301,46.63470301,66.63470301,21.90472707,107.7600992,23,197.7600992,86.63470301
5688,6.8,6.634703008,26.63470301,46.63470301,66.63470301,21.90472707,105.8810365,23,195.8810365,86.63470301
5689,6.2,6.346585598,26.3465856,46.3465856,66.3465856,21.90472707,106.7120149,20,196.7120149,86.3465856
5690,6.3,5.770350778,25.77035078,45.77035078,65.77035078,21.90472707,104.9509928,19,194.9509928,85.77035078
5691,6.2,5.338174663,25.33817466,45.33817466,65.33817466,21.90472707,106.7553256,18,196.7553256,85.33817466
5692,6.1,4.854698192,24.85469819,44.85469819,64.85469819,34.80523813,109.1561779,19,199.1561779,84.85469819
5693,5.9,4.854698192,24.85469819,44.85469819,64.85469819,34.80523813,118.8120454,23,208.8120454,84.85469819
5694,5.5,4.854698192,24.85469819,44.85469819,64.85469819,159.4933389,123.9201884,29,213.9201884,84.85469819
5695,5.8,30.09912879,50.09912879,70.09912879,90.09912879,106.9219939,125.7223079,32,215.7223079,110.0991288
5696,5.6,4.854698192,24.85469819,44.85469819,64.85469819,97.16392229,125.3666924,30,215.3666924,84.85469819
5697,5.6,4.854698192,24.85469819,44.85469819,64.85469819,97.16392229,127.6018975,31,217.6018975,84.85469819
5698,6,4.854698192,24.85469819,44.85469819,64.85469819,97.16392229,126.5472405,32,216.5472405,84.85469819
5699,6.3,42.72134409,62.72134409,82.72134409,102.7213441,97.16392229,125.1130016,20,215.1130016,122.7213441
5700,5.6,4.854698192,24.85469819,44.85469819,64.85469819,201.4586873,125.969591,12,215.969591,84.85469819
5701,5.8,4.854698192,24.85469819,44.85469819,64.85469819,148.8873423,126.5788096,17,216.5788096,84.85469819
5702,6,4.854698192,24.85469819,44.85469819,64.85469819,97.16392229,124.4210836,19,214.4210836,84.85469819
5703,5.6,4.854698192,24.85469819,44.85469819,64.85469819,55.19857386,122.6018014,25,212.6018014,84.85469819
5704,5.3,4.854698192,24.85469819,44.85469819,64.85469819,55.19857386,123.2074928,54,213.2074928,84.85469819
5705,5.5,4.854698192,24.85469819,44.85469819,64.85469819,55.19857386,116.7198862,40,206.7198862,84.85469819
5706,5.4,67.96577468,87.96577468,107.9657747,127.9657747,55.19857386,114.2531507,57,204.2531507,147.9657747
5707,5.6,4.854698192,24.85469819,44.85469819,64.85469819,55.19857386,113.2705281,59,203.2705281,84.85469819
5708,5.5,4.854698192,24.85469819,44.85469819,64.85469819,106.9219939,112.8088958,43,202.8088958,84.85469819
5709,5.8,4.854698192,24.85469819,44.85469819,64.85469819,106.9219939,108.8815679,40,198.8815679,84.85469819
5710,5.3,4.854698192,24.85469819,44.85469819,64.85469819,55.19857386,107.2516681,36,197.2516681,84.85469819
5711,5.3,4.854698192,24.85469819,44.85469819,64.85469819,21.90472707,105.0413039,30,195.0413039,84.85469819
5712,5,4.854698192,24.85469819,44.85469819,64.85469819,21.90472707,101.7990364,31,191.7990364,84.85469819
5713,5,4.854698192,24.85469819,44.85469819,64.85469819,21.90472707,101.8222717,32,191.8222717,84.85469819
5714,4.9,4.854698192,24.85469819,44.85469819,64.85469819,21.90472707,100.6136719,33,190.6136719,84.85469819
5715,4.8,4.854698192,24.85469819,44.85469819,64.85469819,21.90472707,102.7524345,33,192.7524345,84.85469819
5716,4.7,4.854698192,24.85469819,44.85469819,64.85469819,34.80523813,104.8498896,42,194.8498896,84.85469819
5717,4.4,4.854698192,24.85469819,44.85469819,64.85469819,34.80523813,114.071978,99,204.071978,84.85469819
5718,4.4,4.854698192,24.85469819,44.85469819,64.85469819,159.4933389,122.818056,70,212.818056,84.85469819
5719,4.6,30.09912879,50.09912879,70.09912879,90.09912879,106.9219939,124.9926995,27,214.9926995,110.0991288
5720,5.1,4.854698192,24.85469819,44.85469819,64.85469819,97.16392229,126.198059,15,216.198059,84.85469819
5721,6,4.854698192,24.85469819,44.85469819,64.85469819,97.16392229,123.3330431,17,213.3330431,84.85469819
5722,5.6,4.854698192,24.85469819,44.85469819,64.85469819,97.16392229,124.3039973,15,214.3039973,84.85469819
5723,5.7,42.72134409,62.72134409,82.72134409,102.7213441,97.16392229,122.8748241,9,212.8748241,122.7213441
5724,5.8,4.854698192,24.85469819,44.85469819,64.85469819,201.4586873,121.3828631,5,211.3828631,84.85469819
5725,5.7,4.854698192,24.85469819,44.85469819,64.85469819,148.8873423,119.7115603,11,209.7115603,84.85469819
5726,5.6,4.854698192,24.85469819,44.85469819,64.85469819,97.16392229,118.0277463,7,208.0277463,84.85469819
5727,5.5,4.854698192,24.85469819,44.85469819,64.85469819,55.19857386,114.010367,9,204.010367,84.85469819
5728,5.4,4.854698192,24.85469819,44.85469819,64.85469819,55.19857386,110.428717,31,200.428717,84.85469819
5729,5.9,4.854698192,24.85469819,44.85469819,64.85469819,55.19857386,108.5921616,24,198.5921616,84.85469819
5730,5.2,67.96577468,87.96577468,107.9657747,127.9657747,55.19857386,106.7982984,41,196.7982984,147.9657747
5731,5.3,4.854698192,24.85469819,44.85469819,64.85469819,55.19857386,106.4435982,56,196.4435982,84.85469819
5732,5.6,4.854698192,24.85469819,44.85469819,64.85469819,106.9219939,104.5865561,50,194.5865561,84.85469819
5733,5.5,4.854698192,24.85469819,44.85469819,64.85469819,106.9219939,101.7857322,35,191.7857322,84.85469819
5734,5.1,4.854698192,24.85469819,44.85469819,64.85469819,55.19857386,100.1138334,31,190.1138334,84.85469819
5735,4.9,4.854698192,24.85469819,44.85469819,64.85469819,21.90472707,99.05142753,22,189.0514275,84.85469819
5736,4.6,4.854698192,24.85469819,44.85469819,64.85469819,21.90472707,98.27659739,18,188.2765974,84.85469819
5737,4.5,4.854698192,24.85469819,44.85469819,64.85469819,21.90472707,96.90114245,18,186.9011424,84.85469819
5738,4.6,4.854698192,24.85469819,44.85469819,64.85469819,21.90472707,96.87685211,17,186.8768521,84.85469819
5739,4.5,4.854698192,24.85469819,44.85469819,64.85469819,21.90472707,97.46961244,15,187.4696124,84.85469819
5740,4.7,4.854698192,24.85469819,44.85469819,64.85469819,34.80523813,98.22506452,16,188.2250645,84.85469819
5741,4.9,4.854698192,24.85469819,44.85469819,64.85469819,34.80523813,100.7077485,68,190.7077485,84.85469819
5742,4.6,4.854698192,24.85469819,44.85469819,64.85469819,185.5653067,102.9184282,35,192.9184282,84.85469819
5743,4.7,30.09912879,50.09912879,70.09912879,90.09912879,132.9939617,104.7046882,17,194.7046882,110.0991288
5744,5.1,4.854698192,24.85469819,44.85469819,64.85469819,142.9760943,105.9400973,6,195.9400973,84.85469819
5745,5.6,4.854698192,24.85469819,44.85469819,64.85469819,142.9760943,106.1281836,11,196.1281836,84.85469819
5746,5.7,4.854698192,24.85469819,44.85469819,64.85469819,142.9760943,106.3666957,11,196.3666957,84.85469819
5747,5.4,42.72134409,62.72134409,82.72134409,102.7213441,142.9760943,105.438641,8,195.438641,122.7213441
5748,5.6,4.854698192,24.85469819,44.85469819,64.85469819,273.3428271,105.9104837,7,195.9104837,84.85469819
5749,5.7,4.854698192,24.85469819,44.85469819,64.85469819,220.7714822,105.2523296,7,195.2523296,84.85469819
5750,5.3,4.854698192,24.85469819,44.85469819,64.85469819,142.9760943,105.2684241,7,195.2684241,84.85469819
5751,5.2,4.854698192,24.85469819,44.85469819,64.85469819,55.19857386,103.7262589,12,193.7262589,84.85469819
5752,5.4,4.854698192,24.85469819,44.85469819,64.85469819,55.19857386,104.639202,23,194.639202,84.85469819
5753,5.8,4.854698192,24.85469819,44.85469819,64.85469819,55.19857386,100.5809217,23,190.5809217,84.85469819
5754,6.4,67.96577468,87.96577468,107.9657747,127.9657747,55.19857386,100.3585867,41,190.3585867,147.9657747
5755,6.4,4.854698192,24.85469819,44.85469819,64.85469819,55.19857386,101.6466461,42,191.6466461,84.85469819
5756,6.8,4.854698192,24.85469819,44.85469819,64.85469819,132.9939617,101.887744,42,191.887744,84.85469819
5757,6.2,4.854698192,24.85469819,44.85469819,64.85469819,132.9939617,99.4894025,25,189.4894025,84.85469819
5758,7.1,4.854698192,24.85469819,44.85469819,64.85469819,55.19857386,101.1134718,13,191.1134718,84.85469819
5759,6.2,4.854698192,24.85469819,44.85469819,64.85469819,21.90472707,99.23387634,14,189.2338763,84.85469819
5760,6,4.854698192,24.85469819,44.85469819,64.85469819,21.90472707,100.6037108,22,190.6037108,84.85469819
5761,6.2,4.854698192,24.85469819,44.85469819,64.85469819,21.90472707,99.63470126,20,189.6347013,84.85469819
5762,6.1,4.854698192,24.85469819,44.85469819,64.85469819,21.90472707,98.86278874,21,188.8627887,84.85469819
5763,5.9,4.854698192,24.85469819,44.85469819,64.85469819,21.90472707,99.90729313,22,189.9072931,84.85469819
5764,5.8,4.854698192,24.85469819,44.85469819,64.85469819,34.80523813,98.52402472,23,188.5240247,84.85469819
5765,6.4,4.854698192,24.85469819,44.85469819,64.85469819,34.80523813,99.17406282,72,189.1740628,84.85469819
5766,6.5,4.854698192,24.85469819,44.85469819,64.85469819,133.8418866,100.7674225,46,190.7674225,84.85469819
5767,6.6,30.09912879,50.09912879,70.09912879,90.09912879,81.27054168,100.6874816,21,190.6874816,110.0991288
5768,6.7,4.854698192,24.85469819,44.85469819,64.85469819,142.9760943,102.8896738,8,192.8896738,84.85469819
5769,7,4.854698192,24.85469819,44.85469819,64.85469819,142.9760943,102.9617037,9,192.9617037,84.85469819
5770,7.7,4.854698192,24.85469819,44.85469819,64.85469819,142.9760943,104.7604012,6,194.7604012,84.85469819
5771,7.8,42.72134409,62.72134409,82.72134409,102.7213441,142.9760943,103.5295567,9,193.5295567,122.7213441
5772,8.1,4.854698192,24.85469819,44.85469819,64.85469819,221.6194071,102.4493789,6,192.4493789,84.85469819
5773,7.8,4.854698192,24.85469819,44.85469819,64.85469819,169.0480621,102.4880514,7,192.4880514,84.85469819
5774,7.5,4.854698192,24.85469819,44.85469819,64.85469819,142.9760943,101.7388805,9,191.7388805,84.85469819
5775,7.4,4.854698192,24.85469819,44.85469819,64.85469819,55.19857386,101.0204287,10,191.0204287,84.85469819
5776,7.4,4.854698192,24.85469819,44.85469819,64.85469819,55.19857386,102.1009365,18,192.1009365,84.85469819
5777,7.7,4.854698192,24.85469819,44.85469819,64.85469819,55.19857386,101.2429539,17,191.2429539,84.85469819
5778,7.6,67.96577468,87.96577468,107.9657747,127.9657747,55.19857386,101.0512171,33,191.0512171,147.9657747
5779,7,4.854698192,24.85469819,44.85469819,64.85469819,55.19857386,101.8650048,28,191.8650048,84.85469819
5780,7,4.854698192,24.85469819,44.85469819,64.85469819,81.27054168,100.7340168,32,190.7340168,84.85469819
5781,7.6,6.346585598,26.3465856,46.3465856,66.3465856,81.27054168,98.72251969,28,188.7225197,86.3465856
5782,7.9,6.634703008,26.63470301,46.63470301,66.63470301,55.19857386,98.56582318,27,188.5658232,86.63470301
5783,8.9,7.499055238,27.49905524,47.49905524,67.49905524,21.90472707,97.38657356,18,187.3865736,87.49905524
5784,8.6,8.219348762,28.21934876,48.21934876,68.21934876,21.90472707,97.42425543,18,187.4242554,88.21934876
5785,8.8,8.795583582,28.79558358,48.79558358,68.79558358,21.90472707,97.49406213,20,187.4940621,88.79558358
5786,9,8.939642287,28.93964229,48.93964229,68.93964229,21.90472707,97.43530235,20,187.4353023,88.93964229
5787,9.5,9.371818402,29.3718184,49.3718184,69.3718184,21.90472707,99.00216076,20,189.0021608,89.3718184
5788,9.8,9.515877107,29.51587711,49.51587711,69.51587711,34.80523813,103.9151255,22,193.9151255,89.51587711
5789,10.1,8.219348762,28.21934876,48.21934876,68.21934876,34.80523813,111.3257402,53,201.3257402,88.21934876
5790,10.7,5.194115958,25.19411596,45.19411596,65.19411596,133.8418866,119.4473314,47,209.4473314,85.19411596
5791,9.9,30.09912879,50.09912879,70.09912879,90.09912879,81.27054168,122.0235465,22,212.0235465,110.0991288
5792,8.9,4.854698192,24.85469819,44.85469819,64.85469819,142.9760943,123.3572042,10,213.3572042,84.85469819
5793,8.1,4.854698192,24.85469819,44.85469819,64.85469819,142.9760943,125.1230686,10,215.1230686,84.85469819
5794,7.5,4.854698192,24.85469819,44.85469819,64.85469819,142.9760943,122.0768582,8,212.0768582,84.85469819
5795,6.9,42.72134409,62.72134409,82.72134409,102.7213441,142.9760943,121.6985157,10,211.6985157,122.7213441
5796,6.2,4.854698192,24.85469819,44.85469819,64.85469819,221.6194071,121.0155319,6,211.0155319,84.85469819
5797,6,4.854698192,24.85469819,44.85469819,64.85469819,169.0480621,118.5113761,10,208.5113761,84.85469819
5798,6.4,4.854698192,24.85469819,44.85469819,64.85469819,142.9760943,118.6645599,7,208.6645599,84.85469819
5799,7,4.854698192,24.85469819,44.85469819,64.85469819,55.19857386,114.4616578,15,204.4616578,84.85469819
5800,6.7,4.854698192,24.85469819,44.85469819,64.85469819,55.19857386,111.7155804,22,201.7155804,84.85469819
5801,6.5,4.854698192,24.85469819,44.85469819,64.85469819,55.19857386,110.707877,24,200.707877,84.85469819
5802,6.7,67.96577468,87.96577468,107.9657747,127.9657747,55.19857386,111.1430214,35,201.1430214,147.9657747
5803,6.8,4.854698192,24.85469819,44.85469819,64.85469819,55.19857386,109.7532768,20,199.7532768,84.85469819
5804,7,5.770350778,25.77035078,45.77035078,65.77035078,81.27054168,108.8152599,24,198.8152599,85.77035078
5805,7,7.931231353,27.93123135,47.93123135,67.93123135,81.27054168,108.4659209,28,198.4659209,87.93123135
5806,7.3,9.371818402,29.3718184,49.3718184,69.3718184,55.19857386,105.5363532,7,195.5363532,89.3718184
5807,7.8,10.38022934,30.38022934,50.38022934,70.38022934,21.90472707,102.7080881,5,192.7080881,90.38022934
5808,7.8,10.52428804,30.52428804,50.52428804,70.52428804,21.90472707,99.08480024,4,189.0848002,90.52428804
5809,7.8,10.66834675,30.66834675,50.66834675,70.66834675,21.90472707,101.1948164,4,191.1948164,90.66834675
5810,8,10.95646416,30.95646416,50.95646416,70.95646416,21.90472707,101.8037884,4,191.8037884,90.95646416
5811,8.2,10.52428804,30.52428804,50.52428804,70.52428804,21.90472707,101.7309309,4,191.7309309,90.52428804
5812,8.3,10.09211193,30.09211193,50.09211193,70.09211193,34.80523813,103.5905745,11,193.5905745,90.09211193
5813,8.8,8.219348762,28.21934876,48.21934876,68.21934876,34.80523813,110.7435014,58,200.7435014,88.21934876
5814,10.3,5.338174663,25.33817466,45.33817466,65.33817466,113.4485509,118.0683847,42,208.0683847,85.33817466
5815,11.1,30.09912879,50.09912879,70.09912879,90.09912879,60.87720596,121.3109305,20,211.3109305,110.0991288
5816,9.2,4.854698192,24.85469819,44.85469819,64.85469819,34.80523813,119.3432023,14,209.3432023,84.85469819
5817,8.7,4.854698192,24.85469819,44.85469819,64.85469819,34.80523813,118.4842608,12,208.4842608,84.85469819
5818,8.5,4.854698192,24.85469819,44.85469819,64.85469819,34.80523813,118.6484633,7,208.6484633,84.85469819
5819,7.8,42.72134409,62.72134409,82.72134409,102.7213441,34.80523813,120.0258586,8,210.0258586,122.7213441
5820,7.8,4.854698192,24.85469819,44.85469819,64.85469819,113.4485509,120.0693666,9,210.0693666,84.85469819
5821,7.4,4.854698192,24.85469819,44.85469819,64.85469819,60.87720596,123.7732186,12,213.7732186,84.85469819
5822,7.5,4.854698192,24.85469819,44.85469819,64.85469819,34.80523813,122.5079538,11,212.5079538,84.85469819
5823,7.7,4.854698192,24.85469819,44.85469819,64.85469819,34.80523813,117.2437191,22,207.2437191,84.85469819
5824,7.1,4.854698192,24.85469819,44.85469819,64.85469819,34.80523813,113.0347894,15,203.0347894,84.85469819
5825,7.1,4.854698192,24.85469819,44.85469819,64.85469819,34.80523813,112.5780929,27,202.5780929,84.85469819
5826,7,67.96577468,87.96577468,107.9657747,127.9657747,34.80523813,114.9019577,22,204.9019577,147.9657747
5827,7.1,5.194115958,25.19411596,45.19411596,65.19411596,34.80523813,112.0900048,17,202.0900048,85.19411596
5828,7.7,6.634703008,26.63470301,46.63470301,66.63470301,60.87720596,110.1924928,14,200.1924928,86.63470301
5829,8.1,7.499055238,27.49905524,47.49905524,67.49905524,60.87720596,109.3503715,15,199.3503715,87.49905524
5830,8.7,6.202526893,26.20252689,46.20252689,66.20252689,34.80523813,107.5195839,11,197.5195839,86.20252689
5831,8.7,5.338174663,25.33817466,45.33817466,65.33817466,21.90472707,105.8926343,7,195.8926343,85.33817466
5832,8.5,5.194115958,25.19411596,45.19411596,65.19411596,21.90472707,104.4669623,5,194.4669623,85.19411596
5833,8.7,5.194115958,25.19411596,45.19411596,65.19411596,21.90472707,106.6276803,4,196.6276803,85.19411596
5834,9.6,6.778761713,26.77876171,46.77876171,66.77876171,21.90472707,103.6939755,19,193.6939755,86.77876171
5835,10.5,7.787172648,27.78717265,47.78717265,67.78717265,21.90472707,104.3598544,14,194.3598544,87.78717265
5836,11,8.363407467,28.36340747,48.36340747,68.36340747,21.90472707,108.743643,16,198.743643,88.36340747
5837,11.5,8.075290057,28.07529006,48.07529006,68.07529006,21.90472707,118.4938415,13,208.4938415,88.07529006
5838,13,5.482233368,25.48223337,45.48223337,65.48223337,100.5480399,123.2910452,14,213.2910452,85.48223337
5839,12.1,30.09912879,50.09912879,70.09912879,90.09912879,47.97669489,124.8090526,25,214.8090526,110.0991288
5840,9.5,4.854698192,24.85469819,44.85469819,64.85469819,21.90472707,120.2836942,43,210.2836942,84.85469819
5841,9.6,4.854698192,24.85469819,44.85469819,64.85469819,21.90472707,117.5473576,41,207.5473576,84.85469819
5842,9.4,4.854698192,24.85469819,44.85469819,64.85469819,21.90472707,124.5038865,22,214.5038865,84.85469819
5843,9.2,42.72134409,62.72134409,82.72134409,102.7213441,21.90472707,123.0125545,20,213.0125545,122.7213441
5844,8.3,4.854698192,24.85469819,44.85469819,64.85469819,100.5480399,122.1243182,22,212.1243182,84.85469819
5845,7.6,4.854698192,24.85469819,44.85469819,64.85469819,47.97669489,121.9041655,25,211.9041655,84.85469819
5846,7.5,4.854698192,24.85469819,44.85469819,64.85469819,21.90472707,121.3111766,20,211.3111766,84.85469819
5847,7.4,4.854698192,24.85469819,44.85469819,64.85469819,21.90472707,119.0319104,20,209.0319104,84.85469819
5848,7.6,4.854698192,24.85469819,44.85469819,64.85469819,21.90472707,116.0280128,25,206.0280128,84.85469819
5849,7.8,4.854698192,24.85469819,44.85469819,64.85469819,21.90472707,119.2561172,27,209.2561172,84.85469819
5850,8,67.96577468,87.96577468,107.9657747,127.9657747,21.90472707,116.2701968,28,206.2701968,147.9657747
5851,8.3,4.854698192,24.85469819,44.85469819,64.85469819,21.90472707,116.4263908,20,206.4263908,84.85469819
5852,9,6.058468188,26.05846819,46.05846819,66.05846819,47.97669489,116.6960059,17,206.6960059,86.05846819
5853,9.5,7.210937828,27.21093783,47.21093783,67.21093783,47.97669489,114.4202914,22,204.4202914,87.21093783
5854,10.1,8.507466172,28.50746617,48.50746617,68.50746617,21.90472707,110.1048559,27,200.1048559,88.50746617
5855,9.2,9.803994517,29.80399452,49.80399452,69.80399452,21.90472707,107.4019448,22,197.4019448,89.80399452
5856,9,10.23617063,30.23617063,50.23617063,70.23617063,21.90472707,107.7612857,25,197.7612857,90.23617063
5857,8.9,11.24458157,31.24458157,51.24458157,71.24458157,21.90472707,104.9757047,26,194.9757047,91.24458157
5858,8.5,12.82922732,32.82922732,52.82922732,72.82922732,21.90472707,104.3551061,28,194.3551061,92.82922732
5859,8.5,13.40546214,33.40546214,53.40546214,73.40546214,21.90472707,105.1473519,30,195.1473519,93.40546214
5860,8.9,14.26981437,34.26981437,54.26981437,74.26981437,34.80523813,108.0514558,30,198.0514558,94.26981437
5861,9.5,12.68516862,32.68516862,52.68516862,72.68516862,34.80523813,118.4169434,33,208.4169434,92.68516862
5862,9.2,9.803994517,29.80399452,49.80399452,69.80399452,113.4485509,125.3691845,29,215.3691845,89.80399452
5863,10.4,31.44695749,51.44695749,71.44695749,91.44695749,60.87720596,125.0231749,31,215.0231749,111.4469575
5864,10.2,4.854698192,24.85469819,44.85469819,64.85469819,122.5827586,122.1362003,27,212.1362003,84.85469819
5865,9.6,4.854698192,24.85469819,44.85469819,64.85469819,122.5827586,122.4017948,35,212.4017948,84.85469819
5866,9.2,4.854698192,24.85469819,44.85469819,64.85469819,122.5827586,123.098065,34,213.098065,84.85469819
5867,9.3,42.72134409,62.72134409,82.72134409,102.7213441,122.5827586,116.8336631,30,206.8336631,122.7213441
5868,8.6,4.854698192,24.85469819,44.85469819,64.85469819,201.2260714,118.890026,27,208.890026,84.85469819
5869,8.4,4.854698192,24.85469819,44.85469819,64.85469819,148.6547264,120.0114074,20,210.0114074,84.85469819
5870,8.3,4.854698192,24.85469819,44.85469819,64.85469819,122.5827586,120.5221271,12,210.5221271,84.85469819
5871,8.2,4.854698192,24.85469819,44.85469819,64.85469819,34.80523813,118.8217743,14,208.8217743,84.85469819
5872,7.9,4.854698192,24.85469819,44.85469819,64.85469819,34.80523813,115.1460508,24,205.1460508,84.85469819
5873,8.1,4.854698192,24.85469819,44.85469819,64.85469819,34.80523813,113.1079927,27,203.1079927,84.85469819
5874,7.3,67.96577468,87.96577468,107.9657747,127.9657747,34.80523813,112.8299849,43,202.8299849,147.9657747
5875,7.7,4.854698192,24.85469819,44.85469819,64.85469819,34.80523813,114.4923927,36,204.4923927,84.85469819
5876,8.6,4.854698192,24.85469819,44.85469819,64.85469819,60.87720596,114.9988505,38,204.9988505,84.85469819
5877,9.7,4.854698192,24.85469819,44.85469819,64.85469819,60.87720596,112.2399997,23,202.2399997,84.85469819
5878,10.8,4.854698192,24.85469819,44.85469819,64.85469819,34.80523813,108.568536,25,198.568536,84.85469819
5879,13,4.854698192,24.85469819,44.85469819,64.85469819,21.90472707,105.4698714,21,195.4698714,84.85469819
5880,11,4.854698192,24.85469819,44.85469819,64.85469819,21.90472707,106.8749221,18,196.8749221,84.85469819
5881,12.1,5.050057254,25.05005725,45.05005725,65.05005725,21.90472707,106.2614084,20,196.2614084,85.05005725
5882,12,5.770350778,25.77035078,45.77035078,65.77035078,21.90472707,104.9076589,21,194.9076589,85.77035078
5883,12.1,5.482233368,25.48223337,45.48223337,65.48223337,21.90472707,108.8951183,23,198.8951183,85.48223337
5884,12.3,6.490644303,26.4906443,46.4906443,66.4906443,34.80523813,112.8068949,32,202.8068949,86.4906443
5885,12.6,7.210937828,27.21093783,47.21093783,67.21093783,34.80523813,120.606447,80,210.606447,87.21093783
5886,12.8,6.922820418,26.92282042,46.92282042,66.92282042,113.4485509,124.5590019,75,214.5590019,86.92282042
5887,12.3,31.44695749,51.44695749,71.44695749,91.44695749,60.87720596,126.2751616,21,216.2751616,111.4469575
5888,10,5.626292073,25.62629207,45.62629207,65.62629207,122.5827586,125.9016005,11,215.9016005,85.62629207
5889,8.4,4.854698192,24.85469819,44.85469819,64.85469819,122.5827586,124.9464876,5,214.9464876,84.85469819
5890,7.1,4.854698192,24.85469819,44.85469819,64.85469819,122.5827586,125.0503603,5,215.0503603,84.85469819
5891,6.9,42.72134409,62.72134409,82.72134409,102.7213441,122.5827586,123.9428177,6,213.9428177,122.7213441
5892,6.7,4.854698192,24.85469819,44.85469819,64.85469819,201.2260714,123.0471104,8,213.0471104,84.85469819
5893,6.9,4.854698192,24.85469819,44.85469819,64.85469819,148.6547264,120.4391338,10,210.4391338,84.85469819
5894,7.2,4.854698192,24.85469819,44.85469819,64.85469819,122.5827586,117.3418241,8,207.3418241,84.85469819
5895,7,4.854698192,24.85469819,44.85469819,64.85469819,34.80523813,114.3520245,11,204.3520245,84.85469819
5896,6.7,4.854698192,24.85469819,44.85469819,64.85469819,34.80523813,111.6044181,20,201.6044181,84.85469819
5897,6.8,4.854698192,24.85469819,44.85469819,64.85469819,34.80523813,111.3539851,23,201.3539851,84.85469819
5898,6.9,70.89824914,90.89824914,110.8982491,130.8982491,34.80523813,111.8569693,39,201.8569693,150.8982491
5899,7.4,11.67675768,31.67675768,51.67675768,71.67675768,34.80523813,113.1253954,32,203.1253954,91.67675768
5900,7.8,13.40546214,33.40546214,53.40546214,73.40546214,60.87720596,112.1088075,28,202.1088075,93.40546214
5901,8.1,14.99010789,34.99010789,54.99010789,74.99010789,60.87720596,110.3121141,25,200.3121141,94.99010789
5902,8,15.99851883,35.99851883,55.99851883,75.99851883,34.80523813,107.1107521,27,197.1107521,95.99851883
5903,8.6,16.43069494,36.43069494,56.43069494,76.43069494,21.90472707,107.0915922,20,197.0915922,96.43069494
5904,8.7,15.99851883,35.99851883,55.99851883,75.99851883,21.90472707,105.4578196,23,195.4578196,95.99851883
5905,9.2,15.71040142,35.71040142,55.71040142,75.71040142,21.90472707,105.5090329,22,195.5090329,95.71040142
5906,9.3,15.71040142,35.71040142,55.71040142,75.71040142,21.90472707,105.4283948,24,195.4283948,95.71040142
5907,9.4,15.99851883,35.99851883,55.99851883,75.99851883,21.90472707,105.4798763,26,195.4798763,95.99851883
5908,9.4,16.43069494,36.43069494,56.43069494,76.43069494,34.80523813,106.6270169,30,196.6270169,96.43069494
5909,10.1,15.2782253,35.2782253,55.2782253,75.2782253,34.80523813,107.3220948,76,197.3220948,95.2782253
5910,11,12.54110991,32.54110991,52.54110991,72.54110991,113.4485509,108.622236,65,198.622236,92.54110991
5911,10.3,34.90436641,54.90436641,74.90436641,94.90436641,60.87720596,109.8081621,24,199.8081621,114.9043664
5912,9.7,7.066879123,27.06687912,47.06687912,67.06687912,122.5827586,109.0735483,7,199.0735483,87.06687912
5913,8.3,5.050057254,25.05005725,45.05005725,65.05005725,122.5827586,110.5686012,5,200.5686012,85.05005725
5914,7.5,4.854698192,24.85469819,44.85469819,64.85469819,122.5827586,109.9600022,8,199.9600022,84.85469819
5915,7.3,42.72134409,62.72134409,82.72134409,102.7213441,122.5827586,110.9379509,8,200.9379509,122.7213441
5916,7.6,4.854698192,24.85469819,44.85469819,64.85469819,201.2260714,109.5299268,4,199.5299268,84.85469819
5917,6.8,4.854698192,24.85469819,44.85469819,64.85469819,148.6547264,108.9811727,8,198.9811727,84.85469819
5918,6.6,4.854698192,24.85469819,44.85469819,64.85469819,122.5827586,109.6580233,8,199.6580233,84.85469819
5919,6.9,4.854698192,24.85469819,44.85469819,64.85469819,34.80523813,110.2900484,9,200.2900484,84.85469819
5920,7.5,4.854698192,24.85469819,44.85469819,64.85469819,34.80523813,107.8641067,20,197.8641067,84.85469819
5921,8.7,5.770350778,25.77035078,45.77035078,65.77035078,34.80523813,108.0747194,35,198.0747194,85.77035078
5922,8.6,72.77101231,92.77101231,112.7710123,132.7710123,34.80523813,107.8366432,28,197.8366432,152.7710123
5923,9,13.11734473,33.11734473,53.11734473,73.11734473,34.80523813,109.1462078,34,199.1462078,93.11734473
5924,8.7,15.1341666,35.1341666,55.1341666,75.1341666,60.87720596,106.8752154,28,196.8752154,95.1341666
5925,9,16.71881235,36.71881235,56.71881235,76.71881235,60.87720596,105.0616841,18,195.0616841,96.71881235
5926,9.8,18.0153407,38.0153407,58.0153407,78.0153407,34.80523813,104.2054381,21,194.2054381,98.0153407
5927,10.3,19.31186904,39.31186904,59.31186904,79.31186904,21.90472707,102.1580604,17,192.1580604,99.31186904
5928,11.9,20.32027998,40.32027998,60.32027998,80.32027998,21.90472707,102.1711071,16,192.1711071,100.32028
5929,11.6,21.18463221,41.18463221,61.18463221,81.18463221,21.90472707,103.3988248,18,193.3988248,101.1846322
5930,11.6,21.90492573,41.90492573,61.90492573,81.90492573,21.90472707,103.2465305,21,193.2465305,101.9049257
5931,11.4,22.33710185,42.33710185,62.33710185,82.33710185,21.90472707,103.7134462,21,193.7134462,102.3371018
5932,12.1,21.90492573,41.90492573,61.90492573,81.90492573,34.80523813,104.3749504,29,194.3749504,101.9049257
5933,13,19.88810386,39.88810386,59.88810386,79.88810386,34.80523813,106.0488416,77,196.0488416,99.88810386
5934,13.9,16.86287106,36.86287106,56.86287106,76.86287106,113.4485509,108.5931458,64,198.5931458,96.86287106
5935,14.4,37.20930569,57.20930569,77.20930569,97.20930569,60.87720596,108.1447168,33,198.1447168,117.2093057
5936,12.2,7.931231353,27.93123135,47.93123135,67.93123135,122.5827586,107.4294323,13,197.4294323,87.93123135
5937,10.8,4.905998549,24.90599855,44.90599855,64.90599855,122.5827586,106.6347726,8,196.6347726,84.90599855
5938,10,4.854698192,24.85469819,44.85469819,64.85469819,122.5827586,107.0926598,11,197.0926598,84.85469819
5939,8.8,42.72134409,62.72134409,82.72134409,102.7213441,122.5827586,108.4778513,8,198.4778513,122.7213441
5940,8,4.854698192,24.85469819,44.85469819,64.85469819,201.2260714,107.9728114,7,197.9728114,84.85469819
5941,7.7,4.854698192,24.85469819,44.85469819,64.85469819,148.6547264,107.0511376,8,197.0511376,84.85469819
5942,8,4.854698192,24.85469819,44.85469819,64.85469819,122.5827586,106.3087225,6,196.3087225,84.85469819
5943,8.5,4.854698192,24.85469819,44.85469819,64.85469819,34.80523813,106.6885587,12,196.6885587,84.85469819
5944,9,4.854698192,24.85469819,44.85469819,64.85469819,34.80523813,108.1530277,30,198.1530277,84.85469819
5945,9.5,4.854698192,24.85469819,44.85469819,64.85469819,34.80523813,108.3925495,25,198.3925495,84.85469819
5946,9.3,67.96577468,87.96577468,107.9657747,127.9657747,34.80523813,108.8779765,23,198.8779765,147.9657747
5947,9.8,6.346585598,26.3465856,46.3465856,66.3465856,34.80523813,107.1419612,25,197.1419612,86.3465856
5948,10.4,7.066879123,27.06687912,47.06687912,67.06687912,60.87720596,106.9132458,35,196.9132458,87.06687912
5949,12,7.787172648,27.78717265,47.78717265,67.78717265,60.87720596,105.8720702,22,195.8720702,87.78717265
5950,12.8,8.507466172,28.50746617,48.50746617,68.50746617,34.80523813,103.633264,11,193.633264,88.50746617
5951,13.6,9.227759697,29.2277597,49.2277597,69.2277597,21.90472707,103.6092747,4,193.6092747,89.2277597
5952,14.1,8.651524877,28.65152488,48.65152488,68.65152488,21.90472707,103.9799378,6,193.9799378,88.65152488
5953,14.2,7.787172648,27.78717265,47.78717265,67.78717265,21.90472707,104.8642208,4,194.8642208,87.78717265
5954,14.5,8.363407467,28.36340747,48.36340747,68.36340747,21.90472707,103.1064307,4,193.1064307,88.36340747
5955,15.8,8.651524877,28.65152488,48.65152488,68.65152488,21.90472707,106.8996224,10,196.8996224,88.65152488
5956,16.4,9.515877107,29.51587711,49.51587711,69.51587711,34.80523813,109.7735987,24,199.7735987,89.51587711
5957,17.4,9.948053222,29.94805322,49.94805322,69.94805322,34.80523813,119.0052465,64,209.0052465,89.94805322
5958,18.9,7.066879123,27.06687912,47.06687912,67.06687912,113.4485509,125.4771912,53,215.4771912,87.06687912
5959,18.3,30.09912879,50.09912879,70.09912879,90.09912879,60.87720596,128.157538,20,218.157538,110.0991288
5960,15.7,4.854698192,24.85469819,44.85469819,64.85469819,122.5827586,121.9870758,8,211.9870758,84.85469819
5961,11.8,4.854698192,24.85469819,44.85469819,64.85469819,122.5827586,116.1015729,12,206.1015729,84.85469819
5962,10.2,4.854698192,24.85469819,44.85469819,64.85469819,122.5827586,123.8781122,14,213.8781122,84.85469819
5963,9.6,42.72134409,62.72134409,82.72134409,102.7213441,122.5827586,124.2968994,18,214.2968994,122.7213441
5964,9,4.854698192,24.85469819,44.85469819,64.85469819,201.2260714,122.2851609,6,212.2851609,84.85469819
5965,9.3,4.854698192,24.85469819,44.85469819,64.85469819,148.6547264,122.4818392,9,212.4818392,84.85469819
5966,8.6,4.854698192,24.85469819,44.85469819,64.85469819,122.5827586,120.7819075,8,210.7819075,84.85469819
5967,8.9,4.854698192,24.85469819,44.85469819,64.85469819,34.80523813,117.244325,12,207.244325,84.85469819
5968,8.8,4.854698192,24.85469819,44.85469819,64.85469819,34.80523813,115.9648059,15,205.9648059,84.85469819
5969,8.3,4.854698192,24.85469819,44.85469819,64.85469819,34.80523813,114.3127206,29,204.3127206,84.85469819
5970,8.4,67.96577468,87.96577468,107.9657747,127.9657747,34.80523813,114.1565762,37,204.1565762,147.9657747
5971,8.8,5.338174663,25.33817466,45.33817466,65.33817466,34.80523813,113.3998856,19,203.3998856,85.33817466
5972,10,6.922820418,26.92282042,46.92282042,66.92282042,60.87720596,112.4312301,46,202.4312301,86.92282042
5973,11.3,8.075290057,28.07529006,48.07529006,68.07529006,60.87720596,109.7885754,38,199.7885754,88.07529006
5974,12.3,8.507466172,28.50746617,48.50746617,68.50746617,34.80523813,107.4342807,26,197.4342807,88.50746617
5975,12.1,8.651524877,28.65152488,48.65152488,68.65152488,21.90472707,104.1008888,17,194.1008888,88.65152488
5976,12.3,8.507466172,28.50746617,48.50746617,68.50746617,21.90472707,103.208444,13,193.208444,88.50746617
5977,13.3,8.651524877,28.65152488,48.65152488,68.65152488,21.90472707,102.3964419,12,192.3964419,88.65152488
5978,14.1,8.651524877,28.65152488,48.65152488,68.65152488,21.90472707,102.33131,14,192.33131,88.65152488
5979,14.1,8.939642287,28.93964229,48.93964229,68.93964229,21.90472707,103.7319796,16,193.7319796,88.93964229
5980,15,8.795583582,28.79558358,48.79558358,68.79558358,34.80523813,106.7003213,22,196.7003213,88.79558358
5981,15.1,8.219348762,28.21934876,48.21934876,68.21934876,34.80523813,114.5750451,76,204.5750451,88.21934876
5982,14.7,6.490644303,26.4906443,46.4906443,66.4906443,113.4485509,123.7102721,41,213.7102721,86.4906443
5983,15.4,30.15042915,50.15042915,70.15042915,90.15042915,60.87720596,127.4724434,22,217.4724434,110.1504291
5984,11.8,4.854698192,24.85469819,44.85469819,64.85469819,34.80523813,128.2325951,12,218.2325951,84.85469819
5985,9.8,4.854698192,24.85469819,44.85469819,64.85469819,34.80523813,125.6147003,12,215.6147003,84.85469819
5986,8.7,4.854698192,24.85469819,44.85469819,64.85469819,34.80523813,126.2143575,7,216.2143575,84.85469819
5987,8.3,42.72134409,62.72134409,82.72134409,102.7213441,34.80523813,126.5004771,10,216.5004771,122.7213441
5988,7.8,4.854698192,24.85469819,44.85469819,64.85469819,113.4485509,127.8404609,11,217.8404609,84.85469819
5989,6.7,4.854698192,24.85469819,44.85469819,64.85469819,60.87720596,123.5157694,13,213.5157694,84.85469819
5990,6.9,4.854698192,24.85469819,44.85469819,64.85469819,34.80523813,122.4225625,10,212.4225625,84.85469819
5991,7.2,4.854698192,24.85469819,44.85469819,64.85469819,34.80523813,119.7644041,16,209.7644041,84.85469819
5992,7.1,4.854698192,24.85469819,44.85469819,64.85469819,34.80523813,118.2514037,19,208.2514037,84.85469819
5993,8.2,4.854698192,24.85469819,44.85469819,64.85469819,34.80523813,115.9079726,28,205.9079726,84.85469819
5994,8.3,67.96577468,87.96577468,107.9657747,127.9657747,34.80523813,114.4029043,22,204.4029043,147.9657747
5995,8.6,4.854698192,24.85469819,44.85469819,64.85469819,34.80523813,113.1649199,13,203.1649199,84.85469819
5996,8.8,4.854698192,24.85469819,44.85469819,64.85469819,60.87720596,111.8205423,21,201.8205423,84.85469819
5997,8.3,4.854698192,24.85469819,44.85469819,64.85469819,60.87720596,109.4924575,21,199.4924575,84.85469819
5998,8.2,4.854698192,24.85469819,44.85469819,64.85469819,34.80523813,107.3658102,10,197.3658102,84.85469819
5999,8.2,4.854698192,24.85469819,44.85469819,64.85469819,21.90472707,104.4493509,6,194.4493509,84.85469819
6000,9.3,4.854698192,24.85469819,44.85469819,64.85469819,21.90472707,102.2161558,5,192.2161558,84.85469819
6001,8.7,4.854698192,24.85469819,44.85469819,64.85469819,21.90472707,101.1695322,4,191.1695322,84.85469819
6002,9.3,4.854698192,24.85469819,44.85469819,64.85469819,21.90472707,100.7170652,4,190.7170652,84.85469819
6003,8.9,4.854698192,24.85469819,44.85469819,64.85469819,21.90472707,102.6032461,8,192.6032461,84.85469819
6004,9.4,4.854698192,24.85469819,44.85469819,64.85469819,21.90472707,111.975931,23,201.975931,84.85469819
6005,10.4,4.854698192,24.85469819,44.85469819,64.85469819,21.90472707,119.9329895,14,209.9329895,84.85469819
6006,12.2,4.854698192,24.85469819,44.85469819,64.85469819,100.5480399,127.0980051,13,217.0980051,84.85469819
6007,11.2,30.09912879,50.09912879,70.09912879,90.09912879,47.97669489,128.2121522,25,218.2121522,110.0991288
6008,9.8,4.854698192,24.85469819,44.85469819,64.85469819,21.90472707,129.8838835,30,219.8838835,84.85469819
6009,9,4.854698192,24.85469819,44.85469819,64.85469819,21.90472707,129.757756,31,219.757756,84.85469819
6010,8.8,4.854698192,24.85469819,44.85469819,64.85469819,21.90472707,127.7973011,38,217.7973011,84.85469819
6011,9,42.72134409,62.72134409,82.72134409,102.7213441,21.90472707,127.3165388,26,217.3165388,122.7213441
6012,8.2,4.854698192,24.85469819,44.85469819,64.85469819,100.5480399,127.8515297,21,217.8515297,84.85469819
6013,8.3,4.854698192,24.85469819,44.85469819,64.85469819,47.97669489,127.8995654,23,217.8995654,84.85469819
6014,8.9,4.854698192,24.85469819,44.85469819,64.85469819,21.90472707,125.5770419,14,215.5770419,84.85469819
6015,8,4.854698192,24.85469819,44.85469819,64.85469819,21.90472707,122.2097705,26,212.2097705,84.85469819
6016,8.5,4.854698192,24.85469819,44.85469819,64.85469819,21.90472707,121.0316581,26,211.0316581,84.85469819
6017,8.3,4.854698192,24.85469819,44.85469819,64.85469819,21.90472707,119.2735527,23,209.2735527,84.85469819
6018,8.6,67.96577468,87.96577468,107.9657747,127.9657747,21.90472707,119.6862543,21,209.6862543,147.9657747
6019,8.8,4.854698192,24.85469819,44.85469819,64.85469819,21.90472707,118.9676191,16,208.9676191,84.85469819
6020,9,4.854698192,24.85469819,44.85469819,64.85469819,47.97669489,117.1232445,17,207.1232445,84.85469819
6021,8.8,4.854698192,24.85469819,44.85469819,64.85469819,47.97669489,114.210887,36,204.210887,84.85469819
6022,8.7,4.854698192,24.85469819,44.85469819,64.85469819,21.90472707,111.1547658,29,201.1547658,84.85469819
6023,8.9,4.854698192,24.85469819,44.85469819,64.85469819,21.90472707,108.5757091,25,198.5757091,84.85469819
6024,7.9,4.854698192,24.85469819,44.85469819,64.85469819,21.90472707,107.2013166,25,197.2013166,84.85469819
6025,7.9,4.854698192,24.85469819,44.85469819,64.85469819,21.90472707,107.4044226,31,197.4044226,84.85469819
6026,7.4,4.854698192,24.85469819,44.85469819,64.85469819,21.90472707,109.1860757,29,199.1860757,84.85469819
6027,7.2,4.854698192,24.85469819,44.85469819,64.85469819,21.90472707,110.572319,33,200.572319,84.85469819
6028,7.3,4.854698192,24.85469819,44.85469819,64.85469819,34.80523813,113.4984062,36,203.4984062,84.85469819
6029,7.6,4.854698192,24.85469819,44.85469819,64.85469819,34.80523813,122.2108864,33,212.2108864,84.85469819
6030,8.4,4.854698192,24.85469819,44.85469819,64.85469819,113.4485509,130.6568478,31,220.6568478,84.85469819
6031,9.6,30.09912879,50.09912879,70.09912879,90.09912879,60.87720596,133.2385186,42,223.2385186,110.0991288
6032,8.4,4.854698192,24.85469819,44.85469819,64.85469819,122.5827586,133.9610463,41,223.9610463,84.85469819
6033,8.4,4.854698192,24.85469819,44.85469819,64.85469819,122.5827586,134.5721149,35,224.5721149,84.85469819
6034,8.3,4.854698192,24.85469819,44.85469819,64.85469819,122.5827586,134.3306365,31,224.3306365,84.85469819
6035,8.2,42.72134409,62.72134409,82.72134409,102.7213441,122.5827586,132.6283625,26,222.6283625,122.7213441
6036,8.1,4.854698192,24.85469819,44.85469819,64.85469819,201.2260714,132.2484858,30,222.2484858,84.85469819
6037,7.7,4.854698192,24.85469819,44.85469819,64.85469819,148.6547264,130.5794468,24,220.5794468,84.85469819
6038,8.1,4.854698192,24.85469819,44.85469819,64.85469819,122.5827586,130.0771678,13,220.0771678,84.85469819
6039,8,4.854698192,24.85469819,44.85469819,64.85469819,34.80523813,127.0883647,25,217.0883647,84.85469819
6040,8,4.854698192,24.85469819,44.85469819,64.85469819,34.80523813,125.245702,21,215.245702,84.85469819
6041,8.2,4.854698192,24.85469819,44.85469819,64.85469819,34.80523813,122.9853567,42,212.9853567,84.85469819
6042,8.9,67.96577468,87.96577468,107.9657747,127.9657747,34.80523813,122.5396231,42,212.5396231,147.9657747
6043,8.7,4.854698192,24.85469819,44.85469819,64.85469819,34.80523813,121.8544762,31,211.8544762,84.85469819
6044,8.8,4.854698192,24.85469819,44.85469819,64.85469819,60.87720596,121.5658692,27,211.5658692,84.85469819
6045,8.3,4.854698192,24.85469819,44.85469819,64.85469819,60.87720596,118.9652881,35,208.9652881,84.85469819
6046,8.2,4.854698192,24.85469819,44.85469819,64.85469819,34.80523813,115.3257724,20,205.3257724,84.85469819
6047,7.9,4.854698192,24.85469819,44.85469819,64.85469819,21.90472707,111.9425583,20,201.9425583,84.85469819
6048,7.8,4.854698192,24.85469819,44.85469819,64.85469819,21.90472707,110.7395549,17,200.7395549,84.85469819
6049,7.6,4.854698192,24.85469819,44.85469819,64.85469819,21.90472707,111.1708291,18,201.1708291,84.85469819
6050,7.6,4.854698192,24.85469819,44.85469819,64.85469819,21.90472707,110.8595213,19,200.8595213,84.85469819
6051,7.6,4.905998549,24.90599855,44.90599855,64.90599855,21.90472707,111.2051899,18,201.2051899,84.90599855
6052,7.5,5.194115958,25.19411596,45.19411596,65.19411596,34.80523813,114.7136619,32,204.7136619,85.19411596
6053,7.7,4.854698192,24.85469819,44.85469819,64.85469819,34.80523813,123.7911476,82,213.7911476,84.85469819
6054,8.3,4.854698192,24.85469819,44.85469819,64.85469819,113.4485509,130.8154469,60,220.8154469,84.85469819
6055,9.2,30.09912879,50.09912879,70.09912879,90.09912879,60.87720596,134.2075825,12,224.2075825,110.0991288
6056,8.8,4.854698192,24.85469819,44.85469819,64.85469819,122.5827586,134.2629681,8,224.2629681,84.85469819
6057,8.6,4.854698192,24.85469819,44.85469819,64.85469819,122.5827586,131.1476146,10,221.1476146,84.85469819
6058,8.9,4.854698192,24.85469819,44.85469819,64.85469819,122.5827586,132.0365347,12,222.0365347,84.85469819
6059,8.3,42.72134409,62.72134409,82.72134409,102.7213441,122.5827586,130.2143817,8,220.2143817,122.7213441
6060,7.6,4.854698192,24.85469819,44.85469819,64.85469819,201.2260714,129.4992062,7,219.4992062,84.85469819
6061,7.8,4.854698192,24.85469819,44.85469819,64.85469819,148.6547264,127.2985036,4,217.2985036,84.85469819
6062,8.1,4.854698192,24.85469819,44.85469819,64.85469819,122.5827586,118.3319824,12,208.3319824,84.85469819
6063,8.4,4.854698192,24.85469819,44.85469819,64.85469819,34.80523813,113.0687612,8,203.0687612,84.85469819
6064,8.2,4.854698192,24.85469819,44.85469819,64.85469819,34.80523813,110.134024,17,200.134024,84.85469819
6065,8.2,4.854698192,24.85469819,44.85469819,64.85469819,34.80523813,109.2966507,31,199.2966507,84.85469819
6066,7.9,67.96577468,87.96577468,107.9657747,127.9657747,34.80523813,107.6744515,26,197.6744515,147.9657747
6067,7.8,4.854698192,24.85469819,44.85469819,64.85469819,34.80523813,106.4076887,28,196.4076887,84.85469819
6068,8,4.854698192,24.85469819,44.85469819,64.85469819,60.87720596,106.8624677,52,196.8624677,84.85469819
6069,7.8,4.854698192,24.85469819,44.85469819,64.85469819,60.87720596,108.6961477,37,198.6961477,84.85469819
6070,7.6,4.854698192,24.85469819,44.85469819,64.85469819,34.80523813,105.8254612,23,195.8254612,84.85469819
6071,7.1,4.854698192,24.85469819,44.85469819,64.85469819,21.90472707,103.7719741,20,193.7719741,84.85469819
6072,7,4.854698192,24.85469819,44.85469819,64.85469819,21.90472707,102.6540102,20,192.6540102,84.85469819
6073,7.3,4.854698192,24.85469819,44.85469819,64.85469819,21.90472707,101.9865347,18,191.9865347,84.85469819
6074,7.5,4.854698192,24.85469819,44.85469819,64.85469819,21.90472707,102.2626696,20,192.2626696,84.85469819
6075,7.5,4.854698192,24.85469819,44.85469819,64.85469819,21.90472707,101.8300334,21,191.8300334,84.85469819
6076,7.6,4.854698192,24.85469819,44.85469819,64.85469819,34.80523813,103.0563047,34,193.0563047,84.85469819
6077,8,4.854698192,24.85469819,44.85469819,64.85469819,34.80523813,107.3253592,75,197.3253592,84.85469819
6078,8.1,4.854698192,24.85469819,44.85469819,64.85469819,113.4485509,108.7616626,61,198.7616626,84.85469819
6079,8.4,30.09912879,50.09912879,70.09912879,90.09912879,60.87720596,111.0889571,21,201.0889571,110.0991288
6080,8.8,4.854698192,24.85469819,44.85469819,64.85469819,122.5827586,111.5015876,9,201.5015876,84.85469819
6081,8.1,4.854698192,24.85469819,44.85469819,64.85469819,122.5827586,112.2776344,7,202.2776344,84.85469819
6082,7.6,4.854698192,24.85469819,44.85469819,64.85469819,122.5827586,112.7272294,9,202.7272294,84.85469819
6083,7.7,42.72134409,62.72134409,82.72134409,102.7213441,122.5827586,112.3547916,8,202.3547916,122.7213441
6084,7.7,4.854698192,24.85469819,44.85469819,64.85469819,201.2260714,111.8213746,7,201.8213746,84.85469819
6085,7.7,4.854698192,24.85469819,44.85469819,64.85469819,148.6547264,111.0209189,11,201.0209189,84.85469819
6086,7.6,4.854698192,24.85469819,44.85469819,64.85469819,122.5827586,110.4702876,8,200.4702876,84.85469819
6087,7.6,4.854698192,24.85469819,44.85469819,64.85469819,34.80523813,108.6056508,11,198.6056508,84.85469819
6088,7.3,4.854698192,24.85469819,44.85469819,64.85469819,34.80523813,107.3535758,33,197.3535758,84.85469819
6089,7.3,4.854698192,24.85469819,44.85469819,64.85469819,34.80523813,105.7534696,50,195.7534696,84.85469819
6090,7.9,67.96577468,87.96577468,107.9657747,127.9657747,34.80523813,106.0722886,50,196.0722886,147.9657747
6091,8.5,4.854698192,24.85469819,44.85469819,64.85469819,34.80523813,106.1798972,49,196.1798972,84.85469819
6092,9,4.854698192,24.85469819,44.85469819,64.85469819,60.87720596,96.87713179,38,186.8771318,84.85469819
6093,9,4.854698192,24.85469819,44.85469819,64.85469819,60.87720596,85.49666557,39,175.4966656,84.85469819
6094,9,4.854698192,24.85469819,44.85469819,64.85469819,34.80523813,78.84853338,23,168.8485334,84.85469819
6095,8.7,4.854698192,24.85469819,44.85469819,64.85469819,21.90472707,73.95974169,18,163.9597417,84.85469819
6096,9.1,4.854698192,24.85469819,44.85469819,64.85469819,21.90472707,77.41202707,16,167.4120271,84.85469819
6097,9.6,4.854698192,24.85469819,44.85469819,64.85469819,21.90472707,83.35982035,16,173.3598203,84.85469819
6098,10.8,4.854698192,24.85469819,44.85469819,64.85469819,21.90472707,94.16781584,19,184.1678158,84.85469819
6099,10.8,4.854698192,24.85469819,44.85469819,64.85469819,21.90472707,95.81619368,20,185.8161937,84.85469819
6100,11.5,4.854698192,24.85469819,44.85469819,64.85469819,34.80523813,96.08108842,41,186.0810884,84.85469819
6101,13.1,4.854698192,24.85469819,44.85469819,64.85469819,34.80523813,96.81267059,70,186.8126706,84.85469819
6102,14,4.854698192,24.85469819,44.85469819,64.85469819,113.4485509,100.3747581,66,190.3747581,84.85469819
6103,13.6,30.09912879,50.09912879,70.09912879,90.09912879,60.87720596,101.4198,34,191.4198,110.0991288
6104,12.5,4.854698192,24.85469819,44.85469819,64.85469819,122.5827586,102.8120617,16,192.8120617,84.85469819
6105,10.3,4.854698192,24.85469819,44.85469819,64.85469819,122.5827586,100.9379853,20,190.9379853,84.85469819
6106,8.7,4.854698192,24.85469819,44.85469819,64.85469819,122.5827586,108.4703029,6,198.4703029,84.85469819
6107,8.3,42.72134409,62.72134409,82.72134409,102.7213441,122.5827586,108.1655082,8,198.1655082,122.7213441
6108,7.6,4.854698192,24.85469819,44.85469819,64.85469819,201.2260714,109.4600755,10,199.4600755,84.85469819
6109,7.6,4.854698192,24.85469819,44.85469819,64.85469819,148.6547264,108.5184728,5,198.5184728,84.85469819
6110,7.1,4.854698192,24.85469819,44.85469819,64.85469819,122.5827586,106.601102,13,196.601102,84.85469819
6111,7.5,4.854698192,24.85469819,44.85469819,64.85469819,34.80523813,103.8920814,17,193.8920814,84.85469819
6112,7,4.854698192,24.85469819,44.85469819,64.85469819,34.80523813,106.2412312,29,196.2412312,84.85469819
6113,7.4,4.854698192,24.85469819,44.85469819,64.85469819,34.80523813,105.5540426,32,195.5540426,84.85469819
6114,7.7,67.96577468,87.96577468,107.9657747,127.9657747,34.80523813,103.1010623,31,193.1010623,147.9657747
6115,8.4,4.854698192,24.85469819,44.85469819,64.85469819,34.80523813,102.1211391,52,192.1211391,84.85469819
6116,9.4,4.854698192,24.85469819,44.85469819,64.85469819,60.87720596,101.2306036,40,191.2306036,84.85469819
6117,8.9,4.854698192,24.85469819,44.85469819,64.85469819,60.87720596,100.879897,40,190.879897,84.85469819
6118,8.9,4.854698192,24.85469819,44.85469819,64.85469819,34.80523813,99.66922737,31,189.6692274,84.85469819
6119,8.9,4.854698192,24.85469819,44.85469819,64.85469819,21.90472707,98.98330219,25,188.9833022,84.85469819
6120,9.5,4.854698192,24.85469819,44.85469819,64.85469819,21.90472707,96.47971562,26,186.4797156,84.85469819
6121,9.4,5.626292073,25.62629207,45.62629207,65.62629207,21.90472707,87.69153036,26,177.6915304,85.62629207
6122,9.6,7.499055238,27.49905524,47.49905524,67.49905524,21.90472707,90.16063745,28,180.1606375,87.49905524
6123,9.2,8.507466172,28.50746617,48.50746617,68.50746617,21.90472707,98.08349491,32,188.0834949,88.50746617
6124,9.1,9.227759697,29.2277597,49.2277597,69.2277597,34.80523813,99.85700863,43,189.8570086,89.2277597
6125,8.7,10.23617063,30.23617063,50.23617063,70.23617063,34.80523813,109.9006694,91,199.9006694,90.23617063
6126,9.7,10.09211193,30.09211193,50.09211193,70.09211193,113.4485509,119.6450815,60,209.6450815,90.09211193
6127,10,33.31972065,53.31972065,73.31972065,93.31972065,60.87720596,121.1477163,33,211.1477163,113.3197207
6128,9.4,5.914409483,25.91440948,45.91440948,65.91440948,122.5827586,121.2157098,21,211.2157098,85.91440948
6129,8.9,4.854698192,24.85469819,44.85469819,64.85469819,122.5827586,120.0327147,14,210.0327147,84.85469819
6130,8.8,4.854698192,24.85469819,44.85469819,64.85469819,122.5827586,123.362053,11,213.362053,84.85469819
6131,8.9,42.72134409,62.72134409,82.72134409,102.7213441,122.5827586,120.0838585,8,210.0838585,122.7213441
6132,8.1,4.854698192,24.85469819,44.85469819,64.85469819,201.2260714,120.3437629,8,210.3437629,84.85469819
6133,7.8,4.854698192,24.85469819,44.85469819,64.85469819,148.6547264,117.3900979,5,207.3900979,84.85469819
6134,7.8,4.854698192,24.85469819,44.85469819,64.85469819,122.5827586,114.927811,10,204.927811,84.85469819
6135,8,4.854698192,24.85469819,44.85469819,64.85469819,34.80523813,111.522709,11,201.522709,84.85469819
6136,8,4.854698192,24.85469819,44.85469819,64.85469819,34.80523813,109.053027,19,199.053027,84.85469819
6137,7.6,4.854698192,24.85469819,44.85469819,64.85469819,34.80523813,107.4459195,23,197.4459195,84.85469819
6138,8,71.47448396,91.47448396,111.474484,131.474484,34.80523813,107.4905665,56,197.4905665,151.474484
6139,8.7,10.81240545,30.81240545,50.81240545,70.81240545,34.80523813,106.7071992,55,196.7071992,90.81240545
6140,9.2,12.68516862,32.68516862,52.68516862,72.68516862,60.87720596,105.4226107,44,195.4226107,92.68516862
6141,9.2,14.41387308,34.41387308,54.41387308,74.41387308,60.87720596,101.8151332,39,191.8151332,94.41387308
6142,9.6,15.1341666,35.1341666,55.1341666,75.1341666,34.80523813,106.6986696,30,196.6986696,95.1341666
6143,9.4,15.2782253,35.2782253,55.2782253,75.2782253,21.90472707,105.6702912,27,195.6702912,95.2782253
6144,8.6,15.56634271,35.56634271,55.56634271,75.56634271,21.90472707,101.0906777,29,191.0906777,95.56634271
6145,9.1,15.85446012,35.85446012,55.85446012,75.85446012,21.90472707,98.07608592,30,188.0760859,95.85446012
6146,8.9,16.43069494,36.43069494,56.43069494,76.43069494,21.90472707,98.4458784,33,188.4458784,96.43069494
6147,10,16.43069494,36.43069494,56.43069494,76.43069494,21.90472707,100.6306209,34,190.6306209,96.43069494
6148,10.7,15.99851883,35.99851883,55.99851883,75.99851883,34.80523813,103.5845906,43,193.5845906,95.99851883
6149,11.3,15.71040142,35.71040142,55.71040142,75.71040142,34.80523813,110.4030096,74,200.4030096,95.71040142
6150,12.4,13.69357955,33.69357955,53.69357955,73.69357955,113.4485509,118.7690252,71,208.7690252,93.69357955
6151,11.4,35.19248382,55.19248382,75.19248382,95.19248382,60.87720596,120.0800758,34,210.0800758,115.1924838
6152,10.5,6.778761713,26.77876171,46.77876171,66.77876171,34.80523813,119.3558243,18,209.3558243,86.77876171
6153,9.6,4.854698192,24.85469819,44.85469819,64.85469819,34.80523813,118.3285118,16,208.3285118,84.85469819
6154,8.9,4.854698192,24.85469819,44.85469819,64.85469819,34.80523813,118.1108439,20,208.1108439,84.85469819
6155,8,42.72134409,62.72134409,82.72134409,102.7213441,34.80523813,118.1936346,11,208.1936346,122.7213441
6156,7.1,4.854698192,24.85469819,44.85469819,64.85469819,113.4485509,117.6291048,7,207.6291048,84.85469819
6157,6.3,4.854698192,24.85469819,44.85469819,64.85469819,60.87720596,118.5957361,13,208.5957361,84.85469819
6158,6.4,4.854698192,24.85469819,44.85469819,64.85469819,34.80523813,115.8906366,13,205.8906366,84.85469819
6159,6.7,4.854698192,24.85469819,44.85469819,64.85469819,34.80523813,112.6288217,14,202.6288217,84.85469819
6160,7.5,4.854698192,24.85469819,44.85469819,64.85469819,34.80523813,109.6274715,16,199.6274715,84.85469819
6161,7.2,4.854698192,24.85469819,44.85469819,64.85469819,34.80523813,109.2888566,32,199.2888566,84.85469819
6162,7.5,69.16954468,89.16954468,109.1695447,129.1695447,34.80523813,109.1993886,32,199.1993886,149.1695447
6163,8.1,6.634703008,26.63470301,46.63470301,66.63470301,34.80523813,107.8328318,34,197.8328318,86.63470301
6164,9.1,6.634703008,26.63470301,46.63470301,66.63470301,60.87720596,106.8410899,26,196.8410899,86.63470301
6165,9.4,6.922820418,26.92282042,46.92282042,66.92282042,60.87720596,104.0930816,27,194.0930816,86.92282042
6166,9.3,7.066879123,27.06687912,47.06687912,67.06687912,34.80523813,101.8379045,24,191.8379045,87.06687912
6167,8.5,7.354996533,27.35499653,47.35499653,67.35499653,21.90472707,99.39367968,25,189.3936797,87.35499653
6168,9.2,7.931231353,27.93123135,47.93123135,67.93123135,21.90472707,97.5210878,19,187.5210878,87.93123135
6169,9.1,9.371818402,29.3718184,49.3718184,69.3718184,21.90472707,97.39234094,21,187.3923409,89.3718184
6170,9.2,11.10052286,31.10052286,51.10052286,71.10052286,21.90472707,96.74543515,20,186.7454352,91.10052286
6171,9.7,12.39705121,32.39705121,52.39705121,72.39705121,21.90472707,98.11203702,20,188.112037,92.39705121
6172,10.1,13.54952085,33.54952085,53.54952085,73.54952085,21.90472707,102.0168973,20,192.0168973,93.54952085
6173,11.5,13.98169696,33.98169696,53.98169696,73.98169696,21.90472707,110.0462032,24,200.0462032,93.98169696
6174,13.7,11.38864027,31.38864027,51.38864027,71.38864027,100.5480399,117.7569626,33,207.7569626,91.38864027
6175,12.4,32.59942713,52.59942713,72.59942713,92.59942713,47.97669489,119.7544803,43,209.7544803,112.5994271
6176,11.1,4.854698192,24.85469819,44.85469819,64.85469819,21.90472707,121.2029124,34,211.2029124,84.85469819
6177,9.8,4.854698192,24.85469819,44.85469819,64.85469819,21.90472707,120.8328138,44,210.8328138,84.85469819
6178,9,4.854698192,24.85469819,44.85469819,64.85469819,21.90472707,118.2275228,34,208.2275228,84.85469819
6179,8.9,42.72134409,62.72134409,82.72134409,102.7213441,21.90472707,117.7637637,30,207.7637637,122.7213441
6180,8.1,4.854698192,24.85469819,44.85469819,64.85469819,100.5480399,109.6239601,28,199.6239601,84.85469819
6181,8.7,4.854698192,24.85469819,44.85469819,64.85469819,47.97669489,114.156028,27,204.156028,84.85469819
6182,8.7,4.854698192,24.85469819,44.85469819,64.85469819,21.90472707,113.9298413,19,203.9298413,84.85469819
6183,10.1,4.854698192,24.85469819,44.85469819,64.85469819,21.90472707,112.7127447,19,202.7127447,84.85469819
6184,10,4.854698192,24.85469819,44.85469819,64.85469819,21.90472707,115.2059699,31,205.2059699,84.85469819
6185,10.1,6.058468188,26.05846819,46.05846819,66.05846819,21.90472707,115.9990342,37,205.9990342,86.05846819
6186,10.3,72.05071878,92.05071878,112.0507188,132.0507188,21.90472707,115.778088,55,205.778088,152.0507188
6187,11.7,10.95646416,30.95646416,50.95646416,70.95646416,21.90472707,116.8075944,37,206.8075944,90.95646416
6188,12.2,12.97328603,32.97328603,52.97328603,72.97328603,47.97669489,113.9825105,36,203.9825105,92.97328603
6189,12.8,14.12575567,34.12575567,54.12575567,74.12575567,47.97669489,111.606623,36,201.606623,94.12575567
6190,13.3,15.99851883,35.99851883,55.99851883,75.99851883,21.90472707,107.8274369,34,197.8274369,95.99851883
6191,12.7,16.71881235,36.71881235,56.71881235,76.71881235,21.90472707,106.6936722,35,196.6936722,96.71881235
6192,12.4,17.15098847,37.15098847,57.15098847,77.15098847,21.90472707,107.1487325,35,197.1487325,97.15098847
6193,13,17.72722329,37.72722329,57.72722329,77.72722329,21.90472707,106.0304566,33,196.0304566,97.72722329
6194,12.5,18.1593994,38.1593994,58.1593994,78.1593994,21.90472707,105.1879781,36,195.1879781,98.1593994
6195,12,18.30345811,38.30345811,58.30345811,78.30345811,21.90472707,105.2942489,41,195.2942489,98.30345811
6196,12,17.15098847,37.15098847,57.15098847,77.15098847,34.80523813,111.6177213,43,201.6177213,97.15098847
6197,11.9,14.84604919,34.84604919,54.84604919,74.84604919,34.80523813,120.5626197,41,210.5626197,94.84604919
6198,13.3,12.68516862,32.68516862,52.68516862,72.68516862,113.4485509,128.649159,59,218.649159,92.68516862
6199,13.4,36.05683605,56.05683605,76.05683605,96.05683605,60.87720596,130.7788681,56,220.7788681,116.056836
6200,12,9.227759697,29.2277597,49.2277597,69.2277597,122.5827586,130.7119039,59,220.7119039,89.2277597
6201,10.9,7.931231353,27.93123135,47.93123135,67.93123135,122.5827586,130.9160803,45,220.9160803,87.93123135
6202,10.6,6.922820418,26.92282042,46.92282042,66.92282042,122.5827586,130.6256219,33,220.6256219,86.92282042
6203,10.8,44.21323149,64.21323149,84.21323149,104.2132315,122.5827586,128.5258699,28,218.5258699,124.2132315
6204,10.5,5.914409483,25.91440948,45.91440948,65.91440948,201.2260714,129.0030068,29,219.0030068,85.91440948
6205,10.4,6.490644303,26.4906443,46.4906443,66.4906443,148.6547264,127.3130919,27,217.3130919,86.4906443
6206,8.9,6.346585598,26.3465856,46.3465856,66.3465856,122.5827586,126.5271994,21,216.5271994,86.3465856
6207,8.1,6.490644303,26.4906443,46.4906443,66.4906443,34.80523813,122.098429,25,212.098429,86.4906443
6208,7.9,7.354996533,27.35499653,47.35499653,67.35499653,34.80523813,120.5874366,37,210.5874366,87.35499653
6209,8.6,8.363407467,28.36340747,48.36340747,68.36340747,34.80523813,120.3322838,48,210.3322838,88.36340747
6210,9.4,72.33883619,92.33883619,112.3388362,132.3388362,34.80523813,119.6931066,57,209.6931066,152.3388362
6211,10.2,9.659935812,29.65993581,49.65993581,69.65993581,34.80523813,116.2141476,57,206.2141476,89.65993581
6212,10.4,9.515877107,29.51587711,49.51587711,69.51587711,60.87720596,112.3981109,44,202.3981109,89.51587711
6213,10.3,9.371818402,29.3718184,49.3718184,69.3718184,60.87720596,109.4219093,41,199.4219093,89.3718184
6214,10.7,8.939642287,28.93964229,48.93964229,68.93964229,34.80523813,106.7606464,29,196.7606464,88.93964229
6215,10.5,8.939642287,28.93964229,48.93964229,68.93964229,21.90472707,103.6629151,28,193.6629151,88.93964229
6216,10.4,9.227759697,29.2277597,49.2277597,69.2277597,21.90472707,102.5413564,26,192.5413564,89.2277597
6217,10.3,9.371818402,29.3718184,49.3718184,69.3718184,21.90472707,100.7066834,26,190.7066834,89.3718184
6218,9.8,9.659935812,29.65993581,49.65993581,69.65993581,21.90472707,100.6461352,26,190.6461352,89.65993581
6219,10.2,9.803994517,29.80399452,49.80399452,69.80399452,21.90472707,102.280659,28,192.280659,89.80399452
6220,10.7,10.38022934,30.38022934,50.38022934,70.38022934,34.80523813,106.3709049,38,196.3709049,90.38022934
6221,11.8,10.95646416,30.95646416,50.95646416,70.95646416,34.80523813,115.4453095,78,205.4453095,90.95646416
6222,12.4,10.38022934,30.38022934,50.38022934,70.38022934,113.4485509,122.8294457,51,212.8294457,90.38022934
6223,12.4,34.90436641,54.90436641,74.90436641,94.90436641,60.87720596,125.3115049,33,215.3115049,114.9043664
6224,11.5,8.507466172,28.50746617,48.50746617,68.50746617,122.5827586,125.8638886,15,215.8638886,88.50746617
6225,11,7.643113943,27.64311394,47.64311394,67.64311394,122.5827586,118.7507023,10,208.7507023,87.64311394
6226,9.5,7.354996533,27.35499653,47.35499653,67.35499653,122.5827586,123.8458883,9,213.8458883,87.35499653
6227,8.8,46.23005336,66.23005336,86.23005336,106.2300534,122.5827586,123.3413961,10,213.3413961,126.2300534
6228,8.4,7.787172648,27.78717265,47.78717265,67.78717265,201.2260714,121.0542883,6,211.0542883,87.78717265
6229,8.2,7.210937828,27.21093783,47.21093783,67.21093783,148.6547264,120.6153147,13,210.6153147,87.21093783
6230,8.1,7.931231353,27.93123135,47.93123135,67.93123135,122.5827586,117.2994508,6,207.2994508,87.93123135
6231,8,7.066879123,27.06687912,47.06687912,67.06687912,34.80523813,113.3236697,11,203.3236697,87.06687912
6232,8,7.210937828,27.21093783,47.21093783,67.21093783,34.80523813,110.8735809,19,200.8735809,87.21093783
6233,7.6,8.651524877,28.65152488,48.65152488,68.65152488,34.80523813,108.0477773,22,198.0477773,88.65152488
6234,7.6,72.4828949,92.4828949,112.4828949,132.4828949,34.80523813,107.5097621,62,197.5097621,152.4828949
6235,7.9,9.515877107,29.51587711,49.51587711,69.51587711,34.80523813,105.764661,50,195.764661,89.51587711
6236,8.1,9.659935812,29.65993581,49.65993581,69.65993581,60.87720596,105.2781333,46,195.2781333,89.65993581
6237,8.3,9.803994517,29.80399452,49.80399452,69.80399452,60.87720596,103.1226791,46,193.1226791,89.80399452
6238,8.4,9.948053222,29.94805322,49.94805322,69.94805322,34.80523813,102.2985472,38,192.2985472,89.94805322
6239,8.2,10.09211193,30.09211193,50.09211193,70.09211193,21.90472707,101.2454252,29,191.2454252,90.09211193
6240,8.9,9.948053222,29.94805322,49.94805322,69.94805322,21.90472707,100.7625429,27,190.7625429,89.94805322
6241,8.9,9.659935812,29.65993581,49.65993581,69.65993581,21.90472707,100.3775754,26,190.3775754,89.65993581
6242,8.7,9.948053222,29.94805322,49.94805322,69.94805322,21.90472707,98.7267293,31,188.7267293,89.94805322
6243,9.1,10.23617063,30.23617063,50.23617063,70.23617063,21.90472707,98.67166579,33,188.6716658,90.23617063
6244,9.7,10.09211193,30.09211193,50.09211193,70.09211193,34.80523813,98.96877114,48,188.9687711,90.09211193
6245,9.8,10.23617063,30.23617063,50.23617063,70.23617063,34.80523813,101.2430782,81,191.2430782,90.23617063
6246,10.1,9.803994517,29.80399452,49.80399452,69.80399452,113.4485509,102.942431,66,192.942431,89.80399452
6247,10.9,33.89595547,53.89595547,73.89595547,93.89595547,60.87720596,104.6920718,29,194.6920718,113.8959555
6248,11.2,7.499055238,27.49905524,47.49905524,67.49905524,122.5827586,106.6145947,11,196.6145947,87.49905524
6249,10.2,6.058468188,26.05846819,46.05846819,66.05846819,122.5827586,108.0679388,7,198.0679388,86.05846819
6250,9.4,6.058468188,26.05846819,46.05846819,66.05846819,122.5827586,108.2882626,11,198.2882626,86.05846819
6251,8.8,44.3572902,64.3572902,84.3572902,104.3572902,122.5827586,107.9695678,11,197.9695678,124.3572902
6252,8.6,6.634703008,26.63470301,46.63470301,66.63470301,201.2260714,108.0127208,8,198.0127208,86.63470301
6253,8.4,5.914409483,25.91440948,45.91440948,65.91440948,148.6547264,107.8028896,10,197.8028896,85.91440948
6254,8,6.202526893,26.20252689,46.20252689,66.20252689,122.5827586,106.9566467,8,196.9566467,86.20252689
6255,8.9,6.490644303,26.4906443,46.4906443,66.4906443,34.80523813,106.4393682,11,196.4393682,86.4906443
6256,9.7,6.922820418,26.92282042,46.92282042,66.92282042,34.80523813,106.6473992,14,196.6473992,86.92282042
6257,9,8.075290057,28.07529006,48.07529006,68.07529006,34.80523813,104.4470489,29,194.4470489,88.07529006
6258,9.6,72.19477749,92.19477749,112.1947775,132.1947775,34.80523813,106.5131384,42,196.5131384,152.1947775
6259,11.1,9.515877107,29.51587711,49.51587711,69.51587711,34.80523813,106.0640623,23,196.0640623,89.51587711
6260,11.8,9.515877107,29.51587711,49.51587711,69.51587711,60.87720596,104.8892267,34,194.8892267,89.51587711
6261,11.3,9.803994517,29.80399452,49.80399452,69.80399452,60.87720596,103.2145186,24,193.2145186,89.80399452
6262,11.9,10.09211193,30.09211193,50.09211193,70.09211193,34.80523813,101.5733428,30,191.5733428,90.09211193
6263,12.8,10.38022934,30.38022934,50.38022934,70.38022934,21.90472707,99.93443526,7,189.9344353,90.38022934
6264,13.5,11.24458157,31.24458157,51.24458157,71.24458157,21.90472707,99.37094602,8,189.370946,91.24458157
6265,13.4,12.1089338,32.1089338,52.1089338,72.1089338,21.90472707,98.78638975,14,188.7863898,92.1089338
6266,13.4,12.2529925,32.2529925,52.2529925,72.2529925,21.90472707,98.55620149,15,188.5562015,92.2529925
6267,12.1,12.2529925,32.2529925,52.2529925,72.2529925,21.90472707,99.22726834,16,189.2272683,92.2529925
6268,12.8,12.97328603,32.97328603,52.97328603,72.97328603,34.80523813,100.4019002,24,190.4019002,92.97328603
6269,13.4,13.26140344,33.26140344,53.26140344,73.26140344,34.80523813,101.8776592,73,191.8776592,93.26140344
6270,14.7,11.67675768,31.67675768,51.67675768,71.67675768,113.4485509,101.7632395,56,191.7632395,91.67675768
6271,14.8,34.18407288,54.18407288,74.18407288,94.18407288,60.87720596,102.960355,13,192.960355,114.1840729
6272,12.5,7.210937828,27.21093783,47.21093783,67.21093783,122.5827586,104.6881593,15,194.6881593,87.21093783
6273,11.5,6.202526893,26.20252689,46.20252689,66.20252689,122.5827586,106.4797115,12,196.4797115,86.20252689
6274,11.3,5.626292073,25.62629207,45.62629207,65.62629207,122.5827586,108.8326736,10,198.8326736,85.62629207
6275,10.9,43.20482056,63.20482056,83.20482056,103.2048206,122.5827586,107.9519477,7,197.9519477,123.2048206
6276,9.9,5.482233368,25.48223337,45.48223337,65.48223337,201.2260714,108.1668556,11,198.1668556,85.48223337
6277,9.4,5.770350778,25.77035078,45.77035078,65.77035078,148.6547264,108.8784009,8,198.8784009,85.77035078
6278,10.3,6.202526893,26.20252689,46.20252689,66.20252689,122.5827586,109.534268,9,199.534268,86.20252689
6279,11,6.922820418,26.92282042,46.92282042,66.92282042,34.80523813,109.5006011,15,199.5006011,86.92282042
6280,10.3,7.643113943,27.64311394,47.64311394,67.64311394,34.80523813,109.5119155,21,199.5119155,87.64311394
6281,10.5,8.507466172,28.50746617,48.50746617,68.50746617,34.80523813,109.1314279,35,199.1314279,88.50746617
6282,11.3,72.33883619,92.33883619,112.3388362,132.3388362,34.80523813,109.0232584,31,199.0232584,152.3388362
6283,11.5,10.23617063,30.23617063,50.23617063,70.23617063,34.80523813,108.749387,34,198.749387,90.23617063
6284,11.6,10.95646416,30.95646416,50.95646416,70.95646416,60.87720596,107.1741195,22,197.1741195,90.95646416
6285,12.2,10.95646416,30.95646416,50.95646416,70.95646416,60.87720596,105.4411581,20,195.4411581,90.95646416
6286,11.7,11.24458157,31.24458157,51.24458157,71.24458157,34.80523813,104.4338012,9,194.4338012,91.24458157
6287,11.9,11.53269898,31.53269898,51.53269898,71.53269898,21.90472707,103.6534856,7,193.6534856,91.53269898
6288,12.2,11.53269898,31.53269898,51.53269898,71.53269898,21.90472707,103.668059,4,193.668059,91.53269898
6289,13,11.53269898,31.53269898,51.53269898,71.53269898,21.90472707,103.2830793,5,193.2830793,91.53269898
6290,14,11.53269898,31.53269898,51.53269898,71.53269898,21.90472707,103.5281477,4,193.5281477,91.53269898
6291,13.3,11.67675768,31.67675768,51.67675768,71.67675768,21.90472707,104.8433133,6,194.8433133,91.67675768
6292,13,11.82081639,31.82081639,51.82081639,71.82081639,34.80523813,110.1284683,15,200.1284683,91.82081639
6293,13.4,11.82081639,31.82081639,51.82081639,71.82081639,34.80523813,120.5482662,66,210.5482662,91.82081639
6294,14.5,11.38864027,31.38864027,51.38864027,71.38864027,113.4485509,127.8816197,41,217.8816197,91.38864027
6295,14.6,35.76871864,55.76871864,75.76871864,95.76871864,60.87720596,130.1871526,16,220.1871526,115.7687186
6296,14.3,9.948053222,29.94805322,49.94805322,69.94805322,122.5827586,128.8902649,12,218.8902649,89.94805322
6297,12.9,9.371818402,29.3718184,49.3718184,69.3718184,122.5827586,129.5914611,10,219.5914611,89.3718184
6298,11.6,8.363407467,28.36340747,48.36340747,68.36340747,122.5827586,129.7139341,8,219.7139341,88.36340747
6299,10.8,45.50975984,65.50975984,85.50975984,105.5097598,122.5827586,129.4783292,13,219.4783292,125.5097598
6300,11,7.210937828,27.21093783,47.21093783,67.21093783,201.2260714,129.6570808,5,219.6570808,87.21093783
6301,11.6,6.634703008,26.63470301,46.63470301,66.63470301,148.6547264,128.8115476,6,218.8115476,86.63470301
6302,10.9,6.634703008,26.63470301,46.63470301,66.63470301,122.5827586,128.0224646,10,218.0224646,86.63470301
6303,10.6,6.922820418,26.92282042,46.92282042,66.92282042,34.80523813,124.4884432,12,214.4884432,86.92282042
6304,11.2,8.075290057,28.07529006,48.07529006,68.07529006,34.80523813,122.5315926,17,212.5315926,88.07529006
6305,12.3,10.66834675,30.66834675,50.66834675,70.66834675,34.80523813,121.0081189,30,211.0081189,90.66834675
6306,11.8,75.07595158,95.07595158,115.0759516,135.0759516,34.80523813,121.0788692,32,211.0788692,155.0759516
6307,13.5,12.1089338,32.1089338,52.1089338,72.1089338,34.80523813,119.7064552,34,209.7064552,92.1089338
6308,13.3,12.68516862,32.68516862,52.68516862,72.68516862,60.87720596,117.1034764,40,207.1034764,92.68516862
6309,13.5,14.12575567,34.12575567,54.12575567,74.12575567,60.87720596,113.9483332,48,203.9483332,94.12575567
6310,14.4,16.14257753,36.14257753,56.14257753,76.14257753,34.80523813,111.6425914,30,201.6425914,96.14257753
6311,14.9,17.72722329,37.72722329,57.72722329,77.72722329,21.90472707,109.3481593,27,199.3481593,97.72722329
6312,14.5,18.87969293,38.87969293,58.87969293,78.87969293,21.90472707,108.3043254,28,198.3043254,98.87969293
6313,15.2,19.31186904,39.31186904,59.31186904,79.31186904,21.90472707,106.9994326,24,196.9994326,99.31186904
6314,16.1,19.74404516,39.74404516,59.74404516,79.74404516,21.90472707,107.1350504,23,197.1350504,99.74404516
6315,17,19.74404516,39.74404516,59.74404516,79.74404516,21.90472707,108.7728317,23,198.7728317,99.74404516
6316,17.8,19.31186904,39.31186904,59.31186904,79.31186904,34.80523813,114.4784818,33,204.4784818,99.31186904
6317,17.8,17.87128199,37.87128199,57.87128199,77.87128199,34.80523813,124.2410055,62,214.2410055,97.87128199
6318,19.7,15.56634271,35.56634271,55.56634271,75.56634271,113.4485509,132.3010254,59,222.3010254,95.56634271
6319,19.9,38.64989274,58.64989274,78.64989274,98.64989274,60.87720596,134.7684085,21,224.7684085,118.6498927
6320,17.4,11.82081639,31.82081639,51.82081639,71.82081639,34.80523813,134.1105944,16,224.1105944,91.82081639
6321,15,10.66834675,30.66834675,50.66834675,70.66834675,34.80523813,134.2793542,13,224.2793542,90.66834675
6322,13.5,9.948053222,29.94805322,49.94805322,69.94805322,34.80523813,133.1314456,19,223.1314456,89.94805322
6323,11.8,46.51817077,66.51817077,86.51817077,106.5181708,34.80523813,131.04033,13,221.04033,126.5181708
6324,11.4,7.066879123,27.06687912,47.06687912,67.06687912,113.4485509,131.0087442,6,221.0087442,87.06687912
6325,10.4,6.634703008,26.63470301,46.63470301,66.63470301,60.87720596,132.0505111,7,222.0505111,86.63470301
6326,11.4,6.922820418,26.92282042,46.92282042,66.92282042,34.80523813,130.0408575,11,220.0408575,86.92282042
6327,11.7,7.499055238,27.49905524,47.49905524,67.49905524,34.80523813,127.6901116,21,217.6901116,87.49905524
6328,12,8.651524877,28.65152488,48.65152488,68.65152488,34.80523813,124.8834382,28,214.8834382,88.65152488
6329,11.1,9.371818402,29.3718184,49.3718184,69.3718184,34.80523813,122.938072,27,212.938072,89.3718184
6330,11.7,72.91507101,92.91507101,112.915071,132.915071,34.80523813,122.8961063,25,212.8961063,152.915071
6331,14.1,10.52428804,30.52428804,50.52428804,70.52428804,34.80523813,120.5610461,23,210.5610461,90.52428804
6332,16.1,10.81240545,30.81240545,50.81240545,70.81240545,60.87720596,118.5283707,24,208.5283707,90.81240545
6333,17.4,10.81240545,30.81240545,50.81240545,70.81240545,60.87720596,116.1920986,41,206.1920986,90.81240545
6334,19.1,10.66834675,30.66834675,50.66834675,70.66834675,34.80523813,113.9039898,33,203.9039898,90.66834675
6335,19.6,10.38022934,30.38022934,50.38022934,70.38022934,21.90472707,111.9899999,35,201.9899999,90.38022934
6336,19,10.38022934,30.38022934,50.38022934,70.38022934,21.90472707,110.4315912,27,200.4315912,90.38022934
6337,19,10.23617063,30.23617063,50.23617063,70.23617063,21.90472707,109.4917281,32,199.4917281,90.23617063
6338,20.2,10.23617063,30.23617063,50.23617063,70.23617063,21.90472707,110.2898612,33,200.2898612,90.23617063
6339,19.7,10.23617063,30.23617063,50.23617063,70.23617063,21.90472707,111.4699466,35,201.4699466,90.23617063
6340,20,10.23617063,30.23617063,50.23617063,70.23617063,21.90472707,116.2957691,32,206.2957691,90.23617063
6341,21.7,10.09211193,30.09211193,50.09211193,70.09211193,21.90472707,124.5067165,34,214.5067165,90.09211193
6342,24.4,9.371818402,29.3718184,49.3718184,69.3718184,100.5480399,131.4871343,38,221.4871343,89.3718184
6343,25.2,33.46377936,53.46377936,73.46377936,93.46377936,47.97669489,133.4366945,47,223.4366945,113.4637794
6344,20.3,6.490644303,26.4906443,46.4906443,66.4906443,21.90472707,134.0277915,48,224.0277915,86.4906443
6345,17,5.194115958,25.19411596,45.19411596,65.19411596,21.90472707,134.5323786,54,224.5323786,85.19411596
6346,13.9,4.854698192,24.85469819,44.85469819,64.85469819,21.90472707,133.4106428,44,223.4106428,84.85469819
6347,11.6,42.72134409,62.72134409,82.72134409,102.7213441,21.90472707,133.0991127,34,223.0991127,122.7213441
6348,10.6,4.854698192,24.85469819,44.85469819,64.85469819,100.5480399,131.3994814,41,221.3994814,84.85469819
6349,10,4.854698192,24.85469819,44.85469819,64.85469819,47.97669489,130.0286228,26,220.0286228,84.85469819
6350,9.9,4.854698192,24.85469819,44.85469819,64.85469819,21.90472707,128.669719,23,218.669719,84.85469819
6351,10,4.854698192,24.85469819,44.85469819,64.85469819,21.90472707,124.9333899,38,214.9333899,84.85469819
6352,9.5,4.854698192,24.85469819,44.85469819,64.85469819,21.90472707,122.7003749,46,212.7003749,84.85469819
6353,9.5,5.914409483,25.91440948,45.91440948,65.91440948,21.90472707,122.1163163,57,212.1163163,85.91440948
6354,10.5,69.45766209,89.45766209,109.4576621,129.4576621,21.90472707,121.0455789,53,211.0455789,149.4576621
6355,12.1,6.202526893,26.20252689,46.20252689,66.20252689,21.90472707,119.602707,51,209.602707,86.20252689
6356,13.5,6.058468188,26.05846819,46.05846819,66.05846819,47.97669489,116.9185398,42,206.9185398,86.05846819
6357,14.6,5.770350778,25.77035078,45.77035078,65.77035078,47.97669489,114.2001358,47,204.2001358,85.77035078
6358,15.2,5.482233368,25.48223337,45.48223337,65.48223337,21.90472707,111.1000808,45,201.1000808,85.48223337
6359,15.2,5.194115958,25.19411596,45.19411596,65.19411596,21.90472707,108.657695,42,198.657695,85.19411596
6360,14.8,5.194115958,25.19411596,45.19411596,65.19411596,21.90472707,107.269911,45,197.269911,85.19411596
6361,13.7,5.050057254,25.05005725,45.05005725,65.05005725,21.90472707,106.7101215,45,196.7101215,85.05005725
6362,13.3,4.854698192,24.85469819,44.85469819,64.85469819,21.90472707,107.0809836,44,197.0809836,84.85469819
6363,13.2,5.050057254,25.05005725,45.05005725,65.05005725,21.90472707,108.2584098,44,198.2584098,85.05005725
6364,13.2,4.905998549,24.90599855,44.90599855,64.90599855,34.80523813,113.3856569,45,203.3856569,84.90599855
6365,13.8,4.854698192,24.85469819,44.85469819,64.85469819,34.80523813,122.1891463,47,212.1891463,84.85469819
6366,14.9,4.854698192,24.85469819,44.85469819,64.85469819,113.4485509,130.6672902,52,220.6672902,84.85469819
6367,17.1,30.09912879,50.09912879,70.09912879,90.09912879,60.87720596,133.7430933,51,223.7430933,110.0991288
6368,16.6,4.854698192,24.85469819,44.85469819,64.85469819,122.5827586,134.1331705,61,224.1331705,84.85469819
6369,13.7,4.854698192,24.85469819,44.85469819,64.85469819,122.5827586,133.6420562,55,223.6420562,84.85469819
6370,12.5,4.854698192,24.85469819,44.85469819,64.85469819,122.5827586,133.7718203,48,223.7718203,84.85469819
6371,11.2,42.72134409,62.72134409,82.72134409,102.7213441,122.5827586,134.4792329,41,224.4792329,122.7213441
6372,9.1,4.905998549,24.90599855,44.90599855,64.90599855,201.2260714,134.5983552,33,224.5983552,84.90599855
6373,8.2,5.626292073,25.62629207,45.62629207,65.62629207,148.6547264,133.1064102,33,223.1064102,85.62629207
6374,8.7,6.058468188,26.05846819,46.05846819,66.05846819,122.5827586,132.3736041,26,222.3736041,86.05846819
6375,8.7,6.058468188,26.05846819,46.05846819,66.05846819,34.80523813,129.0884975,38,219.0884975,86.05846819
6376,9,6.490644303,26.4906443,46.4906443,66.4906443,34.80523813,124.7755695,44,214.7755695,86.4906443
6377,9.3,7.931231353,27.93123135,47.93123135,67.93123135,34.80523813,124.8213185,72,214.8213185,87.93123135
6378,9.2,71.47448396,91.47448396,111.474484,131.474484,34.80523813,123.8971769,58,213.8971769,151.474484
6379,9.9,9.371818402,29.3718184,49.3718184,69.3718184,34.80523813,122.210311,57,212.210311,89.3718184
6380,10.1,10.38022934,30.38022934,50.38022934,70.38022934,60.87720596,118.1639149,47,208.1639149,90.38022934
6381,10.1,11.67675768,31.67675768,51.67675768,71.67675768,60.87720596,115.7971343,68,205.7971343,91.67675768
6382,10.2,11.82081639,31.82081639,51.82081639,71.82081639,34.80523813,113.8673573,42,203.8673573,91.82081639
6383,10.1,11.82081639,31.82081639,51.82081639,71.82081639,21.90472707,110.5318078,44,200.5318078,91.82081639
6384,10.6,11.67675768,31.67675768,51.67675768,71.67675768,21.90472707,110.39376,45,200.39376,91.67675768
6385,11.4,11.24458157,31.24458157,51.24458157,71.24458157,21.90472707,109.1435421,48,199.1435421,91.24458157
6386,12.1,10.95646416,30.95646416,50.95646416,70.95646416,21.90472707,108.586106,51,198.586106,90.95646416
6387,12.8,10.66834675,30.66834675,50.66834675,70.66834675,21.90472707,109.9856468,53,199.9856468,90.66834675
6388,13.4,10.52428804,30.52428804,50.52428804,70.52428804,34.80523813,114.1979008,72,204.1979008,90.52428804
6389,13.5,10.52428804,30.52428804,50.52428804,70.52428804,34.80523813,123.5887486,119,213.5887486,90.52428804
6390,13.9,10.38022934,30.38022934,50.38022934,70.38022934,113.4485509,130.6304752,110,220.6304752,90.38022934
6391,14.9,35.33654252,55.33654252,75.33654252,95.33654252,60.87720596,132.8800932,65,222.8800932,115.3365425
6392,14,9.083700992,29.08370099,49.08370099,69.08370099,122.5827586,132.3169543,53,222.3169543,89.08370099
6393,12.4,8.219348762,28.21934876,48.21934876,68.21934876,122.5827586,130.1684737,44,220.1684737,88.21934876
6394,11.3,7.931231353,27.93123135,47.93123135,67.93123135,122.5827586,133.4838468,40,223.4838468,87.93123135
6395,10.1,45.07758372,65.07758372,85.07758372,105.0775837,122.5827586,131.1114291,37,221.1114291,125.0775837
6396,9,6.778761713,26.77876171,46.77876171,66.77876171,201.2260714,130.0405551,34,220.0405551,86.77876171
6397,9,6.202526893,26.20252689,46.20252689,66.20252689,148.6547264,128.0809794,25,218.0809794,86.20252689
6398,9.4,5.914409483,25.91440948,45.91440948,65.91440948,122.5827586,126.921333,27,216.921333,85.91440948
6399,10,6.490644303,26.4906443,46.4906443,66.4906443,34.80523813,121.8883338,39,211.8883338,86.4906443
6400,9.6,8.363407467,28.36340747,48.36340747,68.36340747,34.80523813,115.9549223,59,205.9549223,88.36340747
6401,10,9.803994517,29.80399452,49.80399452,69.80399452,34.80523813,113.818076,74,203.818076,89.80399452
6402,10.3,73.20318842,93.20318842,113.2031884,133.2031884,34.80523813,113.3305946,92,203.3305946,153.2031884
6403,10.5,10.52428804,30.52428804,50.52428804,70.52428804,34.80523813,113.1336462,81,203.1336462,90.52428804
6404,10.3,10.38022934,30.38022934,50.38022934,70.38022934,60.87720596,110.244578,64,200.244578,90.38022934
6405,11.4,9.948053222,29.94805322,49.94805322,69.94805322,60.87720596,106.5071011,67,196.5071011,89.94805322
6406,11.7,9.515877107,29.51587711,49.51587711,69.51587711,34.80523813,103.7983555,55,193.7983555,89.51587711
6407,11.8,9.083700992,29.08370099,49.08370099,69.08370099,21.90472707,104.7908592,57,194.7908592,89.08370099
6408,11.3,8.795583582,28.79558358,48.79558358,68.79558358,21.90472707,104.1956559,57,194.1956559,88.79558358
6409,11.1,8.219348762,28.21934876,48.21934876,68.21934876,21.90472707,102.9532112,58,192.9532112,88.21934876
6410,11.4,8.075290057,28.07529006,48.07529006,68.07529006,21.90472707,101.9104694,62,191.9104694,88.07529006
6411,11.3,8.219348762,28.21934876,48.21934876,68.21934876,21.90472707,101.7202945,62,191.7202945,88.21934876
6412,11.3,8.795583582,28.79558358,48.79558358,68.79558358,34.80523813,102.5060922,79,192.5060922,88.79558358
6413,10.6,9.515877107,29.51587711,49.51587711,69.51587711,34.80523813,105.5567959,119,195.5567959,89.51587711
6414,11,9.083700992,29.08370099,49.08370099,69.08370099,113.4485509,107.7253708,107,197.7253708,89.08370099
6415,11.7,32.16725102,52.16725102,72.16725102,92.16725102,60.87720596,109.2156056,73,199.2156056,112.167251
6416,12.1,5.194115958,25.19411596,45.19411596,65.19411596,122.5827586,108.783557,57,198.783557,85.19411596
6417,12.9,4.854698192,24.85469819,44.85469819,64.85469819,122.5827586,108.5837566,51,198.5837566,84.85469819
6418,13.2,4.854698192,24.85469819,44.85469819,64.85469819,122.5827586,108.6777965,42,198.6777965,84.85469819
6419,12.3,42.72134409,62.72134409,82.72134409,102.7213441,122.5827586,107.7384239,41,197.7384239,122.7213441
6420,11.1,4.854698192,24.85469819,44.85469819,64.85469819,201.2260714,107.1695586,33,197.1695586,84.85469819
6421,10.1,4.854698192,24.85469819,44.85469819,64.85469819,148.6547264,106.9682049,27,196.9682049,84.85469819
6422,9.2,4.854698192,24.85469819,44.85469819,64.85469819,122.5827586,107.5412321,27,197.5412321,84.85469819
6423,9.1,4.854698192,24.85469819,44.85469819,64.85469819,34.80523813,107.6145254,30,197.6145254,84.85469819
6424,9,4.854698192,24.85469819,44.85469819,64.85469819,34.80523813,106.9175566,50,196.9175566,84.85469819
6425,9.6,4.854698192,24.85469819,44.85469819,64.85469819,34.80523813,106.5728433,67,196.5728433,84.85469819
6426,10.9,70.17795562,90.17795562,110.1779556,130.1779556,34.80523813,107.5804122,72,197.5804122,150.1779556
6427,12.4,9.227759697,29.2277597,49.2277597,69.2277597,34.80523813,106.9115536,76,196.9115536,89.2277597
6428,12,11.53269898,31.53269898,51.53269898,71.53269898,60.87720596,106.0482317,88,196.0482317,91.53269898
6429,13.6,13.26140344,33.26140344,53.26140344,73.26140344,60.87720596,104.8538416,56,194.8538416,93.26140344
6430,14,14.41387308,34.41387308,54.41387308,74.41387308,34.80523813,103.3225633,45,193.3225633,94.41387308
6431,16.2,15.71040142,35.71040142,55.71040142,75.71040142,21.90472707,102.71963,43,192.71963,95.71040142
6432,16.4,16.86287106,36.86287106,56.86287106,76.86287106,21.90472707,102.1728936,41,192.1728936,96.86287106
6433,15.8,17.58316458,37.58316458,57.58316458,77.58316458,21.90472707,102.6462915,43,192.6462915,97.58316458
6434,14.7,18.30345811,38.30345811,58.30345811,78.30345811,21.90472707,101.380117,38,191.380117,98.30345811
6435,13.6,18.73563422,38.73563422,58.73563422,78.73563422,21.90472707,101.1934311,35,191.1934311,98.73563422
6436,13.2,19.16781034,39.16781034,59.16781034,79.16781034,34.80523813,102.3578105,52,192.3578105,99.16781034
6437,12.9,19.31186904,39.31186904,59.31186904,79.31186904,34.80523813,104.196552,93,194.196552,99.31186904
6438,15.1,17.00692976,37.00692976,57.00692976,77.00692976,113.4485509,105.1065734,96,195.1065734,97.00692976
6439,15.5,36.92118828,56.92118828,76.92118828,96.92118828,60.87720596,106.140127,59,196.140127,116.9211883
6440,15,6.058468188,26.05846819,46.05846819,66.05846819,122.5827586,106.2942224,50,196.2942224,86.05846819
6441,14.3,4.854698192,24.85469819,44.85469819,64.85469819,122.5827586,105.7183532,46,195.7183532,84.85469819
6442,13.1,4.854698192,24.85469819,44.85469819,64.85469819,122.5827586,105.8367414,36,195.8367414,84.85469819
6443,12.1,42.72134409,62.72134409,82.72134409,102.7213441,122.5827586,106.1040524,30,196.1040524,122.7213441
6444,11.7,4.854698192,24.85469819,44.85469819,64.85469819,201.2260714,107.6222882,26,197.6222882,84.85469819
6445,10.6,4.854698192,24.85469819,44.85469819,64.85469819,148.6547264,107.5809328,23,197.5809328,84.85469819
6446,10.3,4.854698192,24.85469819,44.85469819,64.85469819,122.5827586,108.1366466,10,198.1366466,84.85469819
6447,10.5,4.854698192,24.85469819,44.85469819,64.85469819,34.80523813,109.1065412,18,199.1065412,84.85469819
6448,11.1,4.854698192,24.85469819,44.85469819,64.85469819,34.80523813,108.4043866,28,198.4043866,84.85469819
6449,11,4.854698192,24.85469819,44.85469819,64.85469819,34.80523813,108.6908448,63,198.6908448,84.85469819
6450,11.4,68.16113375,88.16113375,108.1611337,128.1611337,34.80523813,109.9060448,60,199.9060448,148.1611337
6451,11.8,6.634703008,26.63470301,46.63470301,66.63470301,34.80523813,109.6278641,82,199.6278641,86.63470301
6452,12,7.643113943,27.64311394,47.64311394,67.64311394,60.87720596,108.2872345,74,198.2872345,87.64311394
6453,12.8,8.651524877,28.65152488,48.65152488,68.65152488,60.87720596,106.4293792,58,196.4293792,88.65152488
6454,12.5,8.795583582,28.79558358,48.79558358,68.79558358,34.80523813,105.2852825,45,195.2852825,88.79558358
6455,10.9,9.515877107,29.51587711,49.51587711,69.51587711,21.90472707,104.1730546,42,194.1730546,89.51587711
6456,11,10.23617063,30.23617063,50.23617063,70.23617063,21.90472707,103.948012,37,193.948012,90.23617063
6457,12.2,10.95646416,30.95646416,50.95646416,70.95646416,21.90472707,103.6599868,45,193.6599868,90.95646416
6458,12.2,11.96487509,31.96487509,51.96487509,71.96487509,21.90472707,103.4586364,50,193.4586364,91.96487509
6459,10.9,12.39705121,32.39705121,52.39705121,72.39705121,21.90472707,105.1656841,49,195.1656841,92.39705121
6460,11.5,12.39705121,32.39705121,52.39705121,72.39705121,34.80523813,110.0371404,58,200.0371404,92.39705121
6461,11.3,11.82081639,31.82081639,51.82081639,71.82081639,34.80523813,119.1884932,101,209.1884932,91.82081639
6462,12.2,9.948053222,29.94805322,49.94805322,69.94805322,113.4485509,127.5235892,84,217.5235892,89.94805322
6463,13.1,31.44695749,51.44695749,71.44695749,91.44695749,60.87720596,129.8294812,63,219.8294812,111.4469575
6464,11.9,4.854698192,24.85469819,44.85469819,64.85469819,122.5827586,129.2468752,50,219.2468752,84.85469819
6465,11.1,4.854698192,24.85469819,44.85469819,64.85469819,122.5827586,127.849284,35,217.849284,84.85469819
6466,10,4.854698192,24.85469819,44.85469819,64.85469819,122.5827586,128.0540105,31,218.0540105,84.85469819
6467,9.7,42.72134409,62.72134409,82.72134409,102.7213441,122.5827586,127.6386714,23,217.6386714,122.7213441
6468,9.5,4.854698192,24.85469819,44.85469819,64.85469819,201.2260714,127.3252657,21,217.3252657,84.85469819
6469,9.6,4.854698192,24.85469819,44.85469819,64.85469819,148.6547264,125.9128754,24,215.9128754,84.85469819
6470,9.5,4.854698192,24.85469819,44.85469819,64.85469819,122.5827586,125.6724292,35,215.6724292,84.85469819
6471,10.1,4.854698192,24.85469819,44.85469819,64.85469819,34.80523813,121.7277344,50,211.7277344,84.85469819
6472,9.9,4.854698192,24.85469819,44.85469819,64.85469819,34.80523813,119.9340508,84,209.9340508,84.85469819
6473,10.4,5.338174663,25.33817466,45.33817466,65.33817466,34.80523813,118.6649264,64,208.6649264,85.33817466
6474,9.8,70.32201432,90.32201432,110.3220143,130.3220143,34.80523813,118.3139485,91,208.3139485,150.3220143
6475,10.5,8.363407467,28.36340747,48.36340747,68.36340747,34.80523813,116.1114067,81,206.1114067,88.36340747
6476,10.1,9.371818402,29.3718184,49.3718184,69.3718184,60.87720596,114.1350768,79,204.1350768,89.3718184
6477,10.1,9.659935812,29.65993581,49.65993581,69.65993581,60.87720596,110.8055149,64,200.8055149,89.65993581
6478,9.8,9.659935812,29.65993581,49.65993581,69.65993581,34.80523813,108.7751453,58,198.7751453,89.65993581
6479,9.5,10.09211193,30.09211193,50.09211193,70.09211193,21.90472707,106.8940221,54,196.8940221,90.09211193
6480,8.4,8.651524877,28.65152488,48.65152488,68.65152488,21.90472707,106.0199345,58,196.0199345,88.65152488
6481,8.1,7.499055238,27.49905524,47.49905524,67.49905524,21.90472707,104.9364378,59,194.9364378,87.49905524
6482,9.3,7.210937828,27.21093783,47.21093783,67.21093783,21.90472707,105.1548692,64,195.1548692,87.21093783
6483,8.7,6.778761713,26.77876171,46.77876171,66.77876171,21.90472707,105.8122938,62,195.8122938,86.77876171
6484,9,6.778761713,26.77876171,46.77876171,66.77876171,34.80523813,107.7787156,74,197.7787156,86.77876171
6485,9.3,6.346585598,26.3465856,46.3465856,66.3465856,34.80523813,115.8686935,115,205.8686935,86.3465856
6486,9.9,5.914409483,25.91440948,45.91440948,65.91440948,113.4485509,123.4904198,109,213.4904198,85.91440948
6487,10.6,30.58260526,50.58260526,70.58260526,90.58260526,60.87720596,126.781942,72,216.781942,110.5826053
6488,10.2,4.854698192,24.85469819,44.85469819,64.85469819,34.80523813,126.9685383,67,216.9685383,84.85469819
6489,10.7,4.854698192,24.85469819,44.85469819,64.85469819,34.80523813,126.2654689,62,216.2654689,84.85469819
6490,10.2,4.854698192,24.85469819,44.85469819,64.85469819,34.80523813,125.5448567,56,215.5448567,84.85469819
6491,10.2,42.72134409,62.72134409,82.72134409,102.7213441,34.80523813,125.2123765,54,215.2123765,122.7213441
6492,9.9,4.854698192,24.85469819,44.85469819,64.85469819,113.4485509,123.5282183,70,213.5282183,84.85469819
6493,10.2,4.854698192,24.85469819,44.85469819,64.85469819,60.87720596,118.7267274,64,208.7267274,84.85469819
6494,11.1,4.854698192,24.85469819,44.85469819,64.85469819,34.80523813,126.3339002,66,216.3339002,84.85469819
6495,11.7,4.854698192,24.85469819,44.85469819,64.85469819,34.80523813,121.6677217,74,211.6677217,84.85469819
6496,11.7,4.854698192,24.85469819,44.85469819,64.85469819,34.80523813,119.0347606,68,209.0347606,84.85469819
6497,11.5,4.854698192,24.85469819,44.85469819,64.85469819,34.80523813,116.5226835,94,206.5226835,84.85469819
6498,12.4,68.16113375,88.16113375,108.1611337,128.1611337,34.80523813,117.3825832,84,207.3825832,148.1611337
6499,12.3,5.482233368,25.48223337,45.48223337,65.48223337,34.80523813,115.1104775,80,205.1104775,85.48223337
6500,12,6.058468188,26.05846819,46.05846819,66.05846819,60.87720596,113.7506785,74,203.7506785,86.05846819
6501,11.7,6.346585598,26.3465856,46.3465856,66.3465856,60.87720596,111.0568316,74,201.0568316,86.3465856
6502,10.9,6.634703008,26.63470301,46.63470301,66.63470301,34.80523813,108.0920243,73,198.0920243,86.63470301
6503,9.5,7.066879123,27.06687912,47.06687912,67.06687912,21.90472707,104.5436007,71,194.5436007,87.06687912
6504,10.5,7.499055238,27.49905524,47.49905524,67.49905524,21.90472707,104.0719232,74,194.0719232,87.49905524
6505,10.3,7.787172648,27.78717265,47.78717265,67.78717265,21.90472707,103.4498459,78,193.4498459,87.78717265
6506,10.5,7.931231353,27.93123135,47.93123135,67.93123135,21.90472707,104.3315607,80,194.3315607,87.93123135
6507,10.8,8.363407467,28.36340747,48.36340747,68.36340747,21.90472707,105.8974533,84,195.8974533,88.36340747
6508,10.8,8.651524877,28.65152488,48.65152488,68.65152488,21.90472707,109.9956128,86,199.9956128,88.65152488
6509,10,8.507466172,28.50746617,48.50746617,68.50746617,21.90472707,120.0708444,92,210.0708444,88.50746617
6510,11.3,7.787172648,27.78717265,47.78717265,67.78717265,100.5480399,129.3349768,92,219.3349768,87.78717265
6511,13.6,31.15884008,51.15884008,71.15884008,91.15884008,47.97669489,134.7823674,104,224.7823674,111.1588401
6512,14,4.854698192,24.85469819,44.85469819,64.85469819,21.90472707,139.6017427,110,229.6017427,84.85469819
6513,12.7,4.854698192,24.85469819,44.85469819,64.85469819,21.90472707,139.4584196,94,229.4584196,84.85469819
6514,11.7,4.854698192,24.85469819,44.85469819,64.85469819,21.90472707,139.0611428,71,229.0611428,84.85469819
6515,11.2,42.72134409,62.72134409,82.72134409,102.7213441,21.90472707,137.3847404,68,227.3847404,122.7213441
6516,11.9,4.854698192,24.85469819,44.85469819,64.85469819,100.5480399,137.4975249,65,227.4975249,84.85469819
6517,10.1,4.854698192,24.85469819,44.85469819,64.85469819,47.97669489,136.5373785,48,226.5373785,84.85469819
6518,10.1,4.854698192,24.85469819,44.85469819,64.85469819,21.90472707,135.0727599,63,225.0727599,84.85469819
6519,11.5,4.854698192,24.85469819,44.85469819,64.85469819,21.90472707,130.8977766,65,220.8977766,84.85469819
6520,13.3,4.854698192,24.85469819,44.85469819,64.85469819,21.90472707,128.1325303,66,218.1325303,84.85469819
6521,13.3,5.914409483,25.91440948,45.91440948,65.91440948,21.90472707,126.3747648,65,216.3747648,85.91440948
6522,13.7,70.32201432,90.32201432,110.3220143,130.3220143,21.90472707,125.6512797,75,215.6512797,150.3220143
6523,14.7,8.363407467,28.36340747,48.36340747,68.36340747,21.90472707,123.1266132,61,213.1266132,88.36340747
6524,14.4,9.659935812,29.65993581,49.65993581,69.65993581,47.97669489,120.8798377,57,210.8798377,89.65993581
6525,13.9,10.52428804,30.52428804,50.52428804,70.52428804,47.97669489,118.3916672,58,208.3916672,90.52428804
6526,14.1,10.81240545,30.81240545,50.81240545,70.81240545,21.90472707,114.8256804,56,204.8256804,90.81240545
6527,14.3,10.81240545,30.81240545,50.81240545,70.81240545,21.90472707,111.0561187,55,201.0561187,90.81240545
6528,15.8,10.81240545,30.81240545,50.81240545,70.81240545,21.90472707,109.2611926,46,199.2611926,90.81240545
6529,15.4,10.52428804,30.52428804,50.52428804,70.52428804,21.90472707,108.2733453,47,198.2733453,90.52428804
6530,15.9,9.371818402,29.3718184,49.3718184,69.3718184,21.90472707,107.9750775,46,197.9750775,89.3718184
6531,16.6,8.651524877,28.65152488,48.65152488,68.65152488,21.90472707,109.7184124,47,199.7184124,88.65152488
6532,16.6,8.219348762,28.21934876,48.21934876,68.21934876,34.80523813,114.2711968,45,204.2711968,88.21934876
6533,17.7,8.219348762,28.21934876,48.21934876,68.21934876,34.80523813,123.2546058,49,213.2546058,88.21934876
6534,20.7,8.219348762,28.21934876,48.21934876,68.21934876,113.4485509,130.1693478,58,220.1693478,88.21934876
6535,23.6,32.59942713,52.59942713,72.59942713,92.59942713,60.87720596,133.3947262,58,223.3947262,112.5994271
6536,20.6,6.490644303,26.4906443,46.4906443,66.4906443,122.5827586,133.8017858,55,223.8017858,86.4906443
6537,18.3,5.482233368,25.48223337,45.48223337,65.48223337,122.5827586,126.196753,62,216.196753,85.48223337
6538,14.7,4.905998549,24.90599855,44.90599855,64.90599855,122.5827586,132.3054961,59,222.3054961,84.90599855
6539,12.4,42.77264444,62.77264444,82.77264444,102.7726444,122.5827586,132.5276446,47,222.5276446,122.7726444
6540,12.3,5.050057254,25.05005725,45.05005725,65.05005725,201.2260714,132.4010108,50,222.4010108,85.05005725
6541,12.3,5.338174663,25.33817466,45.33817466,65.33817466,148.6547264,131.3160547,71,221.3160547,85.33817466
6542,11.3,6.058468188,26.05846819,46.05846819,66.05846819,122.5827586,130.1185415,48,220.1185415,86.05846819
6543,11.2,6.778761713,26.77876171,46.77876171,66.77876171,34.80523813,126.8765407,81,216.8765407,86.77876171
6544,11.7,7.499055238,27.49905524,47.49905524,67.49905524,34.80523813,124.8905956,67,214.8905956,87.49905524
6545,13.2,7.354996533,27.35499653,47.35499653,67.35499653,34.80523813,123.7398353,63,213.7398353,87.35499653
6546,13.3,70.03389691,90.03389691,110.0338969,130.0338969,34.80523813,123.3485004,86,213.3485004,150.0338969
6547,13.4,6.778761713,26.77876171,46.77876171,66.77876171,34.80523813,122.8410963,81,212.8410963,86.77876171
6548,12.6,6.778761713,26.77876171,46.77876171,66.77876171,60.87720596,119.5063596,68,209.5063596,86.77876171
6549,13,6.922820418,26.92282042,46.92282042,66.92282042,60.87720596,115.9903842,72,205.9903842,86.92282042
6550,13,6.922820418,26.92282042,46.92282042,66.92282042,34.80523813,112.5891473,64,202.5891473,86.92282042
6551,12.8,6.778761713,26.77876171,46.77876171,66.77876171,21.90472707,109.5738674,54,199.5738674,86.77876171
6552,12.6,6.778761713,26.77876171,46.77876171,66.77876171,21.90472707,108.8084925,54,198.8084925,86.77876171
6553,12.8,6.634703008,26.63470301,46.63470301,66.63470301,21.90472707,108.7334608,54,198.7334608,86.63470301
6554,12.6,6.346585598,26.3465856,46.3465856,66.3465856,21.90472707,108.8789351,56,198.8789351,86.3465856
6555,12.7,6.346585598,26.3465856,46.3465856,66.3465856,21.90472707,109.6299263,59,199.6299263,86.3465856
6556,12.1,6.634703008,26.63470301,46.63470301,66.63470301,34.80523813,113.8380389,75,203.8380389,86.63470301
6557,12.1,7.066879123,27.06687912,47.06687912,67.06687912,34.80523813,121.7372746,130,211.7372746,87.06687912
6558,12.8,7.354996533,27.35499653,47.35499653,67.35499653,113.4485509,129.4913163,120,219.4913163,87.35499653
6559,13.4,31.44695749,51.44695749,71.44695749,91.44695749,60.87720596,132.2074956,67,222.2074956,111.4469575
6560,14.2,4.854698192,24.85469819,44.85469819,64.85469819,122.5827586,132.239535,56,222.239535,84.85469819
6561,12.5,4.854698192,24.85469819,44.85469819,64.85469819,122.5827586,132.1426744,51,222.1426744,84.85469819
6562,11,4.854698192,24.85469819,44.85469819,64.85469819,122.5827586,131.6870247,54,221.6870247,84.85469819
6563,10.9,42.72134409,62.72134409,82.72134409,102.7213441,122.5827586,129.6816982,51,219.6816982,122.7213441
6564,11.5,4.854698192,24.85469819,44.85469819,64.85469819,201.2260714,128.0277191,43,218.0277191,84.85469819
6565,10.2,4.854698192,24.85469819,44.85469819,64.85469819,148.6547264,126.3682123,33,216.3682123,84.85469819
6566,10.1,4.854698192,24.85469819,44.85469819,64.85469819,122.5827586,122.9959729,33,212.9959729,84.85469819
6567,9.9,4.854698192,24.85469819,44.85469819,64.85469819,34.80523813,118.8629365,50,208.8629365,84.85469819
6568,10.2,4.854698192,24.85469819,44.85469819,64.85469819,34.80523813,116.4532954,57,206.4532954,84.85469819
6569,10.8,5.194115958,25.19411596,45.19411596,65.19411596,34.80523813,114.5037893,81,204.5037893,85.19411596
6570,10.7,68.30519245,88.30519245,108.3051925,128.3051925,34.80523813,113.0899312,88,203.0899312,148.3051925
6571,10.8,4.854698192,24.85469819,44.85469819,64.85469819,34.80523813,110.6623426,83,200.6623426,84.85469819
6572,11,4.854698192,24.85469819,44.85469819,64.85469819,60.87720596,108.6612748,92,198.6612748,84.85469819
6573,12.2,4.854698192,24.85469819,44.85469819,64.85469819,60.87720596,105.9842558,90,195.9842558,84.85469819
6574,12.7,4.854698192,24.85469819,44.85469819,64.85469819,34.80523813,103.9524084,59,193.9524084,84.85469819
6575,11.4,4.854698192,24.85469819,44.85469819,64.85469819,21.90472707,102.6554982,60,192.6554982,84.85469819
6576,11,4.905998549,24.90599855,44.90599855,64.90599855,21.90472707,101.6308235,60,191.6308235,84.90599855
6577,11,5.194115958,25.19411596,45.19411596,65.19411596,21.90472707,101.2462461,61,191.2462461,85.19411596
6578,10.7,5.482233368,25.48223337,45.48223337,65.48223337,21.90472707,101.0534924,64,191.0534924,85.48223337
6579,10.8,5.194115958,25.19411596,45.19411596,65.19411596,21.90472707,101.5460548,66,191.5460548,85.19411596
6580,10.8,4.905998549,24.90599855,44.90599855,64.90599855,34.80523813,101.8639802,86,191.8639802,84.90599855
6581,10.5,4.905998549,24.90599855,44.90599855,64.90599855,34.80523813,104.4136889,129,194.4136889,84.90599855
6582,10.5,4.905998549,24.90599855,44.90599855,64.90599855,113.4485509,106.2896604,125,196.2896604,84.90599855
6583,11.3,30.09912879,50.09912879,70.09912879,90.09912879,60.87720596,107.7430263,84,197.7430263,110.0991288
6584,12.3,4.854698192,24.85469819,44.85469819,64.85469819,122.5827586,109.8557014,64,199.8557014,84.85469819
6585,12.7,4.854698192,24.85469819,44.85469819,64.85469819,122.5827586,110.7801686,57,200.7801686,84.85469819
6586,13,4.854698192,24.85469819,44.85469819,64.85469819,122.5827586,111.1675362,52,201.1675362,84.85469819
6587,11.9,42.72134409,62.72134409,82.72134409,102.7213441,122.5827586,110.9245258,43,200.9245258,122.7213441
6588,12.5,4.854698192,24.85469819,44.85469819,64.85469819,201.2260714,110.7260748,47,200.7260748,84.85469819
6589,12.1,4.854698192,24.85469819,44.85469819,64.85469819,148.6547264,110.5555568,49,200.5555568,84.85469819
6590,11.9,4.854698192,24.85469819,44.85469819,64.85469819,122.5827586,109.753556,49,199.753556,84.85469819
6591,11.2,4.854698192,24.85469819,44.85469819,64.85469819,34.80523813,109.5200025,63,199.5200025,84.85469819
6592,11,4.854698192,24.85469819,44.85469819,64.85469819,34.80523813,108.9489222,73,198.9489222,84.85469819
6593,11.5,5.050057254,25.05005725,45.05005725,65.05005725,34.80523813,108.1801145,89,198.1801145,85.05005725
6594,12.1,68.30519245,88.30519245,108.3051925,128.3051925,34.80523813,106.6356007,107,196.6356007,148.3051925
6595,12.9,5.194115958,25.19411596,45.19411596,65.19411596,34.80523813,104.6409178,110,194.6409178,85.19411596
6596,13,4.905998549,24.90599855,44.90599855,64.90599855,60.87720596,102.3440908,94,192.3440908,84.90599855
6597,12.9,4.854698192,24.85469819,44.85469819,64.85469819,60.87720596,100.1515083,71,190.1515083,84.85469819
6598,13.5,4.854698192,24.85469819,44.85469819,64.85469819,34.80523813,98.39839689,82,188.3983969,84.85469819
6599,13.6,4.854698192,24.85469819,44.85469819,64.85469819,21.90472707,95.75756038,63,185.7575604,84.85469819
6600,14,4.854698192,24.85469819,44.85469819,64.85469819,21.90472707,96.28549079,61,186.2854908,84.85469819
6601,13.1,5.050057254,25.05005725,45.05005725,65.05005725,21.90472707,96.96138014,64,186.9613801,85.05005725
6602,13.4,5.194115958,25.19411596,45.19411596,65.19411596,21.90472707,96.7337826,64,186.7337826,85.19411596
6603,12.9,5.050057254,25.05005725,45.05005725,65.05005725,21.90472707,96.83436199,67,186.834362,85.05005725
6604,13,4.854698192,24.85469819,44.85469819,64.85469819,34.80523813,98.45879019,81,188.4587902,84.85469819
6605,12.8,4.854698192,24.85469819,44.85469819,64.85469819,34.80523813,101.010292,126,191.010292,84.85469819
6606,13.9,4.854698192,24.85469819,44.85469819,64.85469819,113.4485509,100.8458068,134,190.8458068,84.85469819
6607,15.9,30.09912879,50.09912879,70.09912879,90.09912879,60.87720596,101.9978005,86,191.9978005,110.0991288
6608,15.8,4.854698192,24.85469819,44.85469819,64.85469819,122.5827586,103.1164325,27,193.1164325,84.85469819
6609,15.3,4.854698192,24.85469819,44.85469819,64.85469819,122.5827586,104.9552343,27,194.9552343,84.85469819
6610,15.9,4.854698192,24.85469819,44.85469819,64.85469819,122.5827586,105.4693726,59,195.4693726,84.85469819
6611,14.1,42.72134409,62.72134409,82.72134409,102.7213441,122.5827586,104.6579251,55,194.6579251,122.7213441
6612,11.8,4.854698192,24.85469819,44.85469819,64.85469819,201.2260714,103.5760553,53,193.5760553,84.85469819
6613,10.8,4.854698192,24.85469819,44.85469819,64.85469819,148.6547264,101.3094508,46,191.3094508,84.85469819
6614,10.2,4.854698192,24.85469819,44.85469819,64.85469819,122.5827586,104.0454175,49,194.0454175,84.85469819
6615,11,4.854698192,24.85469819,44.85469819,64.85469819,34.80523813,104.4710338,59,194.4710338,84.85469819
6616,11,4.854698192,24.85469819,44.85469819,64.85469819,34.80523813,104.0005667,79,194.0005667,84.85469819
6617,10.9,4.854698192,24.85469819,44.85469819,64.85469819,34.80523813,103.9349542,85,193.9349542,84.85469819
6618,11.4,67.96577468,87.96577468,107.9657747,127.9657747,34.80523813,102.9575429,111,192.9575429,147.9657747
6619,13,4.854698192,24.85469819,44.85469819,64.85469819,34.80523813,102.1136092,104,192.1136092,84.85469819
6620,13.9,4.854698192,24.85469819,44.85469819,64.85469819,60.87720596,100.0493715,107,190.0493715,84.85469819
6621,15.2,4.854698192,24.85469819,44.85469819,64.85469819,60.87720596,98.07202901,103,188.072029,84.85469819
6622,15.6,4.854698192,24.85469819,44.85469819,64.85469819,34.80523813,96.0504305,83,186.0504305,84.85469819
6623,14.3,4.854698192,24.85469819,44.85469819,64.85469819,21.90472707,95.05183296,84,185.051833,84.85469819
6624,13.7,4.854698192,24.85469819,44.85469819,64.85469819,21.90472707,94.5734403,88,184.5734403,84.85469819
6625,13.9,4.854698192,24.85469819,44.85469819,64.85469819,21.90472707,94.18707044,81,184.1870704,84.85469819
6626,14.3,4.854698192,24.85469819,44.85469819,64.85469819,21.90472707,94.2716213,83,184.2716213,84.85469819
6627,15.5,4.854698192,24.85469819,44.85469819,64.85469819,21.90472707,95.41488684,85,185.4148868,84.85469819
6628,16.5,4.854698192,24.85469819,44.85469819,64.85469819,34.80523813,99.98792819,100,189.9879282,84.85469819
6629,18,4.854698192,24.85469819,44.85469819,64.85469819,34.80523813,109.6384145,148,199.6384145,84.85469819
6630,18.7,4.854698192,24.85469819,44.85469819,64.85469819,113.4485509,116.2132523,131,206.2132523,84.85469819
6631,20,30.09912879,50.09912879,70.09912879,90.09912879,60.87720596,119.505877,108,209.505877,110.0991288
6632,18.4,4.854698192,24.85469819,44.85469819,64.85469819,122.5827586,120.0444386,87,210.0444386,84.85469819
6633,17.7,4.854698192,24.85469819,44.85469819,64.85469819,122.5827586,121.6511376,78,211.6511376,84.85469819
6634,15.9,4.854698192,24.85469819,44.85469819,64.85469819,122.5827586,118.745501,70,208.745501,84.85469819
6635,13,42.72134409,62.72134409,82.72134409,102.7213441,122.5827586,120.574226,60,210.574226,122.7213441
6636,10.6,4.854698192,24.85469819,44.85469819,64.85469819,201.2260714,120.325237,53,210.325237,84.85469819
6637,9.8,4.854698192,24.85469819,44.85469819,64.85469819,148.6547264,119.3349907,47,209.3349907,84.85469819
6638,9.4,4.854698192,24.85469819,44.85469819,64.85469819,122.5827586,115.6924745,57,205.6924745,84.85469819
6639,10,4.854698192,24.85469819,44.85469819,64.85469819,34.80523813,112.0454061,72,202.0454061,84.85469819
6640,9.6,4.854698192,24.85469819,44.85469819,64.85469819,34.80523813,109.3126638,70,199.3126638,84.85469819
6641,10.7,4.854698192,24.85469819,44.85469819,64.85469819,34.80523813,109.1556245,93,199.1556245,84.85469819
6642,11,67.96577468,87.96577468,107.9657747,127.9657747,34.80523813,108.1809959,122,198.1809959,147.9657747
6643,11.1,4.854698192,24.85469819,44.85469819,64.85469819,34.80523813,105.7297971,107,195.7297971,84.85469819
6644,11,4.854698192,24.85469819,44.85469819,64.85469819,60.87720596,104.2669149,82,194.2669149,84.85469819
6645,10.9,4.854698192,24.85469819,44.85469819,64.85469819,60.87720596,100.354821,75,190.354821,84.85469819
6646,10.7,4.905998549,24.90599855,44.90599855,64.90599855,34.80523813,98.55656103,65,188.556561,84.90599855
6647,11.9,5.914409483,25.91440948,45.91440948,65.91440948,21.90472707,96.29792307,58,186.2979231,85.91440948
6648,10.8,6.922820418,26.92282042,46.92282042,66.92282042,21.90472707,95.02764326,56,185.0276433,86.92282042
6649,10.5,7.787172648,27.78717265,47.78717265,67.78717265,21.90472707,95.2123474,52,185.2123474,87.78717265
6650,10.6,8.939642287,28.93964229,48.93964229,68.93964229,21.90472707,95.52587247,52,185.5258725,88.93964229
6651,9.7,9.515877107,29.51587711,49.51587711,69.51587711,21.90472707,96.16167504,51,186.161675,89.51587711
6652,10.5,9.227759697,29.2277597,49.2277597,69.2277597,34.80523813,100.817243,58,190.817243,89.2277597
6653,11,9.659935812,29.65993581,49.65993581,69.65993581,34.80523813,112.5135156,102,202.5135156,89.65993581
6654,11.5,8.795583582,28.79558358,48.79558358,68.79558358,113.4485509,121.046758,80,211.046758,88.79558358
6655,11.7,33.03160324,53.03160324,73.03160324,93.03160324,60.87720596,124.2186069,56,214.2186069,113.0316032
6656,11.6,6.490644303,26.4906443,46.4906443,66.4906443,34.80523813,122.7718393,38,212.7718393,86.4906443
6657,11.7,5.194115958,25.19411596,45.19411596,65.19411596,34.80523813,121.8841509,27,211.8841509,85.19411596
6658,11.1,4.854698192,24.85469819,44.85469819,64.85469819,34.80523813,113.9860643,27,203.9860643,84.85469819
6659,9.9,42.72134409,62.72134409,82.72134409,102.7213441,34.80523813,116.6225624,17,206.6225624,122.7213441
6660,9,4.854698192,24.85469819,44.85469819,64.85469819,113.4485509,118.8080982,17,208.8080982,84.85469819
6661,8.4,4.854698192,24.85469819,44.85469819,64.85469819,60.87720596,118.2363589,12,208.2363589,84.85469819
6662,8,4.854698192,24.85469819,44.85469819,64.85469819,34.80523813,117.4062652,29,207.4062652,84.85469819
6663,8.5,4.854698192,24.85469819,44.85469819,64.85469819,34.80523813,114.0469615,45,204.0469615,84.85469819
6664,8.7,4.854698192,24.85469819,44.85469819,64.85469819,34.80523813,113.1723785,66,203.1723785,84.85469819
6665,8.8,5.050057254,25.05005725,45.05005725,65.05005725,34.80523813,108.5208398,66,198.5208398,85.05005725
6666,8.8,68.59330986,88.59330986,108.5933099,128.5933099,34.80523813,106.9022681,63,196.9022681,148.5933099
6667,8.9,6.346585598,26.3465856,46.3465856,66.3465856,34.80523813,104.4236308,58,194.4236308,86.3465856
6668,9,6.634703008,26.63470301,46.63470301,66.63470301,60.87720596,104.0597398,66,194.0597398,86.63470301
6669,9.7,6.490644303,26.4906443,46.4906443,66.4906443,60.87720596,100.4515067,65,190.4515067,86.4906443
6670,8.8,6.634703008,26.63470301,46.63470301,66.63470301,34.80523813,97.88125836,53,187.8812584,86.63470301
6671,8.7,6.490644303,26.4906443,46.4906443,66.4906443,21.90472707,97.71845486,56,187.7184549,86.4906443
6672,9.4,6.202526893,26.20252689,46.20252689,66.20252689,21.90472707,100.9244826,54,190.9244826,86.20252689
6673,10.8,5.914409483,25.91440948,45.91440948,65.91440948,21.90472707,98.29146357,55,188.2914636,85.91440948
6674,10.5,5.770350778,25.77035078,45.77035078,65.77035078,21.90472707,97.71100709,52,187.7110071,85.77035078
6675,9.1,5.482233368,25.48223337,45.48223337,65.48223337,21.90472707,96.79758876,54,186.7975888,85.48223337
6676,9.2,5.050057254,25.05005725,45.05005725,65.05005725,21.90472707,100.9919771,50,190.9919771,85.05005725
6677,8.9,5.482233368,25.48223337,45.48223337,65.48223337,21.90472707,106.1304915,54,196.1304915,85.48223337
6678,10,5.338174663,25.33817466,45.33817466,65.33817466,100.5480399,115.1831678,60,205.1831678,85.33817466
6679,11.1,30.58260526,50.58260526,70.58260526,90.58260526,47.97669489,118.849162,69,208.849162,110.5826053
6680,10.9,4.905998549,24.90599855,44.90599855,64.90599855,21.90472707,120.1014059,88,210.1014059,84.90599855
6681,11.4,4.854698192,24.85469819,44.85469819,64.85469819,21.90472707,120.9541982,97,210.9541982,84.85469819
6682,11.5,4.854698192,24.85469819,44.85469819,64.85469819,21.90472707,121.1498822,89,211.1498822,84.85469819
6683,10.6,42.72134409,62.72134409,82.72134409,102.7213441,21.90472707,120.6048267,62,210.6048267,122.7213441
6684,9.5,4.854698192,24.85469819,44.85469819,64.85469819,100.5480399,118.8253375,53,208.8253375,84.85469819
6685,9.1,4.854698192,24.85469819,44.85469819,64.85469819,47.97669489,119.2885925,50,209.2885925,84.85469819
6686,8.9,4.854698192,24.85469819,44.85469819,64.85469819,21.90472707,118.6953932,54,208.6953932,84.85469819
6687,10.1,4.854698192,24.85469819,44.85469819,64.85469819,21.90472707,114.2949574,70,204.2949574,84.85469819
6688,10,4.854698192,24.85469819,44.85469819,64.85469819,21.90472707,112.8526144,86,202.8526144,84.85469819
6689,10.1,4.854698192,24.85469819,44.85469819,64.85469819,21.90472707,112.658668,73,202.658668,84.85469819
6690,10.7,67.96577468,87.96577468,107.9657747,127.9657747,21.90472707,110.449053,80,200.449053,147.9657747
6691,10.6,4.854698192,24.85469819,44.85469819,64.85469819,21.90472707,108.0103024,68,198.0103024,84.85469819
6692,11.2,4.854698192,24.85469819,44.85469819,64.85469819,47.97669489,104.5915823,65,194.5915823,84.85469819
6693,11.7,4.905998549,24.90599855,44.90599855,64.90599855,47.97669489,101.3736717,62,191.3736717,84.90599855
6694,11.5,4.854698192,24.85469819,44.85469819,64.85469819,21.90472707,97.88056573,60,187.8805657,84.85469819
6695,11.4,4.854698192,24.85469819,44.85469819,64.85469819,21.90472707,97.2008187,67,187.2008187,84.85469819
6696,11.3,4.854698192,24.85469819,44.85469819,64.85469819,21.90472707,95.83249874,53,185.8324987,84.85469819
6697,11.3,4.854698192,24.85469819,44.85469819,64.85469819,21.90472707,95.20021039,55,185.2002104,84.85469819
6698,11.1,5.338174663,25.33817466,45.33817466,65.33817466,21.90472707,96.24577201,56,186.245772,85.33817466
6699,11.4,5.626292073,25.62629207,45.62629207,65.62629207,21.90472707,98.50347717,59,188.5034772,85.62629207
6700,11.3,6.778761713,26.77876171,46.77876171,66.77876171,34.80523813,103.8484698,57,193.8484698,86.77876171
6701,11.5,6.922820418,26.92282042,46.92282042,66.92282042,34.80523813,114.0467617,63,204.0467617,86.92282042
6702,12.8,5.914409483,25.91440948,45.91440948,65.91440948,113.4485509,123.2623383,76,213.2623383,85.91440948
6703,14.3,31.15884008,51.15884008,71.15884008,91.15884008,60.87720596,124.582187,83,214.582187,111.1588401
6704,13.5,5.482233368,25.48223337,45.48223337,65.48223337,122.5827586,120.3899633,110,210.3899633,85.48223337
6705,11.7,4.905998549,24.90599855,44.90599855,64.90599855,122.5827586,118.3536168,106,208.3536168,84.90599855
6706,10.7,4.854698192,24.85469819,44.85469819,64.85469819,122.5827586,116.1279398,79,206.1279398,84.85469819
6707,10.6,42.72134409,62.72134409,82.72134409,102.7213441,122.5827586,116.6675375,81,206.6675375,122.7213441
6708,9.7,4.854698192,24.85469819,44.85469819,64.85469819,201.2260714,115.8005025,91,205.8005025,84.85469819
6709,8.9,4.854698192,24.85469819,44.85469819,64.85469819,148.6547264,115.6869128,64,205.6869128,84.85469819
6710,8.4,4.854698192,24.85469819,44.85469819,64.85469819,122.5827586,116.1155123,62,206.1155123,84.85469819
6711,8.2,4.854698192,24.85469819,44.85469819,64.85469819,34.80523813,112.3606089,58,202.3606089,84.85469819
6712,8.4,4.854698192,24.85469819,44.85469819,64.85469819,34.80523813,110.6272963,74,200.6272963,84.85469819
6713,8.6,4.854698192,24.85469819,44.85469819,64.85469819,34.80523813,109.9464097,100,199.9464097,84.85469819
6714,9.3,68.16113375,88.16113375,108.1611337,128.1611337,34.80523813,109.0810348,114,199.0810348,148.1611337
6715,10.3,5.770350778,25.77035078,45.77035078,65.77035078,34.80523813,108.9613064,119,198.9613064,85.77035078
6716,10.3,6.202526893,26.20252689,46.20252689,66.20252689,60.87720596,106.3128338,112,196.3128338,86.20252689
6717,10.7,6.490644303,26.4906443,46.4906443,66.4906443,60.87720596,103.5190677,117,193.5190677,86.4906443
6718,9.7,7.354996533,27.35499653,47.35499653,67.35499653,34.80523813,101.2049841,99,191.2049841,87.35499653
6719,9,8.075290057,28.07529006,48.07529006,68.07529006,21.90472707,99.67003053,87,189.6700305,88.07529006
6720,9,8.507466172,28.50746617,48.50746617,68.50746617,21.90472707,98.22053524,81,188.2205352,88.50746617
6721,8.7,8.795583582,28.79558358,48.79558358,68.79558358,21.90472707,97.57265836,81,187.5726584,88.79558358
6722,8.9,9.083700992,29.08370099,49.08370099,69.08370099,21.90472707,97.37038568,75,187.3703857,89.08370099
6723,10.1,9.803994517,29.80399452,49.80399452,69.80399452,21.90472707,97.81274157,73,187.8127416,89.80399452
6724,10.2,10.09211193,30.09211193,50.09211193,70.09211193,34.80523813,101.2260312,81,191.2260312,90.09211193
6725,9.7,9.948053222,29.94805322,49.94805322,69.94805322,34.80523813,109.9993452,118,199.9993452,89.94805322
6726,9.5,9.803994517,29.80399452,49.80399452,69.80399452,113.4485509,118.0335148,124,208.0335148,89.80399452
6727,10.1,33.60783806,53.60783806,73.60783806,93.60783806,60.87720596,120.2579448,83,210.2579448,113.6078381
6728,10.8,6.922820418,26.92282042,46.92282042,66.92282042,122.5827586,118.6091496,75,208.6091496,86.92282042
6729,11.2,4.854698192,24.85469819,44.85469819,64.85469819,122.5827586,111.9814677,69,201.9814677,84.85469819
6730,11.1,4.854698192,24.85469819,44.85469819,64.85469819,122.5827586,118.0691016,65,208.0691016,84.85469819
6731,10.2,42.72134409,62.72134409,82.72134409,102.7213441,122.5827586,116.9805788,67,206.9805788,122.7213441
6732,9.8,4.854698192,24.85469819,44.85469819,64.85469819,201.2260714,115.742297,59,205.742297,84.85469819
6733,8.9,4.854698192,24.85469819,44.85469819,64.85469819,148.6547264,113.2747405,60,203.2747405,84.85469819
6734,9,4.854698192,24.85469819,44.85469819,64.85469819,122.5827586,111.1179879,56,201.1179879,84.85469819
6735,9.8,4.854698192,24.85469819,44.85469819,64.85469819,34.80523813,106.2783978,62,196.2783978,84.85469819
6736,10.3,4.854698192,24.85469819,44.85469819,64.85469819,34.80523813,104.0964525,75,194.0964525,84.85469819
6737,10.9,4.854698192,24.85469819,44.85469819,64.85469819,34.80523813,103.7736215,89,193.7736215,84.85469819
6738,12,67.96577468,87.96577468,107.9657747,127.9657747,34.80523813,102.6604426,89,192.6604426,147.9657747
6739,13,4.854698192,24.85469819,44.85469819,64.85469819,34.80523813,101.107135,77,191.107135,84.85469819
6740,13.4,4.854698192,24.85469819,44.85469819,64.85469819,60.87720596,99.60605029,77,189.6060503,84.85469819
6741,14,4.854698192,24.85469819,44.85469819,64.85469819,60.87720596,99.22867932,71,189.2286793,84.85469819
6742,13.6,4.854698192,24.85469819,44.85469819,64.85469819,34.80523813,96.82585143,58,186.8258514,84.85469819
6743,14.3,4.854698192,24.85469819,44.85469819,64.85469819,21.90472707,95.68578527,51,185.6857853,84.85469819
6744,14.8,4.854698192,24.85469819,44.85469819,64.85469819,21.90472707,98.4533925,46,188.4533925,84.85469819
6745,15.1,4.854698192,24.85469819,44.85469819,64.85469819,21.90472707,94.5300726,47,184.5300726,84.85469819
6746,16.4,4.854698192,24.85469819,44.85469819,64.85469819,21.90472707,92.33951516,45,182.3395152,84.85469819
6747,16.7,4.854698192,24.85469819,44.85469819,64.85469819,21.90472707,92.11124107,44,182.1112411,84.85469819
6748,15.8,4.905998549,24.90599855,44.90599855,64.90599855,34.80523813,93.79560275,56,183.7956027,84.90599855
6749,15.8,5.194115958,25.19411596,45.19411596,65.19411596,34.80523813,96.37112281,95,186.3711228,85.19411596
6750,15.7,5.194115958,25.19411596,45.19411596,65.19411596,113.4485509,97.78529391,78,187.7852939,85.19411596
6751,15.4,30.09912879,50.09912879,70.09912879,90.09912879,60.87720596,98.63200597,53,188.632006,110.0991288
6752,16.1,4.854698192,24.85469819,44.85469819,64.85469819,122.5827586,98.45992027,45,188.4599203,84.85469819
6753,16.2,4.854698192,24.85469819,44.85469819,64.85469819,122.5827586,98.68619974,34,188.6861997,84.85469819
6754,15.5,4.854698192,24.85469819,44.85469819,64.85469819,122.5827586,100.6497772,25,190.6497772,84.85469819
6755,13.1,42.72134409,62.72134409,82.72134409,102.7213441,122.5827586,99.04232112,17,189.0423211,122.7213441
6756,11.8,4.854698192,24.85469819,44.85469819,64.85469819,201.2260714,97.97800821,13,187.9780082,84.85469819
6757,10.5,4.854698192,24.85469819,44.85469819,64.85469819,148.6547264,97.32932128,16,187.3293213,84.85469819
6758,9.8,4.854698192,24.85469819,44.85469819,64.85469819,122.5827586,96.7383909,24,186.7383909,84.85469819
6759,9.3,4.854698192,24.85469819,44.85469819,64.85469819,34.80523813,94.99249943,28,184.9924994,84.85469819
6760,10.4,4.854698192,24.85469819,44.85469819,64.85469819,34.80523813,95.25594997,37,185.25595,84.85469819
6761,11,4.854698192,24.85469819,44.85469819,64.85469819,34.80523813,94.73237753,42,184.7323775,84.85469819
6762,13.6,67.96577468,87.96577468,107.9657747,127.9657747,34.80523813,93.74086084,77,183.7408608,147.9657747
6763,15.5,4.854698192,24.85469819,44.85469819,64.85469819,34.80523813,92.18213654,69,182.1821365,84.85469819
6764,16.1,5.050057254,25.05005725,45.05005725,65.05005725,60.87720596,90.44217735,57,180.4421774,85.05005725
6765,15.8,5.626292073,25.62629207,45.62629207,65.62629207,60.87720596,88.73729942,42,178.7372994,85.62629207
6766,16.8,5.914409483,25.91440948,45.91440948,65.91440948,34.80523813,87.94824859,34,177.9482486,85.91440948
6767,17.6,6.202526893,26.20252689,46.20252689,66.20252689,21.90472707,86.97905262,29,176.9790526,86.20252689
6768,18,6.634703008,26.63470301,46.63470301,66.63470301,21.90472707,86.03968966,28,176.0396897,86.63470301
6769,17.9,6.778761713,26.77876171,46.77876171,66.77876171,21.90472707,85.93567627,28,175.9356763,86.77876171
6770,18.6,6.922820418,26.92282042,46.92282042,66.92282042,21.90472707,84.94867619,26,174.9486762,86.92282042
6771,19.2,6.922820418,26.92282042,46.92282042,66.92282042,21.90472707,84.98916528,25,174.9891653,86.92282042
6772,19.6,6.778761713,26.77876171,46.77876171,66.77876171,34.80523813,86.02887627,38,176.0288763,86.77876171
6773,19.4,7.066879123,27.06687912,47.06687912,67.06687912,34.80523813,87.9274953,91,177.9274953,87.06687912
6774,19.9,7.066879123,27.06687912,47.06687912,67.06687912,113.4485509,89.84335099,80,179.843351,87.06687912
6775,20.7,32.02319231,52.02319231,72.02319231,92.02319231,60.87720596,90.96286296,37,180.962863,112.0231923
6776,21.2,6.634703008,26.63470301,46.63470301,66.63470301,122.5827586,92.82582579,31,182.8258258,86.63470301
6777,18.4,6.058468188,26.05846819,46.05846819,66.05846819,122.5827586,93.72056943,23,183.7205694,86.05846819
6778,14.1,5.338174663,25.33817466,45.33817466,65.33817466,122.5827586,94.80868821,12,184.8086882,85.33817466
6779,12.8,43.06076185,63.06076185,83.06076185,103.0607619,122.5827586,95.76917995,15,185.76918,123.0607619
6780,11.2,4.854698192,24.85469819,44.85469819,64.85469819,201.2260714,96.979408,7,186.979408,84.85469819
6781,10.4,4.854698192,24.85469819,44.85469819,64.85469819,148.6547264,96.05927765,12,186.0592777,84.85469819
6782,10.2,4.854698192,24.85469819,44.85469819,64.85469819,122.5827586,96.95772989,30,186.9577299,84.85469819
6783,10.7,5.338174663,25.33817466,45.33817466,65.33817466,34.80523813,95.96145135,26,185.9614514,85.33817466
6784,12,6.202526893,26.20252689,46.20252689,66.20252689,34.80523813,97.17071447,47,187.1707145,86.20252689
6785,12.5,6.634703008,26.63470301,46.63470301,66.63470301,34.80523813,97.18752502,66,187.187525,86.63470301
6786,12.9,69.88983821,89.88983821,109.8898382,129.8898382,34.80523813,96.32401981,57,186.3240198,149.8898382
6787,13.8,7.066879123,27.06687912,47.06687912,67.06687912,34.80523813,95.7259205,52,185.7259205,87.06687912
6788,13.7,7.354996533,27.35499653,47.35499653,67.35499653,60.87720596,93.99154204,52,183.991542,87.35499653
6789,12.7,7.499055238,27.49905524,47.49905524,67.49905524,60.87720596,92.19501486,46,182.1950149,87.49905524
6790,12.2,7.931231353,27.93123135,47.93123135,67.93123135,34.80523813,90.76700377,31,180.7670038,87.93123135
6791,12.2,8.939642287,28.93964229,48.93964229,68.93964229,21.90472707,89.97950491,30,179.9795049,88.93964229
6792,12.7,9.371818402,29.3718184,49.3718184,69.3718184,21.90472707,89.64550611,27,179.6455061,89.3718184
6793,12.9,9.371818402,29.3718184,49.3718184,69.3718184,21.90472707,89.82906435,28,179.8290643,89.3718184
6794,12.4,10.52428804,30.52428804,50.52428804,70.52428804,21.90472707,90.10076679,29,180.1007668,90.52428804
6795,12.5,11.10052286,31.10052286,51.10052286,71.10052286,21.90472707,92.34018531,36,182.3401853,91.10052286
6796,13,11.24458157,31.24458157,51.24458157,71.24458157,34.80523813,96.37636683,60,186.3763668,91.24458157
6797,14.6,11.24458157,31.24458157,51.24458157,71.24458157,34.80523813,106.4528998,96,196.4528998,91.24458157
6798,16.1,11.10052286,31.10052286,51.10052286,71.10052286,113.4485509,114.8244902,126,204.8244902,91.10052286
6799,17.2,36.05683605,56.05683605,76.05683605,96.05683605,60.87720596,118.0679166,73,208.0679166,116.056836
6800,16.5,10.23617063,30.23617063,50.23617063,70.23617063,122.5827586,118.0449509,56,208.0449509,90.23617063
6801,15.5,9.227759697,29.2277597,49.2277597,69.2277597,122.5827586,111.9114746,27,201.9114746,89.2277597
6802,14.7,8.651524877,28.65152488,48.65152488,68.65152488,122.5827586,117.7862928,24,207.7862928,88.65152488
6803,13.7,45.22164243,65.22164243,85.22164243,105.2216424,122.5827586,116.246998,25,206.246998,125.2216424
6804,12.8,5.626292073,25.62629207,45.62629207,65.62629207,201.2260714,114.228481,25,204.228481,85.62629207
6805,11.9,5.626292073,25.62629207,45.62629207,65.62629207,148.6547264,114.4690464,33,204.4690464,85.62629207
6806,11.5,6.634703008,26.63470301,46.63470301,66.63470301,122.5827586,113.6139138,43,203.6139138,86.63470301
6807,11.9,8.219348762,28.21934876,48.21934876,68.21934876,34.80523813,110.4448958,46,200.4448958,88.21934876
6808,12.4,9.659935812,29.65993581,49.65993581,69.65993581,34.80523813,109.6177166,61,199.6177166,89.65993581
6809,13.5,11.38864027,31.38864027,51.38864027,71.38864027,34.80523813,110.2071241,85,200.2071241,91.38864027
6810,14.1,76.37247993,96.37247993,116.3724799,136.3724799,34.80523813,109.2253025,70,199.2253025,156.3724799
6811,15.9,14.99010789,34.99010789,54.99010789,74.99010789,34.80523813,108.9710576,82,198.9710576,94.99010789
6812,17.1,14.55793178,34.55793178,54.55793178,74.55793178,60.87720596,105.048274,78,195.048274,94.55793178
6813,17.1,13.69357955,33.69357955,53.69357955,73.69357955,60.87720596,99.42924032,74,189.4292403,93.69357955
6814,17.7,14.12575567,34.12575567,54.12575567,74.12575567,34.80523813,96.60416238,60,186.6041624,94.12575567
6815,18.2,14.84604919,34.84604919,54.84604919,74.84604919,21.90472707,95.10720502,63,185.107205,94.84604919
6816,20.1,15.56634271,35.56634271,55.56634271,75.56634271,21.90472707,94.84698901,61,184.846989,95.56634271
6817,20.2,15.71040142,35.71040142,55.71040142,75.71040142,21.90472707,94.64866608,63,184.6486661,95.71040142
6818,20.1,16.43069494,36.43069494,56.43069494,76.43069494,21.90472707,94.86440012,65,184.8644001,96.43069494
6819,20.2,17.15098847,37.15098847,57.15098847,77.15098847,21.90472707,96.52600483,70,186.5260048,97.15098847
6820,20.4,16.43069494,36.43069494,56.43069494,76.43069494,34.80523813,101.6538947,76,191.6538947,96.43069494
6821,20.3,15.99851883,35.99851883,55.99851883,75.99851883,34.80523813,109.855969,110,199.855969,95.99851883
6822,20.6,15.56634271,35.56634271,55.56634271,75.56634271,113.4485509,117.9616573,123,207.9616573,95.56634271
6823,23.7,40.23453849,60.23453849,80.23453849,100.2345385,60.87720596,121.5815405,83,211.5815405,120.2345385
6824,21.6,13.54952085,33.54952085,53.54952085,73.54952085,34.80523813,120.6200848,58,210.6200848,93.54952085
6825,18.7,12.1089338,32.1089338,52.1089338,72.1089338,34.80523813,118.908265,39,208.908265,92.1089338
6826,18.3,10.66834675,30.66834675,50.66834675,70.66834675,34.80523813,118.7373533,33,208.7373533,90.66834675
6827,17.5,47.81469912,67.81469912,87.81469912,107.8146991,34.80523813,119.2433726,17,209.2433726,127.8146991
6828,14.2,9.515877107,29.51587711,49.51587711,69.51587711,113.4485509,119.909418,14,209.909418,89.51587711
6829,12,9.659935812,29.65993581,49.65993581,69.65993581,60.87720596,119.4958286,15,209.4958286,89.65993581
6830,12.2,9.371818402,29.3718184,49.3718184,69.3718184,34.80523813,119.1044722,15,209.1044722,89.3718184
6831,13.1,9.515877107,29.51587711,49.51587711,69.51587711,34.80523813,118.2467615,34,208.2467615,89.51587711
6832,13.3,11.67675768,31.67675768,51.67675768,71.67675768,34.80523813,114.5745831,56,204.5745831,91.67675768
6833,13.6,12.1089338,32.1089338,52.1089338,72.1089338,34.80523813,115.6524753,63,205.6524753,92.1089338
6834,15.3,75.22001029,95.22001029,115.2200103,135.2200103,34.80523813,114.6054176,74,204.6054176,155.2200103
6835,16.2,12.2529925,32.2529925,52.2529925,72.2529925,34.80523813,112.2434468,63,202.2434468,92.2529925
6836,15.8,12.82922732,32.82922732,52.82922732,72.82922732,60.87720596,110.4976579,51,200.4976579,92.82922732
6837,15.2,13.26140344,33.26140344,53.26140344,73.26140344,60.87720596,107.6182824,60,197.6182824,93.26140344
6838,14.4,13.69357955,33.69357955,53.69357955,73.69357955,34.80523813,103.6812693,52,193.6812693,93.69357955
6839,15.6,14.70199049,34.70199049,54.70199049,74.70199049,21.90472707,101.1053499,51,191.1053499,94.70199049
6840,16.6,16.71881235,36.71881235,56.71881235,76.71881235,21.90472707,103.5893921,54,193.5893921,96.71881235
6841,16.5,18.1593994,38.1593994,58.1593994,78.1593994,21.90472707,102.7023649,53,192.7023649,98.1593994
6842,16.1,19.31186904,39.31186904,59.31186904,79.31186904,21.90472707,103.1986128,54,193.1986128,99.31186904
6843,15.8,20.03216257,40.03216257,60.03216257,80.03216257,21.90472707,104.905571,55,194.905571,100.0321626
6844,14.9,20.46433868,40.46433868,60.46433868,80.46433868,21.90472707,109.495765,54,199.495765,100.4643387
6845,14.4,20.8965148,40.8965148,60.8965148,80.8965148,21.90472707,119.2095451,55,209.2095451,100.8965148
6846,15.6,20.8965148,40.8965148,60.8965148,80.8965148,100.5480399,127.7299902,64,217.7299902,100.8965148
6847,16.9,44.70035835,64.70035835,84.70035835,104.7003583,47.97669489,130.2940909,77,220.2940909,124.7003583
6848,16.2,17.15098847,37.15098847,57.15098847,77.15098847,21.90472707,129.8169136,80,219.8169136,97.15098847
6849,15.6,15.2782253,35.2782253,55.2782253,75.2782253,21.90472707,128.0524054,61,218.0524054,95.2782253
6850,15,13.54952085,33.54952085,53.54952085,73.54952085,21.90472707,126.1539479,47,216.1539479,93.54952085
6851,13.4,50.40775581,70.40775581,90.40775581,110.4077558,21.90472707,125.066212,37,215.066212,130.4077558
6852,12.2,11.67675768,31.67675768,51.67675768,71.67675768,100.5480399,124.7205646,26,214.7205646,91.67675768
6853,11.1,11.38864027,31.38864027,51.38864027,71.38864027,47.97669489,124.2317956,23,214.2317956,91.38864027
6854,10.3,11.53269898,31.53269898,51.53269898,71.53269898,21.90472707,124.1926789,11,214.1926789,91.53269898
6855,11.1,12.54110991,32.54110991,52.54110991,72.54110991,21.90472707,119.1982315,31,209.1982315,92.54110991
6856,12.6,16.28663624,36.28663624,56.28663624,76.28663624,21.90472707,118.802857,32,208.802857,96.28663624
6857,12.8,19.16781034,39.16781034,59.16781034,79.16781034,21.90472707,120.4479764,22,210.4479764,99.16781034
6858,12.9,83.14323906,103.1432391,123.1432391,143.1432391,21.90472707,117.3780038,61,207.3780038,163.1432391
6859,13.1,20.46433868,40.46433868,60.46433868,80.46433868,21.90472707,113.7644548,44,203.7644548,100.4643387
6860,13.7,20.46433868,40.46433868,60.46433868,80.46433868,47.97669489,112.6648911,37,202.6648911,100.4643387
6861,13.3,20.75245609,40.75245609,60.75245609,80.75245609,47.97669489,110.6294443,33,200.6294443,100.7524561
6862,12.7,21.18463221,41.18463221,61.18463221,81.18463221,21.90472707,108.9537494,30,198.9537494,101.1846322
6863,13,21.32869091,41.32869091,61.32869091,81.32869091,21.90472707,107.3143271,43,197.3143271,101.3286909
6864,13.7,21.18463221,41.18463221,61.18463221,81.18463221,21.90472707,106.3605841,39,196.3605841,101.1846322
6865,13.9,19.02375163,39.02375163,59.02375163,79.02375163,21.90472707,106.1415246,35,196.1415246,99.02375163
6866,14.7,17.15098847,37.15098847,57.15098847,77.15098847,21.90472707,105.7325808,37,195.7325808,97.15098847
6867,14.5,16.57475365,36.57475365,56.57475365,76.57475365,21.90472707,107.5324413,45,197.5324413,96.57475365
6868,13.2,15.56634271,35.56634271,55.56634271,75.56634271,34.80523813,112.0710776,44,202.0710776,95.56634271
6869,13.4,14.84604919,34.84604919,54.84604919,74.84604919,34.80523813,121.5202324,54,211.5202324,94.84604919
6870,15,14.12575567,34.12575567,54.12575567,74.12575567,113.4485509,125.8292914,61,215.8292914,94.12575567
6871,17.4,38.36177533,58.36177533,78.36177533,98.36177533,60.87720596,128.5751963,74,218.5751963,118.3617753
6872,16.4,12.1089338,32.1089338,52.1089338,72.1089338,122.5827586,128.8949023,71,218.8949023,92.1089338
6873,16,11.10052286,31.10052286,51.10052286,71.10052286,122.5827586,120.2609221,83,210.2609221,91.10052286
6874,15.4,10.38022934,30.38022934,50.38022934,70.38022934,122.5827586,127.2475451,66,217.2475451,90.38022934
6875,15.2,47.81469912,67.81469912,87.81469912,107.8146991,122.5827586,128.8210032,26,218.8210032,127.8146991
6876,14.1,9.659935812,29.65993581,49.65993581,69.65993581,201.2260714,129.8898287,28,219.8898287,89.65993581
6877,11.8,9.371818402,29.3718184,49.3718184,69.3718184,148.6547264,129.4220793,23,219.4220793,89.3718184
6878,10.9,8.939642287,28.93964229,48.93964229,68.93964229,122.5827586,127.8940376,41,217.8940376,88.93964229
6879,10.4,8.651524877,28.65152488,48.65152488,68.65152488,34.80523813,125.6377488,38,215.6377488,88.65152488
6880,10.6,8.507466172,28.50746617,48.50746617,68.50746617,34.80523813,123.7021552,48,213.7021552,88.50746617
6881,11.9,8.507466172,28.50746617,48.50746617,68.50746617,34.80523813,120.4814926,87,210.4814926,88.50746617
6882,13.4,72.05071878,92.05071878,112.0507188,132.0507188,34.80523813,119.2461994,96,209.2461994,152.0507188
6883,14.6,9.371818402,29.3718184,49.3718184,69.3718184,34.80523813,117.2769473,71,207.2769473,89.3718184
6884,14.7,9.371818402,29.3718184,49.3718184,69.3718184,60.87720596,115.2500351,73,205.2500351,89.3718184
6885,15.1,9.083700992,29.08370099,49.08370099,69.08370099,60.87720596,110.9335765,73,200.9335765,89.08370099
6886,13.9,8.507466172,28.50746617,48.50746617,68.50746617,34.80523813,107.4244987,47,197.4244987,88.50746617
6887,13.3,8.219348762,28.21934876,48.21934876,68.21934876,21.90472707,105.091836,40,195.091836,88.21934876
6888,13.7,8.219348762,28.21934876,48.21934876,68.21934876,21.90472707,102.781241,41,192.781241,88.21934876
6889,13.1,8.219348762,28.21934876,48.21934876,68.21934876,21.90472707,102.6531361,42,192.6531361,88.21934876
6890,12.6,8.075290057,28.07529006,48.07529006,68.07529006,21.90472707,102.261049,47,192.261049,88.07529006
6891,11.4,7.354996533,27.35499653,47.35499653,67.35499653,21.90472707,99.87323239,50,189.8732324,87.35499653
6892,11.4,7.066879123,27.06687912,47.06687912,67.06687912,34.80523813,105.9981076,62,195.9981076,87.06687912
6893,11.1,8.075290057,28.07529006,48.07529006,68.07529006,34.80523813,119.98378,117,209.98378,88.07529006
6894,11.2,8.507466172,28.50746617,48.50746617,68.50746617,113.4485509,128.750575,88,218.750575,88.50746617
6895,12.4,33.31972065,53.31972065,73.31972065,93.31972065,60.87720596,132.2608145,60,222.2608145,113.3197207
6896,12.4,7.931231353,27.93123135,47.93123135,67.93123135,122.5827586,133.0231159,46,223.0231159,87.93123135
6897,12.6,7.354996533,27.35499653,47.35499653,67.35499653,122.5827586,130.4707873,28,220.4707873,87.35499653
6898,12,7.787172648,27.78717265,47.78717265,67.78717265,122.5827586,131.963348,25,221.963348,87.78717265
6899,11.1,49.39934487,69.39934487,89.39934487,109.3993449,122.5827586,130.6860093,15,220.6860093,129.3993449
6900,12.4,12.82922732,32.82922732,52.82922732,72.82922732,201.2260714,129.5308013,14,219.5308013,92.82922732
6901,11.2,12.68516862,32.68516862,52.68516862,72.68516862,148.6547264,126.9761363,5,216.9761363,92.68516862
6902,11.2,12.82922732,32.82922732,52.82922732,72.82922732,122.5827586,124.6940274,18,214.6940274,92.82922732
6903,10.8,12.97328603,32.97328603,52.97328603,72.97328603,34.80523813,120.6547226,11,210.6547226,92.97328603
6904,11.1,14.41387308,34.41387308,54.41387308,74.41387308,34.80523813,120.1584262,57,210.1584262,94.41387308
6905,10.9,13.54952085,33.54952085,53.54952085,73.54952085,34.80523813,120.3666795,78,210.3666795,93.54952085
6906,10.6,76.66059734,96.66059734,116.6605973,136.6605973,34.80523813,117.4425007,74,207.4425007,156.6605973
6907,10.2,13.11734473,33.11734473,53.11734473,73.11734473,34.80523813,114.0679141,69,204.0679141,93.11734473
6908,10.7,13.69357955,33.69357955,53.69357955,73.69357955,60.87720596,113.5031255,74,203.5031255,93.69357955
6909,10.7,14.99010789,34.99010789,54.99010789,74.99010789,60.87720596,109.845776,78,199.845776,94.99010789
6910,10.4,16.28663624,36.28663624,56.28663624,76.28663624,34.80523813,107.8370757,53,197.8370757,96.28663624
6911,10.4,17.00692976,37.00692976,57.00692976,77.00692976,21.90472707,105.3684062,52,195.3684062,97.00692976
6912,10.2,17.87128199,37.87128199,57.87128199,77.87128199,21.90472707,105.7736377,51,195.7736377,97.87128199
6913,9.7,19.02375163,39.02375163,59.02375163,79.02375163,21.90472707,105.2555651,54,195.2555651,99.02375163
6914,9.9,19.59998645,39.59998645,59.59998645,79.59998645,21.90472707,104.1342841,57,194.1342841,99.59998645
6915,10.1,19.45592775,39.45592775,59.45592775,79.45592775,21.90472707,105.0801283,59,195.0801283,99.45592775
6916,9.9,19.74404516,39.74404516,59.74404516,79.74404516,34.80523813,106.9058635,69,196.9058635,99.74404516
6917,9.6,19.74404516,39.74404516,59.74404516,79.74404516,34.80523813,108.7448127,122,198.7448127,99.74404516
6918,10,19.31186904,39.31186904,59.31186904,79.31186904,113.4485509,110.1033266,109,200.1033266,99.31186904
6919,10,42.53947777,62.53947777,82.53947777,102.5394778,60.87720596,110.0889023,72,200.0889023,122.5394778
6920,10.7,15.1341666,35.1341666,55.1341666,75.1341666,122.5827586,111.1959447,56,201.1959447,95.1341666
6921,10.9,13.40546214,33.40546214,53.40546214,73.40546214,122.5827586,110.5131783,32,200.5131783,93.40546214
6922,10.9,11.38864027,31.38864027,51.38864027,71.38864027,122.5827586,110.1331502,31,200.1331502,91.38864027
6923,10.5,47.52658171,67.52658171,87.52658171,107.5265817,122.5827586,109.2663114,33,199.2663114,127.5265817
6924,9.7,8.219348762,28.21934876,48.21934876,68.21934876,201.2260714,109.8957819,27,199.8957819,88.21934876
6925,9.2,7.210937828,27.21093783,47.21093783,67.21093783,148.6547264,109.7523803,33,199.7523803,87.21093783
6926,8.5,7.354996533,27.35499653,47.35499653,67.35499653,122.5827586,109.9098467,38,199.9098467,87.35499653
6927,8.7,8.651524877,28.65152488,48.65152488,68.65152488,34.80523813,109.7920609,49,199.7920609,88.65152488
6928,8.9,11.24458157,31.24458157,51.24458157,71.24458157,34.80523813,109.2182137,56,199.2182137,91.24458157
6929,10.8,12.39705121,32.39705121,52.39705121,72.39705121,34.80523813,109.7537248,72,199.7537248,92.39705121
6930,13.5,76.22842122,96.22842122,116.2284212,136.2284212,34.80523813,110.5820311,62,200.5820311,156.2284212
6931,13.8,13.83763826,33.83763826,53.83763826,73.83763826,34.80523813,111.3722028,72,201.3722028,93.83763826
6932,14.8,14.41387308,34.41387308,54.41387308,74.41387308,60.87720596,110.6305196,81,200.6305196,94.41387308
6933,15.5,15.1341666,35.1341666,55.1341666,75.1341666,60.87720596,109.5776591,65,199.5776591,95.1341666
6934,14.3,16.86287106,36.86287106,56.86287106,76.86287106,34.80523813,107.2502562,66,197.2502562,96.86287106
6935,12.9,18.0153407,38.0153407,58.0153407,78.0153407,21.90472707,107.3018833,47,197.3018833,98.0153407
6936,12.9,19.02375163,39.02375163,59.02375163,79.02375163,21.90472707,107.1901778,48,197.1901778,99.02375163
6937,12.9,20.03216257,40.03216257,60.03216257,80.03216257,21.90472707,104.7966981,46,194.7966981,100.0321626
6938,13.3,21.18463221,41.18463221,61.18463221,81.18463221,21.90472707,106.3109599,48,196.3109599,101.1846322
6939,13.3,21.0405735,41.0405735,61.0405735,81.0405735,21.90472707,106.6508754,44,196.6508754,101.0405735
6940,13.3,20.75245609,40.75245609,60.75245609,80.75245609,34.80523813,106.1800695,61,196.1800695,100.7524561
6941,13,21.61680832,41.61680832,61.61680832,81.61680832,34.80523813,110.1208928,108,200.1208928,101.6168083
6942,15.1,22.76927796,42.76927796,62.76927796,82.76927796,113.4485509,112.1375739,105,202.1375739,102.769278
6943,17.5,44.98847576,64.98847576,84.98847576,104.9884758,60.87720596,113.0965574,69,203.0965574,124.9884758
6944,17,17.15098847,37.15098847,57.15098847,77.15098847,122.5827586,112.5470404,55,202.5470404,97.15098847
6945,15.6,14.70199049,34.70199049,54.70199049,74.70199049,122.5827586,113.1999893,34,203.1999893,94.70199049
6946,14.9,12.82922732,32.82922732,52.82922732,72.82922732,122.5827586,111.2207721,29,201.2207721,92.82922732
6947,13.4,49.11122746,69.11122746,89.11122746,109.1112275,122.5827586,110.5292664,23,200.5292664,129.1112275
6948,12.6,10.38022934,30.38022934,50.38022934,70.38022934,201.2260714,109.0845729,22,199.0845729,90.38022934
6949,12,10.09211193,30.09211193,50.09211193,70.09211193,148.6547264,109.1720038,26,199.1720038,90.09211193
6950,11.9,10.52428804,30.52428804,50.52428804,70.52428804,122.5827586,111.4637468,21,201.4637468,90.52428804
6951,12.9,11.82081639,31.82081639,51.82081639,71.82081639,34.80523813,112.0644866,37,202.0644866,91.82081639
6952,13.3,14.55793178,34.55793178,54.55793178,74.55793178,34.80523813,112.8634399,47,202.8634399,94.55793178
6953,13.2,16.28663624,36.28663624,56.28663624,76.28663624,34.80523813,114.0037557,78,204.0037557,96.28663624
6954,12.8,79.97394755,99.97394755,119.9739476,139.9739476,34.80523813,114.2684576,71,204.2684576,159.9739476
6955,13.4,16.86287106,36.86287106,56.86287106,76.86287106,34.80523813,115.8385177,70,205.8385177,96.86287106
6956,12.2,16.86287106,36.86287106,56.86287106,76.86287106,60.87720596,113.2456807,61,203.2456807,96.86287106
6957,12.1,17.72722329,37.72722329,57.72722329,77.72722329,60.87720596,111.6809428,66,201.6809428,97.72722329
6958,11.7,18.30345811,38.30345811,58.30345811,78.30345811,34.80523813,108.3639476,37,198.3639476,98.30345811
6959,10.7,18.87969293,38.87969293,58.87969293,78.87969293,21.90472707,110.2144957,36,200.2144957,98.87969293
6960,11.3,19.59998645,39.59998645,59.59998645,79.59998645,21.90472707,108.094511,27,198.094511,99.59998645
6961,11.4,20.46433868,40.46433868,60.46433868,80.46433868,21.90472707,108.3371476,25,198.3371476,100.4643387
6962,10.8,20.46433868,40.46433868,60.46433868,80.46433868,21.90472707,107.9913181,29,197.9913181,100.4643387
6963,11,20.46433868,40.46433868,60.46433868,80.46433868,21.90472707,110.3353366,33,200.3353366,100.4643387
6964,11.4,20.8965148,40.8965148,60.8965148,80.8965148,34.80523813,114.3983182,41,204.3983182,100.8965148
6965,11.8,21.18463221,41.18463221,61.18463221,81.18463221,34.80523813,125.7024942,79,215.7024942,101.1846322
6966,13.2,21.18463221,41.18463221,61.18463221,81.18463221,113.4485509,135.4078696,91,225.4078696,101.1846322
6967,15.2,44.98847576,64.98847576,84.98847576,104.9884758,60.87720596,137.1791138,42,227.1791138,124.9884758
6968,15.6,17.00692976,37.00692976,57.00692976,77.00692976,122.5827586,138.4590056,43,228.4590056,97.00692976
6969,14.6,14.99010789,34.99010789,54.99010789,74.99010789,122.5827586,132.4629255,39,222.4629255,94.99010789
6970,12.9,13.26140344,33.26140344,53.26140344,73.26140344,122.5827586,135.8846658,43,225.8846658,93.26140344
6971,11.9,49.68746228,69.68746228,89.68746228,109.6874623,122.5827586,136.8541681,36,226.8541681,129.6874623
6972,11.3,11.10052286,31.10052286,51.10052286,71.10052286,201.2260714,136.6518707,37,226.6518707,91.10052286
6973,10.5,10.95646416,30.95646416,50.95646416,70.95646416,148.6547264,135.7056524,33,225.7056524,90.95646416
6974,10.6,11.38864027,31.38864027,51.38864027,71.38864027,122.5827586,131.8509456,30,221.8509456,91.38864027
6975,11.1,12.82922732,32.82922732,52.82922732,72.82922732,34.80523813,132.6055817,34,222.6055817,92.82922732
6976,12.3,16.71881235,36.71881235,56.71881235,76.71881235,34.80523813,132.6567225,62,222.6567225,96.71881235
6977,13.3,19.74404516,39.74404516,59.74404516,79.74404516,34.80523813,134.6334532,75,224.6334532,99.74404516
6978,13.8,85.16006093,105.1600609,125.1600609,145.1600609,34.80523813,132.5914598,84,222.5914598,165.1600609
6979,14.1,23.20145408,43.20145408,63.20145408,83.20145408,34.80523813,128.9778538,109,218.9778538,103.2014541
6980,14.1,24.20986501,44.20986501,64.20986501,84.20986501,60.87720596,128.0177792,111,218.0177792,104.209865
6981,13.8,24.78609983,44.78609983,64.78609983,84.78609983,60.87720596,126.0054741,95,216.0054741,104.7860998
6982,14.7,25.79451077,45.79451077,65.79451077,85.79451077,34.80523813,123.660186,77,213.660186,105.7945108
6983,14.7,25.79451077,45.79451077,65.79451077,85.79451077,21.90472707,122.2658068,82,212.2658068,105.7945108
6984,16,25.36233465,45.36233465,65.36233465,85.36233465,21.90472707,120.6545503,79,210.6545503,105.3623347
6985,17.5,25.36233465,45.36233465,65.36233465,85.36233465,21.90472707,120.6762229,80,210.6762229,105.3623347
6986,17.6,25.65045206,45.65045206,65.65045206,85.65045206,21.90472707,121.7772038,83,211.7772038,105.6504521
6987,18.2,25.21827595,45.21827595,65.21827595,85.21827595,21.90472707,125.1124637,90,215.1124637,105.2182759
6988,20.4,24.93015854,44.93015854,64.93015854,84.93015854,34.80523813,126.7376081,110,216.7376081,104.9301585
6989,20.1,24.35392372,44.35392372,64.35392372,84.35392372,34.80523813,136.1146337,132,226.1146337,104.3539237
6990,25.8,23.9217476,43.9217476,63.9217476,83.9217476,113.4485509,144.3639018,125,234.3639018,103.9217476
6991,30.2,47.86964985,67.86964985,87.86964985,107.8696499,60.87720596,146.6517353,109,236.6517353,127.8696499
6992,28.2,20.60839739,40.60839739,60.60839739,80.60839739,34.80523813,146.6744564,86,236.6744564,100.6083974
6993,23.7,17.58316458,37.58316458,57.58316458,77.58316458,34.80523813,145.5885813,75,235.5885813,97.58316458
6994,23.2,15.56634271,35.56634271,55.56634271,75.56634271,34.80523813,145.3726641,61,235.3726641,95.56634271
6995,21.9,52.56863638,72.56863638,92.56863638,112.5686364,34.80523813,145.1878216,53,235.1878216,132.5686364
6996,18.8,14.70199049,34.70199049,54.70199049,74.70199049,113.4485509,144.0582483,51,234.0582483,94.70199049
6997,17.6,15.1341666,35.1341666,55.1341666,75.1341666,60.87720596,142.3720022,53,232.3720022,95.1341666
6998,17.2,15.2782253,35.2782253,55.2782253,75.2782253,34.80523813,138.6242952,48,228.6242952,95.2782253
6999,17.2,15.2782253,35.2782253,55.2782253,75.2782253,34.80523813,135.967961,56,225.967961,95.2782253
7000,17.6,14.99010789,34.99010789,54.99010789,74.99010789,34.80523813,134.2527008,77,224.2527008,94.99010789
7001,19.7,14.26981437,34.26981437,54.26981437,74.26981437,34.80523813,130.9555339,88,220.9555339,94.26981437
7002,22.8,76.66059734,96.66059734,116.6605973,136.6605973,34.80523813,131.6706966,111,221.6706966,156.6605973
7003,24.7,13.11734473,33.11734473,53.11734473,73.11734473,34.80523813,130.8437268,96,220.8437268,93.11734473
7004,25.5,12.2529925,32.2529925,52.2529925,72.2529925,60.87720596,126.2740954,94,216.2740954,92.2529925
7005,24.2,11.10052286,31.10052286,51.10052286,71.10052286,60.87720596,121.5275913,83,211.5275913,91.10052286
7006,25.5,9.803994517,29.80399452,49.80399452,69.80399452,34.80523813,118.4171539,83,208.4171539,89.80399452
7007,25.6,8.939642287,28.93964229,48.93964229,68.93964229,21.90472707,115.0831679,84,205.0831679,88.93964229
7008,26.7,8.651524877,28.65152488,48.65152488,68.65152488,21.90472707,113.6707049,81,203.6707049,88.65152488
7009,28.2,8.363407467,28.36340747,48.36340747,68.36340747,21.90472707,112.5239103,77,202.5239103,88.36340747
7010,27.6,8.219348762,28.21934876,48.21934876,68.21934876,21.90472707,112.7987414,75,202.7987414,88.21934876
7011,28.5,8.219348762,28.21934876,48.21934876,68.21934876,21.90472707,113.7851348,75,203.7851348,88.21934876
7012,27.4,8.075290057,28.07529006,48.07529006,68.07529006,21.90472707,117.5849204,73,207.5849204,88.07529006
7013,26.8,7.787172648,27.78717265,47.78717265,67.78717265,21.90472707,125.7580161,73,215.7580161,87.78717265
7014,30.4,7.354996533,27.35499653,47.35499653,67.35499653,100.5480399,135.9606064,75,225.9606064,87.35499653
7015,34.6,31.7350749,51.7350749,71.7350749,91.7350749,47.97669489,139.2069806,81,229.2069806,111.7350749
7016,32,4.905998549,24.90599855,44.90599855,64.90599855,21.90472707,138.6733032,99,228.6733032,84.90599855
7017,29.5,4.854698192,24.85469819,44.85469819,64.85469819,21.90472707,138.249106,119,228.249106,84.85469819
7018,26.4,4.854698192,24.85469819,44.85469819,64.85469819,21.90472707,137.5708911,113,227.5708911,84.85469819
7019,19.5,42.72134409,62.72134409,82.72134409,102.7213441,21.90472707,136.8163906,96,226.8163906,122.7213441
7020,18.1,4.854698192,24.85469819,44.85469819,64.85469819,100.5480399,133.8730385,74,223.8730385,84.85469819
7021,16.2,4.854698192,24.85469819,44.85469819,64.85469819,47.97669489,133.0499253,61,223.0499253,84.85469819
7022,15.8,4.854698192,24.85469819,44.85469819,64.85469819,21.90472707,133.8179947,78,223.8179947,84.85469819
7023,16.5,4.854698192,24.85469819,44.85469819,64.85469819,21.90472707,130.8999373,74,220.8999373,84.85469819
7024,17.5,4.854698192,24.85469819,44.85469819,64.85469819,21.90472707,130.5017873,90,220.5017873,84.85469819
7025,19,4.854698192,24.85469819,44.85469819,64.85469819,21.90472707,129.6650658,94,219.6650658,84.85469819
7026,22.1,67.96577468,87.96577468,107.9657747,127.9657747,21.90472707,126.9816596,102,216.9816596,147.9657747
7027,24.6,4.854698192,24.85469819,44.85469819,64.85469819,21.90472707,126.7230268,87,216.7230268,84.85469819
7028,27.7,4.905998549,24.90599855,44.90599855,64.90599855,47.97669489,125.7934311,87,215.7934311,84.90599855
7029,29.5,5.338174663,25.33817466,45.33817466,65.33817466,47.97669489,120.3108088,107,210.3108088,85.33817466
7030,28.4,5.914409483,25.91440948,45.91440948,65.91440948,21.90472707,119.5386456,70,209.5386456,85.91440948
7031,29.8,6.202526893,26.20252689,46.20252689,66.20252689,21.90472707,118.3974823,70,208.3974823,86.20252689
7032,30.7,6.778761713,26.77876171,46.77876171,66.77876171,21.90472707,119.1171247,70,209.1171247,86.77876171
7033,31,7.354996533,27.35499653,47.35499653,67.35499653,21.90472707,115.8614259,73,205.8614259,87.35499653
7034,28.9,7.643113943,27.64311394,47.64311394,67.64311394,21.90472707,111.7790865,72,201.7790865,87.64311394
7035,22.3,7.931231353,27.93123135,47.93123135,67.93123135,21.90472707,111.0157584,77,201.0157584,87.93123135
7036,22.1,8.795583582,28.79558358,48.79558358,68.79558358,34.80523813,116.4837474,77,206.4837474,88.79558358
7037,21.9,8.939642287,28.93964229,48.93964229,68.93964229,34.80523813,129.2712644,81,219.2712644,88.93964229
7038,24.1,9.948053222,29.94805322,49.94805322,69.94805322,113.4485509,137.4936543,94,227.4936543,89.94805322
7039,25.3,35.19248382,55.19248382,75.19248382,95.19248382,60.87720596,141.5307853,92,231.5307853,115.1924838
7040,23.6,8.219348762,28.21934876,48.21934876,68.21934876,122.5827586,141.4104629,102,231.4104629,88.21934876
7041,19.3,7.066879123,27.06687912,47.06687912,67.06687912,122.5827586,138.8894808,118,228.8894808,87.06687912
7042,18.3,6.490644303,26.4906443,46.4906443,66.4906443,122.5827586,140.56233,88,230.56233,86.4906443
7043,17.5,44.64540761,64.64540761,84.64540761,104.6454076,122.5827586,141.2522373,78,231.2522373,124.6454076
7044,17.1,6.922820418,26.92282042,46.92282042,66.92282042,201.2260714,138.2595896,81,228.2595896,86.92282042
7045,16.2,7.787172648,27.78717265,47.78717265,67.78717265,148.6547264,134.8631868,74,224.8631868,87.78717265
7046,15.9,8.795583582,28.79558358,48.79558358,68.79558358,122.5827586,136.5513031,60,226.5513031,88.79558358
7047,15.8,9.371818402,29.3718184,49.3718184,69.3718184,34.80523813,135.1961802,80,225.1961802,89.3718184
7048,15.7,9.948053222,29.94805322,49.94805322,69.94805322,34.80523813,128.6982165,79,218.6982165,89.94805322
7049,16.1,10.52428804,30.52428804,50.52428804,70.52428804,34.80523813,126.9420447,80,216.9420447,90.52428804
7050,16.2,74.64377547,94.64377547,114.6437755,134.6437755,34.80523813,124.2265072,80,214.2265072,154.6437755
7051,16,11.82081639,31.82081639,51.82081639,71.82081639,34.80523813,120.2217513,63,210.2217513,91.82081639
7052,15.9,13.54952085,33.54952085,53.54952085,73.54952085,60.87720596,117.1051459,66,207.1051459,93.54952085
7053,15.5,14.99010789,34.99010789,54.99010789,74.99010789,60.87720596,115.2087043,56,205.2087043,94.99010789
7054,14.3,15.71040142,35.71040142,55.71040142,75.71040142,34.80523813,114.7162445,38,204.7162445,95.71040142
7055,13.7,16.43069494,36.43069494,56.43069494,76.43069494,21.90472707,111.8566695,36,201.8566695,96.43069494
7056,13.5,16.86287106,36.86287106,56.86287106,76.86287106,21.90472707,112.9354496,34,202.9354496,96.86287106
7057,13.6,17.58316458,37.58316458,57.58316458,77.58316458,21.90472707,111.2621358,28,201.2621358,97.58316458
7058,13.3,18.1593994,38.1593994,58.1593994,78.1593994,21.90472707,111.4697801,26,201.4697801,98.1593994
7059,13.3,18.73563422,38.73563422,58.73563422,78.73563422,21.90472707,113.0130514,35,203.0130514,98.73563422
7060,13.5,18.73563422,38.73563422,58.73563422,78.73563422,34.80523813,117.7578687,58,207.7578687,98.73563422
7061,13.4,18.73563422,38.73563422,58.73563422,78.73563422,34.80523813,125.8864214,113,215.8864214,98.73563422
7062,13.8,19.16781034,39.16781034,59.16781034,79.16781034,113.4485509,133.6360731,107,223.6360731,99.16781034
7063,15.2,43.98006482,63.98006482,83.98006482,103.9800648,60.87720596,136.6589148,73,226.6589148,123.9800648
7064,15.8,17.43910588,37.43910588,57.43910588,77.43910588,122.5827586,136.4669993,65,226.4669993,97.43910588
7065,15.8,15.71040142,35.71040142,55.71040142,75.71040142,122.5827586,132.4268532,56,222.4268532,95.71040142
7066,16.5,13.54952085,33.54952085,53.54952085,73.54952085,122.5827586,134.759638,55,224.759638,93.54952085
7067,16.6,49.83152099,69.83152099,89.83152099,109.831521,122.5827586,134.0458794,50,224.0458794,129.831521
7068,15.1,11.10052286,31.10052286,51.10052286,71.10052286,201.2260714,134.4236246,22,224.4236246,91.10052286
7069,14.3,10.81240545,30.81240545,50.81240545,70.81240545,148.6547264,131.5026713,43,221.5026713,90.81240545
7070,14.6,11.10052286,31.10052286,51.10052286,71.10052286,122.5827586,130.822876,42,220.822876,91.10052286
7071,14,12.68516862,32.68516862,52.68516862,72.68516862,34.80523813,127.1880441,36,217.1880441,92.68516862
7072,13.4,14.84604919,34.84604919,54.84604919,74.84604919,34.80523813,131.5592493,80,221.5592493,94.84604919
7073,14.4,14.84604919,34.84604919,54.84604919,74.84604919,34.80523813,127.2199411,72,217.2199411,94.84604919
7074,13.7,78.96553662,98.96553662,118.9655366,138.9655366,34.80523813,124.9240891,85,214.9240891,158.9655366
7075,14.2,15.85446012,35.85446012,55.85446012,75.85446012,34.80523813,121.9710147,81,211.9710147,95.85446012
7076,13.8,17.43910588,37.43910588,57.43910588,77.43910588,60.87720596,124.3546765,71,214.3546765,97.43910588
7077,13.7,18.59157552,38.59157552,58.59157552,78.59157552,60.87720596,115.9287284,74,205.9287284,98.59157552
7078,13.5,18.44751681,38.44751681,58.44751681,78.44751681,34.80523813,114.4659211,46,204.4659211,98.44751681
7079,13.6,18.59157552,38.59157552,58.59157552,78.59157552,21.90472707,109.7175552,58,199.7175552,98.59157552
7080,13.8,19.31186904,39.31186904,59.31186904,79.31186904,21.90472707,107.8726022,41,197.8726022,99.31186904
7081,13.4,20.17622127,40.17622127,60.17622127,80.17622127,21.90472707,107.6112977,57,197.6112977,100.1762213
7082,13,20.46433868,40.46433868,60.46433868,80.46433868,21.90472707,107.7920897,40,197.7920897,100.4643387
7083,13,21.0405735,41.0405735,61.0405735,81.0405735,21.90472707,105.7799555,63,195.7799555,101.0405735
7084,13,21.18463221,41.18463221,61.18463221,81.18463221,34.80523813,107.8019499,54,197.8019499,101.1846322
7085,13.2,21.32869091,41.32869091,61.32869091,81.32869091,34.80523813,112.0326846,141,202.0326846,101.3286909
7086,13.4,21.47274962,41.47274962,61.47274962,81.47274962,113.4485509,112.6663078,83,202.6663078,101.4727496
7087,13.9,45.99688669,65.99688669,85.99688669,105.9968867,60.87720596,114.7802376,76,204.7802376,125.9968867
7088,14.7,19.31186904,39.31186904,59.31186904,79.31186904,122.5827586,114.7319516,59,204.7319516,99.31186904
7089,15.8,18.30345811,38.30345811,58.30345811,78.30345811,122.5827586,115.4895657,64,205.4895657,98.30345811
7090,16.1,17.58316458,37.58316458,57.58316458,77.58316458,122.5827586,114.7636747,60,204.7636747,97.58316458
7091,15.2,55.59386918,75.59386918,95.59386918,115.5938692,122.5827586,115.2915885,34,205.2915885,135.5938692
7092,15.1,17.15098847,37.15098847,57.15098847,77.15098847,201.2260714,112.6940324,24,202.6940324,97.15098847
7093,14.4,16.28663624,36.28663624,56.28663624,76.28663624,148.6547264,111.0332637,33,201.0332637,96.28663624
7094,13.4,15.99851883,35.99851883,55.99851883,75.99851883,122.5827586,109.8556654,32,199.8556654,95.99851883
7095,12.9,17.29504717,37.29504717,57.29504717,77.29504717,34.80523813,112.9550034,32,202.9550034,97.29504717
7096,13.1,20.32027998,40.32027998,60.32027998,80.32027998,34.80523813,118.5688757,48,208.5688757,100.32028
7097,13.5,22.33710185,42.33710185,62.33710185,82.33710185,34.80523813,113.5317056,65,203.5317056,102.3371018
7098,14.4,86.45658928,106.4565893,126.4565893,146.4565893,34.80523813,112.4005516,59,202.4005516,166.4565893
7099,14.7,24.35392372,44.35392372,64.35392372,84.35392372,34.80523813,112.617227,56,202.617227,104.3539237
7100,14.7,24.78609983,44.78609983,64.78609983,84.78609983,60.87720596,109.1874181,85,199.1874181,104.7860998
7101,15.1,25.07421724,45.07421724,65.07421724,85.07421724,60.87720596,107.9955982,50,197.9955982,105.0742172
7102,14.3,25.07421724,45.07421724,65.07421724,85.07421724,34.80523813,106.7669534,38,196.7669534,105.0742172
7103,15.4,24.93015854,44.93015854,64.93015854,84.93015854,21.90472707,105.8976413,22,195.8976413,104.9301585
7104,15.8,23.20145408,43.20145408,63.20145408,83.20145408,21.90472707,102.6407187,22,192.6407187,103.2014541
7105,15.5,21.90492573,41.90492573,61.90492573,81.90492573,21.90472707,102.0115106,20,192.0115106,101.9049257
7106,15.3,20.8965148,40.8965148,60.8965148,80.8965148,21.90472707,103.720148,21,193.720148,100.8965148
7107,15.4,20.32027998,40.32027998,60.32027998,80.32027998,21.90472707,104.0939045,23,194.0939045,100.32028
7108,15.7,19.31186904,39.31186904,59.31186904,79.31186904,34.80523813,103.8707846,42,193.8707846,99.31186904
7109,16.6,18.0153407,38.0153407,58.0153407,78.0153407,34.80523813,107.8406242,87,197.8406242,98.0153407
7110,17.7,16.71881235,36.71881235,56.71881235,76.71881235,113.4485509,109.1248036,62,199.1248036,96.71881235
7111,17.7,40.81077331,60.81077331,80.81077331,100.8107733,60.87720596,109.3664029,44,199.3664029,120.8107733
7112,17.3,15.56634271,35.56634271,55.56634271,75.56634271,122.5827586,112.3152657,28,202.3152657,95.56634271
7113,16.7,14.70199049,34.70199049,54.70199049,74.70199049,122.5827586,112.424474,27,202.424474,94.70199049
7114,16.5,12.54110991,32.54110991,52.54110991,72.54110991,122.5827586,114.7188583,20,204.7188583,92.54110991
7115,16.4,49.39934487,69.39934487,89.39934487,109.3993449,122.5827586,112.5369426,16,202.5369426,129.3993449
7116,15.6,10.38022934,30.38022934,50.38022934,70.38022934,201.2260714,110.7205259,17,200.7205259,90.38022934
7117,14.1,9.227759697,29.2277597,49.2277597,69.2277597,148.6547264,111.8428004,6,201.8428004,89.2277597
7118,13.9,8.651524877,28.65152488,48.65152488,68.65152488,122.5827586,110.507495,10,200.507495,88.65152488
7119,14.6,9.083700992,29.08370099,49.08370099,69.08370099,34.80523813,111.9524613,16,201.9524613,89.08370099
7120,14.9,9.371818402,29.3718184,49.3718184,69.3718184,34.80523813,110.4391839,32,200.4391839,89.3718184
7121,14.4,9.371818402,29.3718184,49.3718184,69.3718184,34.80523813,109.2642109,46,199.2642109,89.3718184
7122,13.6,72.19477749,92.19477749,112.1947775,132.1947775,34.80523813,107.6018366,59,197.6018366,152.1947775
7123,13.5,8.939642287,28.93964229,48.93964229,68.93964229,34.80523813,107.3892947,65,197.3892947,88.93964229
7124,13.3,8.219348762,28.21934876,48.21934876,68.21934876,60.87720596,106.6206716,52,196.6206716,88.21934876
7125,13.7,8.075290057,28.07529006,48.07529006,68.07529006,60.87720596,105.4867746,37,195.4867746,88.07529006
7126,13,8.219348762,28.21934876,48.21934876,68.21934876,34.80523813,104.4681432,29,194.4681432,88.21934876
7127,12.4,8.075290057,28.07529006,48.07529006,68.07529006,21.90472707,103.2917535,20,193.2917535,88.07529006
7128,12.6,8.363407467,28.36340747,48.36340747,68.36340747,21.90472707,103.4402639,21,193.4402639,88.36340747
7129,12.5,8.651524877,28.65152488,48.65152488,68.65152488,21.90472707,103.8258675,21,193.8258675,88.65152488
7130,13.3,9.659935812,29.65993581,49.65993581,69.65993581,21.90472707,103.8738174,21,193.8738174,89.65993581
7131,12.7,11.24458157,31.24458157,51.24458157,71.24458157,21.90472707,105.697792,27,195.697792,91.24458157
7132,12.4,12.82922732,32.82922732,52.82922732,72.82922732,34.80523813,110.2576867,35,200.2576867,92.82922732
7133,11.9,13.69357955,33.69357955,53.69357955,73.69357955,34.80523813,120.7929461,85,210.7929461,93.69357955
7134,13.4,14.26981437,34.26981437,54.26981437,74.26981437,113.4485509,129.4575017,77,219.4575017,94.26981437
7135,15.3,39.22612756,59.22612756,79.22612756,99.22612756,60.87720596,132.8150667,43,222.8150667,119.2261276
7136,15.5,12.68516862,32.68516862,52.68516862,72.68516862,122.5827586,137.7482775,38,227.7482775,92.68516862
7137,15.2,11.38864027,31.38864027,51.38864027,71.38864027,122.5827586,132.1079595,21,222.1079595,91.38864027
7138,13.9,9.803994517,29.80399452,49.80399452,69.80399452,122.5827586,136.910478,24,226.910478,89.80399452
7139,13,47.52658171,67.52658171,87.52658171,107.5265817,122.5827586,135.3225282,17,225.3225282,127.5265817
7140,12.8,9.803994517,29.80399452,49.80399452,69.80399452,201.2260714,132.3055898,16,222.3055898,89.80399452
7141,12.5,10.23617063,30.23617063,50.23617063,70.23617063,148.6547264,130.0886612,13,220.0886612,90.23617063
7142,11.3,10.09211193,30.09211193,50.09211193,70.09211193,122.5827586,128.081011,6,218.081011,90.09211193
7143,11.8,10.52428804,30.52428804,50.52428804,70.52428804,34.80523813,124.479933,24,214.479933,90.52428804
7144,13.1,11.10052286,31.10052286,51.10052286,71.10052286,34.80523813,123.6774494,36,213.6774494,91.10052286
7145,13.5,12.39705121,32.39705121,52.39705121,72.39705121,34.80523813,121.7635816,41,211.7635816,92.39705121
7146,14,75.94030381,95.94030381,115.9403038,135.9403038,34.80523813,120.4987074,59,210.4987074,155.9403038
7147,14.4,12.2529925,32.2529925,52.2529925,72.2529925,34.80523813,119.3077999,55,209.3077999,92.2529925
7148,14.5,11.67675768,31.67675768,51.67675768,71.67675768,60.87720596,117.083048,50,207.083048,91.67675768
7149,14.7,12.39705121,32.39705121,52.39705121,72.39705121,60.87720596,115.1080077,45,205.1080077,92.39705121
7150,14.8,13.11734473,33.11734473,53.11734473,73.11734473,34.80523813,111.8936675,30,201.8936675,93.11734473
7151,14.4,12.1089338,32.1089338,52.1089338,72.1089338,21.90472707,109.3429891,25,199.3429891,92.1089338
7152,14,11.96487509,31.96487509,51.96487509,71.96487509,21.90472707,107.4573863,25,197.4573863,91.96487509
7153,13.2,11.67675768,31.67675768,51.67675768,71.67675768,21.90472707,107.4285514,30,197.4285514,91.67675768
7154,12.7,11.96487509,31.96487509,51.96487509,71.96487509,21.90472707,108.0132763,31,198.0132763,91.96487509
7155,12.4,11.82081639,31.82081639,51.82081639,71.82081639,21.90472707,107.7867021,34,197.7867021,91.82081639
7156,12.2,11.67675768,31.67675768,51.67675768,71.67675768,34.80523813,112.2230294,48,202.2230294,91.67675768
7157,13,11.24458157,31.24458157,51.24458157,71.24458157,34.80523813,123.1830475,88,213.1830475,91.24458157
7158,15,10.81240545,30.81240545,50.81240545,70.81240545,113.4485509,134.774578,90,224.774578,90.81240545
7159,15.5,35.62465993,55.62465993,75.62465993,95.62465993,60.87720596,140.8214924,48,230.8214924,115.6246599
7160,14.9,9.803994517,29.80399452,49.80399452,69.80399452,34.80523813,140.4079564,42,230.4079564,89.80399452
7161,14.6,9.083700992,29.08370099,49.08370099,69.08370099,34.80523813,138.4384889,40,228.4384889,89.08370099
7162,14.7,7.210937828,27.21093783,47.21093783,67.21093783,34.80523813,137.0214752,28,227.0214752,87.21093783
7163,13.8,43.92511408,63.92511408,83.92511408,103.9251141,34.80523813,135.2400393,20,225.2400393,123.9251141
7164,13.3,6.346585598,26.3465856,46.3465856,66.3465856,113.4485509,126.2259264,26,216.2259264,86.3465856
7165,12.6,6.634703008,26.63470301,46.63470301,66.63470301,60.87720596,133.2138189,21,223.2138189,86.63470301
7166,12.8,6.634703008,26.63470301,46.63470301,66.63470301,34.80523813,133.1607655,25,223.1607655,86.63470301
7167,13.8,7.787172648,27.78717265,47.78717265,67.78717265,34.80523813,130.1442282,30,220.1442282,87.78717265
7168,13.6,9.803994517,29.80399452,49.80399452,69.80399452,34.80523813,129.171333,43,219.171333,89.80399452
7169,13.7,11.10052286,31.10052286,51.10052286,71.10052286,34.80523813,128.4523571,50,218.4523571,91.10052286
7170,13.8,74.78783417,94.78783417,114.7878342,134.7878342,34.80523813,126.7985485,53,216.7985485,154.7878342
7171,13.6,11.24458157,31.24458157,51.24458157,71.24458157,34.80523813,124.2812995,50,214.2812995,91.24458157
7172,13.7,12.39705121,32.39705121,52.39705121,72.39705121,60.87720596,122.06322,41,212.06322,92.39705121
7173,13.5,13.11734473,33.11734473,53.11734473,73.11734473,60.87720596,119.0955401,41,209.0955401,93.11734473
7174,13.5,13.83763826,33.83763826,53.83763826,73.83763826,34.80523813,116.4800865,38,206.4800865,93.83763826
7175,13.8,14.41387308,34.41387308,54.41387308,74.41387308,21.90472707,115.0441783,36,205.0441783,94.41387308
7176,15.4,15.1341666,35.1341666,55.1341666,75.1341666,21.90472707,113.5617645,32,203.5617645,95.1341666
7177,15.2,15.99851883,35.99851883,55.99851883,75.99851883,21.90472707,112.5985496,27,202.5985496,95.99851883
7178,15.2,16.28663624,36.28663624,56.28663624,76.28663624,21.90472707,113.3116407,26,203.3116407,96.28663624
7179,16.5,15.1341666,35.1341666,55.1341666,75.1341666,21.90472707,114.3398358,26,204.3398358,95.1341666
7180,16.2,14.12575567,34.12575567,54.12575567,74.12575567,21.90472707,119.8164422,25,209.8164422,94.12575567
7181,16.2,13.83763826,33.83763826,53.83763826,73.83763826,21.90472707,131.1088442,29,221.1088442,93.83763826
7182,16,12.68516862,32.68516862,52.68516862,72.68516862,100.5480399,140.4491124,41,230.4491124,92.68516862
7183,14.6,37.35336439,57.35336439,77.35336439,97.35336439,47.97669489,144.8785264,43,234.8785264,117.3533644
7184,14.8,11.82081639,31.82081639,51.82081639,71.82081639,21.90472707,141.9634063,68,231.9634063,91.82081639
7185,13.1,11.38864027,31.38864027,51.38864027,71.38864027,21.90472707,141.6943114,87,231.6943114,91.38864027
7186,12.7,10.38022934,30.38022934,50.38022934,70.38022934,21.90472707,140.7770343,86,230.7770343,90.38022934
7187,12.8,46.95034689,66.95034689,86.95034689,106.9503469,21.90472707,139.2561149,65,229.2561149,126.9503469
7188,11.4,7.499055238,27.49905524,47.49905524,67.49905524,100.5480399,138.2936096,54,228.2936096,87.49905524
7189,10.2,5.914409483,25.91440948,45.91440948,65.91440948,47.97669489,137.3673509,48,227.3673509,85.91440948
7190,9.6,5.194115958,25.19411596,45.19411596,65.19411596,21.90472707,137.7560878,47,227.7560878,85.19411596
7191,10.3,6.202526893,26.20252689,46.20252689,66.20252689,21.90472707,137.3224048,71,227.3224048,86.20252689
7192,11.1,7.643113943,27.64311394,47.64311394,67.64311394,21.90472707,135.4841253,63,225.4841253,87.64311394
7193,12,9.083700992,29.08370099,49.08370099,69.08370099,21.90472707,127.9062573,48,217.9062573,89.08370099
7194,12.2,73.05912971,93.05912971,113.0591297,133.0591297,21.90472707,125.0448581,47,215.0448581,153.0591297
7195,12.4,10.52428804,30.52428804,50.52428804,70.52428804,21.90472707,120.6250666,39,210.6250666,90.52428804
7196,12.7,11.10052286,31.10052286,51.10052286,71.10052286,47.97669489,120.4546036,37,210.4546036,91.10052286
7197,13.1,10.52428804,30.52428804,50.52428804,70.52428804,47.97669489,115.925586,45,205.925586,90.52428804
7198,13.1,9.515877107,29.51587711,49.51587711,69.51587711,21.90472707,114.6997915,34,204.6997915,89.51587711
7199,13.1,9.659935812,29.65993581,49.65993581,69.65993581,21.90472707,112.5316538,31,202.5316538,89.65993581
7200,13.4,10.66834675,30.66834675,50.66834675,70.66834675,21.90472707,112.0744753,40,202.0744753,90.66834675
7201,13.4,10.81240545,30.81240545,50.81240545,70.81240545,21.90472707,112.6223043,45,202.6223043,90.81240545
7202,12.3,10.09211193,30.09211193,50.09211193,70.09211193,21.90472707,111.6867381,30,201.6867381,90.09211193
7203,12.5,9.803994517,29.80399452,49.80399452,69.80399452,21.90472707,113.673868,31,203.673868,89.80399452
7204,12.2,9.083700992,29.08370099,49.08370099,69.08370099,34.80523813,117.5980035,31,207.5980035,89.08370099
7205,12.1,9.803994517,29.80399452,49.80399452,69.80399452,34.80523813,129.3048583,33,219.3048583,89.80399452
7206,12.8,9.371818402,29.3718184,49.3718184,69.3718184,133.8418866,143.3490739,43,233.3490739,89.3718184
7207,14.3,32.74348583,52.74348583,72.74348583,92.74348583,81.27054168,141.9559625,48,231.9559625,112.7434858
7208,14,6.058468188,26.05846819,46.05846819,66.05846819,142.9760943,136.7459558,58,226.7459558,86.05846819
7209,14,5.194115958,25.19411596,45.19411596,65.19411596,142.9760943,136.1152727,93,226.1152727,85.19411596
7210,13.5,4.854698192,24.85469819,44.85469819,64.85469819,142.9760943,137.34985,87,227.34985,84.85469819
7211,12.4,42.72134409,62.72134409,82.72134409,102.7213441,142.9760943,136.8452455,68,226.8452455,122.7213441
7212,11.5,4.854698192,24.85469819,44.85469819,64.85469819,221.6194071,140.1149814,41,230.1149814,84.85469819
7213,10.7,4.854698192,24.85469819,44.85469819,64.85469819,169.0480621,136.1014664,52,226.1014664,84.85469819
7214,10.9,4.854698192,24.85469819,44.85469819,64.85469819,142.9760943,134.8075583,40,224.8075583,84.85469819
7215,10.2,4.854698192,24.85469819,44.85469819,64.85469819,55.19857386,132.525668,70,222.525668,84.85469819
7216,9.6,4.854698192,24.85469819,44.85469819,64.85469819,55.19857386,131.7260074,55,221.7260074,84.85469819
7217,9.9,4.854698192,24.85469819,44.85469819,64.85469819,55.19857386,128.305996,51,218.305996,84.85469819
7218,10,67.96577468,87.96577468,107.9657747,127.9657747,55.19857386,126.4288129,92,216.4288129,147.9657747
7219,10.4,4.854698192,24.85469819,44.85469819,64.85469819,55.19857386,125.016437,58,215.016437,84.85469819
7220,10.7,4.854698192,24.85469819,44.85469819,64.85469819,81.27054168,123.7713785,82,213.7713785,84.85469819
7221,10.6,4.854698192,24.85469819,44.85469819,64.85469819,81.27054168,119.5162293,71,209.5162293,84.85469819
7222,10.1,5.194115958,25.19411596,45.19411596,65.19411596,55.19857386,115.4860828,62,205.4860828,85.19411596
7223,9.9,7.066879123,27.06687912,47.06687912,67.06687912,21.90472707,113.3592883,47,203.3592883,87.06687912
7224,10.1,8.363407467,28.36340747,48.36340747,68.36340747,21.90472707,112.661826,49,202.661826,88.36340747
7225,10.1,7.931231353,27.93123135,47.93123135,67.93123135,21.90472707,112.0304113,46,202.0304113,87.93123135
7226,10.4,8.939642287,28.93964229,48.93964229,68.93964229,21.90472707,112.2848473,45,202.2848473,88.93964229
7227,10.6,10.38022934,30.38022934,50.38022934,70.38022934,21.90472707,115.2909333,41,205.2909333,90.38022934
7228,10,10.95646416,30.95646416,50.95646416,70.95646416,34.80523813,120.3962223,38,210.3962223,90.95646416
7229,9.3,11.10052286,31.10052286,51.10052286,71.10052286,34.80523813,130.9614453,49,220.9614453,91.10052286
7230,9.5,10.23617063,30.23617063,50.23617063,70.23617063,133.8418866,141.1245941,99,231.1245941,90.23617063
7231,10.6,35.19248382,55.19248382,75.19248382,95.19248382,81.27054168,141.5081766,95,231.5081766,115.1924838
7232,12,9.083700992,29.08370099,49.08370099,69.08370099,142.9760943,135.689844,60,225.689844,89.08370099
7233,12.6,8.219348762,28.21934876,48.21934876,68.21934876,142.9760943,132.8721599,44,222.8721599,88.21934876
7234,12.6,7.931231353,27.93123135,47.93123135,67.93123135,142.9760943,130.9047916,49,220.9047916,87.93123135
7235,12.7,45.94193595,65.94193595,85.94193595,105.941936,142.9760943,119.2478024,37,209.2478024,125.941936
7236,11.5,8.075290057,28.07529006,48.07529006,68.07529006,221.6194071,123.9634991,35,213.9634991,88.07529006
7237,10.9,8.219348762,28.21934876,48.21934876,68.21934876,169.0480621,124.6187003,34,214.6187003,88.21934876
7238,10.7,8.507466172,28.50746617,48.50746617,68.50746617,142.9760943,123.5885704,23,213.5885704,88.50746617
7239,10.9,8.795583582,28.79558358,48.79558358,68.79558358,55.19857386,121.026221,25,211.026221,88.79558358
7240,11.1,8.939642287,28.93964229,48.93964229,68.93964229,55.19857386,121.2623305,39,211.2623305,88.93964229
7241,11.5,9.659935812,29.65993581,49.65993581,69.65993581,55.19857386,119.9162409,60,209.9162409,89.65993581
7242,11.9,74.49971676,94.49971676,114.4997168,134.4997168,55.19857386,117.5949548,48,207.5949548,154.4997168
7243,12.2,12.39705121,32.39705121,52.39705121,72.39705121,55.19857386,112.7311932,60,202.7311932,92.39705121
7244,12.2,12.82922732,32.82922732,52.82922732,72.82922732,81.27054168,109.7697888,37,199.7697888,92.82922732
7245,12.4,12.82922732,32.82922732,52.82922732,72.82922732,81.27054168,108.0952651,52,198.0952651,92.82922732
7246,12.5,12.2529925,32.2529925,52.2529925,72.2529925,55.19857386,105.2282418,31,195.2282418,92.2529925
7247,12.8,12.2529925,32.2529925,52.2529925,72.2529925,21.90472707,101.0231126,35,191.0231126,92.2529925
7248,12.7,12.68516862,32.68516862,52.68516862,72.68516862,21.90472707,100.4411221,24,190.4411221,92.68516862
7249,12.9,13.26140344,33.26140344,53.26140344,73.26140344,21.90472707,97.30830268,22,187.3083027,93.26140344
7250,13.1,12.97328603,32.97328603,52.97328603,72.97328603,21.90472707,98.4626753,23,188.4626753,92.97328603
7251,12.7,12.1089338,32.1089338,52.1089338,72.1089338,21.90472707,97.12769483,25,187.1276948,92.1089338
7252,13.4,12.39705121,32.39705121,52.39705121,72.39705121,34.80523813,103.5672924,28,193.5672924,92.39705121
7253,13.9,13.40546214,33.40546214,53.40546214,73.40546214,34.80523813,103.3349205,39,193.3349205,93.40546214
7254,14.5,13.83763826,33.83763826,53.83763826,73.83763826,133.8418866,106.1027162,72,196.1027162,93.83763826
7255,15.4,38.79395144,58.79395144,78.79395144,98.79395144,81.27054168,108.9938941,75,198.9938941,118.7939514
7256,16.1,12.39705121,32.39705121,52.39705121,72.39705121,142.9760943,109.0842966,44,199.0842966,92.39705121
7257,16.2,11.24458157,31.24458157,51.24458157,71.24458157,142.9760943,110.4012666,52,200.4012666,91.24458157
7258,16.3,9.227759697,29.2277597,49.2277597,69.2277597,142.9760943,110.4416776,26,200.4416776,89.2277597
7259,14.5,45.79787725,65.79787725,85.79787725,105.7978772,142.9760943,109.5173369,24,199.5173369,125.7978772
7260,13.2,8.795583582,28.79558358,48.79558358,68.79558358,221.6194071,109.5723836,30,199.5723836,88.79558358
7261,13.6,9.515877107,29.51587711,49.51587711,69.51587711,169.0480621,109.0899803,24,199.0899803,89.51587711
7262,13.2,10.66834675,30.66834675,50.66834675,70.66834675,142.9760943,109.9655498,21,199.9655498,90.66834675
7263,13.9,11.38864027,31.38864027,51.38864027,71.38864027,55.19857386,110.7152386,21,200.7152386,91.38864027
7264,14,11.38864027,31.38864027,51.38864027,71.38864027,55.19857386,114.2565261,43,204.2565261,91.38864027
7265,14.8,11.67675768,31.67675768,51.67675768,71.67675768,55.19857386,108.0652594,43,198.0652594,91.67675768
7266,15.2,74.78783417,94.78783417,114.7878342,134.7878342,55.19857386,104.8221217,48,194.8221217,154.7878342
7267,15.6,11.82081639,31.82081639,51.82081639,71.82081639,55.19857386,106.5944518,53,196.5944518,91.82081639
7268,16.5,12.2529925,32.2529925,52.2529925,72.2529925,81.27054168,104.7139281,55,194.7139281,92.2529925
7269,17.1,12.54110991,32.54110991,52.54110991,72.54110991,81.27054168,102.4178136,56,192.4178136,92.54110991
7270,17.1,12.82922732,32.82922732,52.82922732,72.82922732,55.19857386,103.1966378,26,193.1966378,92.82922732
7271,18.2,11.82081639,31.82081639,51.82081639,71.82081639,21.90472707,104.2135091,32,194.2135091,91.82081639
7272,18.2,12.1089338,32.1089338,52.1089338,72.1089338,21.90472707,103.0262496,21,193.0262496,92.1089338
7273,17.1,13.40546214,33.40546214,53.40546214,73.40546214,21.90472707,99.43346733,14,189.4334673,93.40546214
7274,16.5,13.26140344,33.26140344,53.26140344,73.26140344,21.90472707,98.48615981,12,188.4861598,93.26140344
7275,16,12.82922732,32.82922732,52.82922732,72.82922732,21.90472707,98.15109387,14,188.1510939,92.82922732
7276,15.5,12.39705121,32.39705121,52.39705121,72.39705121,34.80523813,99.29112318,16,189.2911232,92.39705121
7277,15.6,11.82081639,31.82081639,51.82081639,71.82081639,34.80523813,98.83714349,39,188.8371435,91.82081639
7278,15.9,11.53269898,31.53269898,51.53269898,71.53269898,133.8418866,100.5429696,63,190.5429696,91.53269898
7279,16.3,36.34495346,56.34495346,76.34495346,96.34495346,81.27054168,103.3818577,86,193.3818577,116.3449535
7280,17,10.66834675,30.66834675,50.66834675,70.66834675,142.9760943,105.6780068,37,195.6780068,90.66834675
7281,16.2,9.803994517,29.80399452,49.80399452,69.80399452,142.9760943,107.3378511,40,197.3378511,89.80399452
7282,15.2,9.371818402,29.3718184,49.3718184,69.3718184,142.9760943,109.4453709,20,199.4453709,89.3718184
7283,14.3,46.80628818,66.80628818,86.80628818,106.8062882,142.9760943,109.6900061,37,199.6900061,126.8062882
7284,13.2,8.075290057,28.07529006,48.07529006,68.07529006,221.6194071,108.833584,35,198.833584,88.07529006
7285,12,7.210937828,27.21093783,47.21093783,67.21093783,169.0480621,107.69125,29,197.69125,87.21093783
7286,11.7,7.499055238,27.49905524,47.49905524,67.49905524,142.9760943,107.3120959,23,197.3120959,87.49905524
7287,11.4,8.795583582,28.79558358,48.79558358,68.79558358,55.19857386,107.7046727,28,197.7046727,88.79558358
7288,11.9,10.09211193,30.09211193,50.09211193,70.09211193,55.19857386,107.1043853,32,197.1043853,90.09211193
7289,13.7,10.52428804,30.52428804,50.52428804,70.52428804,55.19857386,108.1324565,40,198.1324565,90.52428804
7290,16.1,74.21159935,94.21159935,114.2115994,134.2115994,55.19857386,107.6745699,50,197.6745699,154.2115994
7291,16.5,11.96487509,31.96487509,51.96487509,71.96487509,55.19857386,106.0358882,53,196.0358882,91.96487509
7292,16,12.68516862,32.68516862,52.68516862,72.68516862,81.27054168,104.8120279,47,194.8120279,92.68516862
7293,16,13.11734473,33.11734473,53.11734473,73.11734473,81.27054168,103.4182201,43,193.4182201,93.11734473
7294,14.9,13.98169696,33.98169696,53.98169696,73.98169696,55.19857386,102.7183355,33,192.7183355,93.98169696
7295,14.1,15.42228401,35.42228401,55.42228401,75.42228401,21.90472707,100.978241,28,190.978241,95.42228401
7296,14.3,16.14257753,36.14257753,56.14257753,76.14257753,21.90472707,100.7972632,21,190.7972632,96.14257753
7297,15.9,14.70199049,34.70199049,54.70199049,74.70199049,21.90472707,100.622798,20,190.622798,94.70199049
7298,16.6,13.11734473,33.11734473,53.11734473,73.11734473,21.90472707,101.052672,19,191.052672,93.11734473
7299,17.1,12.1089338,32.1089338,52.1089338,72.1089338,21.90472707,101.1191407,19,191.1191407,92.1089338
7300,17.7,11.10052286,31.10052286,51.10052286,71.10052286,34.80523813,101.2218024,23,191.2218024,91.10052286
7301,17.3,10.23617063,30.23617063,50.23617063,70.23617063,34.80523813,105.5991589,33,195.5991589,90.23617063
7302,16.9,9.515877107,29.51587711,49.51587711,69.51587711,133.8418866,116.3620486,64,206.3620486,89.51587711
7303,18.1,34.18407288,54.18407288,74.18407288,94.18407288,81.27054168,125.6333271,85,215.6333271,114.1840729
7304,18.6,8.075290057,28.07529006,48.07529006,68.07529006,142.9760943,127.1578704,46,217.1578704,88.07529006
7305,18.5,6.922820418,26.92282042,46.92282042,66.92282042,142.9760943,128.9991801,22,218.9991801,86.92282042
7306,18.6,4.854698192,24.85469819,44.85469819,64.85469819,142.9760943,128.5401674,32,218.5401674,84.85469819
7307,17.8,42.72134409,62.72134409,82.72134409,102.7213441,142.9760943,128.6317797,35,218.6317797,122.7213441
7308,17.6,4.854698192,24.85469819,44.85469819,64.85469819,221.6194071,127.5902556,26,217.5902556,84.85469819
7309,16.3,5.194115958,25.19411596,45.19411596,65.19411596,169.0480621,126.3352834,47,216.3352834,85.19411596
7310,15.9,6.490644303,26.4906443,46.4906443,66.4906443,142.9760943,127.4166376,23,217.4166376,86.4906443
7311,16,7.354996533,27.35499653,47.35499653,67.35499653,55.19857386,127.6630656,27,217.6630656,87.35499653
7312,16.9,7.787172648,27.78717265,47.78717265,67.78717265,55.19857386,123.7413931,29,213.7413931,87.78717265
7313,16.5,8.075290057,28.07529006,48.07529006,68.07529006,55.19857386,119.7145408,31,209.7145408,88.07529006
7314,16.2,71.33042526,91.33042526,111.3304253,131.3304253,55.19857386,117.0491749,50,207.0491749,151.3304253
7315,16,8.363407467,28.36340747,48.36340747,68.36340747,55.19857386,115.4245169,45,205.4245169,88.36340747
7316,15.1,8.507466172,28.50746617,48.50746617,68.50746617,81.27054168,113.2294454,35,203.2294454,88.50746617
7317,14.7,8.507466172,28.50746617,48.50746617,68.50746617,81.27054168,110.1550091,41,200.1550091,88.50746617
7318,14.2,8.651524877,28.65152488,48.65152488,68.65152488,55.19857386,100.8067021,39,190.8067021,88.65152488
7319,14.4,8.939642287,28.93964229,48.93964229,68.93964229,21.90472707,105.0111411,20,195.0111411,88.93964229
7320,14.5,9.659935812,29.65993581,49.65993581,69.65993581,21.90472707,103.0699452,19,193.0699452,89.65993581
7321,14.6,10.09211193,30.09211193,50.09211193,70.09211193,21.90472707,101.9275272,17,191.9275272,90.09211193
7322,14.8,10.38022934,30.38022934,50.38022934,70.38022934,21.90472707,100.556428,16,190.556428,90.38022934
7323,15.7,11.53269898,31.53269898,51.53269898,71.53269898,21.90472707,100.1020365,14,190.1020365,91.53269898
7324,15.6,11.82081639,31.82081639,51.82081639,71.82081639,34.80523813,103.8634348,15,193.8634348,91.82081639
7325,16.5,11.24458157,31.24458157,51.24458157,71.24458157,34.80523813,106.8920516,23,196.8920516,91.24458157
7326,17.4,11.10052286,31.10052286,51.10052286,71.10052286,113.4485509,114.5422319,39,204.5422319,91.10052286
7327,18.3,35.91277734,55.91277734,75.91277734,95.91277734,60.87720596,122.8165031,61,212.8165031,115.9127773
7328,19.4,9.803994517,29.80399452,49.80399452,69.80399452,34.80523813,128.0829732,55,218.0829732,89.80399452
7329,19.5,9.227759697,29.2277597,49.2277597,69.2277597,34.80523813,128.4211286,41,218.4211286,89.2277597
7330,18.2,9.083700992,29.08370099,49.08370099,69.08370099,34.80523813,128.2527485,40,218.2527485,89.08370099
7331,17.3,46.37411207,66.37411207,86.37411207,106.3741121,34.80523813,128.1237768,43,218.1237768,126.3741121
7332,15.6,8.651524877,28.65152488,48.65152488,68.65152488,113.4485509,128.2417656,23,218.2417656,88.65152488
7333,13.9,9.083700992,29.08370099,49.08370099,69.08370099,60.87720596,127.820187,36,217.820187,89.08370099
7334,13,9.803994517,29.80399452,49.80399452,69.80399452,34.80523813,127.5528272,39,217.5528272,89.80399452
7335,13.7,10.23617063,30.23617063,50.23617063,70.23617063,34.80523813,126.9011465,39,216.9011465,90.23617063
7336,15.3,10.52428804,30.52428804,50.52428804,70.52428804,34.80523813,125.5069579,61,215.5069579,90.52428804
7337,15.9,10.81240545,30.81240545,50.81240545,70.81240545,34.80523813,122.776843,37,212.776843,90.81240545
7338,17.2,74.21159935,94.21159935,114.2115994,134.2115994,34.80523813,118.7426188,40,208.7426188,154.2115994
7339,17.5,11.38864027,31.38864027,51.38864027,71.38864027,34.80523813,116.9784529,33,206.9784529,91.38864027
7340,18.1,11.82081639,31.82081639,51.82081639,71.82081639,60.87720596,114.1067368,29,204.1067368,91.82081639
7341,17.7,11.96487509,31.96487509,51.96487509,71.96487509,60.87720596,113.4308892,26,203.4308892,91.96487509
7342,18.3,12.1089338,32.1089338,52.1089338,72.1089338,34.80523813,108.9960264,24,198.9960264,92.1089338
7343,18.6,12.1089338,32.1089338,52.1089338,72.1089338,21.90472707,107.3302491,19,197.3302491,92.1089338
7344,19,11.82081639,31.82081639,51.82081639,71.82081639,21.90472707,104.4887114,21,194.4887114,91.82081639
7345,19.3,11.67675768,31.67675768,51.67675768,71.67675768,21.90472707,104.9332554,13,194.9332554,91.67675768
7346,20.1,11.82081639,31.82081639,51.82081639,71.82081639,21.90472707,105.3285737,13,195.3285737,91.82081639
7347,20.3,11.82081639,31.82081639,51.82081639,71.82081639,21.90472707,104.8631801,12,194.8631801,91.82081639
7348,20.2,12.1089338,32.1089338,52.1089338,72.1089338,21.90472707,104.8793242,11,194.8793242,92.1089338
7349,22.6,11.67675768,31.67675768,51.67675768,71.67675768,21.90472707,110.0086195,12,200.0086195,91.67675768
7350,23.6,11.38864027,31.38864027,51.38864027,71.38864027,100.5480399,120.5234904,13,210.5234904,91.38864027
7351,26,36.34495346,56.34495346,76.34495346,96.34495346,47.97669489,130.1124254,25,220.1124254,116.3449535
7352,26,11.10052286,31.10052286,51.10052286,71.10052286,21.90472707,131.5695071,35,221.5695071,91.10052286
7353,24.2,11.10052286,31.10052286,51.10052286,71.10052286,21.90472707,130.6910573,32,220.6910573,91.10052286
7354,21.1,11.10052286,31.10052286,51.10052286,71.10052286,21.90472707,130.3143518,69,220.3143518,91.10052286
7355,20,49.25528617,69.25528617,89.25528617,109.2552862,21.90472707,131.6583743,61,221.6583743,129.2552862
7356,19.4,11.38864027,31.38864027,51.38864027,71.38864027,100.5480399,131.5005759,55,221.5005759,91.38864027
7357,18.8,11.38864027,31.38864027,51.38864027,71.38864027,47.97669489,131.8572243,38,221.8572243,91.38864027
7358,17.5,11.53269898,31.53269898,51.53269898,71.53269898,21.90472707,132.4234547,51,222.4234547,91.53269898
7359,17.1,11.53269898,31.53269898,51.53269898,71.53269898,21.90472707,132.4432067,30,222.4432067,91.53269898
7360,17.7,11.67675768,31.67675768,51.67675768,71.67675768,21.90472707,129.1039508,24,219.1039508,91.67675768
7361,17.9,11.67675768,31.67675768,51.67675768,71.67675768,21.90472707,125.6276457,41,215.6276457,91.67675768
7362,18.7,74.78783417,94.78783417,114.7878342,134.7878342,21.90472707,120.9643931,42,210.9643931,154.7878342
7363,18.7,11.82081639,31.82081639,51.82081639,71.82081639,21.90472707,119.2660626,48,209.2660626,91.82081639
7364,19.8,11.82081639,31.82081639,51.82081639,71.82081639,47.97669489,114.9350136,30,204.9350136,91.82081639
7365,19.1,11.82081639,31.82081639,51.82081639,71.82081639,47.97669489,111.3599964,28,201.3599964,91.82081639
7366,18,11.82081639,31.82081639,51.82081639,71.82081639,21.90472707,108.776289,28,198.776289,91.82081639
7367,17.4,11.67675768,31.67675768,51.67675768,71.67675768,21.90472707,107.877865,27,197.877865,91.67675768
7368,17.6,11.53269898,31.53269898,51.53269898,71.53269898,21.90472707,105.9816948,25,195.9816948,91.53269898
7369,17.5,11.53269898,31.53269898,51.53269898,71.53269898,21.90472707,103.2857313,22,193.2857313,91.53269898
7370,17.2,11.67675768,31.67675768,51.67675768,71.67675768,21.90472707,102.6298521,21,192.6298521,91.67675768
7371,16.2,11.96487509,31.96487509,51.96487509,71.96487509,21.90472707,104.0659702,20,194.0659702,91.96487509
7372,16.2,12.39705121,32.39705121,52.39705121,72.39705121,34.80523813,106.2946617,20,196.2946617,92.39705121
7373,15.8,12.68516862,32.68516862,52.68516862,72.68516862,34.80523813,110.8255176,21,200.8255176,92.68516862
7374,15.8,12.82922732,32.82922732,52.82922732,72.82922732,133.8418866,119.5019724,23,209.5019724,92.82922732
7375,16.5,38.50583403,58.50583403,78.50583403,98.50583403,81.27054168,127.0883255,33,217.0883255,118.505834
7376,17.1,13.54952085,33.54952085,53.54952085,73.54952085,142.9760943,129.4146094,37,219.4146094,93.54952085
7377,16.6,13.83763826,33.83763826,53.83763826,73.83763826,142.9760943,129.396008,60,219.396008,93.83763826
7378,16.6,13.83763826,33.83763826,53.83763826,73.83763826,142.9760943,121.00608,61,211.00608,93.83763826
7379,15.9,51.41616674,71.41616674,91.41616674,111.4161667,142.9760943,128.6162478,48,218.6162478,131.4161667
7380,16.9,13.26140344,33.26140344,53.26140344,73.26140344,221.6194071,129.1331819,45,219.1331819,93.26140344
7381,16.3,13.11734473,33.11734473,53.11734473,73.11734473,169.0480621,128.6559807,34,218.6559807,93.11734473
7382,15.7,13.11734473,33.11734473,53.11734473,73.11734473,142.9760943,128.2472233,25,218.2472233,93.11734473
7383,15.4,13.26140344,33.26140344,53.26140344,73.26140344,55.19857386,127.3815261,57,217.3815261,93.26140344
7384,15.6,13.54952085,33.54952085,53.54952085,73.54952085,55.19857386,124.7982758,45,214.7982758,93.54952085
7385,15.8,13.69357955,33.69357955,53.69357955,73.69357955,55.19857386,123.0854599,52,213.0854599,93.69357955
7386,15.7,77.09277345,97.09277345,117.0927735,137.0927735,55.19857386,121.389707,56,211.389707,157.0927735
7387,15.4,14.26981437,34.26981437,54.26981437,74.26981437,55.19857386,119.8319081,61,209.8319081,94.26981437
7388,15.5,14.41387308,34.41387308,54.41387308,74.41387308,81.27054168,117.162019,63,207.162019,94.41387308
7389,15,14.26981437,34.26981437,54.26981437,74.26981437,81.27054168,114.7011028,49,204.7011028,94.26981437
7390,15,14.41387308,34.41387308,54.41387308,74.41387308,55.19857386,112.9137545,39,202.9137545,94.41387308
7391,14,14.70199049,34.70199049,54.70199049,74.70199049,21.90472707,110.4792217,20,200.4792217,94.70199049
7392,12.8,15.99851883,35.99851883,55.99851883,75.99851883,21.90472707,106.6510505,18,196.6510505,95.99851883
7393,12.7,16.57475365,36.57475365,56.57475365,76.57475365,21.90472707,104.7829194,11,194.7829194,96.57475365
7394,13.2,17.15098847,37.15098847,57.15098847,77.15098847,21.90472707,104.1828278,11,194.1828278,97.15098847
7395,12.8,16.86287106,36.86287106,56.86287106,76.86287106,21.90472707,105.3418544,12,195.3418544,96.86287106
7396,12.7,16.14257753,36.14257753,56.14257753,76.14257753,34.80523813,107.0542561,12,197.0542561,96.14257753
7397,13,15.2782253,35.2782253,55.2782253,75.2782253,34.80523813,111.3525803,32,201.3525803,95.2782253
7398,13.5,14.70199049,34.70199049,54.70199049,74.70199049,133.8418866,119.9054198,85,209.9054198,94.70199049
7399,13.4,39.94642108,59.94642108,79.94642108,99.94642108,81.27054168,128.1585254,92,218.1585254,119.9464211
7400,13.6,14.41387308,34.41387308,54.41387308,74.41387308,142.9760943,134.1290814,29,224.1290814,94.41387308
7401,14.2,14.12575567,34.12575567,54.12575567,74.12575567,142.9760943,135.1793332,30,225.1793332,94.12575567
7402,14.9,13.69357955,33.69357955,53.69357955,73.69357955,142.9760943,134.005489,23,224.005489,93.69357955
7403,16.6,51.41616674,71.41616674,91.41616674,111.4161667,142.9760943,132.2681061,24,222.2681061,131.4161667
7404,16.6,13.40546214,33.40546214,53.40546214,73.40546214,221.6194071,130.6664062,21,220.6664062,93.40546214
7405,15.7,13.40546214,33.40546214,53.40546214,73.40546214,169.0480621,129.1935103,17,219.1935103,93.40546214
7406,14,13.40546214,33.40546214,53.40546214,73.40546214,142.9760943,128.1974781,22,218.1974781,93.40546214
7407,14.1,14.70199049,34.70199049,54.70199049,74.70199049,55.19857386,128.8055864,15,218.8055864,94.70199049
7408,14.8,15.85446012,35.85446012,55.85446012,75.85446012,55.19857386,126.4118785,26,216.4118785,95.85446012
7409,16.6,15.71040142,35.71040142,55.71040142,75.71040142,55.19857386,123.487353,32,213.487353,95.71040142
7410,17.2,79.39771273,99.39771273,119.3977127,139.3977127,55.19857386,121.4290428,57,211.4290428,159.3977127
7411,18.1,16.71881235,36.71881235,56.71881235,76.71881235,55.19857386,119.3672223,55,209.3672223,96.71881235
7412,18.2,17.00692976,37.00692976,57.00692976,77.00692976,81.27054168,117.2497032,42,207.2497032,97.00692976
7413,18.1,17.43910588,37.43910588,57.43910588,77.43910588,81.27054168,115.2272194,70,205.2272194,97.43910588
7414,17.9,18.30345811,38.30345811,58.30345811,78.30345811,55.19857386,112.6054827,48,202.6054827,98.30345811
7415,17.7,19.45592775,39.45592775,59.45592775,79.45592775,21.90472707,110.7058802,29,200.7058802,99.45592775
7416,17.7,20.17622127,40.17622127,60.17622127,80.17622127,21.90472707,109.4112803,15,199.4112803,100.1762213
7417,17.6,20.75245609,40.75245609,60.75245609,80.75245609,21.90472707,108.4352538,15,198.4352538,100.7524561
7418,17.4,21.18463221,41.18463221,61.18463221,81.18463221,21.90472707,106.7058431,14,196.7058431,101.1846322
7419,18,21.47274962,41.47274962,61.47274962,81.47274962,21.90472707,106.2893896,15,196.2893896,101.4727496
7420,18,21.0405735,41.0405735,61.0405735,81.0405735,34.80523813,106.874636,20,196.874636,101.0405735
7421,17.8,21.47274962,41.47274962,61.47274962,81.47274962,34.80523813,110.2339885,26,200.2339885,101.4727496
7422,17.7,20.8965148,40.8965148,60.8965148,80.8965148,133.8418866,113.0992028,65,203.0992028,100.8965148
7423,17.1,46.1409454,66.1409454,86.1409454,106.1409454,81.27054168,115.2633179,76,205.2633179,126.1409454
7424,17.4,19.88810386,39.88810386,59.88810386,79.88810386,142.9760943,115.8894003,29,205.8894003,99.88810386
7425,17.4,17.58316458,37.58316458,57.58316458,77.58316458,142.9760943,116.157196,26,206.157196,97.58316458
7426,17.6,17.58316458,37.58316458,57.58316458,77.58316458,142.9760943,117.3469256,18,207.3469256,97.58316458
7427,17.6,53.0008125,73.0008125,93.0008125,113.0008125,142.9760943,117.4592408,21,207.4592408,133.0008125
7428,17.2,13.83763826,33.83763826,53.83763826,73.83763826,221.6194071,116.5008567,16,206.5008567,93.83763826
7429,16,13.40546214,33.40546214,53.40546214,73.40546214,169.0480621,116.061061,16,206.061061,93.40546214
7430,15.7,14.26981437,34.26981437,54.26981437,74.26981437,142.9760943,116.4166584,10,206.4166584,94.26981437
7431,15.1,16.71881235,36.71881235,56.71881235,76.71881235,55.19857386,115.7657979,10,205.7657979,96.71881235
7432,15.5,17.87128199,37.87128199,57.87128199,77.87128199,55.19857386,118.8935602,27,208.8935602,97.87128199
7433,16.5,18.59157552,38.59157552,58.59157552,78.59157552,55.19857386,117.6017588,39,207.6017588,98.59157552
7434,16.5,82.42294554,102.4229455,122.4229455,142.4229455,55.19857386,113.8550566,31,203.8550566,162.4229455
7435,16.2,20.17622127,40.17622127,60.17622127,80.17622127,55.19857386,111.6572023,58,201.6572023,100.1762213
7436,16.6,21.0405735,41.0405735,61.0405735,81.0405735,81.27054168,110.4887442,50,200.4887442,101.0405735
7437,16.3,21.61680832,41.61680832,61.61680832,81.61680832,81.27054168,107.9092049,31,197.9092049,101.6168083
7438,15.9,21.90492573,41.90492573,61.90492573,81.90492573,55.19857386,105.9489237,24,195.9489237,101.9049257
7439,16.6,21.47274962,41.47274962,61.47274962,81.47274962,21.90472707,105.9230748,18,195.9230748,101.4727496
7440,15.3,21.47274962,41.47274962,61.47274962,81.47274962,21.90472707,105.4038462,11,195.4038462,101.4727496
7441,14.3,21.47274962,41.47274962,61.47274962,81.47274962,21.90472707,104.7693077,11,194.7693077,101.4727496
7442,14.5,21.0405735,41.0405735,61.0405735,81.0405735,21.90472707,104.6505806,10,194.6505806,101.0405735
7443,15.4,20.60839739,40.60839739,60.60839739,80.60839739,21.90472707,105.0199096,11,195.0199096,100.6083974
7444,15.5,20.03216257,40.03216257,60.03216257,80.03216257,34.80523813,104.4763356,12,194.4763356,100.0321626
7445,15.9,19.02375163,39.02375163,59.02375163,79.02375163,34.80523813,105.0516089,29,195.0516089,99.02375163
7446,15.6,18.1593994,38.1593994,58.1593994,78.1593994,133.8418866,107.2192524,79,197.2192524,98.1593994
7447,16.3,43.40383,63.40383,83.40383,103.40383,81.27054168,109.2947421,83,199.2947421,123.40383
7448,17.4,18.1593994,38.1593994,58.1593994,78.1593994,142.9760943,109.5360767,27,199.5360767,98.1593994
7449,17.2,17.87128199,37.87128199,57.87128199,77.87128199,142.9760943,111.689527,19,201.689527,97.87128199
7450,17.1,17.29504717,37.29504717,57.29504717,77.29504717,142.9760943,113.2812293,13,203.2812293,97.29504717
7451,16.9,54.87357566,74.87357566,94.87357566,114.8735757,142.9760943,114.1872796,13,204.1872796,134.8735757
7452,16.8,16.71881235,36.71881235,56.71881235,76.71881235,221.6194071,114.7867986,18,204.7867986,96.71881235
7453,15.6,16.57475365,36.57475365,56.57475365,76.57475365,169.0480621,115.2245701,31,205.2245701,96.57475365
7454,14.3,16.43069494,36.43069494,56.43069494,76.43069494,142.9760943,114.8913389,23,204.8913389,96.43069494
7455,15.2,16.71881235,36.71881235,56.71881235,76.71881235,55.19857386,106.207895,17,196.207895,96.71881235
7456,16.4,17.00692976,37.00692976,57.00692976,77.00692976,55.19857386,115.9367563,25,205.9367563,97.00692976
7457,16.5,17.00692976,37.00692976,57.00692976,77.00692976,55.19857386,119.1812602,36,209.1812602,97.00692976
7458,17.2,80.11800626,100.1180063,120.1180063,140.1180063,55.19857386,119.0967735,49,209.0967735,160.1180063
7459,17.2,17.15098847,37.15098847,57.15098847,77.15098847,55.19857386,117.8827631,50,207.8827631,97.15098847
7460,16.7,17.43910588,37.43910588,57.43910588,77.43910588,81.27054168,117.0715969,58,207.0715969,97.43910588
7461,16.4,18.44751681,38.44751681,58.44751681,78.44751681,81.27054168,115.0880785,55,205.0880785,98.44751681
7462,16.2,19.45592775,39.45592775,59.45592775,79.45592775,55.19857386,112.6145905,28,202.6145905,99.45592775
7463,16,20.03216257,40.03216257,60.03216257,80.03216257,21.90472707,111.2563217,23,201.2563217,100.0321626
7464,15.9,20.75245609,40.75245609,60.75245609,80.75245609,21.90472707,111.0376051,23,201.0376051,100.7524561
7465,16,21.18463221,41.18463221,61.18463221,81.18463221,21.90472707,111.7376732,19,201.7376732,101.1846322
7466,15.9,21.61680832,41.61680832,61.61680832,81.61680832,21.90472707,110.2533491,18,200.2533491,101.6168083
7467,16.1,22.04898444,42.04898444,62.04898444,82.04898444,21.90472707,110.7952309,17,200.7952309,102.0489844
7468,15.9,22.48116055,42.48116055,62.48116055,82.48116055,34.80523813,114.4163158,20,204.4163158,102.4811606
7469,16.3,22.76927796,42.76927796,62.76927796,82.76927796,34.80523813,119.8900825,32,209.8900825,102.769278
7470,16.1,22.91333667,42.91333667,62.91333667,82.91333667,133.8418866,129.9656765,79,219.9656765,102.9133367
7471,16.1,48.01370856,68.01370856,88.01370856,108.0137086,81.27054168,139.2852387,76,229.2852387,128.0137086
7472,16.5,22.62521926,42.62521926,62.62521926,82.62521926,142.9760943,142.9692952,37,232.9692952,102.6252193
7473,15.8,22.19304314,42.19304314,62.19304314,82.19304314,142.9760943,143.0473924,25,233.0473924,102.1930431
7474,15.1,21.61680832,41.61680832,61.61680832,81.61680832,142.9760943,141.3977324,21,231.3977324,101.6168083
7475,14.9,59.0512781,79.0512781,99.0512781,119.0512781,142.9760943,140.4608152,20,230.4608152,139.0512781
7476,14.8,20.60839739,40.60839739,60.60839739,80.60839739,221.6194071,141.1710599,27,231.1710599,100.6083974
7477,14.1,20.17622127,40.17622127,60.17622127,80.17622127,169.0480621,141.6671741,15,231.6671741,100.1762213
7478,13.4,20.8965148,40.8965148,60.8965148,80.8965148,142.9760943,142.4705053,18,232.4705053,100.8965148
7479,13.1,22.48116055,42.48116055,62.48116055,82.48116055,55.19857386,136.3158094,16,226.3158094,102.4811606
7480,14.3,23.34551278,43.34551278,63.34551278,83.34551278,55.19857386,141.3686284,28,231.3686284,103.3455128
7481,14.7,24.06580631,44.06580631,64.06580631,84.06580631,55.19857386,138.937395,43,228.937395,104.0658063
7482,14.7,88.04123503,108.041235,128.041235,148.041235,55.19857386,133.5889324,38,223.5889324,168.041235
7483,14.4,25.50639336,45.50639336,65.50639336,85.50639336,55.19857386,131.6097504,50,221.6097504,105.5063934
7484,14.7,26.08262818,46.08262818,66.08262818,86.08262818,81.27054168,130.8909313,62,220.8909313,106.0826282
7485,14.7,26.94698041,46.94698041,66.94698041,86.94698041,81.27054168,127.1663474,50,217.1663474,106.9469804
7486,14.5,28.09945005,48.09945005,68.09945005,88.09945005,55.19857386,124.2922141,35,214.2922141,108.09945
7487,14.4,28.81974357,48.81974357,68.81974357,88.81974357,21.90472707,121.9145527,27,211.9145527,108.8197436
7488,14.8,29.10786098,49.10786098,69.10786098,89.10786098,21.90472707,118.8764915,19,208.8764915,109.107861
7489,14.6,29.54003709,49.54003709,69.54003709,89.54003709,21.90472707,118.4561364,20,208.4561364,109.5400371
7490,13.8,28.67568487,48.67568487,68.67568487,88.67568487,21.90472707,116.2283825,17,206.2283825,108.6756849
7491,14.1,27.23509782,47.23509782,67.23509782,87.23509782,21.90472707,116.8980877,18,206.8980877,107.2350978
7492,14.4,25.50639336,45.50639336,65.50639336,85.50639336,34.80523813,116.025274,20,206.025274,105.5063934
7493,15.2,24.78609983,44.78609983,64.78609983,84.78609983,34.80523813,120.4654993,28,210.4654993,104.7860998
7494,15.7,23.48957149,43.48957149,63.48957149,83.48957149,113.4485509,129.2145808,89,219.2145808,103.4895715
7495,17.3,47.58153244,67.58153244,87.58153244,107.5815324,60.87720596,137.3303982,65,227.3303982,127.5815324
7496,17.9,21.61680832,41.61680832,61.61680832,81.61680832,34.80523813,139.3581686,33,229.3581686,101.6168083
7497,16.8,22.04898444,42.04898444,62.04898444,82.04898444,34.80523813,139.6999788,23,229.6999788,102.0489844
7498,16.6,21.76086703,41.76086703,61.76086703,81.76086703,34.80523813,134.3439195,25,224.3439195,101.760867
7499,16.3,59.0512781,79.0512781,99.0512781,119.0512781,34.80523813,141.5729846,19,231.5729846,139.0512781
7500,15.5,20.03216257,40.03216257,60.03216257,80.03216257,113.4485509,133.6670054,22,223.6670054,100.0321626
7501,15,18.44751681,38.44751681,58.44751681,78.44751681,60.87720596,119.1349012,17,209.1349012,98.44751681
7502,13.3,17.29504717,37.29504717,57.29504717,77.29504717,34.80523813,135.2445466,28,225.2445466,97.29504717
7503,13.8,16.43069494,36.43069494,56.43069494,76.43069494,34.80523813,138.3772321,20,228.3772321,96.43069494
7504,14.7,15.85446012,35.85446012,55.85446012,75.85446012,34.80523813,134.7457559,28,224.7457559,95.85446012
7505,15.9,15.1341666,35.1341666,55.1341666,75.1341666,34.80523813,129.8827046,34,219.8827046,95.1341666
7506,16.3,77.81306698,97.81306698,117.813067,137.813067,34.80523813,126.4040159,44,216.4040159,157.813067
7507,15.9,13.83763826,33.83763826,53.83763826,73.83763826,34.80523813,125.4094734,38,215.4094734,93.83763826
7508,16,13.40546214,33.40546214,53.40546214,73.40546214,60.87720596,122.8418126,27,212.8418126,93.40546214
7509,16.3,12.54110991,32.54110991,52.54110991,72.54110991,60.87720596,119.5466158,27,209.5466158,92.54110991
7510,16.5,11.82081639,31.82081639,51.82081639,71.82081639,34.80523813,114.3100244,25,204.3100244,91.82081639
7511,16.3,10.95646416,30.95646416,50.95646416,70.95646416,21.90472707,110.739981,22,200.739981,90.95646416
7512,16.7,10.23617063,30.23617063,50.23617063,70.23617063,21.90472707,107.6857217,24,197.6857217,90.23617063
7513,16.5,9.227759697,29.2277597,49.2277597,69.2277597,21.90472707,105.928547,16,195.928547,89.2277597
7514,16.5,8.507466172,28.50746617,48.50746617,68.50746617,21.90472707,105.7773043,18,195.7773043,88.50746617
7515,17.2,8.075290057,28.07529006,48.07529006,68.07529006,21.90472707,106.2714901,17,196.2714901,88.07529006
7516,17.4,7.643113943,27.64311394,47.64311394,67.64311394,21.90472707,107.9085478,17,197.9085478,87.64311394
7517,18.2,7.354996533,27.35499653,47.35499653,67.35499653,21.90472707,113.2943121,17,203.2943121,87.35499653
7518,17.4,7.210937828,27.21093783,47.21093783,67.21093783,100.5480399,123.7752898,21,213.7752898,87.21093783
7519,18,32.31130972,52.31130972,72.31130972,92.31130972,47.97669489,132.8365801,23,222.8365801,112.3113097
7520,19.2,7.066879123,27.06687912,47.06687912,67.06687912,21.90472707,135.6499989,38,225.6499989,87.06687912
7521,18.3,6.778761713,26.77876171,46.77876171,66.77876171,21.90472707,136.014722,49,226.014722,86.77876171
7522,17.5,6.346585598,26.3465856,46.3465856,66.3465856,21.90472707,134.1471188,69,224.1471188,86.3465856
7523,16.5,44.3572902,64.3572902,84.3572902,104.3572902,21.90472707,132.7995051,60,222.7995051,124.3572902
7524,15,6.778761713,26.77876171,46.77876171,66.77876171,100.5480399,132.3930836,59,222.3930836,86.77876171
7525,15,7.066879123,27.06687912,47.06687912,67.06687912,47.97669489,131.5377137,49,221.5377137,87.06687912
7526,14.3,8.075290057,28.07529006,48.07529006,68.07529006,21.90472707,130.8589904,51,220.8589904,88.07529006
7527,14.6,9.083700992,29.08370099,49.08370099,69.08370099,21.90472707,132.2350724,45,222.2350724,89.08370099
7528,15.6,9.803994517,29.80399452,49.80399452,69.80399452,21.90472707,129.5051227,31,219.5051227,89.80399452
7529,17.2,10.23617063,30.23617063,50.23617063,70.23617063,21.90472707,130.6368127,37,220.6368127,90.23617063
7530,17.1,73.77942324,93.77942324,113.7794232,133.7794232,21.90472707,125.7700858,41,215.7700858,153.7794232
7531,16.4,11.82081639,31.82081639,51.82081639,71.82081639,21.90472707,124.8467908,40,214.8467908,91.82081639
7532,16.2,12.82922732,32.82922732,52.82922732,72.82922732,47.97669489,123.0058649,43,213.0058649,92.82922732
7533,15.8,13.83763826,33.83763826,53.83763826,73.83763826,47.97669489,121.675842,32,211.675842,93.83763826
7534,14.7,14.41387308,34.41387308,54.41387308,74.41387308,21.90472707,123.895118,31,213.895118,94.41387308
7535,14,14.99010789,34.99010789,54.99010789,74.99010789,21.90472707,120.5514683,21,210.5514683,94.99010789
7536,13,16.28663624,36.28663624,56.28663624,76.28663624,21.90472707,115.0930263,19,205.0930263,96.28663624
7537,12.2,17.00692976,37.00692976,57.00692976,77.00692976,21.90472707,112.7422288,14,202.7422288,97.00692976
7538,11.6,18.0153407,38.0153407,58.0153407,78.0153407,21.90472707,113.1516175,14,203.1516175,98.0153407
7539,11.6,18.73563422,38.73563422,58.73563422,78.73563422,21.90472707,111.9090635,13,201.9090635,98.73563422
7540,11.5,19.59998645,39.59998645,59.59998645,79.59998645,34.80523813,115.6725706,14,205.6725706,99.59998645
7541,11,19.02375163,39.02375163,59.02375163,79.02375163,34.80523813,123.3106552,14,213.3106552,99.02375163
7542,11.1,18.44751681,38.44751681,58.44751681,78.44751681,133.8418866,128.3761191,18,218.3761191,98.44751681
7543,12,42.53947777,62.53947777,82.53947777,102.5394778,81.27054168,136.067165,22,226.067165,122.5394778
7544,12.5,16.28663624,36.28663624,56.28663624,76.28663624,142.9760943,138.5635969,37,228.5635969,96.28663624
7545,12.1,14.99010789,34.99010789,54.99010789,74.99010789,142.9760943,141.9465645,55,231.9465645,94.99010789
7546,11.9,13.98169696,33.98169696,53.98169696,73.98169696,142.9760943,140.8004436,52,230.8004436,93.98169696
7547,12.5,50.98399063,70.98399063,90.98399063,110.9839906,142.9760943,140.1326644,79,230.1326644,130.9839906
7548,12.7,12.39705121,32.39705121,52.39705121,72.39705121,221.6194071,139.6189506,65,229.6189506,92.39705121
7549,12.5,11.82081639,31.82081639,51.82081639,71.82081639,169.0480621,139.4067358,48,229.4067358,91.82081639
7550,12.2,11.53269898,31.53269898,51.53269898,71.53269898,142.9760943,140.0402916,54,230.0402916,91.53269898
7551,12.6,12.39705121,32.39705121,52.39705121,72.39705121,55.19857386,141.8634197,46,231.8634197,92.39705121
7552,12.1,11.38864027,31.38864027,51.38864027,71.38864027,55.19857386,138.8324509,48,228.8324509,91.38864027
7553,12,11.67675768,31.67675768,51.67675768,71.67675768,55.19857386,137.9537108,59,227.9537108,91.67675768
7554,11.6,76.08436252,96.08436252,116.0843625,136.0843625,55.19857386,134.1622957,74,224.1622957,156.0843625
7555,11.4,14.26981437,34.26981437,54.26981437,74.26981437,55.19857386,131.8853221,69,221.8853221,94.26981437
7556,11.3,15.2782253,35.2782253,55.2782253,75.2782253,81.27054168,128.0041559,51,218.0041559,95.2782253
7557,11.3,15.99851883,35.99851883,55.99851883,75.99851883,81.27054168,124.7665623,35,214.7665623,95.99851883
7558,11.4,16.14257753,36.14257753,56.14257753,76.14257753,55.19857386,120.3180912,25,210.3180912,96.14257753
7559,10.8,15.99851883,35.99851883,55.99851883,75.99851883,21.90472707,116.6393769,21,206.6393769,95.99851883
7560,10.2,17.29504717,37.29504717,57.29504717,77.29504717,21.90472707,113.9694677,20,203.9694677,97.29504717
7561,9.8,18.30345811,38.30345811,58.30345811,78.30345811,21.90472707,112.6999173,13,202.6999173,98.30345811
7562,9.7,18.73563422,38.73563422,58.73563422,78.73563422,21.90472707,111.5689797,12,201.5689797,98.73563422
7563,9.5,18.87969293,38.87969293,58.87969293,78.87969293,21.90472707,111.1966909,12,201.1966909,98.87969293
7564,9.6,19.02375163,39.02375163,59.02375163,79.02375163,34.80523813,114.0858557,14,204.0858557,99.02375163
7565,9.4,19.02375163,39.02375163,59.02375163,79.02375163,34.80523813,119.1671445,35,209.1671445,99.02375163
7566,9.2,19.45592775,39.45592775,59.45592775,79.45592775,133.8418866,128.971291,69,218.971291,99.45592775
7567,9.2,45.42065187,65.42065187,85.42065187,105.4206519,81.27054168,138.2785519,91,228.2785519,125.4206519
7568,9.4,19.16781034,39.16781034,59.16781034,79.16781034,142.9760943,140.2862632,25,230.2862632,99.16781034
7569,9.4,17.00692976,37.00692976,57.00692976,77.00692976,142.9760943,140.2849673,27,230.2849673,97.00692976
7570,9.6,14.55793178,34.55793178,54.55793178,74.55793178,142.9760943,131.5684388,22,221.5684388,94.55793178
7571,10,50.83993192,70.83993192,90.83993192,110.8399319,142.9760943,135.3683193,24,225.3683193,130.8399319
7572,10.2,12.54110991,32.54110991,52.54110991,72.54110991,221.6194071,133.9960773,21,223.9960773,92.54110991
7573,10.1,12.82922732,32.82922732,52.82922732,72.82922732,169.0480621,133.4607985,20,223.4607985,92.82922732
7574,9.4,14.84604919,34.84604919,54.84604919,74.84604919,142.9760943,134.39483,30,224.39483,94.84604919
7575,9.7,18.44751681,38.44751681,58.44751681,78.44751681,55.19857386,134.1636577,20,224.1636577,98.44751681
7576,10.3,20.03216257,40.03216257,60.03216257,80.03216257,55.19857386,131.1869803,36,221.1869803,100.0321626
7577,11.4,21.76086703,41.76086703,61.76086703,81.76086703,55.19857386,129.120783,52,219.120783,101.760867
7578,12.5,86.16847187,106.1684719,126.1684719,146.1684719,55.19857386,126.6789237,39,216.6789237,166.1684719
7579,13.1,23.63363019,43.63363019,63.63363019,83.63363019,55.19857386,125.2090828,84,215.2090828,103.6336302
7580,13.9,24.20986501,44.20986501,64.20986501,84.20986501,81.27054168,123.5866111,38,213.5866111,104.209865
7581,13.9,24.64204113,44.64204113,64.64204113,84.64204113,81.27054168,122.8204331,54,212.8204331,104.6420411
7582,14.1,24.93015854,44.93015854,64.93015854,84.93015854,55.19857386,120.6200276,33,210.6200276,104.9301585
7583,14,24.93015854,44.93015854,64.93015854,84.93015854,21.90472707,118.3687166,24,208.3687166,104.9301585
7584,13.9,24.93015854,44.93015854,64.93015854,84.93015854,21.90472707,117.5202757,18,207.5202757,104.9301585
7585,14.8,24.93015854,44.93015854,64.93015854,84.93015854,21.90472707,117.3278466,15,207.3278466,104.9301585
7586,15.6,25.21827595,45.21827595,65.21827595,85.21827595,21.90472707,116.5516073,15,206.5516073,105.2182759
7587,16.2,24.93015854,44.93015854,64.93015854,84.93015854,21.90472707,116.0531117,15,206.0531117,104.9301585
7588,16.9,24.93015854,44.93015854,64.93015854,84.93015854,34.80523813,116.4575709,17,206.4575709,104.9301585
7589,17.5,25.21827595,45.21827595,65.21827595,85.21827595,34.80523813,117.0435787,41,207.0435787,105.2182759
7590,16.9,25.07421724,45.07421724,65.07421724,85.07421724,133.8418866,119.1883659,69,209.1883659,105.0742172
7591,17.3,50.03053043,70.03053043,90.03053043,110.0305304,81.27054168,119.3068713,62,209.3068713,130.0305304
7592,17.9,24.35392372,44.35392372,64.35392372,84.35392372,142.9760943,121.6708312,26,211.6708312,104.3539237
7593,18.4,22.91333667,42.91333667,62.91333667,82.91333667,142.9760943,121.6538836,35,211.6538836,102.9133367
7594,18.6,21.18463221,41.18463221,61.18463221,81.18463221,142.9760943,121.8280972,27,211.8280972,101.1846322
7595,18.4,57.03445623,77.03445623,97.03445623,117.0344562,142.9760943,121.7636451,23,211.7636451,137.0344562
7596,19.4,17.43910588,37.43910588,57.43910588,77.43910588,221.6194071,119.856878,20,209.856878,97.43910588
7597,19,17.00692976,37.00692976,57.00692976,77.00692976,169.0480621,120.0806642,15,210.0806642,97.00692976
7598,18.5,16.86287106,36.86287106,56.86287106,76.86287106,142.9760943,120.4096707,16,210.4096707,96.86287106
7599,17.9,17.29504717,37.29504717,57.29504717,77.29504717,55.19857386,122.6355527,19,212.6355527,97.29504717
7600,18.5,17.29504717,37.29504717,57.29504717,77.29504717,55.19857386,125.1643114,20,215.1643114,97.29504717
7601,18.2,17.72722329,37.72722329,57.72722329,77.72722329,55.19857386,124.583688,40,214.583688,97.72722329
7602,17.5,81.4145346,101.4145346,121.4145346,141.4145346,55.19857386,121.546487,47,211.546487,161.4145346
7603,17.7,19.31186904,39.31186904,59.31186904,79.31186904,55.19857386,116.7032035,68,206.7032035,99.31186904
7604,17.3,19.45592775,39.45592775,59.45592775,79.45592775,81.27054168,116.877975,44,206.877975,99.45592775
7605,18.1,19.59998645,39.59998645,59.59998645,79.59998645,81.27054168,112.7172177,59,202.7172177,99.59998645
7606,18.4,19.59998645,39.59998645,59.59998645,79.59998645,55.19857386,110.6090209,39,200.6090209,99.59998645
7607,18.1,19.59998645,39.59998645,59.59998645,79.59998645,21.90472707,109.872841,34,199.872841,99.59998645
7608,16.2,19.59998645,39.59998645,59.59998645,79.59998645,21.90472707,109.0234587,21,199.0234587,99.59998645
7609,17.1,20.32027998,40.32027998,60.32027998,80.32027998,21.90472707,108.6681503,19,198.6681503,100.32028
7610,17.1,19.88810386,39.88810386,59.88810386,79.88810386,21.90472707,109.0717207,18,199.0717207,99.88810386
7611,16.5,19.45592775,39.45592775,59.45592775,79.45592775,21.90472707,108.7466818,19,198.7466818,99.45592775
7612,15.9,19.31186904,39.31186904,59.31186904,79.31186904,34.80523813,109.87884,19,199.87884,99.31186904
7613,16.2,18.87969293,38.87969293,58.87969293,78.87969293,34.80523813,111.4308903,36,201.4308903,98.87969293
7614,15.9,18.87969293,38.87969293,58.87969293,78.87969293,133.8418866,116.2120726,70,206.2120726,98.87969293
7615,16.6,44.12412353,64.12412353,84.12412353,104.1241235,81.27054168,121.1542454,94,211.1542454,124.1241235
7616,18,18.30345811,38.30345811,58.30345811,78.30345811,142.9760943,121.7830004,27,211.7830004,98.30345811
7617,17.8,17.58316458,37.58316458,57.58316458,77.58316458,142.9760943,123.9306419,22,213.9306419,97.58316458
7618,17.3,17.15098847,37.15098847,57.15098847,77.15098847,142.9760943,124.9921688,21,214.9921688,97.15098847
7619,16.7,54.58545825,74.58545825,94.58545825,114.5854583,142.9760943,124.6956201,24,214.6956201,134.5854583
7620,17.5,16.86287106,36.86287106,56.86287106,76.86287106,221.6194071,122.3951073,21,212.3951073,96.86287106
7621,17,17.00692976,37.00692976,57.00692976,77.00692976,169.0480621,123.1532174,19,213.1532174,97.00692976
7622,15.7,17.29504717,37.29504717,57.29504717,77.29504717,142.9760943,125.3017921,16,215.3017921,97.29504717
7623,16,17.72722329,37.72722329,57.72722329,77.72722329,55.19857386,127.739226,18,217.739226,97.72722329
7624,17.1,18.0153407,38.0153407,58.0153407,78.0153407,55.19857386,129.4428001,18,219.4428001,98.0153407
7625,17,18.44751681,38.44751681,58.44751681,78.44751681,55.19857386,126.9533953,59,216.9533953,98.44751681
7626,16.7,81.70265201,101.702652,121.702652,141.702652,55.19857386,127.1754341,40,217.1754341,161.702652
7627,16.3,18.73563422,38.73563422,58.73563422,78.73563422,55.19857386,125.5719725,39,215.5719725,98.73563422
7628,16.7,19.02375163,39.02375163,59.02375163,79.02375163,81.27054168,124.1335474,63,214.1335474,99.02375163
7629,15.9,19.02375163,39.02375163,59.02375163,79.02375163,81.27054168,122.0755186,53,212.0755186,99.02375163
7630,15.1,19.16781034,39.16781034,59.16781034,79.16781034,55.19857386,119.5649416,32,209.5649416,99.16781034
7631,14.3,19.16781034,39.16781034,59.16781034,79.16781034,21.90472707,119.1760546,24,209.1760546,99.16781034
7632,14.4,19.16781034,39.16781034,59.16781034,79.16781034,21.90472707,112.8350954,18,202.8350954,99.16781034
7633,15.8,18.87969293,38.87969293,58.87969293,78.87969293,21.90472707,111.347469,18,201.347469,98.87969293
7634,15.3,18.73563422,38.73563422,58.73563422,78.73563422,21.90472707,112.7756167,18,202.7756167,98.73563422
7635,14.6,18.59157552,38.59157552,58.59157552,78.59157552,21.90472707,112.0709669,19,202.0709669,98.59157552
7636,14.6,18.30345811,38.30345811,58.30345811,78.30345811,34.80523813,115.9029291,22,205.9029291,98.30345811
7637,15.1,17.87128199,37.87128199,57.87128199,77.87128199,34.80523813,120.8478963,33,210.8478963,97.87128199
7638,15.2,17.00692976,37.00692976,57.00692976,77.00692976,133.8418866,130.7883116,89,220.7883116,97.00692976
7639,15.7,41.53106684,61.53106684,81.53106684,101.5310668,81.27054168,141.5333831,69,231.5333831,121.5310668
7640,17,15.42228401,35.42228401,55.42228401,75.42228401,142.9760943,144.5539361,39,234.5539361,95.42228401
7641,17.1,14.55793178,34.55793178,54.55793178,74.55793178,142.9760943,143.7174181,25,233.7174181,94.55793178
7642,19.1,14.70199049,34.70199049,54.70199049,74.70199049,142.9760943,142.0749821,19,232.0749821,94.70199049
7643,19.5,52.85675379,72.85675379,92.85675379,112.8567538,142.9760943,143.3373601,12,233.3373601,132.8567538
7644,19.7,15.1341666,35.1341666,55.1341666,75.1341666,221.6194071,143.4401978,10,233.4401978,95.1341666
7645,19,15.2782253,35.2782253,55.2782253,75.2782253,169.0480621,143.6859254,13,233.6859254,95.2782253
7646,19.2,15.42228401,35.42228401,55.42228401,75.42228401,142.9760943,144.3155243,28,234.3155243,95.42228401
7647,19,15.71040142,35.71040142,55.71040142,75.71040142,55.19857386,144.4734406,21,234.4734406,95.71040142
7648,19.7,15.56634271,35.56634271,55.56634271,75.56634271,55.19857386,140.0122117,26,230.0122117,95.56634271
7649,19.1,15.71040142,35.71040142,55.71040142,75.71040142,55.19857386,136.422723,37,226.422723,95.71040142
7650,19.2,78.67741921,98.67741921,118.6774192,138.6774192,55.19857386,134.0444621,53,224.0444621,158.6774192
7651,19,15.99851883,35.99851883,55.99851883,75.99851883,55.19857386,131.0684463,54,221.0684463,95.99851883
7652,18.5,15.85446012,35.85446012,55.85446012,75.85446012,81.27054168,127.9767075,72,217.9767075,95.85446012
7653,18.2,15.99851883,35.99851883,55.99851883,75.99851883,81.27054168,126.6490661,43,216.6490661,95.99851883
7654,18.9,16.71881235,36.71881235,56.71881235,76.71881235,55.19857386,124.2968305,47,214.2968305,96.71881235
7655,17.8,17.29504717,37.29504717,57.29504717,77.29504717,21.90472707,121.9319806,28,211.9319806,97.29504717
7656,16.4,17.58316458,37.58316458,57.58316458,77.58316458,21.90472707,119.3560811,19,209.3560811,97.58316458
7657,16.5,17.29504717,37.29504717,57.29504717,77.29504717,21.90472707,118.7227711,15,208.7227711,97.29504717
7658,16.4,16.57475365,36.57475365,56.57475365,76.57475365,21.90472707,117.2350933,12,207.2350933,96.57475365
7659,16.1,15.85446012,35.85446012,55.85446012,75.85446012,21.90472707,117.4493947,14,207.4493947,95.85446012
7660,16,15.56634271,35.56634271,55.56634271,75.56634271,34.80523813,119.8884748,17,209.8884748,95.56634271
7661,16.5,15.2782253,35.2782253,55.2782253,75.2782253,34.80523813,124.4653364,33,214.4653364,95.2782253
7662,17.1,15.1341666,35.1341666,55.1341666,75.1341666,113.4485509,132.237119,84,222.237119,95.1341666
7663,18.7,40.3785972,60.3785972,80.3785972,100.3785972,60.87720596,139.4545349,60,229.4545349,120.3785972
7664,19.4,14.70199049,34.70199049,54.70199049,74.70199049,34.80523813,140.9432023,54,230.9432023,94.70199049
7665,19.8,14.26981437,34.26981437,54.26981437,74.26981437,34.80523813,139.6908544,36,229.6908544,94.26981437
7666,20.3,13.69357955,33.69357955,53.69357955,73.69357955,34.80523813,137.8002422,18,227.8002422,93.69357955
7667,21,51.12804933,71.12804933,91.12804933,111.1280493,34.80523813,136.6391249,20,226.6391249,131.1280493
7668,20.6,12.97328603,32.97328603,52.97328603,72.97328603,113.4485509,137.7779102,18,227.7779102,92.97328603
7669,20.4,13.26140344,33.26140344,53.26140344,73.26140344,60.87720596,139.1557772,20,229.1557772,93.26140344
7670,20,13.54952085,33.54952085,53.54952085,73.54952085,34.80523813,141.3045951,27,231.3045951,93.54952085
7671,20.4,13.83763826,33.83763826,53.83763826,73.83763826,34.80523813,143.9854354,35,233.9854354,93.83763826
7672,21.3,13.98169696,33.98169696,53.98169696,73.98169696,34.80523813,140.0653221,37,230.0653221,93.98169696
7673,21.7,14.12575567,34.12575567,54.12575567,74.12575567,34.80523813,135.8069658,40,225.8069658,94.12575567
7674,22.2,77.23683216,97.23683216,117.2368322,137.2368322,34.80523813,131.6214877,36,221.6214877,157.2368322
7675,21.9,14.26981437,34.26981437,54.26981437,74.26981437,34.80523813,130.3056183,28,220.3056183,94.26981437
7676,21.4,14.26981437,34.26981437,54.26981437,74.26981437,60.87720596,127.4534669,28,217.4534669,94.26981437
7677,21,14.41387308,34.41387308,54.41387308,74.41387308,60.87720596,123.5658496,46,213.5658496,94.41387308
7678,20.6,14.41387308,34.41387308,54.41387308,74.41387308,34.80523813,120.6028738,29,210.6028738,94.41387308
7679,19.6,14.55793178,34.55793178,54.55793178,74.55793178,21.90472707,118.3281361,32,208.3281361,94.55793178
7680,19.2,14.55793178,34.55793178,54.55793178,74.55793178,21.90472707,115.1063699,23,205.1063699,94.55793178
7681,19.4,14.70199049,34.70199049,54.70199049,74.70199049,21.90472707,113.7267069,23,203.7267069,94.70199049
7682,19.6,14.70199049,34.70199049,54.70199049,74.70199049,21.90472707,112.8356852,21,202.8356852,94.70199049
7683,19.1,15.42228401,35.42228401,55.42228401,75.42228401,21.90472707,112.0325764,18,202.0325764,95.42228401
7684,19,16.28663624,36.28663624,56.28663624,76.28663624,21.90472707,112.8038303,17,202.8038303,96.28663624
7685,19.5,16.86287106,36.86287106,56.86287106,76.86287106,21.90472707,116.6253151,17,206.6253151,96.86287106
7686,19.4,17.29504717,37.29504717,57.29504717,77.29504717,100.5480399,126.855303,16,216.855303,97.29504717
7687,20.3,42.68353648,62.68353648,82.68353648,102.6835365,47.97669489,134.3576094,21,224.3576094,122.6835365
7688,21.3,17.15098847,37.15098847,57.15098847,77.15098847,21.90472707,137.0177382,43,227.0177382,97.15098847
7689,22.1,16.57475365,36.57475365,56.57475365,76.57475365,21.90472707,136.6035887,59,226.6035887,96.57475365
7690,22.9,16.14257753,36.14257753,56.14257753,76.14257753,21.90472707,137.8234387,51,227.8234387,96.14257753
7691,22.4,53.57704732,73.57704732,93.57704732,113.5770473,21.90472707,138.4303287,70,228.4303287,133.5770473
7692,22.8,15.42228401,35.42228401,55.42228401,75.42228401,100.5480399,138.0169415,76,228.0169415,95.42228401
7693,22.8,15.2782253,35.2782253,55.2782253,75.2782253,47.97669489,138.6803101,45,228.6803101,95.2782253
7694,23.1,15.1341666,35.1341666,55.1341666,75.1341666,21.90472707,138.6842083,36,228.6842083,95.1341666
7695,23.5,15.2782253,35.2782253,55.2782253,75.2782253,21.90472707,139.9071111,44,229.9071111,95.2782253
7696,23.6,15.42228401,35.42228401,55.42228401,75.42228401,21.90472707,136.0434231,41,226.0434231,95.42228401
7697,23.9,15.2782253,35.2782253,55.2782253,75.2782253,21.90472707,133.4708972,50,223.4708972,95.2782253
7698,23.3,78.82147791,98.82147791,118.8214779,138.8214779,21.90472707,130.3254383,49,220.3254383,158.8214779
7699,22.6,15.85446012,35.85446012,55.85446012,75.85446012,21.90472707,128.6587546,44,218.6587546,95.85446012
7700,22.1,15.71040142,35.71040142,55.71040142,75.71040142,47.97669489,126.4672542,32,216.4672542,95.71040142
7701,22,15.42228401,35.42228401,55.42228401,75.42228401,47.97669489,123.8209041,34,213.8209041,95.42228401
7702,22.4,14.99010789,34.99010789,54.99010789,74.99010789,21.90472707,121.9293665,24,211.9293665,94.99010789
7703,21.6,14.55793178,34.55793178,54.55793178,74.55793178,21.90472707,120.2716725,28,210.2716725,94.55793178
7704,21.4,14.41387308,34.41387308,54.41387308,74.41387308,21.90472707,116.3815265,25,206.3815265,94.41387308
7705,20.8,15.2782253,35.2782253,55.2782253,75.2782253,21.90472707,113.2212017,23,203.2212017,95.2782253
7706,20.3,17.29504717,37.29504717,57.29504717,77.29504717,21.90472707,114.281215,24,204.281215,97.29504717
7707,19.9,19.02375163,39.02375163,59.02375163,79.02375163,21.90472707,116.2917767,24,206.2917767,99.02375163
7708,19.9,20.03216257,40.03216257,60.03216257,80.03216257,34.80523813,118.4124522,23,208.4124522,100.0321626
7709,20.9,20.32027998,40.32027998,60.32027998,80.32027998,34.80523813,122.8059032,22,212.8059032,100.32028
7710,20.6,20.8965148,40.8965148,60.8965148,80.8965148,133.8418866,133.3092459,23,223.3092459,100.8965148
7711,21.4,46.86123892,66.86123892,86.86123892,106.8612389,81.27054168,143.2429967,25,233.2429967,126.8612389
7712,22.1,21.90492573,41.90492573,61.90492573,81.90492573,142.9760943,145.6172902,35,235.6172902,101.9049257
7713,24.2,20.8965148,40.8965148,60.8965148,80.8965148,142.9760943,146.5871282,58,236.5871282,100.8965148
7714,25.7,19.88810386,39.88810386,59.88810386,79.88810386,142.9760943,144.9769497,61,234.9769497,99.88810386
7715,25.1,57.03445623,77.03445623,97.03445623,117.0344562,142.9760943,144.2644247,62,234.2644247,137.0344562
7716,26.2,19.02375163,39.02375163,59.02375163,79.02375163,221.6194071,143.1364372,46,233.1364372,99.02375163
7717,25.8,19.31186904,39.31186904,59.31186904,79.31186904,169.0480621,143.8973944,71,233.8973944,99.31186904
7718,26.4,20.46433868,40.46433868,60.46433868,80.46433868,142.9760943,144.9090627,51,234.9090627,100.4643387
7719,25.6,21.0405735,41.0405735,61.0405735,81.0405735,55.19857386,146.2814511,50,236.2814511,101.0405735
7720,25.7,20.32027998,40.32027998,60.32027998,80.32027998,55.19857386,141.7304444,64,231.7304444,100.32028
7721,25.2,20.03216257,40.03216257,60.03216257,80.03216257,55.19857386,136.7590652,70,226.7590652,100.0321626
7722,25.4,82.99918036,102.9991804,122.9991804,142.9991804,55.19857386,133.8111455,55,223.8111455,162.9991804
7723,24.3,20.17622127,40.17622127,60.17622127,80.17622127,55.19857386,132.0079124,46,222.0079124,100.1762213
7724,24,21.18463221,41.18463221,61.18463221,81.18463221,81.27054168,130.1049169,67,220.1049169,101.1846322
7725,24.3,21.18463221,41.18463221,61.18463221,81.18463221,81.27054168,127.8685268,39,217.8685268,101.1846322
7726,24.6,20.60839739,40.60839739,60.60839739,80.60839739,55.19857386,125.0446172,33,215.0446172,100.6083974
7727,23.8,20.17622127,40.17622127,60.17622127,80.17622127,21.90472707,123.5027636,29,213.5027636,100.1762213
7728,23.6,19.88810386,39.88810386,59.88810386,79.88810386,21.90472707,120.5833979,27,210.5833979,99.88810386
7729,23.1,19.74404516,39.74404516,59.74404516,79.74404516,21.90472707,119.0593873,25,209.0593873,99.74404516
7730,23.3,19.31186904,39.31186904,59.31186904,79.31186904,21.90472707,117.8114795,27,207.8114795,99.31186904
7731,23.8,19.16781034,39.16781034,59.16781034,79.16781034,21.90472707,118.2148881,26,208.2148881,99.16781034
7732,23.9,19.31186904,39.31186904,59.31186904,79.31186904,34.80523813,119.6845096,28,209.6845096,99.31186904
7733,24.5,19.88810386,39.88810386,59.88810386,79.88810386,34.80523813,123.9609017,48,213.9609017,99.88810386
7734,23.6,20.17622127,40.17622127,60.17622127,80.17622127,133.8418866,133.8092533,97,223.8092533,100.1762213
7735,23.4,45.13253446,65.13253446,85.13253446,105.1325345,81.27054168,142.5203994,90,232.5203994,125.1325345
7736,23.8,19.16781034,39.16781034,59.16781034,79.16781034,142.9760943,146.3423411,50,236.3423411,99.16781034
7737,24.7,18.0153407,38.0153407,58.0153407,78.0153407,142.9760943,146.4593904,37,236.4593904,98.0153407
7738,25.9,16.43069494,36.43069494,56.43069494,76.43069494,142.9760943,140.095559,42,230.095559,96.43069494
7739,28.2,53.0008125,73.0008125,93.0008125,113.0008125,142.9760943,147.1246961,40,237.1246961,133.0008125
7740,28.3,12.97328603,32.97328603,52.97328603,72.97328603,221.6194071,147.6229972,42,237.6229972,92.97328603
7741,29.3,9.948053222,29.94805322,49.94805322,69.94805322,169.0480621,144.9701207,30,234.9701207,89.94805322
7742,27.3,8.219348762,28.21934876,48.21934876,68.21934876,142.9760943,142.088101,35,232.088101,88.21934876
7743,26,7.354996533,27.35499653,47.35499653,67.35499653,55.19857386,139.943204,36,229.943204,87.35499653
7744,26.9,7.643113943,27.64311394,47.64311394,67.64311394,55.19857386,134.8833808,48,224.8833808,87.64311394
7745,26.4,8.075290057,28.07529006,48.07529006,68.07529006,55.19857386,130.0210801,69,220.0210801,88.07529006
7746,25.7,71.47448396,91.47448396,111.474484,131.474484,55.19857386,127.5951111,74,217.5951111,151.474484
7747,26.9,9.083700992,29.08370099,49.08370099,69.08370099,55.19857386,126.2662008,89,216.2662008,89.08370099
7748,26,9.371818402,29.3718184,49.3718184,69.3718184,81.27054168,124.6279627,77,214.6279627,89.3718184
7749,25.3,9.371818402,29.3718184,49.3718184,69.3718184,81.27054168,121.3407075,86,211.3407075,89.3718184
7750,25.5,9.948053222,29.94805322,49.94805322,69.94805322,55.19857386,119.6218876,59,209.6218876,89.94805322
7751,24.8,11.67675768,31.67675768,51.67675768,71.67675768,21.90472707,117.0993736,49,207.0993736,91.67675768
7752,24.2,13.98169696,33.98169696,53.98169696,73.98169696,21.90472707,114.8830995,39,204.8830995,93.98169696
7753,24.5,15.2782253,35.2782253,55.2782253,75.2782253,21.90472707,114.5311487,38,204.5311487,95.2782253
7754,24.5,15.42228401,35.42228401,55.42228401,75.42228401,21.90472707,113.5758284,38,203.5758284,95.42228401
7755,24.6,15.56634271,35.56634271,55.56634271,75.56634271,21.90472707,113.1261494,38,203.1261494,95.56634271
7756,25.1,15.56634271,35.56634271,55.56634271,75.56634271,34.80523813,111.1024174,43,201.1024174,95.56634271
7757,25.3,15.56634271,35.56634271,55.56634271,75.56634271,34.80523813,112.0588691,64,202.0588691,95.56634271
7758,25.3,15.99851883,35.99851883,55.99851883,75.99851883,133.8418866,115.9218468,98,205.9218468,95.99851883
7759,25,41.96324295,61.96324295,81.96324295,101.963243,81.27054168,120.3214515,92,210.3214515,121.963243
7760,27.3,17.15098847,37.15098847,57.15098847,77.15098847,142.9760943,121.7811293,67,211.7811293,97.15098847
7761,29.1,16.86287106,36.86287106,56.86287106,76.86287106,142.9760943,122.8848333,55,212.8848333,96.86287106
7762,27.1,15.99851883,35.99851883,55.99851883,75.99851883,142.9760943,124.1585123,38,214.1585123,95.99851883
7763,27.3,52.85675379,72.85675379,92.85675379,112.8567538,142.9760943,124.8447879,34,214.8447879,132.8567538
7764,28.6,14.84604919,34.84604919,54.84604919,74.84604919,221.6194071,124.5248173,35,214.5248173,94.84604919
7765,30.1,14.70199049,34.70199049,54.70199049,74.70199049,169.0480621,123.1341893,36,213.1341893,94.70199049
7766,28.4,15.1341666,35.1341666,55.1341666,75.1341666,142.9760943,122.3895379,36,212.3895379,95.1341666
7767,27.6,16.28663624,36.28663624,56.28663624,76.28663624,55.19857386,114.4468051,34,204.4468051,96.28663624
7768,27.5,17.87128199,37.87128199,57.87128199,77.87128199,55.19857386,123.1081909,37,213.1081909,97.87128199
7769,28.5,18.87969293,38.87969293,58.87969293,78.87969293,55.19857386,121.9915542,62,211.9915542,98.87969293
7770,28.9,82.99918036,102.9991804,122.9991804,142.9991804,55.19857386,119.2085156,64,209.2085156,162.9991804
7771,28.1,20.75245609,40.75245609,60.75245609,80.75245609,55.19857386,118.4475423,85,208.4475423,100.7524561
7772,28,21.18463221,41.18463221,61.18463221,81.18463221,81.27054168,116.4655968,68,206.4655968,101.1846322
7773,27.9,21.47274962,41.47274962,61.47274962,81.47274962,81.27054168,115.0249049,98,205.0249049,101.4727496
7774,27.8,22.62521926,42.62521926,62.62521926,82.62521926,55.19857386,114.162235,97,204.162235,102.6252193
7775,26.5,22.91333667,42.91333667,62.91333667,82.91333667,21.90472707,110.676933,110,200.676933,102.9133367
7776,27.1,23.63363019,43.63363019,63.63363019,83.63363019,21.90472707,111.0704651,109,201.0704651,103.6336302
7777,27.8,24.35392372,44.35392372,64.35392372,84.35392372,21.90472707,111.5341657,105,201.5341657,104.3539237
7778,28.8,25.50639336,45.50639336,65.50639336,85.50639336,21.90472707,109.8280184,101,199.8280184,105.5063934
7779,29.9,25.79451077,45.79451077,65.79451077,85.79451077,21.90472707,109.6534344,99,199.6534344,105.7945108
7780,29.8,26.37074559,46.37074559,66.37074559,86.37074559,34.80523813,109.9690711,98,199.9690711,106.3707456
7781,30.3,25.79451077,45.79451077,65.79451077,85.79451077,34.80523813,112.9218212,120,202.9218212,105.7945108
7782,32.2,25.21827595,45.21827595,65.21827595,85.21827595,133.8418866,115.7461478,172,205.7461478,105.2182759
7783,33.3,50.46270654,70.46270654,90.46270654,110.4627065,81.27054168,116.5423598,166,206.5423598,130.4627065
7784,36.9,24.93015854,44.93015854,64.93015854,84.93015854,142.9760943,118.1814303,111,208.1814303,104.9301585
7785,40.2,23.05739537,43.05739537,63.05739537,83.05739537,142.9760943,120.939353,101,210.939353,103.0573954
7786,33.9,21.47274962,41.47274962,61.47274962,81.47274962,142.9760943,122.8566448,96,212.8566448,101.4727496
7787,33.3,57.89880846,77.89880846,97.89880846,117.8988085,142.9760943,123.158023,97,213.158023,137.8988085
7788,32.7,20.03216257,40.03216257,60.03216257,80.03216257,221.6194071,123.0758683,96,213.0758683,100.0321626
7789,31.3,20.8965148,40.8965148,60.8965148,80.8965148,169.0480621,124.704105,91,214.704105,100.8965148
7790,29.7,21.32869091,41.32869091,61.32869091,81.32869091,142.9760943,123.4237821,99,213.4237821,101.3286909
7791,28.7,21.90492573,41.90492573,61.90492573,81.90492573,55.19857386,127.0215436,98,217.0215436,101.9049257
7792,28.8,22.76927796,42.76927796,62.76927796,82.76927796,55.19857386,127.4109661,102,217.4109661,102.769278
7793,29.5,23.63363019,43.63363019,63.63363019,83.63363019,55.19857386,131.0497892,124,221.0497892,103.6336302
7794,29.7,87.60905891,107.6090589,127.6090589,147.6090589,55.19857386,129.5509219,163,219.5509219,167.6090589
7795,29.4,25.21827595,45.21827595,65.21827595,85.21827595,55.19857386,125.5712586,138,215.5712586,105.2182759
7796,30.1,25.79451077,45.79451077,65.79451077,85.79451077,81.27054168,119.479026,116,209.479026,105.7945108
7797,28.7,26.51480429,46.51480429,66.51480429,86.51480429,81.27054168,123.7955874,65,213.7955874,106.5148043
7798,26.9,27.23509782,47.23509782,67.23509782,87.23509782,55.19857386,125.3344009,63,215.3344009,107.2350978
7799,25.6,28.38756746,48.38756746,68.38756746,88.38756746,21.90472707,99.87567607,45,189.8756761,108.3875675
7800,26.4,29.10786098,49.10786098,69.10786098,89.10786098,21.90472707,108.0212832,32,198.0212832,109.107861
7801,26.3,29.97221321,49.97221321,69.97221321,89.97221321,21.90472707,119.643318,36,209.643318,109.9722132
7802,26.4,30.54844803,50.54844803,70.54844803,90.54844803,21.90472707,121.0547406,37,211.0547406,110.548448
7803,26.4,30.98062414,50.98062414,70.98062414,90.98062414,21.90472707,121.5122943,35,211.5122943,110.9806241
7804,26.4,31.41280026,51.41280026,71.41280026,91.41280026,34.80523813,123.8011635,39,213.8011635,111.4128003
7805,26.7,31.26874155,51.26874155,71.26874155,91.26874155,34.80523813,128.9720929,51,218.9720929,111.2687416
7806,26.3,30.98062414,50.98062414,70.98062414,90.98062414,133.8418866,139.4700479,106,229.4700479,110.9806241
7807,28.1,56.22505474,76.22505474,96.22505474,116.2250547,81.27054168,150.3962543,111,240.3962543,136.2250547
7808,30.4,30.11627191,50.11627191,70.11627191,90.11627191,142.9760943,153.1176662,66,243.1176662,110.1162719
7809,32.8,28.53162616,48.53162616,68.53162616,88.53162616,142.9760943,152.1807815,62,242.1807815,108.5316262
7810,31.5,26.658863,46.658863,66.658863,86.658863,142.9760943,150.0459082,53,240.0459082,106.658863
7811,29.8,63.08492184,83.08492184,103.0849218,123.0849218,142.9760943,149.7780716,57,239.7780716,143.0849218
7812,28.6,23.63363019,43.63363019,63.63363019,83.63363019,221.6194071,150.4833949,51,240.4833949,103.6336302
7813,27,22.76927796,42.76927796,62.76927796,82.76927796,169.0480621,149.5537632,58,239.5537632,102.769278
7814,25.8,22.33710185,42.33710185,62.33710185,82.33710185,142.9760943,149.596068,49,239.596068,102.3371018
7815,26.8,21.32869091,41.32869091,61.32869091,81.32869091,55.19857386,150.9290294,53,240.9290294,101.3286909
7816,28.2,21.0405735,41.0405735,61.0405735,81.0405735,55.19857386,146.5432761,62,236.5432761,101.0405735
7817,27.4,21.90492573,41.90492573,61.90492573,81.90492573,55.19857386,141.9814076,67,231.9814076,101.9049257
7818,26.4,84.72788482,104.7278848,124.7278848,144.7278848,55.19857386,138.4563109,78,228.4563109,164.7278848
7819,25.6,21.32869091,41.32869091,61.32869091,81.32869091,55.19857386,136.8834181,86,226.8834181,101.3286909
7820,26.4,22.04898444,42.04898444,62.04898444,82.04898444,81.27054168,136.1953533,76,226.1953533,102.0489844
7821,25.8,22.04898444,42.04898444,62.04898444,82.04898444,81.27054168,132.6451268,75,222.6451268,102.0489844
7822,25.1,21.47274962,41.47274962,61.47274962,81.47274962,55.19857386,130.0933143,65,220.0933143,101.4727496
7823,26,20.60839739,40.60839739,60.60839739,80.60839739,21.90472707,128.1800925,53,218.1800925,100.6083974
7824,25.4,20.46433868,40.46433868,60.46433868,80.46433868,21.90472707,125.4568461,46,215.4568461,100.4643387
7825,24,20.60839739,40.60839739,60.60839739,80.60839739,21.90472707,123.6125321,46,213.6125321,100.6083974
7826,23.8,21.76086703,41.76086703,61.76086703,81.76086703,21.90472707,122.293719,47,212.293719,101.760867
7827,24.2,23.05739537,43.05739537,63.05739537,83.05739537,21.90472707,122.9442349,49,212.9442349,103.0573954
7828,24.1,24.06580631,44.06580631,64.06580631,84.06580631,34.80523813,124.8973124,49,214.8973124,104.0658063
7829,24,25.07421724,45.07421724,65.07421724,85.07421724,34.80523813,129.3113497,61,219.3113497,105.0742172
7830,25.7,25.36233465,45.36233465,65.36233465,85.36233465,113.4485509,139.4277522,126,229.4277522,105.3623347
7831,25.4,50.60676525,70.60676525,90.60676525,110.6067652,60.87720596,147.6560113,110,237.6560113,130.6067652
7832,26.8,25.21827595,45.21827595,65.21827595,85.21827595,34.80523813,149.6200198,85,239.6200198,105.2182759
7833,26.9,23.9217476,43.9217476,63.9217476,83.9217476,34.80523813,150.4504351,62,240.4504351,103.9217476
7834,27.1,22.48116055,42.48116055,62.48116055,82.48116055,34.80523813,149.8144215,85,239.8144215,102.4811606
7835,28.2,59.33939551,79.33939551,99.33939551,119.3393955,34.80523813,148.4433147,62,238.4433147,139.3393955
7836,28.2,20.17622127,40.17622127,60.17622127,80.17622127,113.4485509,147.1789561,63,237.1789561,100.1762213
7837,27.1,19.59998645,39.59998645,59.59998645,79.59998645,60.87720596,145.8679255,68,235.8679255,99.59998645
7838,27.6,20.32027998,40.32027998,60.32027998,80.32027998,34.80523813,147.5272435,58,237.5272435,100.32028
7839,29.8,21.47274962,41.47274962,61.47274962,81.47274962,34.80523813,147.7131945,66,237.7131945,101.4727496
7840,29,21.61680832,41.61680832,61.61680832,81.61680832,34.80523813,141.9580757,61,231.9580757,101.6168083
7841,28.1,20.8965148,40.8965148,60.8965148,80.8965148,34.80523813,137.9836128,87,227.9836128,100.8965148
7842,27.2,82.85512165,102.8551217,122.8551217,142.8551217,34.80523813,133.7244335,94,223.7244335,162.8551217
7843,26.7,19.02375163,39.02375163,59.02375163,79.02375163,34.80523813,132.6267796,96,222.6267796,99.02375163
7844,26,18.87969293,38.87969293,58.87969293,78.87969293,60.87720596,127.7855459,72,217.7855459,98.87969293
7845,25.8,18.87969293,38.87969293,58.87969293,78.87969293,60.87720596,125.1465236,71,215.1465236,98.87969293
7846,24.4,18.87969293,38.87969293,58.87969293,78.87969293,34.80523813,122.9235743,66,212.9235743,98.87969293
7847,23.9,19.02375163,39.02375163,59.02375163,79.02375163,21.90472707,121.2232519,60,211.2232519,99.02375163
7848,23.4,18.44751681,38.44751681,58.44751681,78.44751681,21.90472707,119.6418713,59,209.6418713,98.44751681
7849,23.1,18.73563422,38.73563422,58.73563422,78.73563422,21.90472707,118.4335908,61,208.4335908,98.73563422
7850,24.1,19.02375163,39.02375163,59.02375163,79.02375163,21.90472707,117.0670123,53,207.0670123,99.02375163
7851,23.5,18.73563422,38.73563422,58.73563422,78.73563422,21.90472707,116.7824868,53,206.7824868,98.73563422
7852,23,19.16781034,39.16781034,59.16781034,79.16781034,21.90472707,117.7678003,52,207.7678003,99.16781034
7853,24.1,20.46433868,40.46433868,60.46433868,80.46433868,21.90472707,122.3555017,53,212.3555017,100.4643387
7854,23.8,21.0405735,41.0405735,61.0405735,81.0405735,100.5480399,133.7089495,52,223.7089495,101.0405735
7855,24.4,46.2850041,66.2850041,86.2850041,106.2850041,47.97669489,143.4861866,63,233.4861866,126.2850041
7856,26.7,21.0405735,41.0405735,61.0405735,81.0405735,21.90472707,147.2326464,75,237.2326464,101.0405735
7857,26,19.74404516,39.74404516,59.74404516,79.74404516,21.90472707,146.3071023,96,236.3071023,99.74404516
7858,27.2,17.87128199,37.87128199,57.87128199,77.87128199,21.90472707,144.7498331,120,234.7498331,97.87128199
7859,27.8,55.88198659,75.88198659,95.88198659,115.8819866,21.90472707,146.231724,85,236.231724,135.8819866
7860,29,18.1593994,38.1593994,58.1593994,78.1593994,100.5480399,147.5557772,79,237.5557772,98.1593994
7861,28.2,19.31186904,39.31186904,59.31186904,79.31186904,47.97669489,149.0367732,82,239.0367732,99.31186904
7862,26.8,20.46433868,40.46433868,60.46433868,80.46433868,21.90472707,148.2581149,68,238.2581149,100.4643387
7863,27.4,20.60839739,40.60839739,60.60839739,80.60839739,21.90472707,148.4512105,77,238.4512105,100.6083974
7864,27.6,20.46433868,40.46433868,60.46433868,80.46433868,21.90472707,143.6401261,80,233.6401261,100.4643387
7865,27.8,18.44751681,38.44751681,58.44751681,78.44751681,21.90472707,140.4657282,86,230.4657282,98.44751681
7866,27.5,80.40612367,100.4061237,120.4061237,140.4061237,21.90472707,137.6503635,70,227.6503635,160.4061237
7867,26.2,17.29504717,37.29504717,57.29504717,77.29504717,21.90472707,134.9558115,63,224.9558115,97.29504717
7868,26,15.85446012,35.85446012,55.85446012,75.85446012,47.97669489,131.757578,49,221.757578,95.85446012
7869,25.6,14.84604919,34.84604919,54.84604919,74.84604919,47.97669489,128.4924316,54,218.4924316,94.84604919
7870,24.9,14.41387308,34.41387308,54.41387308,74.41387308,21.90472707,125.7448508,66,215.7448508,94.41387308
7871,24.6,14.26981437,34.26981437,54.26981437,74.26981437,21.90472707,122.9939462,50,212.9939462,94.26981437
7872,24.2,13.98169696,33.98169696,53.98169696,73.98169696,21.90472707,119.6274991,48,209.6274991,93.98169696
7873,23.1,13.69357955,33.69357955,53.69357955,73.69357955,21.90472707,117.1768447,41,207.1768447,93.69357955
7874,22.8,13.69357955,33.69357955,53.69357955,73.69357955,21.90472707,116.9288483,42,206.9288483,93.69357955
7875,23.1,13.54952085,33.54952085,53.54952085,73.54952085,21.90472707,117.0878589,42,207.0878589,93.54952085
7876,22.2,13.40546214,33.40546214,53.40546214,73.40546214,34.80523813,120.1906387,45,210.1906387,93.40546214
7877,22.9,13.98169696,33.98169696,53.98169696,73.98169696,34.80523813,124.6712708,43,214.6712708,93.98169696
7878,22.9,14.12575567,34.12575567,54.12575567,74.12575567,133.8418866,135.4372867,45,225.4372867,94.12575567
7879,24.3,39.94642108,59.94642108,79.94642108,99.94642108,81.27054168,143.3296521,53,233.3296521,119.9464211
7880,26,15.2782253,35.2782253,55.2782253,75.2782253,142.9760943,146.4486103,66,236.4486103,95.2782253
7881,26.1,15.56634271,35.56634271,55.56634271,75.56634271,142.9760943,144.5723716,86,234.5723716,95.56634271
7882,26.5,15.85446012,35.85446012,55.85446012,75.85446012,142.9760943,143.460811,110,233.460811,95.85446012
7883,26.3,54.44139955,74.44139955,94.44139955,114.4413995,142.9760943,143.5983951,99,233.5983951,134.4413995
7884,26.3,17.72722329,37.72722329,57.72722329,77.72722329,221.6194071,145.3157649,68,235.3157649,97.72722329
7885,27.3,18.59157552,38.59157552,58.59157552,78.59157552,169.0480621,145.9109625,90,235.9109625,98.59157552
7886,27.6,19.59998645,39.59998645,59.59998645,79.59998645,142.9760943,146.5839622,116,236.5839622,99.59998645
7887,26.5,20.32027998,40.32027998,60.32027998,80.32027998,55.19857386,149.159929,89,239.159929,100.32028
7888,26.3,21.76086703,41.76086703,61.76086703,81.76086703,55.19857386,144.8874978,70,234.8874978,101.760867
7889,26.4,22.91333667,42.91333667,62.91333667,82.91333667,55.19857386,143.8474785,69,233.8474785,102.9133367
7890,26.6,87.03282409,107.0328241,127.0328241,147.0328241,55.19857386,140.5220896,95,230.5220896,167.0328241
7891,25.9,25.07421724,45.07421724,65.07421724,85.07421724,55.19857386,138.1742122,76,228.1742122,105.0742172
7892,25.4,26.08262818,46.08262818,66.08262818,86.08262818,81.27054168,137.2094235,80,227.2094235,106.0826282
7893,24.4,27.09103911,47.09103911,67.09103911,87.09103911,81.27054168,133.5445486,84,223.5445486,107.0910391
7894,24.7,28.09945005,48.09945005,68.09945005,88.09945005,55.19857386,128.6712601,65,218.6712601,108.09945
7895,23.3,28.53162616,48.53162616,68.53162616,88.53162616,21.90472707,125.7666058,50,215.7666058,108.5316262
7896,22.8,29.10786098,49.10786098,69.10786098,89.10786098,21.90472707,122.4644124,42,212.4644124,109.107861
7897,23.3,29.10786098,49.10786098,69.10786098,89.10786098,21.90472707,121.7499693,38,211.7499693,109.107861
7898,23,29.25191968,49.25191968,69.25191968,89.25191968,21.90472707,121.9841567,36,211.9841567,109.2519197
7899,22.8,29.97221321,49.97221321,69.97221321,89.97221321,21.90472707,122.3258402,37,212.3258402,109.9722132
7900,22.4,30.54844803,50.54844803,70.54844803,90.54844803,34.80523813,124.6250269,38,214.6250269,110.548448
7901,22.9,30.98062414,50.98062414,70.98062414,90.98062414,34.80523813,130.2127934,54,220.2127934,110.9806241
7902,22.7,31.26874155,51.26874155,71.26874155,91.26874155,133.8418866,141.7628556,120,231.7628556,111.2687416
7903,22.5,56.80128956,76.80128956,96.80128956,116.8012896,81.27054168,149.7396794,98,239.7396794,136.8012896
7904,23.1,30.98062414,50.98062414,70.98062414,90.98062414,142.9760943,153.2879111,54,243.2879111,110.9806241
7905,25.1,29.97221321,49.97221321,69.97221321,89.97221321,142.9760943,154.1174164,40,244.1174164,109.9722132
7906,26.9,28.96380228,48.96380228,68.96380228,88.96380228,142.9760943,153.33084,45,243.33084,108.9638023
7907,27.6,65.82203724,85.82203724,105.8220372,125.8220372,142.9760943,153.3318806,37,243.3318806,145.8220372
7908,27.4,27.23509782,47.23509782,67.23509782,87.23509782,221.6194071,153.7917103,54,243.7917103,107.2350978
7909,27.9,28.09945005,48.09945005,68.09945005,88.09945005,169.0480621,153.4504481,43,243.4504481,108.09945
7910,26.6,28.67568487,48.67568487,68.67568487,88.67568487,142.9760943,154.1027826,38,244.1027826,108.6756849
7911,26.8,29.8281545,49.8281545,69.8281545,89.8281545,55.19857386,148.9535665,40,238.9535665,109.8281545
7912,26.8,30.83656544,50.83656544,70.83656544,90.83656544,55.19857386,144.1511275,49,234.1511275,110.8365654
7913,26.6,31.84497637,51.84497637,71.84497637,91.84497637,55.19857386,139.669935,76,229.669935,111.8449764
7914,26.9,95.38822898,115.388229,135.388229,155.388229,55.19857386,137.2521158,100,227.2521158,175.388229
7915,26.7,32.99744601,52.99744601,72.99744601,92.99744601,55.19857386,136.1500318,95,226.1500318,112.997446
7916,26.4,33.28556342,53.28556342,73.28556342,93.28556342,81.27054168,131.7952469,73,221.7952469,113.2855634
7917,26.3,33.14150472,53.14150472,73.14150472,93.14150472,81.27054168,127.9581972,87,217.9581972,113.1415047
7918,26.1,32.99744601,52.99744601,72.99744601,92.99744601,55.19857386,124.8668856,69,214.8668856,112.997446
7919,25.9,33.42962213,53.42962213,73.42962213,93.42962213,21.90472707,123.5147556,64,213.5147556,113.4296221
7920,25.9,33.57368083,53.57368083,73.57368083,93.57368083,21.90472707,122.292895,53,212.292895,113.5736808
7921,25.5,33.57368083,53.57368083,73.57368083,93.57368083,21.90472707,120.9930013,50,210.9930013,113.5736808
7922,25.2,33.42962213,53.42962213,73.42962213,93.42962213,21.90472707,121.1478788,52,211.1478788,113.4296221
7923,25.8,32.99744601,52.99744601,72.99744601,92.99744601,21.90472707,121.8233454,53,211.8233454,112.997446
7924,26.2,32.85338731,52.85338731,72.85338731,92.85338731,34.80523813,121.2609926,55,211.2609926,112.8533873
7925,26.4,32.42121119,52.42121119,72.42121119,92.42121119,34.80523813,124.8451229,79,214.8451229,112.4212112
7926,26,31.98903508,51.98903508,71.98903508,91.98903508,133.8418866,126.2273861,141,216.2273861,111.9890351
7927,26.5,56.80128956,76.80128956,96.80128956,116.8012896,81.27054168,130.0674865,109,220.0674865,136.8012896
7928,27.7,30.98062414,50.98062414,70.98062414,90.98062414,142.9760943,130.8216093,83,220.8216093,110.9806241
7929,28.9,29.97221321,49.97221321,69.97221321,89.97221321,142.9760943,130.5915756,78,220.5915756,109.9722132
7930,32.4,28.81974357,48.81974357,68.81974357,88.81974357,142.9760943,130.5208639,55,220.5208639,108.8197436
7931,31.5,65.10174371,85.10174371,105.1017437,125.1017437,142.9760943,129.9237771,56,219.9237771,145.1017437
7932,31.5,26.51480429,46.51480429,66.51480429,86.51480429,221.6194071,130.778752,48,220.778752,106.5148043
7933,30.5,26.51480429,46.51480429,66.51480429,86.51480429,169.0480621,131.0429978,54,221.0429978,106.5148043
7934,30.2,26.94698041,46.94698041,66.94698041,86.94698041,142.9760943,132.5905565,58,222.5905565,106.9469804
7935,29.7,27.52321523,47.52321523,67.52321523,87.52321523,55.19857386,134.558438,60,224.558438,107.5232152
7936,28.6,28.38756746,48.38756746,68.38756746,88.38756746,55.19857386,133.3598435,65,223.3598435,108.3875675
7937,28.3,28.81974357,48.81974357,68.81974357,88.81974357,55.19857386,131.9645704,85,221.9645704,108.8197436
7938,28.7,92.07487877,112.0748788,132.0748788,152.0748788,55.19857386,129.6788217,110,219.6788217,172.0748788
7939,28.9,29.10786098,49.10786098,69.10786098,89.10786098,55.19857386,129.5494299,94,219.5494299,109.107861
7940,29.3,29.54003709,49.54003709,69.54003709,89.54003709,81.27054168,128.6303617,87,218.6303617,109.5400371
7941,29.5,29.8281545,49.8281545,69.8281545,89.8281545,81.27054168,125.8008477,101,215.8008477,109.8281545
7942,30.3,29.25191968,49.25191968,69.25191968,89.25191968,55.19857386,123.9347002,88,213.9347002,109.2519197
7943,28.5,29.10786098,49.10786098,69.10786098,89.10786098,21.90472707,122.5303876,73,212.5303876,109.107861
7944,27.6,29.10786098,49.10786098,69.10786098,89.10786098,21.90472707,121.2206052,62,211.2206052,109.107861
7945,26.5,28.38756746,48.38756746,68.38756746,88.38756746,21.90472707,120.8836036,65,210.8836036,108.3875675
7946,26.9,28.53162616,48.53162616,68.53162616,88.53162616,21.90472707,120.8417063,69,210.8417063,108.5316262
7947,25.7,28.81974357,48.81974357,68.81974357,88.81974357,21.90472707,120.7155123,70,210.7155123,108.8197436
7948,24.6,28.96380228,48.96380228,68.96380228,88.96380228,34.80523813,120.7508714,70,210.7508714,108.9638023
7949,24.4,29.25191968,49.25191968,69.25191968,89.25191968,34.80523813,122.0196443,93,212.0196443,109.2519197
7950,23.7,28.67568487,48.67568487,68.67568487,88.67568487,133.8418866,124.4189003,152,214.4189003,108.6756849
7951,24.7,53.05576323,73.05576323,93.05576323,113.0557632,81.27054168,127.253798,156,217.253798,133.0557632
7952,27.1,27.66727393,47.66727393,67.66727393,87.66727393,142.9760943,129.6513564,109,219.6513564,107.6672739
7953,27.1,27.09103911,47.09103911,67.09103911,87.09103911,142.9760943,130.1491231,93,220.1491231,107.0910391
7954,27.3,26.658863,46.658863,66.658863,86.658863,142.9760943,130.7100869,80,220.7100869,106.658863
7955,26.7,63.66115666,83.66115666,103.6611567,123.6611567,142.9760943,133.0450341,70,223.0450341,143.6611567
7956,25.8,25.21827595,45.21827595,65.21827595,85.21827595,221.6194071,130.85983,67,220.85983,105.2182759
7957,24.6,25.21827595,45.21827595,65.21827595,85.21827595,169.0480621,131.0098678,59,221.0098678,105.2182759
7958,24.7,26.8029217,46.8029217,66.8029217,86.8029217,142.9760943,132.6476472,67,222.6476472,106.8029217
7959,24.9,28.96380228,48.96380228,68.96380228,88.96380228,55.19857386,133.4650516,69,223.4650516,108.9638023
7960,24.9,30.40438932,50.40438932,70.40438932,90.40438932,55.19857386,132.8997234,68,222.8997234,110.4043893
7961,26.3,31.26874155,51.26874155,71.26874155,91.26874155,55.19857386,131.9312871,100,221.9312871,111.2687416
7962,25.5,95.24417028,115.2441703,135.2441703,155.2441703,55.19857386,130.5206089,106,220.5206089,175.2441703
7963,24.6,32.7093286,52.7093286,72.7093286,92.7093286,55.19857386,128.5244653,109,218.5244653,112.7093286
7964,24.7,33.28556342,53.28556342,73.28556342,93.28556342,81.27054168,127.3696248,116,217.3696248,113.2855634
7965,24.9,34.43803306,54.43803306,74.43803306,94.43803306,81.27054168,125.526679,106,215.526679,114.4380331
7966,23.7,35.15832659,55.15832659,75.15832659,95.15832659,55.19857386,125.6942991,96,215.6942991,115.1583266
7967,22.7,35.87862011,55.87862011,75.87862011,95.87862011,21.90472707,121.8029235,75,211.8029235,115.8786201
7968,21.8,36.16673752,56.16673752,76.16673752,96.16673752,21.90472707,121.4130972,52,211.4130972,116.1667375
7969,21.7,36.45485493,56.45485493,76.45485493,96.45485493,21.90472707,120.6811944,42,210.6811944,116.4548549
7970,21.2,36.45485493,56.45485493,76.45485493,96.45485493,21.90472707,121.8105949,39,211.8105949,116.4548549
7971,21.1,36.16673752,56.16673752,76.16673752,96.16673752,21.90472707,121.3882225,37,211.3882225,116.1667375
7972,21,35.30238529,55.30238529,75.30238529,95.30238529,34.80523813,123.9826431,37,213.9826431,115.3023853
7973,21.7,35.30238529,55.30238529,75.30238529,95.30238529,34.80523813,130.5322971,48,220.5322971,115.3023853
7974,22.1,34.58209177,54.58209177,74.58209177,94.58209177,133.8418866,140.7083185,108,230.7083185,114.5820918
7975,22.8,58.38593532,78.38593532,98.38593532,118.3859353,81.27054168,150.8706806,110,240.8706806,138.3859353
7976,25.6,31.98903508,51.98903508,71.98903508,91.98903508,142.9760943,153.3517016,65,243.3517016,111.9890351
7977,26.6,30.69250673,50.69250673,70.69250673,90.69250673,142.9760943,155.0253387,43,245.0253387,110.6925067
7978,26.6,29.39597839,49.39597839,69.39597839,89.39597839,142.9760943,145.2027168,36,235.2027168,109.3959784
7979,26.2,66.39827206,86.39827206,106.3982721,126.3982721,142.9760943,151.9472145,46,241.9472145,146.3982721
7980,26,27.81133264,47.81133264,67.81133264,87.81133264,221.6194071,151.6911047,43,241.6911047,107.8113326
7981,25.7,27.95539134,47.95539134,67.95539134,87.95539134,169.0480621,150.6350904,45,240.6350904,107.9553913
7982,24.9,28.81974357,48.81974357,68.81974357,88.81974357,142.9760943,150.9958842,37,240.9958842,108.8197436
7983,24.4,30.26033062,50.26033062,70.26033062,90.26033062,55.19857386,152.3089514,36,242.3089514,110.2603306
7984,25.5,30.40438932,50.40438932,70.40438932,90.40438932,55.19857386,145.8958642,41,235.8958642,110.4043893
7985,25.8,30.26033062,50.26033062,70.26033062,90.26033062,55.19857386,143.4467535,50,233.4467535,110.2603306
7986,24.9,93.94764193,113.9476419,133.9476419,153.9476419,55.19857386,141.591976,76,231.591976,173.9476419
7987,24.8,30.98062414,50.98062414,70.98062414,90.98062414,55.19857386,139.3786579,102,229.3786579,110.9806241
7988,24.5,31.98903508,51.98903508,71.98903508,91.98903508,81.27054168,135.1397387,61,225.1397387,111.9890351
7989,23.7,32.99744601,52.99744601,72.99744601,92.99744601,81.27054168,132.4203407,81,222.4203407,112.997446
7990,24.4,34.43803306,54.43803306,74.43803306,94.43803306,55.19857386,129.3746221,46,219.3746221,114.4380331
7991,23.6,35.15832659,55.15832659,75.15832659,95.15832659,21.90472707,127.6000969,40,217.6000969,115.1583266
7992,23.6,35.446444,55.446444,75.446444,95.446444,21.90472707,124.6332897,33,214.6332897,115.446444
7993,22.8,36.16673752,56.16673752,76.16673752,96.16673752,21.90472707,125.1461466,30,215.1461466,116.1667375
7994,22.7,36.59891364,56.59891364,76.59891364,96.59891364,21.90472707,123.254577,29,213.254577,116.5989136
7995,22.5,37.03108975,57.03108975,77.03108975,97.03108975,21.90472707,121.4061306,29,211.4061306,117.0310898
7996,22.5,36.74297234,56.74297234,76.74297234,96.74297234,34.80523813,123.9273708,31,213.9273708,116.7429723
7997,22.9,36.45485493,56.45485493,76.45485493,96.45485493,34.80523813,129.3221731,43,219.3221731,116.4548549
7998,23,36.45485493,56.45485493,76.45485493,96.45485493,113.4485509,138.0515115,97,228.0515115,116.4548549
7999,23.4,61.69928553,81.69928553,101.6992855,121.6992855,60.87720596,147.4258423,101,237.4258423,141.6992855
8000,26,35.87862011,55.87862011,75.87862011,95.87862011,34.80523813,151.5601332,60,241.5601332,115.8786201
8001,28.1,34.72615047,54.72615047,74.72615047,94.72615047,34.80523813,150.2529944,44,240.2529944,114.7261505
8002,28.4,32.7093286,52.7093286,72.7093286,92.7093286,34.80523813,149.9224553,43,239.9224553,112.7093286
8003,27.4,68.84727004,88.84727004,108.84727,128.84727,34.80523813,149.548146,44,239.548146,148.84727
8004,26.7,30.11627191,50.11627191,70.11627191,90.11627191,113.4485509,148.80175,34,238.80175,110.1162719
8005,26.4,29.6840958,49.6840958,69.6840958,89.6840958,60.87720596,150.4949215,48,240.4949215,109.6840958
8006,26,30.26033062,50.26033062,70.26033062,90.26033062,34.80523813,152.2893634,35,242.2893634,110.2603306
8007,26.4,30.83656544,50.83656544,70.83656544,90.83656544,34.80523813,153.9042808,36,243.9042808,110.8365654
8008,27,32.13309378,52.13309378,72.13309378,92.13309378,34.80523813,147.0377807,56,237.0377807,112.1330938
8009,27.8,33.42962213,53.42962213,73.42962213,93.42962213,34.80523813,143.5132563,64,233.5132563,113.4296221
8010,26.7,98.41346179,118.4134618,138.4134618,158.4134618,34.80523813,140.7145803,59,230.7145803,178.4134618
8011,26.1,36.59891364,56.59891364,76.59891364,96.59891364,34.80523813,138.2840855,68,228.2840855,116.5989136
8012,25.8,37.89544198,57.89544198,77.89544198,97.89544198,60.87720596,135.7774178,41,225.7774178,117.895442
8013,25,38.90385292,58.90385292,78.90385292,98.90385292,60.87720596,134.410702,47,224.410702,118.9038529
8014,25.1,39.62414644,59.62414644,79.62414644,99.62414644,34.80523813,130.7263343,39,220.7263343,119.6241464
8015,25.7,38.90385292,58.90385292,78.90385292,98.90385292,21.90472707,126.0341411,37,216.0341411,118.9038529
8016,24.7,37.75138328,57.75138328,77.75138328,97.75138328,21.90472707,125.8114595,41,215.8114595,117.7513833
8017,23.3,36.88703105,56.88703105,76.88703105,96.88703105,21.90472707,125.9363495,31,215.9363495,116.887031
8018,22.9,36.31079623,56.31079623,76.31079623,96.31079623,21.90472707,126.5604711,30,216.5604711,116.3107962
8019,22.9,35.73456141,55.73456141,75.73456141,95.73456141,21.90472707,125.0138006,33,215.0138006,115.7345614
8020,22.8,36.31079623,56.31079623,76.31079623,96.31079623,21.90472707,127.1441957,36,217.1441957,116.3107962
8021,23,37.89544198,57.89544198,77.89544198,97.89544198,21.90472707,131.3714767,37,221.3714767,117.895442
8022,24.5,38.4716768,58.4716768,78.4716768,98.4716768,100.5480399,142.4315939,38,232.4315939,118.4716768
8023,26.2,64.43640092,84.43640092,104.4364009,124.4364009,47.97669489,152.446281,51,242.446281,144.4364009
8024,27.7,39.48008774,59.48008774,79.48008774,99.48008774,21.90472707,154.8160085,49,244.8160085,119.4800877
8025,28.6,39.04791162,59.04791162,79.04791162,99.04791162,21.90472707,154.9680624,98,244.9680624,119.0479116
8026,28.9,37.60732457,57.60732457,77.60732457,97.60732457,21.90472707,157.9430219,87,247.9430219,117.6073246
8027,27,74.32150083,94.32150083,114.3215008,134.3215008,21.90472707,155.9066876,86,245.9066876,154.3215008
8028,26.8,35.15832659,55.15832659,75.15832659,95.15832659,100.5480399,157.7862298,81,247.7862298,115.1583266
8029,27.1,35.5905027,55.5905027,75.5905027,95.5905027,47.97669489,158.1636946,85,248.1636946,115.5905027
8030,26.3,37.17514846,57.17514846,77.17514846,97.17514846,21.90472707,156.8625482,60,246.8625482,117.1751485
8031,26.5,38.18355939,58.18355939,78.18355939,98.18355939,21.90472707,157.9678868,56,247.9678868,118.1835594
8032,26.8,38.3276181,58.3276181,78.3276181,98.3276181,21.90472707,153.3121005,65,243.3121005,118.3276181
8033,27,38.18355939,58.18355939,78.18355939,98.18355939,21.90472707,146.8621618,70,236.8621618,118.1835594
8034,26.7,100.7184011,120.7184011,140.7184011,160.7184011,21.90472707,143.4119425,61,233.4119425,180.7184011
8035,26.2,37.03108975,57.03108975,77.03108975,97.03108975,21.90472707,142.3651985,54,232.3651985,117.0310898
8036,25.3,36.45485493,56.45485493,76.45485493,96.45485493,47.97669489,134.9776933,48,224.9776933,116.4548549
8037,25.4,35.87862011,55.87862011,75.87862011,95.87862011,47.97669489,130.537885,47,220.537885,115.8786201
8038,25.3,35.01426788,55.01426788,75.01426788,95.01426788,21.90472707,126.7344219,41,216.7344219,115.0142679
8039,24.8,34.29397436,54.29397436,74.29397436,94.29397436,21.90472707,127.6795443,38,217.6795443,114.2939744
8040,24.2,33.57368083,53.57368083,73.57368083,93.57368083,21.90472707,124.4538084,26,214.4538084,113.5736808
8041,24.6,33.57368083,53.57368083,73.57368083,93.57368083,21.90472707,124.2981097,24,214.2981097,113.5736808
8042,24.6,33.14150472,53.14150472,73.14150472,93.14150472,21.90472707,124.604887,23,214.604887,113.1415047
8043,23.9,32.27715249,52.27715249,72.27715249,92.27715249,21.90472707,123.6018622,21,213.6018622,112.2771525
8044,24.1,31.70091767,51.70091767,71.70091767,91.70091767,34.80523813,124.3549446,21,214.3549446,111.7009177
8045,23.3,30.83656544,50.83656544,70.83656544,90.83656544,34.80523813,128.536397,21,218.536397,110.8365654
8046,24,30.54844803,50.54844803,70.54844803,90.54844803,133.8418866,140.6480814,22,230.6480814,110.548448
8047,25.2,56.08099604,76.08099604,96.08099604,116.080996,81.27054168,149.503266,33,239.503266,136.080996
8048,28.1,31.98903508,51.98903508,71.98903508,91.98903508,142.9760943,153.8107524,51,243.8107524,111.9890351
8049,29.7,32.13309378,52.13309378,72.13309378,92.13309378,142.9760943,151.5130325,65,241.5130325,112.1330938
8050,29.2,30.98062414,50.98062414,70.98062414,90.98062414,142.9760943,155.3304675,54,245.3304675,110.9806241
8051,28.6,68.41509393,88.41509393,108.4150939,128.4150939,142.9760943,156.4253329,71,246.4253329,148.4150939
8052,28.3,29.54003709,49.54003709,69.54003709,89.54003709,221.6194071,157.3236442,67,247.3236442,109.5400371
8053,28.3,29.10786098,49.10786098,69.10786098,89.10786098,169.0480621,158.8675585,55,248.8675585,109.107861
8054,27.6,29.25191968,49.25191968,69.25191968,89.25191968,142.9760943,157.4405169,57,247.4405169,109.2519197
8055,28.1,29.8281545,49.8281545,69.8281545,89.8281545,55.19857386,156.7670652,45,246.7670652,109.8281545
8056,28.4,30.26033062,50.26033062,70.26033062,90.26033062,55.19857386,151.9817206,45,241.9817206,110.2603306
8057,28.3,30.54844803,50.54844803,70.54844803,90.54844803,55.19857386,146.6098548,49,236.6098548,110.548448
8058,28.6,93.94764193,113.9476419,133.9476419,153.9476419,55.19857386,142.50756,68,232.50756,173.9476419
8059,27.2,30.83656544,50.83656544,70.83656544,90.83656544,55.19857386,138.2969152,59,228.2969152,110.8365654
8060,26.4,30.40438932,50.40438932,70.40438932,90.40438932,81.27054168,136.6857068,67,226.6857068,110.4043893
8061,25.3,30.11627191,50.11627191,70.11627191,90.11627191,81.27054168,134.4254866,50,224.4254866,110.1162719
8062,24.2,30.40438932,50.40438932,70.40438932,90.40438932,55.19857386,131.5589736,34,221.5589736,110.4043893
8063,24.6,30.54844803,50.54844803,70.54844803,90.54844803,21.90472707,131.0972239,31,221.0972239,110.548448
8064,24.4,29.97221321,49.97221321,69.97221321,89.97221321,21.90472707,128.4439969,19,218.4439969,109.9722132
8065,24.3,30.26033062,50.26033062,70.26033062,90.26033062,21.90472707,126.5210721,17,216.5210721,110.2603306
8066,23.8,30.54844803,50.54844803,70.54844803,90.54844803,21.90472707,126.7227412,17,216.7227412,110.548448
8067,23.8,30.98062414,50.98062414,70.98062414,90.98062414,21.90472707,125.4939499,19,215.4939499,110.9806241
8068,22.3,31.26874155,51.26874155,71.26874155,91.26874155,34.80523813,126.483065,20,216.483065,111.2687416
8069,22.2,31.84497637,51.84497637,71.84497637,91.84497637,34.80523813,132.0740262,41,222.0740262,111.8449764
8070,22.8,32.5652699,52.5652699,72.5652699,92.5652699,133.8418866,143.9688638,111,233.9688638,112.5652699
8071,23.7,58.09781791,78.09781791,98.09781791,118.0978179,81.27054168,154.1856535,90,244.1856535,138.0978179
8072,24.8,33.28556342,53.28556342,73.28556342,93.28556342,142.9760943,156.3290278,48,246.3290278,113.2855634
8073,24.5,32.13309378,52.13309378,72.13309378,92.13309378,142.9760943,157.2747516,23,247.2747516,112.1330938
8074,25.3,31.26874155,51.26874155,71.26874155,91.26874155,142.9760943,159.3489088,22,249.3489088,111.2687416
8075,27.7,68.41509393,88.41509393,108.4150939,128.4150939,142.9760943,157.2837395,35,247.2837395,148.4150939
8076,27.5,30.11627191,50.11627191,70.11627191,90.11627191,221.6194071,153.8934223,27,243.8934223,110.1162719
8077,26.6,31.12468285,51.12468285,71.12468285,91.12468285,169.0480621,150.1796964,24,240.1796964,111.1246828
8078,26.6,32.99744601,52.99744601,72.99744601,92.99744601,142.9760943,148.8725878,21,238.8725878,112.997446
8079,26.3,34.43803306,54.43803306,74.43803306,94.43803306,55.19857386,147.6011357,28,237.6011357,114.4380331
8080,26,35.87862011,55.87862011,75.87862011,95.87862011,55.19857386,142.2289534,32,232.2289534,115.8786201
8081,26.1,36.88703105,56.88703105,76.88703105,96.88703105,55.19857386,138.0280679,41,228.0280679,116.887031
8082,25.9,101.1505772,121.1505772,141.1505772,161.1505772,55.19857386,135.1140984,57,225.1140984,181.1505772
8083,25.2,37.60732457,57.60732457,77.60732457,97.60732457,55.19857386,131.2056231,45,221.2056231,117.6073246
8084,25.1,35.446444,55.446444,75.446444,95.446444,81.27054168,128.9916807,58,218.9916807,115.446444
8085,24.5,34.29397436,54.29397436,74.29397436,94.29397436,81.27054168,127.0578099,74,217.0578099,114.2939744
8086,25,33.57368083,53.57368083,73.57368083,93.57368083,55.19857386,122.9352343,40,212.9352343,113.5736808
8087,24.5,33.14150472,53.14150472,73.14150472,93.14150472,21.90472707,119.3166823,27,209.3166823,113.1415047
8088,25.3,33.28556342,53.28556342,73.28556342,93.28556342,21.90472707,118.2916791,25,208.2916791,113.2855634
8089,26.6,35.73456141,55.73456141,75.73456141,95.73456141,21.90472707,118.0913185,19,208.0913185,115.7345614
8090,25.6,37.17514846,57.17514846,77.17514846,97.17514846,21.90472707,116.8690619,18,206.8690619,117.1751485
8091,25,38.03950069,58.03950069,78.03950069,98.03950069,21.90472707,115.3035898,18,205.3035898,118.0395007
8092,22.8,38.18355939,58.18355939,78.18355939,98.18355939,34.80523813,115.5563444,18,205.5563444,118.1835594
8093,24.2,38.4716768,58.4716768,78.4716768,98.4716768,34.80523813,117.4483348,36,207.4483348,118.4716768
8094,24.1,38.03950069,58.03950069,78.03950069,98.03950069,133.8418866,121.6318755,108,211.6318755,118.0395007
8095,24.1,62.13146164,82.13146164,102.1314616,122.1314616,81.27054168,125.0893261,96,215.0893261,142.1314616
8096,24.8,36.45485493,56.45485493,76.45485493,96.45485493,142.9760943,127.1926627,43,217.1926627,116.4548549
8097,25.8,35.87862011,55.87862011,75.87862011,95.87862011,142.9760943,128.9522423,31,218.9522423,115.8786201
8098,26.9,34.29397436,54.29397436,74.29397436,94.29397436,142.9760943,129.2514732,21,219.2514732,114.2939744
8099,26.8,70.5759745,90.5759745,110.5759745,130.5759745,142.9760943,129.966169,24,219.966169,150.5759745
8100,27.1,31.98903508,51.98903508,71.98903508,91.98903508,221.6194071,128.7391543,32,218.7391543,111.9890351
8101,27,32.42121119,52.42121119,72.42121119,92.42121119,169.0480621,127.6188251,22,217.6188251,112.4212112
8102,26.9,33.71773954,53.71773954,73.71773954,93.71773954,142.9760943,127.8656264,35,217.8656264,113.7177395
8103,26.4,34.58209177,54.58209177,74.58209177,94.58209177,55.19857386,128.9338997,41,218.9338997,114.5820918
8104,27.1,33.57368083,53.57368083,73.57368083,93.57368083,55.19857386,128.7891019,39,218.7891019,113.5736808
8105,26.3,32.42121119,52.42121119,72.42121119,92.42121119,55.19857386,129.7968999,41,219.7968999,112.4212112
8106,26.6,95.10011157,115.1001116,135.1001116,155.1001116,55.19857386,126.7298782,71,216.7298782,175.1001116
8107,26.6,32.99744601,52.99744601,72.99744601,92.99744601,55.19857386,127.5399362,74,217.5399362,112.997446
8108,26.3,31.84497637,51.84497637,71.84497637,91.84497637,81.27054168,125.7010523,68,215.7010523,111.8449764
8109,27.1,31.12468285,51.12468285,71.12468285,91.12468285,81.27054168,122.9473618,63,212.9473618,111.1246828
8110,27.7,30.40438932,50.40438932,70.40438932,90.40438932,55.19857386,121.4558106,50,211.4558106,110.4043893
8111,25.9,30.54844803,50.54844803,70.54844803,90.54844803,21.90472707,119.9302974,35,209.9302974,110.548448
8112,25.8,29.97221321,49.97221321,69.97221321,89.97221321,21.90472707,119.2090631,29,209.2090631,109.9722132
8113,25.1,30.69250673,50.69250673,70.69250673,90.69250673,21.90472707,119.714316,31,209.714316,110.6925067
8114,25.3,30.98062414,50.98062414,70.98062414,90.98062414,21.90472707,120.1603611,33,210.1603611,110.9806241
8115,25.7,30.98062414,50.98062414,70.98062414,90.98062414,21.90472707,120.1537476,34,210.1537476,110.9806241
8116,25.5,30.98062414,50.98062414,70.98062414,90.98062414,34.80523813,120.1415417,39,210.1415417,110.9806241
8117,25.9,30.98062414,50.98062414,70.98062414,90.98062414,34.80523813,122.8229384,62,212.8229384,110.9806241
8118,26.5,30.69250673,50.69250673,70.69250673,90.69250673,133.8418866,124.3440796,115,214.3440796,110.6925067
8119,26.7,55.79287863,75.79287863,95.79287863,115.7928786,81.27054168,126.7993568,114,216.7993568,135.7928786
8120,28.9,30.40438932,50.40438932,70.40438932,90.40438932,142.9760943,130.8397771,58,220.8397771,110.4043893
8121,30.1,30.98062414,50.98062414,70.98062414,90.98062414,142.9760943,132.5145265,53,222.5145265,110.9806241
8122,29.6,31.12468285,51.12468285,71.12468285,91.12468285,142.9760943,134.5102699,47,224.5102699,111.1246828
8123,30.4,68.70321134,88.70321134,108.7032113,128.7032113,142.9760943,132.2776389,46,222.2776389,148.7032113
8124,29.8,30.54844803,50.54844803,70.54844803,90.54844803,221.6194071,132.5261067,47,222.5261067,110.548448
8125,28.3,30.83656544,50.83656544,70.83656544,90.83656544,169.0480621,132.2238727,44,222.2238727,110.8365654
8126,28.6,31.70091767,51.70091767,71.70091767,91.70091767,142.9760943,130.3066028,41,220.3066028,111.7009177
8127,29,32.5652699,52.5652699,72.5652699,92.5652699,55.19857386,133.3615995,46,223.3615995,112.5652699
8128,29.8,33.14150472,53.14150472,73.14150472,93.14150472,55.19857386,133.9504424,60,223.9504424,113.1415047
8129,30.5,33.86179824,53.86179824,73.86179824,93.86179824,55.19857386,132.1203711,97,222.1203711,113.8617982
8130,29.2,97.98128567,117.9812857,137.9812857,157.9812857,55.19857386,131.2006591,78,221.2006591,177.9812857
8131,27.4,34.87020918,54.87020918,74.87020918,94.87020918,55.19857386,131.2889785,89,221.2889785,114.8702092
8132,27.2,35.30238529,55.30238529,75.30238529,95.30238529,81.27054168,129.385576,87,219.385576,115.3023853
8133,26.8,37.17514846,57.17514846,77.17514846,97.17514846,81.27054168,128.0092785,84,218.0092785,117.1751485
8134,27,39.33602903,59.33602903,79.33602903,99.33602903,55.19857386,125.1278321,71,215.1278321,119.336029
8135,27.4,40.92067479,60.92067479,80.92067479,100.9206748,21.90472707,124.731411,67,214.731411,120.9206748
8136,29.3,42.07314443,62.07314443,82.07314443,102.0731444,21.90472707,124.7057776,52,214.7057776,122.0731444
8137,29.7,43.22561406,63.22561406,83.22561406,103.2256141,21.90472707,125.6402306,49,215.6402306,123.2256141
8138,28.6,43.80184888,63.80184888,83.80184888,103.8018489,21.90472707,122.8739781,47,212.8739781,123.8018489
8139,27.9,43.80184888,63.80184888,83.80184888,103.8018489,21.90472707,123.0881713,44,213.0881713,123.8018489
8140,27.8,44.81025982,64.81025982,84.81025982,104.8102598,34.80523813,125.0351789,47,215.0351789,124.8102598
8141,29,45.67461205,65.67461205,85.67461205,105.674612,34.80523813,130.7244209,50,220.7244209,125.674612
8142,30.1,46.39490557,66.39490557,86.39490557,106.3949056,133.8418866,141.059363,109,231.059363,126.3949056
8143,32.3,72.07151229,92.07151229,112.0715123,132.0715123,81.27054168,151.2749415,103,241.2749415,152.0715123
8144,33.4,46.82708169,66.82708169,86.82708169,106.8270817,142.9760943,154.77761,67,244.77761,126.8270817
8145,34.1,45.38649464,65.38649464,85.38649464,105.3864946,142.9760943,156.5610384,43,246.5610384,125.3864946
8146,33.6,42.93749666,62.93749666,82.93749666,102.9374967,142.9760943,151.1359956,40,241.1359956,122.9374967
8147,33.7,78.78732068,98.78732068,118.7873207,138.7873207,142.9760943,156.0679633,50,246.0679633,158.7873207
8148,33.1,39.62414644,59.62414644,79.62414644,99.62414644,221.6194071,157.8158895,50,247.8158895,119.6241464
8149,32.1,40.34443997,60.34443997,80.34443997,100.34444,169.0480621,156.4038654,33,246.4038654,120.34444
8150,32.1,41.92908572,61.92908572,81.92908572,101.9290857,142.9760943,157.9545665,52,247.9545665,121.9290857
8151,33.1,42.64937925,62.64937925,82.64937925,102.6493792,55.19857386,156.1552342,44,246.1552342,122.6493792
8152,33.7,43.94590759,63.94590759,83.94590759,103.9459076,55.19857386,150.3339295,56,240.3339295,123.9459076
8153,34.2,44.234025,64.234025,84.234025,104.234025,55.19857386,146.7140513,73,236.7140513,124.234025
8154,33.9,108.6416298,128.6416298,148.6416298,168.6416298,55.19857386,143.0331122,72,233.0331122,188.6416298
8155,33.4,46.25084687,66.25084687,86.25084687,106.2508469,55.19857386,141.7842162,74,231.7842162,126.2508469
8156,32.4,46.82708169,66.82708169,86.82708169,106.8270817,81.27054168,138.2400211,58,228.2400211,126.8270817
8157,32.1,47.1151991,67.1151991,87.1151991,107.1151991,81.27054168,136.5670139,57,226.5670139,127.1151991
8158,31.1,47.54737521,67.54737521,87.54737521,107.5473752,55.19857386,134.6553993,56,224.6553993,127.5473752
8159,30,47.83549262,67.83549262,87.83549262,107.8354926,21.90472707,132.1642823,38,222.1642823,127.8354926
8160,29.8,48.41172744,68.41172744,88.41172744,108.4117274,21.90472707,129.9021761,30,219.9021761,128.4117274
8161,30.5,48.41172744,68.41172744,88.41172744,108.4117274,21.90472707,128.1499499,25,218.1499499,128.4117274
8162,29.8,48.55578615,68.55578615,88.55578615,108.5557861,21.90472707,129.2253349,25,219.2253349,128.5557861
8163,29.7,48.84390356,68.84390356,88.84390356,108.8439036,21.90472707,128.8264108,26,218.8264108,128.8439036
8164,30.6,48.84390356,68.84390356,88.84390356,108.8439036,34.80523813,130.692458,30,220.692458,128.8439036
8165,32,48.98796226,68.98796226,88.98796226,108.9879623,34.80523813,136.3236607,41,226.3236607,128.9879623
8166,32.2,48.84390356,68.84390356,88.84390356,108.8439036,113.4485509,146.0726657,93,236.0726657,128.8439036
8167,33.7,74.08833416,94.08833416,114.0883342,134.0883342,60.87720596,155.3973884,103,245.3973884,154.0883342
8168,36.3,48.55578615,68.55578615,88.55578615,108.5557861,34.80523813,160.863747,55,250.863747,128.5557861
8169,36.8,46.68302298,66.68302298,86.68302298,106.683023,34.80523813,158.5641674,40,248.5641674,126.683023
8170,36.8,43.94590759,63.94590759,83.94590759,103.9459076,34.80523813,156.3758562,36,246.3758562,123.9459076
8171,36.4,79.50761421,99.50761421,119.5076142,139.5076142,34.80523813,161.5461607,34,251.5461607,159.5076142
8172,35.3,40.48849867,60.48849867,80.48849867,100.4884987,113.4485509,158.2363662,34,248.2363662,120.4884987
8173,34.8,40.63255738,60.63255738,80.63255738,100.6325574,60.87720596,157.949275,28,247.949275,120.6325574
8174,35.5,42.07314443,62.07314443,82.07314443,102.0731444,34.80523813,156.0713684,48,246.0713684,122.0731444
8175,35.4,43.65779018,63.65779018,83.65779018,103.6577902,34.80523813,153.5904672,48,243.5904672,123.6577902
8176,37,44.52214241,64.52214241,84.52214241,104.5221424,34.80523813,153.6319084,45,243.6319084,124.5221424
8177,37.1,45.38649464,65.38649464,85.38649464,105.3864946,34.80523813,147.5761652,42,237.5761652,125.3864946
8178,36.5,108.9297472,128.9297472,148.9297472,168.9297472,34.80523813,143.8914424,56,233.8914424,188.9297472
8179,35.9,44.81025982,64.81025982,84.81025982,104.8102598,34.80523813,142.1093177,56,232.1093177,124.8102598
8180,37.5,44.08996629,64.08996629,84.08996629,104.0899663,60.87720596,139.1309716,32,229.1309716,124.0899663
8181,36.7,44.52214241,64.52214241,84.52214241,104.5221424,60.87720596,136.7736766,51,226.7736766,124.5221424
8182,34.9,44.81025982,64.81025982,84.81025982,104.8102598,34.80523813,133.2188522,47,223.2188522,124.8102598
8183,34.9,45.53055334,65.53055334,85.53055334,105.5305533,21.90472707,131.5051243,39,221.5051243,125.5305533
8184,34.9,45.96272946,65.96272946,85.96272946,105.9627295,21.90472707,129.1397417,32,219.1397417,125.9627295
8185,35.9,44.81025982,64.81025982,84.81025982,104.8102598,21.90472707,127.1765709,27,217.1765709,124.8102598
8186,36.2,43.08155536,63.08155536,83.08155536,103.0815554,21.90472707,126.5310204,20,216.5310204,123.0815554
8187,36.2,41.06473349,61.06473349,81.06473349,101.0647335,21.90472707,127.0479589,17,217.0479589,121.0647335
8188,35.7,38.3276181,58.3276181,78.3276181,98.3276181,21.90472707,127.802108,15,217.802108,118.3276181
8189,36,36.59891364,56.59891364,76.59891364,96.59891364,21.90472707,132.3231897,14,222.3231897,116.5989136
8190,36,35.30238529,55.30238529,75.30238529,95.30238529,100.5480399,142.1099967,20,232.1099967,115.3023853
8191,37.2,59.10622884,79.10622884,99.10622884,119.1062288,47.97669489,151.2283659,23,241.2283659,139.1062288
8192,39.8,31.84497637,51.84497637,71.84497637,91.84497637,21.90472707,154.9426949,29,244.9426949,111.8449764
8193,40.5,30.26033062,50.26033062,70.26033062,90.26033062,21.90472707,156.6116175,50,246.6116175,110.2603306
8194,42.4,28.96380228,48.96380228,68.96380228,88.96380228,21.90472707,157.7036789,71,247.7036789,108.9638023
8195,41.8,65.24580242,85.24580242,105.2458024,125.2458024,21.90472707,160.4400031,63,250.4400031,145.2458024
8196,38.8,26.37074559,46.37074559,66.37074559,86.37074559,100.5480399,159.9535731,62,249.9535731,106.3707456
8197,37.3,25.79451077,45.79451077,65.79451077,85.79451077,47.97669489,158.8334908,67,248.8334908,105.7945108
8198,38.9,25.65045206,45.65045206,65.65045206,85.65045206,21.90472707,158.9806684,43,248.9806684,105.6504521
8199,39.1,26.08262818,46.08262818,66.08262818,86.08262818,21.90472707,160.3731211,55,250.3731211,106.0826282
8200,40.2,26.8029217,46.8029217,66.8029217,86.8029217,21.90472707,154.1028574,38,244.1028574,106.8029217
8201,42.5,26.51480429,46.51480429,66.51480429,86.51480429,21.90472707,150.363605,43,240.363605,106.5148043
8202,42.6,89.48182208,109.4818221,129.4818221,149.4818221,21.90472707,146.8880429,47,236.8880429,169.4818221
8203,41.2,26.51480429,46.51480429,66.51480429,86.51480429,21.90472707,143.3143307,47,233.3143307,106.5148043
8204,40.1,27.23509782,47.23509782,67.23509782,87.23509782,47.97669489,130.857418,41,220.857418,107.2350978
8205,39.3,28.53162616,48.53162616,68.53162616,88.53162616,47.97669489,136.2929506,26,226.2929506,108.5316262
8206,38.9,28.53162616,48.53162616,68.53162616,88.53162616,21.90472707,136.2930698,33,226.2930698,108.5316262
8207,37,28.09945005,48.09945005,68.09945005,88.09945005,21.90472707,130.031412,33,220.031412,108.09945
8208,36.2,27.81133264,47.81133264,67.81133264,87.81133264,21.90472707,129.2759309,21,219.2759309,107.8113326
8209,37.3,27.81133264,47.81133264,67.81133264,87.81133264,21.90472707,127.6820028,18,217.6820028,107.8113326
8210,36.1,28.67568487,48.67568487,68.67568487,88.67568487,21.90472707,124.8627777,15,214.8627777,108.6756849
8211,34.9,28.96380228,48.96380228,68.96380228,88.96380228,21.90472707,125.2533143,14,215.2533143,108.9638023
8212,35.9,30.26033062,50.26033062,70.26033062,90.26033062,34.80523813,125.4828153,15,215.4828153,110.2603306
8213,35.2,28.96380228,48.96380228,68.96380228,88.96380228,34.80523813,129.9939362,15,219.9939362,108.9638023
8214,35.8,27.81133264,47.81133264,67.81133264,87.81133264,133.8418866,139.6267938,17,229.6267938,107.8113326
8215,37.5,51.03894136,71.03894136,91.03894136,111.0389414,81.27054168,152.6125518,19,242.6125518,131.0389414
8216,38.2,24.78609983,44.78609983,64.78609983,84.78609983,142.9760943,158.5076547,31,248.5076547,104.7860998
8217,36.6,24.35392372,44.35392372,64.35392372,84.35392372,142.9760943,157.6643069,61,247.6643069,104.3539237
8218,37.7,23.9217476,43.9217476,63.9217476,83.9217476,142.9760943,155.8454427,66,245.8454427,103.9217476
8219,37.5,61.21215868,81.21215868,101.2121587,121.2121587,142.9760943,156.7738851,92,246.7738851,141.2121587
8220,37.4,23.48957149,43.48957149,63.48957149,83.48957149,221.6194071,155.3309478,57,245.3309478,103.4895715
8221,36.8,23.34551278,43.34551278,63.34551278,83.34551278,169.0480621,153.5058283,60,243.5058283,103.3455128
8222,36.4,23.63363019,43.63363019,63.63363019,83.63363019,142.9760943,153.9529974,40,243.9529974,103.6336302
8223,35.4,23.48957149,43.48957149,63.48957149,83.48957149,55.19857386,155.9573708,54,245.9573708,103.4895715
8224,35.8,23.48957149,43.48957149,63.48957149,83.48957149,55.19857386,150.1538215,58,240.1538215,103.4895715
8225,35.4,23.20145408,43.20145408,63.20145408,83.20145408,55.19857386,144.412439,62,234.412439,103.2014541
8226,33.8,85.88035446,105.8803545,125.8803545,145.8803545,55.19857386,141.7429156,61,231.7429156,165.8803545
8227,34.4,23.05739537,43.05739537,63.05739537,83.05739537,55.19857386,140.1214197,71,230.1214197,103.0573954
8228,33.9,22.48116055,42.48116055,62.48116055,82.48116055,81.27054168,138.1849069,60,228.1849069,102.4811606
8229,32.2,22.62521926,42.62521926,62.62521926,82.62521926,81.27054168,136.564969,56,226.564969,102.6252193
8230,30.6,22.76927796,42.76927796,62.76927796,82.76927796,55.19857386,136.8615897,36,226.8615897,102.769278
8231,29.6,22.48116055,42.48116055,62.48116055,82.48116055,21.90472707,134.8249161,34,224.8249161,102.4811606
8232,29.4,22.33710185,42.33710185,62.33710185,82.33710185,21.90472707,131.4519245,34,221.4519245,102.3371018
8233,28.2,22.04898444,42.04898444,62.04898444,82.04898444,21.90472707,128.5553997,25,218.5553997,102.0489844
8234,28.1,21.90492573,41.90492573,61.90492573,81.90492573,21.90472707,127.6305972,28,217.6305972,101.9049257
8235,27.9,21.90492573,41.90492573,61.90492573,81.90492573,21.90472707,127.7946426,30,217.7946426,101.9049257
8236,28.3,21.61680832,41.61680832,61.61680832,81.61680832,34.80523813,127.3406811,30,217.3406811,101.6168083
8237,29.4,21.61680832,41.61680832,61.61680832,81.61680832,34.80523813,128.585878,44,218.585878,101.6168083
8238,30.1,21.32869091,41.32869091,61.32869091,81.32869091,133.8418866,140.9702747,123,230.9702747,101.3286909
8239,31.6,46.57312151,66.57312151,86.57312151,106.5731215,81.27054168,146.5228311,97,236.5228311,126.5731215
8240,32,21.18463221,41.18463221,61.18463221,81.18463221,142.9760943,149.7821646,54,239.7821646,101.1846322
8241,35.2,21.0405735,41.0405735,61.0405735,81.0405735,142.9760943,149.3107356,53,239.3107356,101.0405735
8242,36,21.0405735,41.0405735,61.0405735,81.0405735,142.9760943,146.3408586,50,236.3408586,101.0405735
8243,35.2,58.76316069,78.76316069,98.76316069,118.7631607,142.9760943,145.5427722,56,235.5427722,138.7631607
8244,33.5,20.75245609,40.75245609,60.75245609,80.75245609,221.6194071,143.2313297,52,233.2313297,100.7524561
8245,32.7,20.60839739,40.60839739,60.60839739,80.60839739,169.0480621,144.5160563,59,234.5160563,100.6083974
8246,33.5,20.32027998,40.32027998,60.32027998,80.32027998,142.9760943,145.4252223,53,235.4252223,100.32028
8247,33.4,19.88810386,39.88810386,59.88810386,79.88810386,55.19857386,138.6294594,49,228.6294594,99.88810386
8248,33.5,19.74404516,39.74404516,59.74404516,79.74404516,55.19857386,130.5349713,57,220.5349713,99.74404516
8249,33.4,19.45592775,39.45592775,59.45592775,79.45592775,55.19857386,129.1228821,73,219.1228821,99.45592775
8250,33.1,82.56700424,102.5670042,122.5670042,142.5670042,55.19857386,126.3334983,68,216.3334983,162.5670042
8251,32.8,19.74404516,39.74404516,59.74404516,79.74404516,55.19857386,123.9494797,70,213.9494797,99.74404516
8252,32.8,20.03216257,40.03216257,60.03216257,80.03216257,81.27054168,121.4282968,63,211.4282968,100.0321626
8253,31.8,20.32027998,40.32027998,60.32027998,80.32027998,81.27054168,120.0216149,72,210.0216149,100.32028
8254,31.5,20.46433868,40.46433868,60.46433868,80.46433868,55.19857386,115.7781693,57,205.7781693,100.4643387
8255,31.3,20.60839739,40.60839739,60.60839739,80.60839739,21.90472707,115.5973087,33,205.5973087,100.6083974
8256,30.4,20.46433868,40.46433868,60.46433868,80.46433868,21.90472707,117.1020433,24,207.1020433,100.4643387
8257,30.7,20.60839739,40.60839739,60.60839739,80.60839739,21.90472707,117.0655568,22,207.0655568,100.6083974
8258,30.4,21.0405735,41.0405735,61.0405735,81.0405735,21.90472707,116.2966834,22,206.2966834,101.0405735
8259,30.5,21.76086703,41.76086703,61.76086703,81.76086703,21.90472707,116.1604174,25,206.1604174,101.760867
8260,31.3,21.90492573,41.90492573,61.90492573,81.90492573,34.80523813,117.6612989,26,207.6612989,101.9049257
8261,31.9,21.90492573,41.90492573,61.90492573,81.90492573,34.80523813,118.4373947,41,208.4373947,101.9049257
8262,32.5,22.04898444,42.04898444,62.04898444,82.04898444,133.8418866,121.8946132,107,211.8946132,102.0489844
8263,32.4,47.29341503,67.29341503,87.29341503,107.293415,81.27054168,121.3690267,75,211.3690267,127.293415
8264,32.6,21.90492573,41.90492573,61.90492573,81.90492573,142.9760943,123.9726715,41,213.9726715,101.9049257
8265,33.7,21.90492573,41.90492573,61.90492573,81.90492573,142.9760943,126.9979288,35,216.9979288,101.9049257
8266,35.2,21.47274962,41.47274962,61.47274962,81.47274962,142.9760943,129.0432451,26,219.0432451,101.4727496
8267,35.7,58.61910199,78.61910199,98.61910199,118.619102,142.9760943,128.3778582,31,218.3778582,138.619102
8268,36.2,20.60839739,40.60839739,60.60839739,80.60839739,221.6194071,127.6636213,26,217.6636213,100.6083974
8269,35.1,20.60839739,40.60839739,60.60839739,80.60839739,169.0480621,127.2221178,32,217.2221178,100.6083974
8270,34.7,20.75245609,40.75245609,60.75245609,80.75245609,142.9760943,127.5804811,34,217.5804811,100.7524561
8271,35.6,20.75245609,40.75245609,60.75245609,80.75245609,55.19857386,126.8125775,41,216.8125775,100.7524561
8272,35.3,20.8965148,40.8965148,60.8965148,80.8965148,55.19857386,125.0162015,31,215.0162015,100.8965148
8273,36.9,20.8965148,40.8965148,60.8965148,80.8965148,55.19857386,124.4202047,41,214.4202047,100.8965148
8274,36.4,83.71947388,103.7194739,123.7194739,143.7194739,55.19857386,122.2800185,58,212.2800185,163.7194739
8275,35.6,20.60839739,40.60839739,60.60839739,80.60839739,55.19857386,119.8977282,52,209.8977282,100.6083974
8276,35.1,21.47274962,41.47274962,61.47274962,81.47274962,81.27054168,119.7997172,53,209.7997172,101.4727496
8277,34.3,22.48116055,42.48116055,62.48116055,82.48116055,81.27054168,116.930398,68,206.930398,102.4811606
8278,34.9,23.20145408,43.20145408,63.20145408,83.20145408,55.19857386,116.4053165,40,206.4053165,103.2014541
8279,34,23.9217476,43.9217476,63.9217476,83.9217476,21.90472707,115.4216009,32,205.4216009,103.9217476
8280,33.2,24.20986501,44.20986501,64.20986501,84.20986501,21.90472707,117.0795758,33,207.0795758,104.209865
8281,32.8,24.20986501,44.20986501,64.20986501,84.20986501,21.90472707,114.3973297,27,204.3973297,104.209865
8282,32.6,24.06580631,44.06580631,64.06580631,84.06580631,21.90472707,113.4863778,28,203.4863778,104.0658063
8283,31.9,23.9217476,43.9217476,63.9217476,83.9217476,21.90472707,114.7515813,29,204.7515813,103.9217476
8284,32.2,24.06580631,44.06580631,64.06580631,84.06580631,34.80523813,113.6914904,32,203.6914904,104.0658063
8285,33.2,24.06580631,44.06580631,64.06580631,84.06580631,34.80523813,115.9786256,53,205.9786256,104.0658063
8286,33.4,24.49798242,44.49798242,64.49798242,84.49798242,133.8418866,117.38751,102,207.38751,104.4979824
8287,34.2,50.03053043,70.03053043,90.03053043,110.0305304,81.27054168,120.153725,98,210.153725,130.0305304
8288,38.4,25.36233465,45.36233465,65.36233465,85.36233465,142.9760943,123.7952614,53,213.7952614,105.3623347
8289,38.2,24.64204113,44.64204113,64.64204113,84.64204113,142.9760943,124.7140689,48,214.7140689,104.6420411
8290,38.9,23.63363019,43.63363019,63.63363019,83.63363019,142.9760943,126.3528065,44,216.3528065,103.6336302
8291,39.2,60.92404127,80.92404127,100.9240413,120.9240413,142.9760943,125.7797216,44,215.7797216,140.9240413
8292,38.1,22.62521926,42.62521926,62.62521926,82.62521926,221.6194071,128.149637,50,218.149637,102.6252193
8293,38.6,22.48116055,42.48116055,62.48116055,82.48116055,169.0480621,129.1855259,39,219.1855259,102.4811606
8294,38.7,22.33710185,42.33710185,62.33710185,82.33710185,142.9760943,130.5043263,44,220.5043263,102.3371018
8295,39.6,22.48116055,42.48116055,62.48116055,82.48116055,55.19857386,131.9096619,43,221.9096619,102.4811606
8296,39.5,22.48116055,42.48116055,62.48116055,82.48116055,55.19857386,131.1216487,42,221.1216487,102.4811606
8297,38.2,22.33710185,42.33710185,62.33710185,82.33710185,55.19857386,130.2213617,68,220.2213617,102.3371018
8298,37.3,85.59223705,105.592237,125.592237,145.592237,55.19857386,128.9934387,68,218.9934387,165.592237
8299,36,22.33710185,42.33710185,62.33710185,82.33710185,55.19857386,126.1081527,73,216.1081527,102.3371018
8300,36.4,22.76927796,42.76927796,62.76927796,82.76927796,81.27054168,125.4660705,73,215.4660705,102.769278
8301,38.8,23.20145408,43.20145408,63.20145408,83.20145408,81.27054168,119.8275392,84,209.8275392,103.2014541
8302,38.1,23.34551278,43.34551278,63.34551278,83.34551278,55.19857386,119.8853033,62,209.8853033,103.3455128
8303,35.4,23.34551278,43.34551278,63.34551278,83.34551278,21.90472707,117.1901421,44,207.1901421,103.3455128
8304,35.9,23.63363019,43.63363019,63.63363019,83.63363019,21.90472707,115.2687373,43,205.2687373,103.6336302
8305,35.8,24.06580631,44.06580631,64.06580631,84.06580631,21.90472707,114.6405206,36,204.6405206,104.0658063
8306,35.3,24.20986501,44.20986501,64.20986501,84.20986501,21.90472707,114.2761745,35,204.2761745,104.209865
8307,35.1,24.06580631,44.06580631,64.06580631,84.06580631,21.90472707,117.1350611,37,207.1350611,104.0658063
8308,36,23.9217476,43.9217476,63.9217476,83.9217476,34.80523813,121.2303353,40,211.2303353,103.9217476
8309,35.5,23.7776889,43.7776889,63.7776889,83.7776889,34.80523813,127.0556939,55,217.0556939,103.7776889
8310,37.6,23.63363019,43.63363019,63.63363019,83.63363019,133.8418866,139.9084539,120,229.9084539,103.6336302
8311,40,48.87806079,68.87806079,88.87806079,108.8780608,81.27054168,148.0975971,81,238.0975971,128.8780608
8312,42,23.34551278,43.34551278,63.34551278,83.34551278,142.9760943,147.454797,61,237.454797,103.3455128
8313,43.2,22.91333667,42.91333667,62.91333667,82.91333667,142.9760943,147.5928152,54,237.5928152,102.9133367
8314,43.3,22.48116055,42.48116055,62.48116055,82.48116055,142.9760943,151.4684337,45,241.4684337,102.4811606
8315,41.9,59.91563033,79.91563033,99.91563033,119.9156303,142.9760943,148.5017571,40,238.5017571,139.9156303
8316,41.4,21.90492573,41.90492573,61.90492573,81.90492573,221.6194071,150.4846675,45,240.4846675,101.9049257
8317,41,21.76086703,41.76086703,61.76086703,81.76086703,169.0480621,152.9911923,57,242.9911923,101.760867
8318,42.1,21.61680832,41.61680832,61.61680832,81.61680832,142.9760943,154.0248726,50,244.0248726,101.6168083
8319,42.7,21.47274962,41.47274962,61.47274962,81.47274962,55.19857386,154.6593688,60,244.6593688,101.4727496
8320,43,21.0405735,41.0405735,61.0405735,81.0405735,55.19857386,149.3970409,61,239.3970409,101.0405735
8321,43.7,20.75245609,40.75245609,60.75245609,80.75245609,55.19857386,142.2563733,56,232.2563733,100.7524561
8322,44.2,83.57541518,103.5754152,123.5754152,143.5754152,55.19857386,140.5508531,82,230.5508531,163.5754152
8323,43.7,20.46433868,40.46433868,60.46433868,80.46433868,55.19857386,133.8989233,106,223.8989233,100.4643387
8324,43.5,20.46433868,40.46433868,60.46433868,80.46433868,81.27054168,130.8131187,86,220.8131187,100.4643387
8325,42.5,20.46433868,40.46433868,60.46433868,80.46433868,81.27054168,127.662352,75,217.662352,100.4643387
8326,42.3,20.32027998,40.32027998,60.32027998,80.32027998,55.19857386,124.3212141,66,214.3212141,100.32028
8327,41.7,20.17622127,40.17622127,60.17622127,80.17622127,21.90472707,122.4759729,60,212.4759729,100.1762213
8328,41.2,20.03216257,40.03216257,60.03216257,80.03216257,21.90472707,119.6139296,44,209.6139296,100.0321626
8329,42.6,19.74404516,39.74404516,59.74404516,79.74404516,21.90472707,118.1036444,44,208.1036444,99.74404516
8330,42,19.45592775,39.45592775,59.45592775,79.45592775,21.90472707,117.7058213,44,207.7058213,99.45592775
8331,38.6,19.31186904,39.31186904,59.31186904,79.31186904,21.90472707,118.1663811,43,208.1663811,99.31186904
8332,37.6,19.02375163,39.02375163,59.02375163,79.02375163,34.80523813,120.6326076,45,210.6326076,99.02375163
8333,37.8,18.73563422,38.73563422,58.73563422,78.73563422,34.80523813,124.8132341,64,214.8132341,98.73563422
8334,37.1,18.59157552,38.59157552,58.59157552,78.59157552,113.4485509,134.5201788,117,224.5201788,98.59157552
8335,35.2,43.69194741,63.69194741,83.69194741,103.6919474,60.87720596,143.5711718,100,233.5711718,123.6919474
8336,38.2,18.59157552,38.59157552,58.59157552,78.59157552,34.80523813,147.4204607,72,237.4204607,98.59157552
8337,37.1,18.59157552,38.59157552,58.59157552,78.59157552,34.80523813,149.7029623,59,239.7029623,98.59157552
8338,36.1,18.73563422,38.73563422,58.73563422,78.73563422,34.80523813,150.3684109,60,240.3684109,98.73563422
8339,34.8,56.60228012,76.60228012,96.60228012,116.6022801,34.80523813,148.9984849,50,238.9984849,136.6022801
8340,34.5,19.02375163,39.02375163,59.02375163,79.02375163,113.4485509,147.9410578,64,237.9410578,99.02375163
8341,34.9,19.31186904,39.31186904,59.31186904,79.31186904,60.87720596,148.4527481,55,238.4527481,99.31186904
8342,36,19.59998645,39.59998645,59.59998645,79.59998645,34.80523813,150.1210378,57,240.1210378,99.59998645
8343,34.9,20.17622127,40.17622127,60.17622127,80.17622127,34.80523813,150.1531412,76,240.1531412,100.1762213
8344,35.4,20.60839739,40.60839739,60.60839739,80.60839739,34.80523813,145.6658584,85,235.6658584,100.6083974
8345,37.7,21.0405735,41.0405735,61.0405735,81.0405735,34.80523813,141.7770262,86,231.7770262,101.0405735
8346,37.8,84.43976741,104.4397674,124.4397674,144.4397674,34.80523813,137.0942741,83,227.0942741,164.4397674
8347,36.4,21.32869091,41.32869091,61.32869091,81.32869091,34.80523813,134.5333302,84,224.5333302,101.3286909
8348,35.3,21.18463221,41.18463221,61.18463221,81.18463221,60.87720596,131.4207222,70,221.4207222,101.1846322
8349,35,20.32027998,40.32027998,60.32027998,80.32027998,60.87720596,129.5044884,76,219.5044884,100.32028
8350,35.6,19.74404516,39.74404516,59.74404516,79.74404516,34.80523813,126.0719786,72,216.0719786,99.74404516
8351,36.7,18.87969293,38.87969293,58.87969293,78.87969293,21.90472707,123.8910096,58,213.8910096,98.87969293
8352,38.3,18.0153407,38.0153407,58.0153407,78.0153407,21.90472707,121.6117659,55,211.6117659,98.0153407
8353,35.2,17.58316458,37.58316458,57.58316458,77.58316458,21.90472707,120.7034361,52,210.7034361,97.58316458
8354,34.8,17.15098847,37.15098847,57.15098847,77.15098847,21.90472707,118.7646359,52,208.7646359,97.15098847
8355,35,16.86287106,36.86287106,56.86287106,76.86287106,21.90472707,121.3497895,52,211.3497895,96.86287106
8356,35.1,16.57475365,36.57475365,56.57475365,76.57475365,21.90472707,118.7320392,53,208.7320392,96.57475365
8357,34,16.28663624,36.28663624,56.28663624,76.28663624,21.90472707,123.2170552,52,213.2170552,96.28663624
8358,35.9,16.14257753,36.14257753,56.14257753,76.14257753,100.5480399,137.7984401,55,227.7984401,96.14257753
8359,37,40.66671461,60.66671461,80.66671461,100.6667146,47.97669489,143.0934505,58,233.0934505,120.6667146
8360,39.6,14.70199049,34.70199049,54.70199049,74.70199049,21.90472707,147.3872943,75,237.3872943,94.70199049
8361,38.9,13.98169696,33.98169696,53.98169696,73.98169696,21.90472707,146.5083109,96,236.5083109,93.98169696
8362,39.5,13.40546214,33.40546214,53.40546214,73.40546214,21.90472707,142.2075337,98,232.2075337,93.40546214
8363,40.6,51.12804933,71.12804933,91.12804933,111.1280493,21.90472707,150.1532799,117,240.1532799,131.1280493
8364,38.2,13.11734473,33.11734473,53.11734473,73.11734473,100.5480399,151.517529,122,241.517529,93.11734473
8365,38,13.11734473,33.11734473,53.11734473,73.11734473,47.97669489,151.8967977,80,241.8967977,93.11734473
8366,39.2,12.97328603,32.97328603,52.97328603,72.97328603,21.90472707,152.9150547,80,242.9150547,92.97328603
8367,39.9,13.11734473,33.11734473,53.11734473,73.11734473,21.90472707,155.6435879,71,245.6435879,93.11734473
8368,40.7,13.83763826,33.83763826,53.83763826,73.83763826,21.90472707,150.8992139,97,240.8992139,93.83763826
8369,40.8,14.41387308,34.41387308,54.41387308,74.41387308,21.90472707,146.8454653,90,236.8454653,94.41387308
8370,40.5,77.95712568,97.95712568,117.9571257,137.9571257,21.90472707,143.2821239,76,233.2821239,157.9571257
8371,38.9,14.70199049,34.70199049,54.70199049,74.70199049,21.90472707,141.5814096,91,231.5814096,94.70199049
8372,40,14.12575567,34.12575567,54.12575567,74.12575567,47.97669489,138.0722709,78,228.0722709,94.12575567
8373,40.6,13.54952085,33.54952085,53.54952085,73.54952085,47.97669489,134.1463823,55,224.1463823,93.54952085
8374,40.1,13.11734473,33.11734473,53.11734473,73.11734473,21.90472707,130.9765038,59,220.9765038,93.11734473
8375,40.8,13.40546214,33.40546214,53.40546214,73.40546214,21.90472707,128.9877407,52,218.9877407,93.40546214
8376,40.4,13.83763826,33.83763826,53.83763826,73.83763826,21.90472707,126.2377571,46,216.2377571,93.83763826
8377,39.9,14.70199049,34.70199049,54.70199049,74.70199049,21.90472707,125.2274584,44,215.2274584,94.70199049
8378,39.6,15.99851883,35.99851883,55.99851883,75.99851883,21.90472707,124.0584413,40,214.0584413,95.99851883
8379,42.2,16.57475365,36.57475365,56.57475365,76.57475365,21.90472707,122.9341815,42,212.9341815,96.57475365
8380,42.7,16.57475365,36.57475365,56.57475365,76.57475365,34.80523813,124.18091,40,214.18091,96.57475365
8381,44.7,17.29504717,37.29504717,57.29504717,77.29504717,34.80523813,126.9322982,40,216.9322982,97.29504717
8382,45.1,18.44751681,38.44751681,58.44751681,78.44751681,133.8418866,137.2546915,41,227.2546915,98.44751681
8383,46.5,44.41224094,64.41224094,84.41224094,104.4122409,81.27054168,142.7790817,54,232.7790817,124.4122409
8384,48.7,19.59998645,39.59998645,59.59998645,79.59998645,142.9760943,146.0668195,76,236.0668195,99.59998645
8385,50.5,18.87969293,38.87969293,58.87969293,78.87969293,142.9760943,144.831634,85,234.831634,98.87969293
8386,49.1,18.0153407,38.0153407,58.0153407,78.0153407,142.9760943,144.6217108,94,234.6217108,98.0153407
8387,45.9,54.58545825,74.58545825,94.58545825,114.5854583,142.9760943,145.8217971,91,235.8217971,134.5854583
8388,44,15.71040142,35.71040142,55.71040142,75.71040142,221.6194071,146.5109247,99,236.5109247,95.71040142
8389,47,15.85446012,35.85446012,55.85446012,75.85446012,169.0480621,145.4966589,66,235.4966589,95.85446012
8390,43.2,16.71881235,36.71881235,56.71881235,76.71881235,142.9760943,144.0192668,61,234.0192668,96.71881235
8391,45.6,17.87128199,37.87128199,57.87128199,77.87128199,55.19857386,143.5199422,82,233.5199422,97.87128199
8392,48.1,18.59157552,38.59157552,58.59157552,78.59157552,55.19857386,139.774404,62,229.774404,98.59157552
8393,49.1,19.59998645,39.59998645,59.59998645,79.59998645,55.19857386,135.3416081,78,225.3416081,99.59998645
8394,47,82.56700424,102.5670042,122.5670042,142.5670042,55.19857386,133.7428485,90,223.7428485,162.5670042
8395,44.5,19.45592775,39.45592775,59.45592775,79.45592775,55.19857386,133.4623174,97,223.4623174,99.45592775
8396,44.2,19.45592775,39.45592775,59.45592775,79.45592775,81.27054168,133.3406224,73,223.3406224,99.45592775
8397,42.4,20.03216257,40.03216257,60.03216257,80.03216257,81.27054168,130.9981164,60,220.9981164,100.0321626
8398,41.1,19.74404516,39.74404516,59.74404516,79.74404516,55.19857386,127.0337868,65,217.0337868,99.74404516
8399,37.8,20.03216257,40.03216257,60.03216257,80.03216257,21.90472707,124.2633763,53,214.2633763,100.0321626
8400,37.4,19.74404516,39.74404516,59.74404516,79.74404516,21.90472707,122.1859962,45,212.1859962,99.74404516
8401,38.8,19.45592775,39.45592775,59.45592775,79.45592775,21.90472707,120.2677212,41,210.2677212,99.45592775
8402,40.1,19.59998645,39.59998645,59.59998645,79.59998645,21.90472707,120.9551397,42,210.9551397,99.59998645
8403,40.3,19.59998645,39.59998645,59.59998645,79.59998645,21.90472707,120.208699,44,210.208699,99.59998645
8404,40.7,19.59998645,39.59998645,59.59998645,79.59998645,34.80523813,121.049438,43,211.049438,99.59998645
8405,41.8,19.45592775,39.45592775,59.45592775,79.45592775,34.80523813,125.415325,67,215.415325,99.45592775
8406,42.4,19.16781034,39.16781034,59.16781034,79.16781034,133.8418866,136.1503781,142,226.1503781,99.16781034
8407,43.6,44.84441705,64.84441705,84.84441705,104.8444171,81.27054168,143.6079649,126,233.6079649,124.8444171
8408,45.5,19.88810386,39.88810386,59.88810386,79.88810386,142.9760943,146.9642964,73,236.9642964,99.88810386
8409,48.2,19.59998645,39.59998645,59.59998645,79.59998645,142.9760943,145.0728009,59,235.0728009,99.59998645
8410,48.1,18.59157552,38.59157552,58.59157552,78.59157552,142.9760943,144.0071843,61,234.0071843,98.59157552
8411,44.4,55.44981048,75.44981048,95.44981048,115.4498105,142.9760943,144.6376752,52,234.6376752,135.4498105
8412,41.6,17.00692976,37.00692976,57.00692976,77.00692976,221.6194071,143.4370159,59,233.4370159,97.00692976
8413,39.3,17.87128199,37.87128199,57.87128199,77.87128199,169.0480621,143.820862,49,233.820862,97.87128199
8414,37.8,19.45592775,39.45592775,59.45592775,79.45592775,142.9760943,144.4834879,59,234.4834879,99.45592775
8415,40.1,20.8965148,40.8965148,60.8965148,80.8965148,55.19857386,139.9593317,70,229.9593317,100.8965148
8416,41.6,20.75245609,40.75245609,60.75245609,80.75245609,55.19857386,135.0009036,61,225.0009036,100.7524561
8417,42.6,19.74404516,39.74404516,59.74404516,79.74404516,55.19857386,131.7445946,91,221.7445946,99.74404516
8418,41.1,82.99918036,102.9991804,122.9991804,142.9991804,55.19857386,127.8965797,72,217.8965797,162.9991804
8419,39.4,20.32027998,40.32027998,60.32027998,80.32027998,55.19857386,124.8221847,106,214.8221847,100.32028
8420,40.1,20.03216257,40.03216257,60.03216257,80.03216257,81.27054168,123.9255263,93,213.9255263,100.0321626
8421,39.1,19.16781034,39.16781034,59.16781034,79.16781034,81.27054168,121.7519699,82,211.7519699,99.16781034
8422,37.9,19.74404516,39.74404516,59.74404516,79.74404516,55.19857386,117.2932928,86,207.2932928,99.74404516
8423,34.4,18.73563422,38.73563422,58.73563422,78.73563422,21.90472707,117.129071,62,207.129071,98.73563422
8424,34.2,17.72722329,37.72722329,57.72722329,77.72722329,21.90472707,114.0703596,54,204.0703596,97.72722329
8425,31.8,17.15098847,37.15098847,57.15098847,77.15098847,21.90472707,110.1109938,48,200.1109938,97.15098847
8426,31.1,17.00692976,37.00692976,57.00692976,77.00692976,21.90472707,107.6863683,47,197.6863683,97.00692976
8427,31.3,17.00692976,37.00692976,57.00692976,77.00692976,21.90472707,106.415857,48,196.415857,97.00692976
8428,30.7,15.99851883,35.99851883,55.99851883,75.99851883,34.80523813,109.702652,50,199.702652,95.99851883
8429,32.1,15.42228401,35.42228401,55.42228401,75.42228401,34.80523813,110.7050016,77,200.7050016,95.42228401
8430,32.6,14.55793178,34.55793178,54.55793178,74.55793178,133.8418866,113.7960416,127,203.7960416,94.55793178
8431,33.3,37.4974231,57.4974231,77.4974231,97.4974231,81.27054168,117.4010599,99,207.4010599,117.4974231
8432,34.1,11.24458157,31.24458157,51.24458157,71.24458157,142.9760943,120.6317801,63,210.6317801,91.24458157
8433,33.5,10.66834675,30.66834675,50.66834675,70.66834675,142.9760943,122.4704735,58,212.4704735,90.66834675
8434,33.3,9.227759697,29.2277597,49.2277597,69.2277597,142.9760943,123.4028225,50,213.4028225,89.2277597
8435,33.6,46.23005336,66.23005336,86.23005336,106.2300534,142.9760943,122.1475323,60,212.1475323,126.2300534
8436,32.9,8.651524877,28.65152488,48.65152488,68.65152488,221.6194071,124.0946493,47,214.0946493,88.65152488
8437,32.9,9.227759697,29.2277597,49.2277597,69.2277597,169.0480621,121.3593463,45,211.3593463,89.2277597
8438,33.4,10.52428804,30.52428804,50.52428804,70.52428804,142.9760943,122.3729836,45,212.3729836,90.52428804
8439,31.6,11.82081639,31.82081639,51.82081639,71.82081639,55.19857386,123.5036725,51,213.5036725,91.82081639
8440,31.8,13.40546214,33.40546214,53.40546214,73.40546214,55.19857386,121.9483808,66,211.9483808,93.40546214
8441,31.5,13.40546214,33.40546214,53.40546214,73.40546214,55.19857386,120.8851468,81,210.8851468,93.40546214
8442,32.4,75.5081277,95.5081277,115.5081277,135.5081277,55.19857386,121.3926637,71,211.3926637,155.5081277
8443,32.9,11.10052286,31.10052286,51.10052286,71.10052286,55.19857386,118.5434522,69,208.5434522,91.10052286
8444,32.9,11.53269898,31.53269898,51.53269898,71.53269898,81.27054168,117.7803205,91,207.7803205,91.53269898
8445,33,12.39705121,32.39705121,52.39705121,72.39705121,81.27054168,116.2777001,83,206.2777001,92.39705121
8446,33.9,13.40546214,33.40546214,53.40546214,73.40546214,55.19857386,113.6500908,80,203.6500908,93.40546214
8447,36.2,14.84604919,34.84604919,54.84604919,74.84604919,21.90472707,111.72275,78,201.72275,94.84604919
8448,35.3,15.85446012,35.85446012,55.85446012,75.85446012,21.90472707,108.3920638,61,198.3920638,95.85446012
8449,35.3,16.43069494,36.43069494,56.43069494,76.43069494,21.90472707,110.6066469,65,200.6066469,96.43069494
8450,35.9,17.58316458,37.58316458,57.58316458,77.58316458,21.90472707,110.2315941,63,200.2315941,97.58316458
8451,37.4,17.15098847,37.15098847,57.15098847,77.15098847,21.90472707,111.2358952,59,201.2358952,97.15098847
8452,38,17.58316458,37.58316458,57.58316458,77.58316458,34.80523813,111.7830784,55,201.7830784,97.58316458
8453,35.7,17.72722329,37.72722329,57.72722329,77.72722329,34.80523813,111.6648326,78,201.6648326,97.72722329
8454,34.8,18.0153407,38.0153407,58.0153407,78.0153407,133.8418866,115.0499139,122,205.0499139,98.0153407
8455,37.4,44.12412353,64.12412353,84.12412353,104.1241235,81.27054168,117.153819,117,207.153819,124.1241235
8456,42.1,19.16781034,39.16781034,59.16781034,79.16781034,142.9760943,118.8436346,70,208.8436346,99.16781034
8457,41,19.31186904,39.31186904,59.31186904,79.31186904,142.9760943,121.1097196,57,211.1097196,99.31186904
8458,37.1,18.73563422,38.73563422,58.73563422,78.73563422,142.9760943,122.1060292,53,212.1060292,98.73563422
8459,36.7,56.31416271,76.31416271,96.31416271,116.3141627,142.9760943,122.6371305,55,212.6371305,136.3141627
8460,35.5,17.72722329,37.72722329,57.72722329,77.72722329,221.6194071,122.4742333,54,212.4742333,97.72722329
8461,34.5,17.29504717,37.29504717,57.29504717,77.29504717,169.0480621,124.1281898,50,214.1281898,97.29504717
8462,34.3,17.00692976,37.00692976,57.00692976,77.00692976,142.9760943,124.8452214,50,214.8452214,97.00692976
8463,34.1,16.57475365,36.57475365,56.57475365,76.57475365,55.19857386,125.0425484,58,215.0425484,96.57475365
8464,34.4,17.15098847,37.15098847,57.15098847,77.15098847,55.19857386,125.3224373,63,215.3224373,97.15098847
8465,34.6,17.87128199,37.87128199,57.87128199,77.87128199,55.19857386,124.9160947,70,214.9160947,97.87128199
8466,32.9,82.71106295,102.7110629,122.7110629,142.7110629,55.19857386,124.9720547,66,214.9720547,162.7110629
8467,32.6,19.74404516,39.74404516,59.74404516,79.74404516,55.19857386,123.3791495,82,213.3791495,99.74404516
8468,32.1,20.8965148,40.8965148,60.8965148,80.8965148,81.27054168,121.9891948,81,211.9891948,100.8965148
8469,30.6,21.47274962,41.47274962,61.47274962,81.47274962,81.27054168,120.7900613,69,210.7900613,101.4727496
8470,30,22.04898444,42.04898444,62.04898444,82.04898444,55.19857386,119.2338435,60,209.2338435,102.0489844
8471,29.8,22.33710185,42.33710185,62.33710185,82.33710185,21.90472707,118.4413552,46,208.4413552,102.3371018
8472,28.9,22.48116055,42.48116055,62.48116055,82.48116055,21.90472707,117.2243229,40,207.2243229,102.4811606
8473,28.2,23.20145408,43.20145408,63.20145408,83.20145408,21.90472707,114.2502891,33,204.2502891,103.2014541
8474,28.4,24.49798242,44.49798242,64.49798242,84.49798242,21.90472707,114.3707344,33,204.3707344,104.4979824
8475,27.6,25.21827595,45.21827595,65.21827595,85.21827595,21.90472707,115.7095604,35,205.7095604,105.2182759
8476,28.3,25.36233465,45.36233465,65.36233465,85.36233465,34.80523813,119.0200301,38,209.0200301,105.3623347
8477,28.9,25.93856947,45.93856947,65.93856947,85.93856947,34.80523813,123.5901179,51,213.5901179,105.9385695
8478,29,25.07421724,45.07421724,65.07421724,85.07421724,133.8418866,130.9088038,94,220.9088038,105.0742172
8479,29.2,50.60676525,70.60676525,90.60676525,110.6067652,81.27054168,142.4295173,120,232.4295173,130.6067652
8480,30,25.50639336,45.50639336,65.50639336,85.50639336,142.9760943,146.7465887,76,236.7465887,105.5063934
8481,30.3,25.07421724,45.07421724,65.07421724,85.07421724,142.9760943,147.9298431,56,237.9298431,105.0742172
8482,29.5,24.93015854,44.93015854,64.93015854,84.93015854,142.9760943,147.6255961,65,237.6255961,104.9301585
8483,28.5,63.08492184,83.08492184,103.0849218,123.0849218,142.9760943,148.405493,53,238.405493,143.0849218
8484,27.6,25.65045206,45.65045206,65.65045206,85.65045206,221.6194071,148.4228263,56,238.4228263,105.6504521
8485,27.5,26.08262818,46.08262818,66.08262818,86.08262818,169.0480621,149.2292839,55,239.2292839,106.0826282
8486,27.7,27.37915652,47.37915652,67.37915652,87.37915652,142.9760943,152.3520316,61,242.3520316,107.3791565
8487,27,27.66727393,47.66727393,67.66727393,87.66727393,55.19857386,152.8444808,49,242.8444808,107.6672739
8488,26.7,28.96380228,48.96380228,68.96380228,88.96380228,55.19857386,148.5774451,55,238.5774451,108.9638023
8489,26.9,30.83656544,50.83656544,70.83656544,90.83656544,55.19857386,143.241401,62,233.241401,110.8365654
8490,27.6,94.52387675,114.5238768,134.5238768,154.5238768,55.19857386,139.9226527,86,229.9226527,174.5238768
8491,26.7,31.84497637,51.84497637,71.84497637,91.84497637,55.19857386,138.0956083,99,228.0956083,111.8449764
8492,25,30.69250673,50.69250673,70.69250673,90.69250673,81.27054168,135.0649473,91,225.0649473,110.6925067
8493,23.5,31.26874155,51.26874155,71.26874155,91.26874155,81.27054168,133.4222467,96,223.4222467,111.2687416
8494,23.1,33.71773954,53.71773954,73.71773954,93.71773954,55.19857386,130.238196,78,220.238196,113.7177395
8495,22.7,34.58209177,54.58209177,74.58209177,94.58209177,21.90472707,129.1453964,61,219.1453964,114.5820918
8496,21.8,35.30238529,55.30238529,75.30238529,95.30238529,21.90472707,128.5988194,52,218.5988194,115.3023853
8497,21.8,35.73456141,55.73456141,75.73456141,95.73456141,21.90472707,127.905531,48,217.905531,115.7345614
8498,21.3,36.02267882,56.02267882,76.02267882,96.02267882,21.90472707,125.2759368,47,215.2759368,116.0226788
8499,21,35.87862011,55.87862011,75.87862011,95.87862011,21.90472707,126.3698963,49,216.3698963,115.8786201
8500,21,35.87862011,55.87862011,75.87862011,95.87862011,34.80523813,126.7353794,50,216.7353794,115.8786201
8501,23,36.16673752,56.16673752,76.16673752,96.16673752,34.80523813,132.3309758,68,222.3309758,116.1667375
8502,23.8,36.45485493,56.45485493,76.45485493,96.45485493,113.4485509,140.623008,89,230.623008,116.4548549
8503,23.9,60.978992,80.978992,100.978992,120.978992,60.87720596,149.2278573,114,239.2278573,140.978992
8504,25.1,34.87020918,54.87020918,74.87020918,94.87020918,34.80523813,152.9365626,89,242.9365626,114.8702092
8505,26.1,34.72615047,54.72615047,74.72615047,94.72615047,34.80523813,153.0334919,91,243.0334919,114.7261505
8506,28,33.71773954,53.71773954,73.71773954,93.71773954,34.80523813,152.5430183,78,242.5430183,113.7177395
8507,27.8,69.71162227,89.71162227,109.7116223,129.7116223,34.80523813,151.598527,74,241.598527,149.7116223
8508,27.1,30.83656544,50.83656544,70.83656544,90.83656544,113.4485509,152.8839023,69,242.8839023,110.8365654
8509,26,30.98062414,50.98062414,70.98062414,90.98062414,60.87720596,153.961502,75,243.961502,110.9806241
8510,25.4,31.84497637,51.84497637,71.84497637,91.84497637,34.80523813,157.9928288,71,247.9928288,111.8449764
8511,26.2,31.84497637,51.84497637,71.84497637,91.84497637,34.80523813,158.3818138,77,248.3818138,111.8449764
8512,27.7,31.98903508,51.98903508,71.98903508,91.98903508,34.80523813,152.4736374,78,242.4736374,111.9890351
8513,26.7,31.55685896,51.55685896,71.55685896,91.55685896,34.80523813,145.984757,71,235.984757,111.556859
8514,26.6,94.95605287,114.9560529,134.9560529,154.9560529,34.80523813,145.4772123,101,235.4772123,174.9560529
8515,25.8,34.14991565,54.14991565,74.14991565,94.14991565,34.80523813,142.081729,78,232.081729,114.1499157
8516,25.1,35.87862011,55.87862011,75.87862011,95.87862011,60.87720596,141.6491566,64,231.6491566,115.8786201
8517,25,37.60732457,57.60732457,77.60732457,97.60732457,60.87720596,139.6904647,82,229.6904647,117.6073246
8518,25.2,39.04791162,59.04791162,79.04791162,99.04791162,34.80523813,134.6610759,69,224.6610759,119.0479116
8519,24.6,40.05632256,60.05632256,80.05632256,100.0563226,21.90472707,131.7072378,59,221.7072378,120.0563226
8520,23.9,41.06473349,61.06473349,81.06473349,101.0647335,21.90472707,130.211707,57,220.211707,121.0647335
8521,24.2,41.64096831,61.64096831,81.64096831,101.6409683,21.90472707,129.8688339,52,219.8688339,121.6409683
8522,23.8,42.36126184,62.36126184,82.36126184,102.3612618,21.90472707,132.583373,53,222.583373,122.3612618
8523,23.5,42.93749666,62.93749666,82.93749666,102.9374967,21.90472707,132.6663338,50,222.6663338,122.9374967
8524,23.4,42.93749666,62.93749666,82.93749666,102.9374967,21.90472707,133.4140487,51,223.4140487,122.9374967
8525,23.6,42.64937925,62.64937925,82.64937925,102.6493792,21.90472707,138.0008244,54,228.0008244,122.6493792
8526,24.2,41.2087922,61.2087922,81.2087922,101.2087922,100.5480399,148.2068679,56,238.2068679,121.2087922
8527,24.5,65.01263574,85.01263574,105.0126357,125.0126357,47.97669489,157.0506578,53,247.0506578,145.0126357
8528,25.1,38.03950069,58.03950069,78.03950069,98.03950069,21.90472707,161.439745,81,251.439745,118.0395007
8529,26.8,36.31079623,56.31079623,76.31079623,96.31079623,21.90472707,158.6859944,81,248.6859944,116.3107962
8530,27.6,34.58209177,54.58209177,74.58209177,94.58209177,21.90472707,159.7858786,139,249.7858786,114.5820918
8531,26.6,71.00815061,91.00815061,111.0081506,131.0081506,21.90472707,158.8730922,85,248.8730922,151.0081506
8532,24.7,31.98903508,51.98903508,71.98903508,91.98903508,100.5480399,159.2559683,87,249.2559683,111.9890351
8533,25.1,31.41280026,51.41280026,71.41280026,91.41280026,47.97669489,159.7468801,98,249.7468801,111.4128003
8534,25.7,31.12468285,51.12468285,71.12468285,91.12468285,21.90472707,161.0582917,95,251.0582917,111.1246828
8535,25.3,30.83656544,50.83656544,70.83656544,90.83656544,21.90472707,159.3517351,92,249.3517351,110.8365654
8536,25.5,30.69250673,50.69250673,70.69250673,90.69250673,21.90472707,153.0235436,100,243.0235436,110.6925067
8537,27.8,30.54844803,50.54844803,70.54844803,90.54844803,21.90472707,149.7795119,90,239.7795119,110.548448
8538,27.9,93.22734841,113.2273484,133.2273484,153.2273484,21.90472707,146.5333759,85,236.5333759,173.2273484
8539,27.6,29.6840958,49.6840958,69.6840958,89.6840958,21.90472707,142.4774299,80,232.4774299,109.6840958
8540,25.9,29.39597839,49.39597839,69.39597839,89.39597839,47.97669489,140.1412717,77,230.1412717,109.3959784
8541,23.6,29.25191968,49.25191968,69.25191968,89.25191968,47.97669489,138.0402143,86,228.0402143,109.2519197
8542,23.2,29.54003709,49.54003709,69.54003709,89.54003709,21.90472707,137.2264792,85,227.2264792,109.5400371
8543,23.6,29.97221321,49.97221321,69.97221321,89.97221321,21.90472707,134.4494055,73,224.4494055,109.9722132
8544,23.3,29.6840958,49.6840958,69.6840958,89.6840958,21.90472707,131.6871354,87,221.6871354,109.6840958
8545,22.8,29.25191968,49.25191968,69.25191968,89.25191968,21.90472707,128.8257957,67,218.8257957,109.2519197
8546,22.9,28.96380228,48.96380228,68.96380228,88.96380228,21.90472707,128.3006792,65,218.3006792,108.9638023
8547,21.7,28.24350875,48.24350875,68.24350875,88.24350875,21.90472707,127.0152313,64,217.0152313,108.2435088
8548,21.6,27.66727393,47.66727393,67.66727393,87.66727393,34.80523813,128.5700508,67,218.5700508,107.6672739
8549,21.9,27.52321523,47.52321523,67.52321523,87.52321523,34.80523813,132.3497933,66,222.3497933,107.5232152
8550,22,27.37915652,47.37915652,67.37915652,87.37915652,133.8418866,142.0757732,71,232.0757732,107.3791565
8551,23.3,52.0473523,72.0473523,92.0473523,112.0473523,81.27054168,148.5015396,77,238.5015396,132.0473523
8552,23.1,26.37074559,46.37074559,66.37074559,86.37074559,142.9760943,151.0440434,87,241.0440434,106.3707456
8553,23.9,26.22668688,46.22668688,66.22668688,86.22668688,142.9760943,151.8087562,101,241.8087562,106.2266869
8554,25.9,26.08262818,46.08262818,66.08262818,86.08262818,142.9760943,149.1577093,133,239.1577093,106.0826282
8555,27.8,63.94927407,83.94927407,103.9492741,123.9492741,142.9760943,146.394704,146,236.394704,143.9492741
8556,28.8,26.08262818,46.08262818,66.08262818,86.08262818,221.6194071,143.713705,93,233.713705,106.0826282
8557,30,26.22668688,46.22668688,66.22668688,86.22668688,169.0480621,141.5152981,92,231.5152981,106.2266869
8558,29.4,26.94698041,46.94698041,66.94698041,86.94698041,142.9760943,143.7252524,89,233.7252524,106.9469804
8559,29.9,27.37915652,47.37915652,67.37915652,87.37915652,55.19857386,142.1392569,99,232.1392569,107.3791565
8560,29.6,27.37915652,47.37915652,67.37915652,87.37915652,55.19857386,138.3413442,98,228.3413442,107.3791565
8561,30.4,27.52321523,47.52321523,67.52321523,87.52321523,55.19857386,137.131716,106,227.131716,107.5232152
8562,30.6,90.77835042,110.7783504,130.7783504,150.7783504,55.19857386,133.6773112,90,223.6773112,170.7783504
8563,30.2,27.81133264,47.81133264,67.81133264,87.81133264,55.19857386,132.4990495,92,222.4990495,107.8113326
8564,29.9,27.81133264,47.81133264,67.81133264,87.81133264,81.27054168,130.3536002,104,220.3536002,107.8113326
8565,30,27.81133264,47.81133264,67.81133264,87.81133264,81.27054168,127.8998021,80,217.8998021,107.8113326
8566,29.6,27.66727393,47.66727393,67.66727393,87.66727393,55.19857386,126.6609149,80,216.6609149,107.6672739
8567,28.8,26.8029217,46.8029217,66.8029217,86.8029217,21.90472707,124.7675848,86,214.7675848,106.8029217
8568,29.1,27.23509782,47.23509782,67.23509782,87.23509782,21.90472707,123.6707092,69,213.6707092,107.2350978
8569,29.7,28.53162616,48.53162616,68.53162616,88.53162616,21.90472707,123.2483889,68,213.2483889,108.5316262
8570,29.7,30.54844803,50.54844803,70.54844803,90.54844803,21.90472707,123.1611587,68,213.1611587,110.548448
8571,29.9,32.85338731,52.85338731,72.85338731,92.85338731,21.90472707,121.8757459,67,211.8757459,112.8533873
8572,30.2,35.5905027,55.5905027,75.5905027,95.5905027,34.80523813,123.7540987,68,213.7540987,115.5905027
8573,31.1,37.46326587,57.46326587,77.46326587,97.46326587,34.80523813,125.1984543,69,215.1984543,117.4632659
8574,32.5,38.4716768,58.4716768,78.4716768,98.4716768,133.8418866,128.8851828,74,218.8851828,118.4716768
8575,32.7,63.7161074,83.7161074,103.7161074,123.7161074,81.27054168,131.9699007,80,221.9699007,143.7161074
8576,34.2,37.46326587,57.46326587,77.46326587,97.46326587,142.9760943,133.7127225,80,223.7127225,117.4632659
8577,36.3,36.59891364,56.59891364,76.59891364,96.59891364,142.9760943,133.2425685,119,223.2425685,116.5989136
8578,37.2,36.02267882,56.02267882,76.02267882,96.02267882,142.9760943,131.1715469,165,221.1715469,116.0226788
8579,35.6,73.6012073,93.6012073,113.6012073,133.6012073,142.9760943,131.2097289,151,221.2097289,153.6012073
8580,33.6,35.73456141,55.73456141,75.73456141,95.73456141,221.6194071,130.3718165,169,220.3718165,115.7345614
8581,32.8,35.5905027,55.5905027,75.5905027,95.5905027,169.0480621,130.3983523,123,220.3983523,115.5905027
8582,31.6,36.02267882,56.02267882,76.02267882,96.02267882,142.9760943,131.2687884,108,221.2687884,116.0226788
8583,31.5,36.74297234,56.74297234,76.74297234,96.74297234,55.19857386,128.5435144,107,218.5435144,116.7429723
8584,32.9,36.88703105,56.88703105,76.88703105,96.88703105,55.19857386,126.59355,93,216.59355,116.887031
8585,34.4,37.46326587,57.46326587,77.46326587,97.46326587,55.19857386,126.6741437,95,216.6741437,117.4632659
8586,33.3,100.286225,120.286225,140.286225,160.286225,55.19857386,123.0731939,91,213.0731939,180.286225
8587,32.6,36.45485493,56.45485493,76.45485493,96.45485493,55.19857386,120.958091,87,210.958091,116.4548549
8588,32.9,36.02267882,56.02267882,76.02267882,96.02267882,81.27054168,121.3041592,85,211.3041592,116.0226788
8589,32.2,35.73456141,55.73456141,75.73456141,95.73456141,81.27054168,119.6912907,85,209.6912907,115.7345614
8590,31.8,36.02267882,56.02267882,76.02267882,96.02267882,55.19857386,118.5993916,76,208.5993916,116.0226788
8591,31.1,36.16673752,56.16673752,76.16673752,96.16673752,21.90472707,116.9840231,75,206.9840231,116.1667375
8592,29.6,36.59891364,56.59891364,76.59891364,96.59891364,21.90472707,119.6395385,67,209.6395385,116.5989136
8593,29.4,37.46326587,57.46326587,77.46326587,97.46326587,21.90472707,117.775518,63,207.775518,117.4632659
8594,29.3,37.89544198,57.89544198,77.89544198,97.89544198,21.90472707,117.5501625,57,207.5501625,117.895442
8595,29.1,37.60732457,57.60732457,77.60732457,97.60732457,21.90472707,118.4608718,53,208.4608718,117.6073246
8596,28.8,37.03108975,57.03108975,77.03108975,97.03108975,34.80523813,119.0708021,51,209.0708021,117.0310898
8597,28.4,37.03108975,57.03108975,77.03108975,97.03108975,34.80523813,119.3026015,54,209.3026015,117.0310898
8598,28.5,37.17514846,57.17514846,77.17514846,97.17514846,133.8418866,120.7887257,51,210.7887257,117.1751485
8599,29.9,62.13146164,82.13146164,102.1314616,122.1314616,81.27054168,123.7637133,56,213.7637133,142.1314616
8600,30.3,36.59891364,56.59891364,76.59891364,96.59891364,142.9760943,125.621429,63,215.621429,116.5989136
8601,31.4,35.15832659,55.15832659,75.15832659,95.15832659,142.9760943,124.9564631,69,214.9564631,115.1583266
8602,31.9,32.5652699,52.5652699,72.5652699,92.5652699,142.9760943,130.0998175,76,220.0998175,112.5652699
8603,31.1,68.84727004,88.84727004,108.84727,128.84727,142.9760943,129.9852366,76,219.9852366,148.84727
8604,29.1,29.8281545,49.8281545,69.8281545,89.8281545,221.6194071,129.9007855,68,219.9007855,109.8281545
8605,28.6,29.10786098,49.10786098,69.10786098,89.10786098,169.0480621,131.0033225,86,221.0033225,109.107861
8606,27.1,29.10786098,49.10786098,69.10786098,89.10786098,142.9760943,131.9092007,58,221.9092007,109.107861
8607,26.6,29.6840958,49.6840958,69.6840958,89.6840958,55.19857386,132.9162825,85,222.9162825,109.6840958
8608,25.9,29.54003709,49.54003709,69.54003709,89.54003709,55.19857386,131.6753995,62,221.6753995,109.5400371
8609,27.1,29.54003709,49.54003709,69.54003709,89.54003709,55.19857386,131.3015011,66,221.3015011,109.5400371
8610,27.2,92.50705488,112.5070549,132.5070549,152.5070549,55.19857386,130.285543,66,220.285543,172.5070549
8611,25.1,29.10786098,49.10786098,69.10786098,89.10786098,55.19857386,129.8527132,48,219.8527132,109.107861
8612,24.7,28.67568487,48.67568487,68.67568487,88.67568487,81.27054168,128.428521,58,218.428521,108.6756849
8613,24.9,27.52321523,47.52321523,67.52321523,87.52321523,81.27054168,127.2414571,67,217.2414571,107.5232152
8614,24.8,26.94698041,46.94698041,66.94698041,86.94698041,55.19857386,126.2864434,54,216.2864434,106.9469804
8615,24.1,27.09103911,47.09103911,67.09103911,87.09103911,21.90472707,125.7844068,53,215.7844068,107.0910391
8616,23.7,28.09945005,48.09945005,68.09945005,88.09945005,21.90472707,125.1782336,38,215.1782336,108.09945
8617,23.5,28.96380228,48.96380228,68.96380228,88.96380228,21.90472707,125.4968041,32,215.4968041,108.9638023
8618,23,30.54844803,50.54844803,70.54844803,90.54844803,21.90472707,125.2753175,30,215.2753175,110.548448
8619,23.2,31.84497637,51.84497637,71.84497637,91.84497637,21.90472707,125.0555091,27,215.0555091,111.8449764
8620,23.5,33.28556342,53.28556342,73.28556342,93.28556342,34.80523813,125.6702082,30,215.6702082,113.2855634
8621,23.4,33.71773954,53.71773954,73.71773954,93.71773954,34.80523813,126.8411106,31,216.8411106,113.7177395
8622,23.2,34.87020918,54.87020918,74.87020918,94.87020918,133.8418866,129.3871299,32,219.3871299,114.8702092
8623,23.4,61.26710941,81.26710941,101.2671094,121.2671094,81.27054168,131.6930536,39,221.6930536,141.2671094
8624,23.4,36.74297234,56.74297234,76.74297234,96.74297234,142.9760943,134.8014688,50,224.8014688,116.7429723
8625,23.8,36.02267882,56.02267882,76.02267882,96.02267882,142.9760943,135.7837565,51,225.7837565,116.0226788
8626,26.3,34.72615047,54.72615047,74.72615047,94.72615047,142.9760943,135.8595716,72,225.8595716,114.7261505
8627,26.1,71.15220932,91.15220932,111.1522093,131.1522093,142.9760943,137.7885764,88,227.7885764,151.1522093
8628,26.3,32.42121119,52.42121119,72.42121119,92.42121119,221.6194071,136.2481871,76,226.2481871,112.4212112
8629,26.4,32.85338731,52.85338731,72.85338731,92.85338731,169.0480621,135.6890445,92,225.6890445,112.8533873
8630,26.4,33.86179824,53.86179824,73.86179824,93.86179824,142.9760943,138.0279678,68,228.0279678,113.8617982
8631,26.6,35.01426788,55.01426788,75.01426788,95.01426788,55.19857386,139.9844072,57,229.9844072,115.0142679
8632,26.6,34.87020918,54.87020918,74.87020918,94.87020918,55.19857386,140.6895194,62,230.6895194,114.8702092
8633,26,34.58209177,54.58209177,74.58209177,94.58209177,55.19857386,140.7394689,79,230.7394689,114.5820918
8634,25.7,98.12534438,118.1253444,138.1253444,158.1253444,55.19857386,141.0361429,62,231.0361429,178.1253444
8635,25.7,35.15832659,55.15832659,75.15832659,95.15832659,55.19857386,137.816144,63,227.816144,115.1583266
8636,25.1,35.15832659,55.15832659,75.15832659,95.15832659,81.27054168,135.6335375,56,225.6335375,115.1583266
8637,25.2,34.87020918,54.87020918,74.87020918,94.87020918,81.27054168,132.6301215,47,222.6301215,114.8702092
8638,24.5,33.57368083,53.57368083,73.57368083,93.57368083,55.19857386,130.083109,52,220.083109,113.5736808
8639,23.9,32.85338731,52.85338731,72.85338731,92.85338731,21.90472707,126.6898286,40,216.6898286,112.8533873
8640,23.1,33.86179824,53.86179824,73.86179824,93.86179824,21.90472707,125.2936144,38,215.2936144,113.8617982
8641,23.7,34.87020918,54.87020918,74.87020918,94.87020918,21.90472707,124.9790279,36,214.9790279,114.8702092
8642,23.7,36.31079623,56.31079623,76.31079623,96.31079623,21.90472707,126.3582065,37,216.3582065,116.3107962
8643,23.5,35.15832659,55.15832659,75.15832659,95.15832659,21.90472707,123.8947932,39,213.8947932,115.1583266
8644,24.1,34.43803306,54.43803306,74.43803306,94.43803306,34.80523813,126.2893434,43,216.2893434,114.4380331
8645,24.6,36.02267882,56.02267882,76.02267882,96.02267882,34.80523813,130.5832803,44,220.5832803,116.0226788
8646,25.8,36.59891364,56.59891364,76.59891364,96.59891364,133.8418866,138.2794968,48,228.2794968,116.5989136
8647,26.4,63.57204869,83.57204869,103.5720487,123.5720487,81.27054168,145.271272,74,235.271272,143.5720487
8648,26.1,39.33602903,59.33602903,79.33602903,99.33602903,142.9760943,149.5024973,61,239.5024973,119.336029
8649,27.5,39.19197033,59.19197033,79.19197033,99.19197033,142.9760943,151.7273681,67,241.7273681,119.1919703
8650,28.3,36.45485493,56.45485493,76.45485493,96.45485493,142.9760943,144.2678512,70,234.2678512,116.4548549
8651,28.1,72.30467896,92.30467896,112.304679,132.304679,142.9760943,154.5808654,63,244.5808654,152.304679
8652,26.1,33.71773954,53.71773954,73.71773954,93.71773954,221.6194071,155.4881062,93,245.4881062,113.7177395
8653,25.6,34.14991565,54.14991565,74.14991565,94.14991565,169.0480621,155.636224,67,245.636224,114.1499157
8654,25.7,34.58209177,54.58209177,74.58209177,94.58209177,142.9760943,155.6186906,47,245.6186906,114.5820918
8655,26.6,34.00585695,54.00585695,74.00585695,94.00585695,55.19857386,157.6563825,52,247.6563825,114.0058569
8656,27.2,32.13309378,52.13309378,72.13309378,92.13309378,55.19857386,154.1995852,54,244.1995852,112.1330938
8657,28,30.83656544,50.83656544,70.83656544,90.83656544,55.19857386,151.3846119,55,241.3846119,110.8365654
8658,27.8,93.51546582,113.5154658,133.5154658,153.5154658,55.19857386,146.7375137,80,236.7375137,173.5154658
8659,27.8,29.97221321,49.97221321,69.97221321,89.97221321,55.19857386,143.9207646,61,233.9207646,109.9722132
8660,27.9,28.96380228,48.96380228,68.96380228,88.96380228,81.27054168,142.5038566,68,232.5038566,108.9638023
8661,27.7,27.81133264,47.81133264,67.81133264,87.81133264,81.27054168,138.5859844,66,228.5859844,107.8113326
8662,27.6,28.09945005,48.09945005,68.09945005,88.09945005,55.19857386,138.2600164,54,228.2600164,108.09945
8663,27.1,28.38756746,48.38756746,68.38756746,88.38756746,21.90472707,132.8320226,68,222.8320226,108.3875675
8664,27,28.24350875,48.24350875,68.24350875,88.24350875,21.90472707,128.6286175,47,218.6286175,108.2435088
8665,26.7,28.53162616,48.53162616,68.53162616,88.53162616,21.90472707,126.2903246,42,216.2903246,108.5316262
8666,26.6,29.39597839,49.39597839,69.39597839,89.39597839,21.90472707,123.2795318,45,213.2795318,109.3959784
8667,25.6,30.40438932,50.40438932,70.40438932,90.40438932,21.90472707,123.1526621,46,213.1526621,110.4043893
8668,26.4,31.26874155,51.26874155,71.26874155,91.26874155,34.80523813,127.5127945,43,217.5127945,111.2687416
8669,27.5,31.55685896,51.55685896,71.55685896,91.55685896,34.80523813,130.3393091,53,220.3393091,111.556859
8670,26.9,30.98062414,50.98062414,70.98062414,90.98062414,113.4485509,138.4425166,51,228.4425166,110.9806241
8671,27.4,55.36070251,75.36070251,95.36070251,115.3607025,60.87720596,144.8357056,64,234.8357056,135.3607025
8672,29.3,28.67568487,48.67568487,68.67568487,88.67568487,34.80523813,146.5829748,65,236.5829748,108.6756849
8673,30.5,27.37915652,47.37915652,67.37915652,87.37915652,34.80523813,147.0369722,72,237.0369722,107.3791565
8674,30.9,24.64204113,44.64204113,64.64204113,84.64204113,34.80523813,145.2487828,68,235.2487828,104.6420411
8675,29.6,61.21215868,81.21215868,101.2121587,121.2121587,34.80523813,145.2120671,95,235.2120671,141.2121587
8676,28.3,22.33710185,42.33710185,62.33710185,82.33710185,113.4485509,145.0183935,75,235.0183935,102.3371018
8677,27.1,21.90492573,41.90492573,61.90492573,81.90492573,60.87720596,145.3301719,73,235.3301719,101.9049257
8678,27.1,21.76086703,41.76086703,61.76086703,81.76086703,34.80523813,144.6198664,60,234.6198664,101.760867
8679,26.6,21.76086703,41.76086703,61.76086703,81.76086703,34.80523813,144.0258325,67,234.0258325,101.760867
8680,26.2,21.47274962,41.47274962,61.47274962,81.47274962,34.80523813,141.8771781,71,231.8771781,101.4727496
8681,26.8,21.32869091,41.32869091,61.32869091,81.32869091,34.80523813,138.8515294,84,228.8515294,101.3286909
8682,25.5,84.87194352,104.8719435,124.8719435,144.8719435,34.80523813,135.5498887,86,225.5498887,164.8719435
8683,27.7,21.61680832,41.61680832,61.61680832,81.61680832,34.80523813,132.8279728,86,222.8279728,101.6168083
8684,27.1,21.76086703,41.76086703,61.76086703,81.76086703,60.87720596,129.5554474,75,219.5554474,101.760867
8685,25.8,22.04898444,42.04898444,62.04898444,82.04898444,60.87720596,127.876435,67,217.876435,102.0489844
8686,24.5,22.76927796,42.76927796,62.76927796,82.76927796,34.80523813,126.199564,69,216.199564,102.769278
8687,25.5,22.91333667,42.91333667,62.91333667,82.91333667,21.90472707,124.5401503,62,214.5401503,102.9133367
8688,28.1,22.76927796,42.76927796,62.76927796,82.76927796,21.90472707,124.5724774,65,214.5724774,102.769278
8689,28,22.48116055,42.48116055,62.48116055,82.48116055,21.90472707,124.3412182,60,214.3412182,102.4811606
8690,25.7,22.33710185,42.33710185,62.33710185,82.33710185,21.90472707,124.4408622,59,214.4408622,102.3371018
8691,23,22.33710185,42.33710185,62.33710185,82.33710185,21.90472707,124.8308068,61,214.8308068,102.3371018
8692,22.4,22.48116055,42.48116055,62.48116055,82.48116055,21.90472707,125.5680968,59,215.5680968,102.4811606
8693,22.9,22.76927796,42.76927796,62.76927796,82.76927796,21.90472707,129.3832524,68,219.3832524,102.769278
8694,23.2,23.05739537,43.05739537,63.05739537,83.05739537,100.5480399,137.3797649,54,227.3797649,103.0573954
8695,23.2,48.44588467,68.44588467,88.44588467,108.4458847,47.97669489,145.5856352,59,235.5856352,128.4458847
8696,23.3,23.48957149,43.48957149,63.48957149,83.48957149,21.90472707,149.2928074,67,239.2928074,103.4895715
8697,24,23.48957149,43.48957149,63.48957149,83.48957149,21.90472707,148.9093335,78,238.9093335,103.4895715
8698,24.8,23.05739537,43.05739537,63.05739537,83.05739537,21.90472707,149.613605,95,239.613605,103.0573954
8699,25.3,60.63592386,80.63592386,100.6359239,120.6359239,21.90472707,149.9179406,95,239.9179406,140.6359239
8700,24.1,22.76927796,42.76927796,62.76927796,82.76927796,100.5480399,150.8547131,59,240.8547131,102.769278
8701,22.6,23.05739537,43.05739537,63.05739537,83.05739537,47.97669489,152.7646454,76,242.7646454,103.0573954
8702,22.1,23.20145408,43.20145408,63.20145408,83.20145408,21.90472707,153.4101372,69,243.4101372,103.2014541
8703,22.5,23.7776889,43.7776889,63.7776889,83.7776889,21.90472707,152.8952416,56,242.8952416,103.7776889
8704,22.5,24.06580631,44.06580631,64.06580631,84.06580631,21.90472707,148.2311739,75,238.2311739,104.0658063
8705,22.4,24.06580631,44.06580631,64.06580631,84.06580631,21.90472707,145.2930554,59,235.2930554,104.0658063
8706,22.2,87.1768828,107.1768828,127.1768828,147.1768828,21.90472707,142.7136714,65,232.7136714,167.1768828
8707,21.8,24.20986501,44.20986501,64.20986501,84.20986501,21.90472707,140.6069533,77,230.6069533,104.209865
8708,21.6,24.20986501,44.20986501,64.20986501,84.20986501,47.97669489,137.8397397,57,227.8397397,104.209865
8709,21.4,24.35392372,44.35392372,64.35392372,84.35392372,47.97669489,134.8888038,58,224.8888038,104.3539237
8710,21,25.36233465,45.36233465,65.36233465,85.36233465,21.90472707,131.1102274,62,221.1102274,105.3623347
8711,18.8,25.79451077,45.79451077,65.79451077,85.79451077,21.90472707,128.647457,63,218.647457,105.7945108
8712,19.8,25.50639336,45.50639336,65.50639336,85.50639336,21.90472707,123.1712299,56,213.1712299,105.5063934
8713,22.5,25.21827595,45.21827595,65.21827595,85.21827595,21.90472707,123.26643,51,213.26643,105.2182759
8714,22.6,24.93015854,44.93015854,64.93015854,84.93015854,21.90472707,122.6123896,51,212.6123896,104.9301585
8715,21.6,24.35392372,44.35392372,64.35392372,84.35392372,21.90472707,123.2060724,51,213.2060724,104.3539237
8716,21.1,24.06580631,44.06580631,64.06580631,84.06580631,34.80523813,124.3207924,52,214.3207924,104.0658063
8717,21.9,23.63363019,43.63363019,63.63363019,83.63363019,34.80523813,127.4698897,57,217.4698897,103.6336302
8718,22.3,23.05739537,43.05739537,63.05739537,83.05739537,133.8418866,131.9042797,52,221.9042797,103.0573954
8719,22.3,47.86964985,67.86964985,87.86964985,107.8696499,81.27054168,136.9826193,58,226.9826193,127.8696499
8720,22.9,22.33710185,42.33710185,62.33710185,82.33710185,142.9760943,142.3634088,62,232.3634088,102.3371018
8721,23.1,21.76086703,41.76086703,61.76086703,81.76086703,142.9760943,143.2086139,86,233.2086139,101.760867
8722,22.9,21.32869091,41.32869091,61.32869091,81.32869091,142.9760943,144.3572339,79,234.3572339,101.3286909
8723,23,58.33098458,78.33098458,98.33098458,118.3309846,142.9760943,144.5165976,94,234.5165976,138.3309846
8724,23.5,19.88810386,39.88810386,59.88810386,79.88810386,221.6194071,140.5346821,96,230.5346821,99.88810386
8725,22.6,19.74404516,39.74404516,59.74404516,79.74404516,169.0480621,138.1026238,105,228.1026238,99.74404516
8726,22.1,19.45592775,39.45592775,59.45592775,79.45592775,142.9760943,138.3974238,76,228.3974238,99.45592775
8727,22.6,18.87969293,38.87969293,58.87969293,78.87969293,55.19857386,137.7340079,82,227.7340079,98.87969293
8728,23.5,18.44751681,38.44751681,58.44751681,78.44751681,55.19857386,135.4036767,74,225.4036767,98.44751681
8729,24.1,17.58316458,37.58316458,57.58316458,77.58316458,55.19857386,133.1579697,80,223.1579697,97.58316458
8730,24.5,79.97394755,99.97394755,119.9739476,139.9739476,55.19857386,130.1426007,99,220.1426007,159.9739476
8731,24.5,16.71881235,36.71881235,56.71881235,76.71881235,55.19857386,127.2204915,85,217.2204915,96.71881235
8732,24.7,17.00692976,37.00692976,57.00692976,77.00692976,81.27054168,124.3764512,63,214.3764512,97.00692976
8733,23.1,17.29504717,37.29504717,57.29504717,77.29504717,81.27054168,121.7112317,47,211.7112317,97.29504717
8734,21,17.15098847,37.15098847,57.15098847,77.15098847,55.19857386,118.9638867,53,208.9638867,97.15098847
8735,19.2,17.72722329,37.72722329,57.72722329,77.72722329,21.90472707,117.4981642,62,207.4981642,97.72722329
8736,18.9,19.45592775,39.45592775,59.45592775,79.45592775,21.90472707,118.8789885,0,208.8789885,99.45592775
8737,18.7,21.0405735,41.0405735,61.0405735,81.0405735,21.90472707,119.1961321,0,209.1961321,101.0405735
8738,18.2,22.76927796,42.76927796,62.76927796,82.76927796,21.90472707,118.8977178,0,208.8977178,102.769278
8739,18.1,22.62521926,42.62521926,62.62521926,82.62521926,21.90472707,118.7004173,0,208.7004173,102.6252193
8740,18,23.63363019,43.63363019,63.63363019,83.63363019,34.80523813,119.9709108,0,209.9709108,103.6336302
8741,17.4,23.7776889,43.7776889,63.7776889,83.7776889,34.80523813,121.3665329,0,211.3665329,103.7776889
8742,17,23.63363019,43.63363019,63.63363019,83.63363019,185.5653067,124.7768215,0,214.7768215,103.6336302
8743,16.8,49.02211949,69.02211949,89.02211949,109.0221195,132.9939617,129.8126528,0,219.8126528,129.0221195
8744,17.3,22.91333667,42.91333667,62.91333667,82.91333667,142.9760943,130.1002388,0,220.1002388,102.9133367
8745,18,22.04898444,42.04898444,62.04898444,82.04898444,142.9760943,133.8450188,0,223.8450188,102.0489844
8746,19.5,21.0405735,41.0405735,61.0405735,81.0405735,142.9760943,137.2913166,0,227.2913166,101.0405735
8747,18.9,57.61069105,77.61069105,97.61069105,117.6106911,142.9760943,137.2673966,0,227.2673966,137.6106911
8748,18.5,18.87969293,38.87969293,58.87969293,78.87969293,273.3428271,134.7699342,0,224.7699342,98.87969293
8749,18.3,18.30345811,38.30345811,58.30345811,78.30345811,220.7714822,130.3091941,0,220.3091941,98.30345811
8750,17.8,17.87128199,37.87128199,57.87128199,77.87128199,142.9760943,130.9860353,0,220.9860353,97.87128199
8751,18.2,18.1593994,38.1593994,58.1593994,78.1593994,55.19857386,132.3318141,0,222.3318141,98.1593994
8752,19.3,18.59157552,38.59157552,58.59157552,78.59157552,55.19857386,129.5633268,0,219.5633268,98.59157552
8753,19.6,18.59157552,38.59157552,58.59157552,78.59157552,55.19857386,130.2318274,0,220.2318274,98.59157552
8754,19.3,82.13482813,102.1348281,122.1348281,142.1348281,55.19857386,126.6008353,0,216.6008353,162.1348281
8755,18.5,19.59998645,39.59998645,59.59998645,79.59998645,55.19857386,122.4909959,0,212.4909959,99.59998645
8756,17.8,20.8965148,40.8965148,60.8965148,80.8965148,132.9939617,119.7001356,0,209.7001356,100.8965148
8757,18.2,21.90492573,41.90492573,61.90492573,81.90492573,132.9939617,119.9412965,0,209.9412965,101.9049257
8758,17.5,22.33710185,42.33710185,62.33710185,82.33710185,132.9939617,121.2266424,0,211.2266424,102.3371018
8759,17,22.48116055,42.48116055,62.48116055,82.48116055,132.9939617,121.7062217,0,211.7062217,102.4811606