timestep,0,1,2,3,4
0,19.6,19.744045158299095,39.744045158299095,59.744045158299095,79.74404515829909
1,20.3,20.608397387990205,40.60839738799021,60.60839738799021,80.60839738799021
2,21.2,21.040573502835763,41.04057350283576,61.04057350283576,81.04057350283577
3,20.5,21.18463220778428,41.184632207784276,61.184632207784276,81.18463220778428
4,20.5,22.625219257269464,42.625219257269464,62.625219257269464,82.62521925726946
5,21.5,22.337101847372427,42.33710184737242,62.33710184737242,82.33710184737242
6,21.1,22.19304314242391,42.19304314242391,62.19304314242391,82.1930431424239
7,21.5,47.72559114958122,67.72559114958122,87.72559114958122,107.72559114958122
8,23.1,22.337101847372427,42.33710184737242,62.33710184737242,82.33710184737242
9,24.6,21.904925732526873,41.90492573252688,61.90492573252688,81.90492573252688
10,26.1,21.760867027578357,41.76086702757836,61.76086702757836,81.76086702757836
11,26.6,59.771571628417284,79.77157162841729,99.77157162841729,119.77157162841729
12,26.6,21.616808322629836,41.616808322629836,61.616808322629836,81.61680832262984
13,26.9,21.47274961768132,41.472749617681316,61.472749617681316,81.47274961768132
14,27.7,21.3286909127328,41.328690912732796,61.328690912732796,81.3286909127328
15,28.7,21.47274961768132,41.472749617681316,61.472749617681316,81.47274961768132
16,28.1,21.3286909127328,41.328690912732796,61.328690912732796,81.3286909127328
17,27.9,21.47274961768132,41.472749617681316,61.472749617681316,81.47274961768132
18,28.2,84.43976740588349,104.43976740588349,124.43976740588349,144.4397674058835
19,27.2,21.18463220778428,41.184632207784276,61.184632207784276,81.18463220778428
20,26.4,21.040573502835763,41.04057350283576,61.04057350283576,81.04057350283577
21,26.1,21.040573502835763,41.04057350283576,61.04057350283576,81.04057350283577
22,25.3,21.18463220778428,41.184632207784276,61.184632207784276,81.18463220778428
23,25.0,21.040573502835763,41.04057350283576,61.04057350283576,81.04057350283577
24,25.5,21.040573502835763,41.04057350283576,61.04057350283576,81.04057350283577
25,25.2,20.896514797887242,40.89651479788724,60.89651479788724,80.89651479788725
26,24.2,21.040573502835763,41.04057350283576,61.04057350283576,81.04057350283577
27,23.4,21.47274961768132,41.472749617681316,61.472749617681316,81.47274961768132
28,22.5,21.760867027578357,41.76086702757836,61.76086702757836,81.76086702757836
29,22.5,21.3286909127328,41.328690912732796,61.328690912732796,81.3286909127328
30,22.9,21.040573502835763,41.04057350283576,61.04057350283576,81.04057350283577
31,22.5,46.28500410009604,66.28500410009605,86.28500410009605,106.28500410009605
32,22.0,21.040573502835763,41.04057350283576,61.04057350283576,81.04057350283577
33,22.0,21.18463220778428,41.184632207784276,61.184632207784276,81.18463220778428
34,21.7,20.896514797887242,40.89651479788724,60.89651479788724,80.89651479788725
35,21.4,58.475043283880616,78.47504328388061,98.47504328388061,118.47504328388061
36,21.1,20.32027997809317,40.32027997809317,60.32027997809317,80.32027997809317
37,20.5,20.608397387990205,40.60839738799021,60.60839738799021,80.60839738799021
38,20.1,21.040573502835763,41.04057350283576,61.04057350283576,81.04057350283577
39,19.9,21.47274961768132,41.472749617681316,61.472749617681316,81.47274961768132
40,20.1,21.47274961768132,41.472749617681316,61.472749617681316,81.47274961768132
41,20.7,21.040573502835763,41.04057350283576,61.04057350283576,81.04057350283577
42,20.9,84.00759129103794,104.00759129103794,124.00759129103794,144.00759129103795
43,21.4,21.040573502835763,41.04057350283576,61.04057350283576,81.04057350283577
44,21.5,21.47274961768132,41.472749617681316,61.472749617681316,81.47274961768132
45,21.2,21.47274961768132,41.472749617681316,61.472749617681316,81.47274961768132
46,20.6,22.048984437475394,42.0489844374754,62.0489844374754,82.0489844374754
47,20.0,22.19304314242391,42.19304314242391,62.19304314242391,82.1930431424239
48,19.1,22.337101847372427,42.33710184737242,62.33710184737242,82.33710184737242
49,19.0,22.337101847372427,42.33710184737242,62.33710184737242,82.33710184737242
50,19.3,22.19304314242391,42.19304314242391,62.19304314242391,82.1930431424239
51,19.6,22.048984437475394,42.0489844374754,62.0489844374754,82.0489844374754
52,20.0,22.337101847372427,42.33710184737242,62.33710184737242,82.33710184737242
53,22.1,22.625219257269464,42.625219257269464,62.625219257269464,82.62521925726946
54,23.8,22.625219257269464,42.625219257269464,62.625219257269464,82.62521925726946
55,25.7,48.15776726442678,68.15776726442678,88.15776726442678,108.15776726442678
56,26.7,23.05739537211502,43.057395372115025,63.057395372115025,83.05739537211502
57,25.3,22.913336667166504,42.913336667166504,62.913336667166504,82.9133366671665
58,23.6,22.769277962217984,42.769277962217984,62.769277962217984,82.76927796221798
59,23.7,60.49186515315988,80.49186515315988,100.49186515315988,120.49186515315988
60,24.0,23.20145407706354,43.201454077063545,63.201454077063545,83.20145407706354
61,23.6,23.633630191909095,43.63363019190909,63.63363019190909,83.63363019190909
62,23.0,24.06580630675465,44.06580630675465,64.06580630675465,84.06580630675465
63,23.2,24.49798242160021,44.49798242160021,64.49798242160021,84.49798242160021
64,23.8,24.786099831497243,44.78609983149724,64.78609983149724,84.78609983149724
65,23.9,24.642041126548726,44.642041126548726,64.64204112654872,84.64204112654872
66,23.9,87.89717632464794,107.89717632464794,127.89717632464794,147.89717632464794
67,23.7,24.93015853644576,44.93015853644576,64.93015853644576,84.93015853644576
68,23.4,24.642041126548726,44.642041126548726,64.64204112654872,84.64204112654872
69,23.1,24.642041126548726,44.642041126548726,64.64204112654872,84.64204112654872
70,22.7,24.353923716651693,44.35392371665169,64.35392371665169,84.35392371665169
71,22.8,24.20986501170317,44.20986501170317,64.20986501170317,84.20986501170317
72,22.0,24.20986501170317,44.20986501170317,64.20986501170317,84.20986501170317
73,21.3,23.633630191909095,43.63363019190909,63.63363019190909,83.63363019190909
74,20.4,23.20145407706354,43.201454077063545,63.201454077063545,83.20145407706354
75,19.6,22.769277962217984,42.769277962217984,62.769277962217984,82.76927796221798
76,20.6,22.625219257269464,42.625219257269464,62.625219257269464,82.62521925726946
77,23.2,22.769277962217984,42.769277962217984,62.769277962217984,82.76927796221798
78,26.1,22.625219257269464,42.625219257269464,62.625219257269464,82.62521925726946
79,28.1,47.72559114958122,67.72559114958122,87.72559114958122,107.72559114958122
80,30.8,22.337101847372427,42.33710184737242,62.33710184737242,82.33710184737242
81,33.2,22.19304314242391,42.19304314242391,62.19304314242391,82.1930431424239
82,32.4,21.904925732526873,41.90492573252688,61.90492573252688,81.90492573252688
83,33.0,59.915630333365804,79.91563033336581,99.91563033336581,119.91563033336581
84,32.7,22.481160552320947,42.481160552320944,62.481160552320944,82.48116055232094
85,32.1,22.481160552320947,42.481160552320944,62.481160552320944,82.48116055232094
86,30.1,22.337101847372427,42.33710184737242,62.33710184737242,82.33710184737242
87,30.6,22.19304314242391,42.19304314242391,62.19304314242391,82.1930431424239
88,31.1,22.19304314242391,42.19304314242391,62.19304314242391,82.1930431424239
89,30.7,22.337101847372427,42.33710184737242,62.33710184737242,82.33710184737242
90,30.1,85.44817834052313,105.44817834052313,125.44817834052313,145.44817834052313
91,29.9,22.337101847372427,42.33710184737242,62.33710184737242,82.33710184737242
92,30.9,22.337101847372427,42.33710184737242,62.33710184737242,82.33710184737242
93,31.0,22.337101847372427,42.33710184737242,62.33710184737242,82.33710184737242
94,29.1,22.19304314242391,42.19304314242391,62.19304314242391,82.1930431424239
95,27.9,22.048984437475394,42.0489844374754,62.0489844374754,82.0489844374754
96,28.3,22.048984437475394,42.0489844374754,62.0489844374754,82.0489844374754
97,26.7,22.048984437475394,42.0489844374754,62.0489844374754,82.0489844374754
98,26.2,22.048984437475394,42.0489844374754,62.0489844374754,82.0489844374754
99,26.2,22.625219257269464,42.625219257269464,62.625219257269464,82.62521925726946
100,27.4,22.913336667166504,42.913336667166504,62.913336667166504,82.9133366671665
101,28.8,23.345512782012054,43.34551278201205,63.34551278201205,83.34551278201205
102,27.9,23.633630191909095,43.63363019190909,63.63363019190909,83.63363019190909
103,28.8,48.87806078916937,68.87806078916937,88.87806078916937,108.87806078916937
104,30.2,23.633630191909095,43.63363019190909,63.63363019190909,83.63363019190909
105,29.0,23.633630191909095,43.63363019190909,63.63363019190909,83.63363019190909
106,28.7,23.489571486960575,43.48957148696057,63.48957148696057,83.48957148696057
107,29.0,60.92404126800543,80.92404126800542,100.92404126800542,120.92404126800542
108,29.1,22.913336667166504,42.913336667166504,62.913336667166504,82.9133366671665
109,28.2,23.345512782012054,43.34551278201205,63.34551278201205,83.34551278201205
110,27.8,23.921747601806135,43.92174760180613,63.92174760180613,83.92174760180613
111,28.2,24.06580630675465,44.06580630675465,64.06580630675465,84.06580630675465
112,29.2,24.20986501170317,44.20986501170317,64.20986501170317,84.20986501170317
113,30.7,24.20986501170317,44.20986501170317,64.20986501170317,84.20986501170317
114,31.2,87.17688279990534,107.17688279990534,127.17688279990534,147.17688279990534
115,30.6,24.20986501170317,44.20986501170317,64.20986501170317,84.20986501170317
116,30.6,24.353923716651693,44.35392371665169,64.35392371665169,84.35392371665169
117,30.2,24.353923716651693,44.35392371665169,64.35392371665169,84.35392371665169
118,30.6,24.642041126548726,44.642041126548726,64.64204112654872,84.64204112654872
119,31.9,24.642041126548726,44.642041126548726,64.64204112654872,84.64204112654872
120,31.7,24.49798242160021,44.49798242160021,64.49798242160021,84.49798242160021
121,32.1,24.353923716651693,44.35392371665169,64.35392371665169,84.35392371665169
122,31.4,24.49798242160021,44.49798242160021,64.49798242160021,84.49798242160021
123,31.2,24.49798242160021,44.49798242160021,64.49798242160021,84.49798242160021
124,30.5,24.642041126548726,44.642041126548726,64.64204112654872,84.64204112654872
125,31.2,24.786099831497243,44.78609983149724,64.78609983149724,84.78609983149724
126,32.1,25.074217241394283,45.07421724139428,65.07421724139428,85.07421724139428
127,35.2,50.75082395350012,70.75082395350012,90.75082395350012,110.75082395350012
128,36.2,25.650452061188354,45.65045206118835,65.65045206118836,85.65045206118836
129,37.3,26.08262817603391,46.08262817603391,66.08262817603391,86.08262817603391
130,37.1,25.93856947108539,45.93856947108539,65.93856947108539,85.93856947108539
131,36.5,63.51709795707876,83.51709795707876,103.51709795707876,123.51709795707876
132,35.8,25.36233465129132,45.36233465129132,65.36233465129132,85.36233465129132
133,34.3,25.074217241394283,45.07421724139428,65.07421724139428,85.07421724139428
134,33.8,25.074217241394283,45.07421724139428,65.07421724139428,85.07421724139428
135,34.0,25.074217241394283,45.07421724139428,65.07421724139428,85.07421724139428
136,35.6,24.93015853644576,44.93015853644576,64.93015853644576,84.93015853644576
137,35.5,24.786099831497243,44.78609983149724,64.78609983149724,84.78609983149724
138,36.2,88.04123502959645,108.04123502959645,128.04123502959646,148.04123502959646
139,35.7,24.642041126548726,44.642041126548726,64.64204112654872,84.64204112654872
140,35.6,24.786099831497243,44.78609983149724,64.78609983149724,84.78609983149724
141,35.9,24.642041126548726,44.642041126548726,64.64204112654872,84.64204112654872
142,35.8,24.353923716651693,44.35392371665169,64.35392371665169,84.35392371665169
143,35.1,24.353923716651693,44.35392371665169,64.35392371665169,84.35392371665169
144,34.5,24.06580630675465,44.06580630675465,64.06580630675465,84.06580630675465
145,35.0,24.06580630675465,44.06580630675465,64.06580630675465,84.06580630675465
146,34.4,24.06580630675465,44.06580630675465,64.06580630675465,84.06580630675465
147,34.8,23.921747601806135,43.92174760180613,63.92174760180613,83.92174760180613
148,34.8,23.921747601806135,43.92174760180613,63.92174760180613,83.92174760180613
149,34.5,23.921747601806135,43.92174760180613,63.92174760180613,83.92174760180613
150,35.4,23.77768889685761,43.77768889685761,63.77768889685761,83.77768889685761
151,37.2,49.02211949411789,69.02211949411789,89.02211949411789,109.02211949411789
152,37.4,23.633630191909095,43.63363019190909,63.63363019190909,83.63363019190909
153,36.4,23.489571486960575,43.48957148696057,63.48957148696057,83.48957148696057
154,36.7,23.489571486960575,43.48957148696057,63.48957148696057,83.48957148696057
155,36.3,61.212158677902465,81.21215867790247,101.21215867790247,121.21215867790247
156,34.7,23.05739537211502,43.057395372115025,63.057395372115025,83.05739537211502
157,33.4,22.913336667166504,42.913336667166504,62.913336667166504,82.9133366671665
158,32.8,22.769277962217984,42.769277962217984,62.769277962217984,82.76927796221798
159,32.9,22.769277962217984,42.769277962217984,62.769277962217984,82.76927796221798
160,32.9,22.913336667166504,42.913336667166504,62.913336667166504,82.9133366671665
161,33.1,23.05739537211502,43.057395372115025,63.057395372115025,83.05739537211502
162,32.1,86.45658927516274,106.45658927516274,126.45658927516274,146.45658927516274
163,30.9,23.05739537211502,43.057395372115025,63.057395372115025,83.05739537211502
164,30.1,23.05739537211502,43.057395372115025,63.057395372115025,83.05739537211502
165,29.9,23.05739537211502,43.057395372115025,63.057395372115025,83.05739537211502
166,28.5,23.05739537211502,43.057395372115025,63.057395372115025,83.05739537211502
167,28.2,23.20145407706354,43.201454077063545,63.201454077063545,83.20145407706354
168,27.5,23.05739537211502,43.057395372115025,63.057395372115025,83.05739537211502
169,26.9,23.05739537211502,43.057395372115025,63.057395372115025,83.05739537211502
170,26.5,22.913336667166504,42.913336667166504,62.913336667166504,82.9133366671665
171,26.4,22.913336667166504,42.913336667166504,62.913336667166504,82.9133366671665
172,26.7,23.05739537211502,43.057395372115025,63.057395372115025,83.05739537211502
173,26.9,22.913336667166504,42.913336667166504,62.913336667166504,82.9133366671665
174,28.8,22.769277962217984,42.769277962217984,62.769277962217984,82.76927796221798
175,28.9,47.86964985452974,67.86964985452974,87.86964985452974,107.86964985452974
176,30.4,22.481160552320947,42.481160552320944,62.481160552320944,82.48116055232094
177,30.7,22.048984437475394,42.0489844374754,62.0489844374754,82.0489844374754
178,31.2,21.904925732526873,41.90492573252688,61.90492573252688,81.90492573252688
179,30.3,59.48345421852025,79.48345421852025,99.48345421852025,119.48345421852025
180,29.6,21.616808322629836,41.616808322629836,61.616808322629836,81.61680832262984
181,29.3,21.616808322629836,41.616808322629836,61.616808322629836,81.61680832262984
182,29.3,21.904925732526873,41.90492573252688,61.90492573252688,81.90492573252688
183,30.6,22.337101847372427,42.33710184737242,62.33710184737242,82.33710184737242
184,30.6,22.337101847372427,42.33710184737242,62.33710184737242,82.33710184737242
185,29.7,22.481160552320947,42.481160552320944,62.481160552320944,82.48116055232094
186,28.5,85.73629575042015,105.73629575042015,125.73629575042015,145.73629575042014
187,29.1,22.913336667166504,42.913336667166504,62.913336667166504,82.9133366671665
188,28.3,23.345512782012054,43.34551278201205,63.34551278201205,83.34551278201205
189,27.8,23.489571486960575,43.48957148696057,63.48957148696057,83.48957148696057
190,27.4,23.345512782012054,43.34551278201205,63.34551278201205,83.34551278201205
191,27.1,23.345512782012054,43.34551278201205,63.34551278201205,83.34551278201205
192,27.3,23.345512782012054,43.34551278201205,63.34551278201205,83.34551278201205
193,28.4,23.489571486960575,43.48957148696057,63.48957148696057,83.48957148696057
194,27.5,23.489571486960575,43.48957148696057,63.48957148696057,83.48957148696057
195,27.1,23.633630191909095,43.63363019190909,63.63363019190909,83.63363019190909
196,27.0,23.633630191909095,43.63363019190909,63.63363019190909,83.63363019190909
197,27.0,23.633630191909095,43.63363019190909,63.63363019190909,83.63363019190909
198,27.5,24.06580630675465,44.06580630675465,64.06580630675465,84.06580630675465
199,28.6,49.45429560896345,69.45429560896345,89.45429560896345,109.45429560896345
200,29.5,24.20986501170317,44.20986501170317,64.20986501170317,84.20986501170317
201,30.5,24.06580630675465,44.06580630675465,64.06580630675465,84.06580630675465
202,29.8,23.921747601806135,43.92174760180613,63.92174760180613,83.92174760180613
203,27.8,61.212158677902465,81.21215867790247,101.21215867790247,121.21215867790247
204,29.1,22.481160552320947,42.481160552320944,62.481160552320944,82.48116055232094
205,28.5,22.769277962217984,42.769277962217984,62.769277962217984,82.76927796221798
206,27.3,23.77768889685761,43.77768889685761,63.77768889685761,83.77768889685761
207,28.2,25.93856947108539,45.93856947108539,65.93856947108539,85.93856947108539
208,29.0,27.955391340364653,47.955391340364656,67.95539134036466,87.95539134036466
209,29.4,28.81974357005576,48.81974357005576,68.81974357005576,88.81974357005576
210,28.5,91.78676135825793,111.78676135825793,131.78676135825793,151.78676135825793
211,29.0,27.23509781562206,47.235097815622055,67.23509781562205,87.23509781562205
212,30.9,26.226686880982435,46.226686880982435,66.22668688098244,86.22668688098244
213,31.9,25.650452061188354,45.65045206118835,65.65045206118836,85.65045206118836
214,29.5,25.794510766136877,45.79451076613688,65.79451076613688,85.79451076613688
215,28.4,25.794510766136877,45.79451076613688,65.79451076613688,85.79451076613688
216,28.4,25.36233465129132,45.36233465129132,65.36233465129132,85.36233465129132
217,27.7,24.786099831497243,44.78609983149724,64.78609983149724,84.78609983149724
218,27.5,24.93015853644576,44.93015853644576,64.93015853644576,84.93015853644576
219,27.5,24.93015853644576,44.93015853644576,64.93015853644576,84.93015853644576
220,27.3,24.49798242160021,44.49798242160021,64.49798242160021,84.49798242160021
221,27.6,23.921747601806135,43.92174760180613,63.92174760180613,83.92174760180613
222,28.4,23.489571486960575,43.48957148696057,63.48957148696057,83.48957148696057
223,30.4,48.73400208422085,68.73400208422085,88.73400208422085,108.73400208422085
224,32.2,23.633630191909095,43.63363019190909,63.63363019190909,83.63363019190909
225,33.5,23.489571486960575,43.48957148696057,63.48957148696057,83.48957148696057
226,33.0,23.489571486960575,43.48957148696057,63.48957148696057,83.48957148696057
227,31.4,61.644334792748026,81.64433479274803,101.64433479274803,121.64433479274803
228,31.0,23.77768889685761,43.77768889685761,63.77768889685761,83.77768889685761
229,31.5,23.20145407706354,43.201454077063545,63.201454077063545,83.20145407706354
230,30.1,22.913336667166504,42.913336667166504,62.913336667166504,82.9133366671665
231,32.4,22.913336667166504,42.913336667166504,62.913336667166504,82.9133366671665
232,34.4,22.913336667166504,42.913336667166504,62.913336667166504,82.9133366671665
233,34.6,23.20145407706354,43.201454077063545,63.201454077063545,83.20145407706354
234,32.5,87.89717632464794,107.89717632464794,127.89717632464794,147.89717632464794
235,33.6,26.370745585930948,46.37074558593095,66.37074558593095,86.37074558593095
236,33.4,26.658862995827985,46.65886299582799,66.65886299582799,86.65886299582799
237,32.3,28.243508750261686,48.24350875026168,68.24350875026168,88.24350875026168
238,31.4,28.675684865107243,48.67568486510724,68.67568486510724,88.67568486510724
239,31.5,29.1078609799528,49.107860979952804,69.1078609799528,89.1078609799528
240,31.4,28.96380227500428,48.963802275004284,68.96380227500428,88.96380227500428
241,31.2,29.395978389849837,49.39597838984984,69.39597838984983,89.39597838984983
242,33.4,29.1078609799528,49.107860979952804,69.1078609799528,89.1078609799528
243,34.4,28.96380227500428,48.963802275004284,68.96380227500428,88.96380227500428
244,35.1,28.96380227500428,48.963802275004284,68.96380227500428,88.96380227500428
245,37.6,28.675684865107243,48.67568486510724,68.67568486510724,88.67568486510724
246,39.7,27.523215225519095,47.523215225519095,67.5232152255191,87.5232152255191
247,40.5,51.615176183191224,71.61517618319122,91.61517618319122,111.61517618319122
248,38.5,25.794510766136877,45.79451076613688,65.79451076613688,85.79451076613688
249,40.0,25.50639335623984,45.50639335623984,65.50639335623984,85.50639335623984
250,40.6,24.93015853644576,44.93015853644576,64.93015853644576,84.93015853644576
251,38.8,62.22056961254211,82.2205696125421,102.2205696125421,122.2205696125421
252,35.0,23.20145407706354,43.201454077063545,63.201454077063545,83.20145407706354
253,33.8,22.19304314242391,42.19304314242391,62.19304314242391,82.1930431424239
254,32.9,22.048984437475394,42.0489844374754,62.0489844374754,82.0489844374754
255,34.1,22.048984437475394,42.0489844374754,62.0489844374754,82.0489844374754
256,36.9,22.048984437475394,42.0489844374754,62.0489844374754,82.0489844374754
257,37.7,22.048984437475394,42.0489844374754,62.0489844374754,82.0489844374754
258,36.3,85.01600222567757,105.01600222567757,125.01600222567757,145.01600222567757
259,35.9,21.904925732526873,41.90492573252688,61.90492573252688,81.90492573252688
260,34.4,21.760867027578357,41.76086702757836,61.76086702757836,81.76086702757836
261,34.0,21.47274961768132,41.472749617681316,61.472749617681316,81.47274961768132
262,33.4,21.040573502835763,41.04057350283576,61.04057350283576,81.04057350283577
263,32.2,20.752456092938722,40.75245609293872,60.75245609293872,80.75245609293873
264,30.0,20.464338683041685,40.46433868304169,60.46433868304169,80.46433868304169
265,30.7,20.32027997809317,40.32027997809317,60.32027997809317,80.32027997809317
266,30.5,20.464338683041685,40.46433868304169,60.46433868304169,80.46433868304169
267,29.2,20.176221273144648,40.17622127314465,60.17622127314465,80.17622127314465
268,28.3,20.464338683041685,40.46433868304169,60.46433868304169,80.46433868304169
269,28.5,21.47274961768132,41.472749617681316,61.472749617681316,81.47274961768132
270,30.3,22.048984437475394,42.0489844374754,62.0489844374754,82.0489844374754
271,33.0,48.01370855947826,68.01370855947826,88.01370855947826,108.01370855947826
272,37.1,24.93015853644576,44.93015853644576,64.93015853644576,84.93015853644576
273,34.7,26.946980405725025,46.94698040572503,66.94698040572503,86.94698040572503
274,33.9,26.946980405725025,46.94698040572503,66.94698040572503,86.94698040572503
275,32.6,65.53391982635803,85.53391982635803,105.53391982635803,125.53391982635803
276,31.5,28.099450045313173,48.099450045313176,68.09945004531318,88.09945004531318
277,30.9,28.531626160158723,48.53162616015872,68.53162616015872,88.53162616015872
278,31.2,29.395978389849837,49.39597838984984,69.39597838984983,89.39597838984983
279,29.5,30.83656543933502,50.83656543933502,70.83656543933502,90.83656543933502
280,29.3,31.268741554180583,51.26874155418058,71.26874155418058,91.26874155418058
281,29.8,31.268741554180583,51.26874155418058,71.26874155418058,91.26874155418058
282,28.6,94.23575934238275,114.23575934238275,134.23575934238275,154.23575934238275
283,28.0,30.692506734386505,50.692506734386505,70.69250673438651,90.69250673438651
284,27.8,30.692506734386505,50.692506734386505,70.69250673438651,90.69250673438651
285,26.6,30.260330619540948,50.26033061954095,70.26033061954095,90.26033061954095
286,24.5,29.97221320964391,49.97221320964391,69.97221320964391,89.97221320964391
287,23.2,29.97221320964391,49.97221320964391,69.97221320964391,89.97221320964391
288,20.9,29.828154504695394,49.82815450469539,69.82815450469539,89.82815450469539
289,22.5,29.540037094798354,49.54003709479835,69.54003709479835,89.54003709479835
290,22.5,29.97221320964391,49.97221320964391,69.97221320964391,89.97221320964391
291,21.9,28.81974357005576,48.81974357005576,68.81974357005576,88.81974357005576
292,21.5,27.955391340364653,47.955391340364656,67.95539134036466,87.95539134036466
293,21.7,28.243508750261686,48.24350875026168,68.24350875026168,88.24350875026168
294,22.1,29.395978389849837,49.39597838984984,69.39597838984983,89.39597838984983
295,23.8,56.080996036595295,76.0809960365953,96.0809960365953,116.0809960365953
296,25.0,30.11627191459243,50.11627191459243,70.11627191459243,90.11627191459243
297,25.1,26.802921700776505,46.80292170077651,66.80292170077651,86.80292170077651
298,25.0,23.77768889685761,43.77768889685761,63.77768889685761,83.77768889685761
299,23.7,60.49186515315988,80.49186515315988,100.49186515315988,120.49186515315988
300,22.7,22.481160552320947,42.481160552320944,62.481160552320944,82.48116055232094
301,22.4,22.913336667166504,42.913336667166504,62.913336667166504,82.9133366671665
302,21.8,23.633630191909095,43.63363019190909,63.63363019190909,83.63363019190909
303,22.0,23.921747601806135,43.92174760180613,63.92174760180613,83.92174760180613
304,23.1,24.06580630675465,44.06580630675465,64.06580630675465,84.06580630675465
305,23.3,24.353923716651693,44.35392371665169,64.35392371665169,84.35392371665169
306,23.7,87.46500020980238,107.46500020980238,127.46500020980238,147.46500020980238
307,23.5,24.06580630675465,44.06580630675465,64.06580630675465,84.06580630675465
308,22.9,24.49798242160021,44.49798242160021,64.49798242160021,84.49798242160021
309,22.9,24.642041126548726,44.642041126548726,64.64204112654872,84.64204112654872
310,22.3,24.786099831497243,44.78609983149724,64.78609983149724,84.78609983149724
311,21.1,24.93015853644576,44.93015853644576,64.93015853644576,84.93015853644576
312,19.8,25.074217241394283,45.07421724139428,65.07421724139428,85.07421724139428
313,19.2,25.074217241394283,45.07421724139428,65.07421724139428,85.07421724139428
314,19.3,25.50639335623984,45.50639335623984,65.50639335623984,85.50639335623984
315,19.4,25.93856947108539,45.93856947108539,65.93856947108539,85.93856947108539
316,17.8,26.226686880982435,46.226686880982435,66.22668688098244,86.22668688098244
317,17.3,26.370745585930948,46.37074558593095,66.37074558593095,86.37074558593095
318,17.3,26.370745585930948,46.37074558593095,66.37074558593095,86.37074558593095
319,19.0,51.615176183191224,71.61517618319122,91.61517618319122,111.61517618319122
320,22.4,26.658862995827985,46.65886299582799,66.65886299582799,86.65886299582799
321,24.2,26.514804290879468,46.51480429087947,66.51480429087947,86.51480429087947
322,23.7,26.946980405725025,46.94698040572503,66.94698040572503,86.94698040572503
323,23.6,65.24580241646099,85.24580241646099,105.24580241646099,125.24580241646099
324,23.6,28.099450045313173,48.099450045313176,68.09945004531318,88.09945004531318
325,23.9,30.980624144283546,50.980624144283546,70.98062414428355,90.98062414428355
326,24.6,31.844976373974653,51.84497637397465,71.84497637397465,91.84497637397465
327,25.2,32.133093783871686,52.133093783871686,72.13309378387169,92.13309378387169
328,26.5,32.70932860366576,52.70932860366576,72.70932860366577,92.70932860366577
329,27.2,33.86179824325391,53.86179824325391,73.8617982432539,93.8617982432539
330,26.5,98.12534437599275,118.12534437599275,138.12534437599277,158.12534437599277
331,26.0,35.73456140758466,55.73456140758466,75.73456140758466,95.73456140758466
332,26.1,35.73456140758466,55.73456140758466,75.73456140758466,95.73456140758466
333,25.9,36.02267881748169,56.02267881748169,76.02267881748169,96.02267881748169
334,25.8,36.74297234222428,56.74297234222428,76.74297234222428,96.74297234222428
335,24.8,37.75138327686391,57.75138327686391,77.75138327686392,97.75138327686392
336,24.3,39.19197032634909,59.19197032634909,79.1919703263491,99.1919703263491
337,25.1,39.62414644119465,59.62414644119465,79.62414644119465,99.62414644119465
338,24.2,39.04791162140057,59.04791162140057,79.04791162140057,99.04791162140057
339,24.3,38.4716768016065,58.4716768016065,78.47167680160649,98.47167680160649
340,25.5,38.183559391709466,58.183559391709466,78.18355939170947,98.18355939170947
341,26.8,37.89544198181243,57.89544198181243,77.89544198181244,97.89544198181244
342,27.2,38.4716768016065,58.4716768016065,78.47167680160649,98.47167680160649
343,27.3,64.72451833350641,84.72451833350641,104.72451833350641,124.72451833350641
344,28.9,40.7766160807828,60.7766160807828,80.7766160807828,100.7766160807828
345,30.3,41.640968310473916,61.640968310473916,81.64096831047391,101.64096831047391
346,29.8,40.7766160807828,60.7766160807828,80.7766160807828,100.7766160807828
347,28.4,76.48238140244544,96.48238140244544,116.48238140244544,136.48238140244544
348,27.4,36.02267881748169,56.02267881748169,76.02267881748169,96.02267881748169
349,26.9,34.29397435809947,54.29397435809947,74.29397435809946,94.29397435809946
350,27.1,33.285563423459834,53.285563423459834,73.28556342345983,93.28556342345983
351,27.3,32.56526989871724,52.56526989871724,72.56526989871725,92.56526989871725
352,28.2,32.42121119376873,52.42121119376873,72.42121119376873,92.42121119376873
353,29.2,32.85338730861428,52.85338730861428,72.85338730861429,92.85338730861429
354,29.1,96.82881603145609,116.82881603145609,136.82881603145609,156.82881603145609
355,28.3,34.29397435809947,54.29397435809947,74.29397435809946,94.29397435809946
356,27.9,34.5820917679965,54.5820917679965,74.5820917679965,94.5820917679965
357,27.5,34.43803306304798,54.43803306304798,74.43803306304798,94.43803306304798
358,27.6,34.29397435809947,54.29397435809947,74.29397435809946,94.29397435809946
359,26.9,34.00585694820243,54.00585694820243,74.00585694820242,94.00585694820242
360,27.4,32.70932860366576,52.70932860366576,72.70932860366577,92.70932860366577
361,26.3,31.70091766902613,51.700917669026126,71.70091766902613,91.70091766902613
362,24.4,31.556858964077616,51.55685896407762,71.55685896407762,91.55685896407762
363,23.4,31.124682849232055,51.12468284923206,71.12468284923206,91.12468284923206
364,23.0,30.83656543933502,50.83656543933502,70.83656543933502,90.83656543933502
365,22.9,30.404389324489465,50.404389324489465,70.40438932448947,90.40438932448947
366,23.4,29.540037094798354,49.54003709479835,69.54003709479835,89.54003709479835
367,23.7,54.06417416731604,74.06417416731604,94.06417416731604,114.06417416731604
368,23.8,29.251919684901317,49.25191968490132,69.25191968490131,89.25191968490131
369,23.5,27.955391340364653,47.955391340364656,67.95539134036466,87.95539134036466
370,24.8,26.802921700776505,46.80292170077651,66.80292170077651,86.80292170077651
371,24.9,63.8052153669758,83.8052153669758,103.8052153669758,123.8052153669758
372,24.9,25.650452061188354,45.65045206118835,65.65045206118836,85.65045206118836
373,25.1,25.218275946342796,45.2182759463428,65.2182759463428,85.2182759463428
374,24.8,25.36233465129132,45.36233465129132,65.36233465129132,85.36233465129132
375,25.0,25.50639335623984,45.50639335623984,65.50639335623984,85.50639335623984
376,24.6,25.650452061188354,45.65045206118835,65.65045206118836,85.65045206118836
377,24.1,25.650452061188354,45.65045206118835,65.65045206118836,85.65045206118836
378,23.1,89.04964596423608,109.04964596423608,129.04964596423608,149.04964596423608
379,23.1,26.08262817603391,46.08262817603391,66.08262817603391,86.08262817603391
380,24.4,26.08262817603391,46.08262817603391,66.08262817603391,86.08262817603391
381,25.0,26.226686880982435,46.226686880982435,66.22668688098244,86.22668688098244
382,25.2,26.370745585930948,46.37074558593095,66.37074558593095,86.37074558593095
383,24.3,26.370745585930948,46.37074558593095,66.37074558593095,86.37074558593095
384,23.2,26.226686880982435,46.226686880982435,66.22668688098244,86.22668688098244
385,24.3,26.514804290879468,46.51480429087947,66.51480429087947,86.51480429087947
386,23.0,26.514804290879468,46.51480429087947,66.51480429087947,86.51480429087947
387,24.3,26.658862995827985,46.65886299582799,66.65886299582799,86.65886299582799
388,28.0,26.946980405725025,46.94698040572503,66.94698040572503,86.94698040572503
389,28.5,27.23509781562206,47.235097815622055,67.23509781562205,87.23509781562205
390,29.2,27.37915652057058,47.379156520570575,67.37915652057058,87.37915652057058
391,31.4,52.47952841288233,72.47952841288233,92.47952841288233,112.47952841288233
392,33.2,27.09103911067354,47.09103911067354,67.09103911067353,87.09103911067353
393,33.0,26.658862995827985,46.65886299582799,66.65886299582799,86.65886299582799
394,31.2,26.226686880982435,46.226686880982435,66.22668688098244,86.22668688098244
395,29.8,63.66115666202729,83.66115666202728,103.66115666202728,123.66115666202728
396,29.2,25.650452061188354,45.65045206118835,65.65045206118836,85.65045206118836
397,28.6,25.650452061188354,45.65045206118835,65.65045206118836,85.65045206118836
398,29.5,25.794510766136877,45.79451076613688,65.79451076613688,85.79451076613688
399,30.1,26.08262817603391,46.08262817603391,66.08262817603391,86.08262817603391
400,31.9,26.226686880982435,46.226686880982435,66.22668688098244,86.22668688098244
401,33.7,26.226686880982435,46.226686880982435,66.22668688098244,86.22668688098244
402,33.3,89.48182207908164,109.48182207908164,129.48182207908164,149.48182207908164
403,32.5,26.226686880982435,46.226686880982435,66.22668688098244,86.22668688098244
404,31.1,26.08262817603391,46.08262817603391,66.08262817603391,86.08262817603391
405,30.8,26.08262817603391,46.08262817603391,66.08262817603391,86.08262817603391
406,30.1,26.08262817603391,46.08262817603391,66.08262817603391,86.08262817603391
407,29.9,26.08262817603391,46.08262817603391,66.08262817603391,86.08262817603391
408,29.5,25.93856947108539,45.93856947108539,65.93856947108539,85.93856947108539
409,29.0,25.93856947108539,45.93856947108539,65.93856947108539,85.93856947108539
410,29.6,25.93856947108539,45.93856947108539,65.93856947108539,85.93856947108539
411,29.4,25.794510766136877,45.79451076613688,65.79451076613688,85.79451076613688
412,29.5,25.50639335623984,45.50639335623984,65.50639335623984,85.50639335623984
413,30.9,25.218275946342796,45.2182759463428,65.2182759463428,85.2182759463428
414,32.6,24.93015853644576,44.93015853644576,64.93015853644576,84.93015853644576
415,35.6,50.030530428757515,70.03053042875752,90.03053042875752,110.03053042875752
416,35.7,24.642041126548726,44.642041126548726,64.64204112654872,84.64204112654872
417,36.6,24.20986501170317,44.20986501170317,64.20986501170317,84.20986501170317
418,35.8,23.921747601806135,43.92174760180613,63.92174760180613,83.92174760180613
419,32.3,61.644334792748026,81.64433479274803,101.64433479274803,121.64433479274803
420,30.6,23.77768889685761,43.77768889685761,63.77768889685761,83.77768889685761
421,28.7,23.633630191909095,43.63363019190909,63.63363019190909,83.63363019190909
422,28.7,23.489571486960575,43.48957148696057,63.48957148696057,83.48957148696057
423,28.6,23.633630191909095,43.63363019190909,63.63363019190909,83.63363019190909
424,30.5,23.633630191909095,43.63363019190909,63.63363019190909,83.63363019190909
425,31.8,23.633630191909095,43.63363019190909,63.63363019190909,83.63363019190909
426,29.4,86.8887653900083,106.8887653900083,126.8887653900083,146.8887653900083
427,27.9,23.77768889685761,43.77768889685761,63.77768889685761,83.77768889685761
428,28.0,23.921747601806135,43.92174760180613,63.92174760180613,83.92174760180613
429,28.4,24.06580630675465,44.06580630675465,64.06580630675465,84.06580630675465
430,29.5,24.353923716651693,44.35392371665169,64.35392371665169,84.35392371665169
431,27.6,24.642041126548726,44.642041126548726,64.64204112654872,84.64204112654872
432,27.7,24.786099831497243,44.78609983149724,64.78609983149724,84.78609983149724
433,26.2,24.93015853644576,44.93015853644576,64.93015853644576,84.93015853644576
434,25.1,25.074217241394283,45.07421724139428,65.07421724139428,85.07421724139428
435,23.8,25.218275946342796,45.2182759463428,65.2182759463428,85.2182759463428
436,22.5,25.218275946342796,45.2182759463428,65.2182759463428,85.2182759463428
437,23.6,25.36233465129132,45.36233465129132,65.36233465129132,85.36233465129132
438,23.7,25.50639335623984,45.50639335623984,65.50639335623984,85.50639335623984
439,24.9,50.75082395350012,70.75082395350012,90.75082395350012,110.75082395350012
440,27.4,25.650452061188354,45.65045206118835,65.65045206118836,85.65045206118836
441,28.4,25.074217241394283,45.07421724139428,65.07421724139428,85.07421724139428
442,28.3,24.20986501170317,44.20986501170317,64.20986501170317,84.20986501170317
443,28.1,61.356217382850986,81.35621738285099,101.35621738285099,121.35621738285099
444,27.8,23.20145407706354,43.201454077063545,63.201454077063545,83.20145407706354
445,27.3,22.913336667166504,42.913336667166504,62.913336667166504,82.9133366671665
446,26.2,22.625219257269464,42.625219257269464,62.625219257269464,82.62521925726946
447,26.2,22.337101847372427,42.33710184737242,62.33710184737242,82.33710184737242
448,27.2,22.19304314242391,42.19304314242391,62.19304314242391,82.1930431424239
449,27.6,22.769277962217984,42.769277962217984,62.769277962217984,82.76927796221798
450,27.5,86.60064798011126,106.60064798011126,126.60064798011126,146.60064798011126
451,27.6,24.06580630675465,44.06580630675465,64.06580630675465,84.06580630675465
452,27.7,24.06580630675465,44.06580630675465,64.06580630675465,84.06580630675465
453,28.1,23.345512782012054,43.34551278201205,63.34551278201205,83.34551278201205
454,27.7,23.05739537211502,43.057395372115025,63.057395372115025,83.05739537211502
455,26.4,22.913336667166504,42.913336667166504,62.913336667166504,82.9133366671665
456,24.7,22.481160552320947,42.481160552320944,62.481160552320944,82.48116055232094
457,25.8,22.337101847372427,42.33710184737242,62.33710184737242,82.33710184737242
458,28.8,22.337101847372427,42.33710184737242,62.33710184737242,82.33710184737242
459,30.2,22.19304314242391,42.19304314242391,62.19304314242391,82.1930431424239
460,30.3,22.048984437475394,42.0489844374754,62.0489844374754,82.0489844374754
461,31.4,21.904925732526873,41.90492573252688,61.90492573252688,81.90492573252688
462,32.6,21.760867027578357,41.76086702757836,61.76086702757836,81.76086702757836
463,35.4,46.86123891989011,66.86123891989011,86.86123891989011,106.86123891989011
464,37.6,21.616808322629836,41.616808322629836,61.616808322629836,81.61680832262984
465,37.8,21.616808322629836,41.616808322629836,61.616808322629836,81.61680832262984
466,36.5,21.47274961768132,41.472749617681316,61.472749617681316,81.47274961768132
467,35.3,59.19533680862321,79.19533680862321,99.19533680862321,119.19533680862321
468,34.7,21.3286909127328,41.328690912732796,61.328690912732796,81.3286909127328
469,33.9,21.47274961768132,41.472749617681316,61.472749617681316,81.47274961768132
470,33.3,21.47274961768132,41.472749617681316,61.472749617681316,81.47274961768132
471,35.1,21.47274961768132,41.472749617681316,61.472749617681316,81.47274961768132
472,36.2,21.760867027578357,41.76086702757836,61.76086702757836,81.76086702757836
473,36.8,21.904925732526873,41.90492573252688,61.90492573252688,81.90492573252688
474,36.0,85.16006093062609,105.16006093062609,125.16006093062609,145.1600609306261
475,34.7,22.048984437475394,42.0489844374754,62.0489844374754,82.0489844374754
476,34.0,22.048984437475394,42.0489844374754,62.0489844374754,82.0489844374754
477,32.7,22.048984437475394,42.0489844374754,62.0489844374754,82.0489844374754
478,31.6,21.904925732526873,41.90492573252688,61.90492573252688,81.90492573252688
479,31.4,21.760867027578357,41.76086702757836,61.76086702757836,81.76086702757836
480,30.7,21.47274961768132,41.472749617681316,61.472749617681316,81.47274961768132
481,29.4,21.3286909127328,41.328690912732796,61.328690912732796,81.3286909127328
482,28.9,21.040573502835763,41.04057350283576,61.04057350283576,81.04057350283577
483,29.0,20.752456092938722,40.75245609293872,60.75245609293872,80.75245609293873
484,29.6,20.032162568196128,40.03216256819613,60.03216256819613,80.03216256819613
485,30.0,19.599986453350578,39.59998645335058,59.59998645335058,79.59998645335058
486,32.2,18.879692928607984,38.87969292860798,58.87969292860798,78.87969292860798
487,35.4,43.83600611597122,63.83600611597122,83.83600611597123,103.83600611597123
488,35.6,18.159399403865386,38.159399403865386,58.159399403865386,78.1593994038654
489,36.0,17.727223289019836,37.72722328901983,57.72722328901983,77.72722328901983
490,35.4,17.439105879122796,37.43910587912279,57.43910587912279,77.43910587912279
491,34.6,55.305751775013206,75.3057517750132,95.3057517750132,115.3057517750132
492,32.0,17.583164584071316,37.58316458407131,57.58316458407131,77.58316458407131
493,31.2,17.583164584071316,37.58316458407131,57.58316458407131,77.58316458407131
494,30.1,17.15098846922576,37.15098846922576,57.15098846922576,77.15098846922575
495,29.4,16.86287105932872,36.862871059328725,56.862871059328725,76.86287105932873
496,29.9,17.15098846922576,37.15098846922576,57.15098846922576,77.15098846922575
497,32.3,17.29504717417428,37.29504717417428,57.29504717417428,77.29504717417427
498,32.5,80.83829978217054,100.83829978217054,120.83829978217054,140.83829978217054
499,32.4,18.30345810881391,38.30345810881391,58.30345810881391,78.30345810881391
500,32.1,18.879692928607984,38.87969292860798,58.87969292860798,78.87969292860798
501,32.3,19.599986453350578,39.59998645335058,59.59998645335058,79.59998645335058
502,32.2,19.744045158299095,39.744045158299095,59.744045158299095,79.74404515829909
503,31.4,19.0237516335565,39.0237516335565,59.0237516335565,79.0237516335565
504,31.8,18.879692928607984,38.87969292860798,58.87969292860798,78.87969292860798
505,31.3,19.0237516335565,39.0237516335565,59.0237516335565,79.0237516335565
506,31.4,19.0237516335565,39.0237516335565,59.0237516335565,79.0237516335565
507,31.8,19.311869043453537,39.31186904345354,59.31186904345354,79.31186904345354
508,31.9,19.599986453350578,39.59998645335058,59.59998645335058,79.59998645335058
509,32.6,19.88810386324761,39.88810386324761,59.88810386324761,79.88810386324761
510,33.7,20.032162568196128,40.03216256819613,60.03216256819613,80.03216256819613
511,34.4,45.564710575353445,65.56471057535344,85.56471057535344,105.56471057535344
512,35.0,19.455927748402058,39.45592774840206,59.45592774840206,79.45592774840206
513,36.4,18.30345810881391,38.30345810881391,58.30345810881391,78.30345810881391
514,36.2,18.159399403865386,38.159399403865386,58.159399403865386,78.1593994038654
515,34.8,56.314162709652834,76.31416270965283,96.31416270965283,116.31416270965283
516,34.0,17.727223289019836,37.72722328901983,57.72722328901983,77.72722328901983
517,34.6,16.574753649431685,36.574753649431685,56.574753649431685,76.57475364943168
518,32.7,15.710401419740574,35.71040141974058,55.71040141974058,75.71040141974058
519,31.6,15.854460124689094,35.8544601246891,55.8544601246891,75.8544601246891
520,32.2,18.879692928607984,38.87969292860798,58.87969292860798,78.87969292860798
521,32.2,18.591575518710947,38.59157551871095,58.59157551871095,78.59157551871095
522,31.6,81.70265201186164,101.70265201186164,121.70265201186164,141.70265201186163
523,31.8,19.0237516335565,39.0237516335565,59.0237516335565,79.0237516335565
524,31.0,18.447516813762427,38.44751681376243,58.44751681376243,78.44751681376243
525,30.6,17.583164584071316,37.58316458407131,57.58316458407131,77.58316458407131
526,29.0,17.439105879122796,37.43910587912279,57.43910587912279,77.43910587912279
527,27.7,17.29504717417428,37.29504717417428,57.29504717417428,77.29504717417427
528,28.6,17.15098846922576,37.15098846922576,57.15098846922576,77.15098846922575
529,29.2,17.006929764277242,37.006929764277245,57.006929764277245,77.00692976427725
530,28.2,17.006929764277242,37.006929764277245,57.006929764277245,77.00692976427725
531,27.4,16.430694944483168,36.430694944483164,56.430694944483164,76.43069494448316
532,27.7,16.28663623953465,36.28663623953465,56.28663623953465,76.28663623953466
533,27.2,16.430694944483168,36.430694944483164,56.430694944483164,76.43069494448316
534,28.4,16.430694944483168,36.430694944483164,56.430694944483164,76.43069494448316
535,28.7,42.107301656589,62.107301656589,82.107301656589,102.107301656589
536,29.8,16.28663623953465,36.28663623953465,56.28663623953465,76.28663623953466
537,31.5,16.28663623953465,36.28663623953465,56.28663623953465,76.28663623953466
538,32.1,16.28663623953465,36.28663623953465,56.28663623953465,76.28663623953466
539,30.1,54.00922343047654,74.00922343047654,94.00922343047654,114.00922343047654
540,27.8,15.99851882963761,35.99851882963761,55.99851882963761,75.99851882963762
541,27.2,15.99851882963761,35.99851882963761,55.99851882963761,75.99851882963762
542,26.6,16.718812354380205,36.718812354380205,56.718812354380205,76.7188123543802
543,26.5,17.87128199396835,37.87128199396835,57.87128199396835,77.87128199396835
544,26.5,19.16781033850502,39.16781033850502,59.16781033850502,79.16781033850502
545,28.4,20.176221273144648,40.17622127314465,60.17622127314465,80.17622127314465
546,30.6,83.43135647124386,103.43135647124386,123.43135647124386,143.43135647124387
547,30.5,20.32027997809317,40.32027997809317,60.32027997809317,80.32027997809317
548,29.7,20.464338683041685,40.46433868304169,60.46433868304169,80.46433868304169
549,27.8,20.752456092938722,40.75245609293872,60.75245609293872,80.75245609293873
550,26.6,21.47274961768132,41.472749617681316,61.472749617681316,81.47274961768132
551,25.4,22.337101847372427,42.33710184737242,62.33710184737242,82.33710184737242
552,21.9,22.481160552320947,42.481160552320944,62.481160552320944,82.48116055232094
553,21.6,23.20145407706354,43.201454077063545,63.201454077063545,83.20145407706354
554,21.6,23.77768889685761,43.77768889685761,63.77768889685761,83.77768889685761
555,22.6,24.49798242160021,44.49798242160021,64.49798242160021,84.49798242160021
556,22.0,24.93015853644576,44.93015853644576,64.93015853644576,84.93015853644576
557,22.1,24.786099831497243,44.78609983149724,64.78609983149724,84.78609983149724
558,22.3,25.50639335623984,45.50639335623984,65.50639335623984,85.50639335623984
559,23.5,51.47111747824271,71.47111747824272,91.47111747824272,111.47111747824272
560,25.2,26.802921700776505,46.80292170077651,66.80292170077651,86.80292170077651
561,25.2,25.50639335623984,45.50639335623984,65.50639335623984,85.50639335623984
562,24.5,24.06580630675465,44.06580630675465,64.06580630675465,84.06580630675465
563,24.6,60.49186515315988,80.49186515315988,100.49186515315988,120.49186515315988
564,24.4,21.904925732526873,41.90492573252688,61.90492573252688,81.90492573252688
565,25.0,21.760867027578357,41.76086702757836,61.76086702757836,81.76086702757836
566,25.3,22.481160552320947,42.481160552320944,62.481160552320944,82.48116055232094
567,24.8,23.05739537211502,43.057395372115025,63.057395372115025,83.05739537211502
568,24.5,23.489571486960575,43.48957148696057,63.48957148696057,83.48957148696057
569,25.2,23.633630191909095,43.63363019190909,63.63363019190909,83.63363019190909
570,24.5,86.60064798011126,106.60064798011126,126.60064798011126,146.60064798011126
571,23.2,24.06580630675465,44.06580630675465,64.06580630675465,84.06580630675465
572,23.4,25.218275946342796,45.2182759463428,65.2182759463428,85.2182759463428
573,24.7,24.93015853644576,44.93015853644576,64.93015853644576,84.93015853644576
574,24.5,23.633630191909095,43.63363019190909,63.63363019190909,83.63363019190909
575,23.4,23.05739537211502,43.057395372115025,63.057395372115025,83.05739537211502
576,22.5,23.05739537211502,43.057395372115025,63.057395372115025,83.05739537211502
577,22.4,23.20145407706354,43.201454077063545,63.201454077063545,83.20145407706354
578,22.1,22.913336667166504,42.913336667166504,62.913336667166504,82.9133366671665
579,21.5,22.913336667166504,42.913336667166504,62.913336667166504,82.9133366671665
580,21.3,23.05739537211502,43.057395372115025,63.057395372115025,83.05739537211502
581,21.8,22.913336667166504,42.913336667166504,62.913336667166504,82.9133366671665
582,23.4,22.337101847372427,42.33710184737242,62.33710184737242,82.33710184737242
583,26.4,47.29341503473567,67.29341503473567,87.29341503473567,107.29341503473567
584,30.2,22.048984437475394,42.0489844374754,62.0489844374754,82.0489844374754
585,29.9,21.904925732526873,41.90492573252688,61.90492573252688,81.90492573252688
586,30.3,22.481160552320947,42.481160552320944,62.481160552320944,82.48116055232094
587,27.8,61.212158677902465,81.21215867790247,101.21215867790247,121.21215867790247
588,26.8,23.633630191909095,43.63363019190909,63.63363019190909,83.63363019190909
589,26.2,23.921747601806135,43.92174760180613,63.92174760180613,83.92174760180613
590,25.1,24.20986501170317,44.20986501170317,64.20986501170317,84.20986501170317
591,26.2,24.20986501170317,44.20986501170317,64.20986501170317,84.20986501170317
592,28.9,24.353923716651693,44.35392371665169,64.35392371665169,84.35392371665169
593,32.8,24.93015853644576,44.93015853644576,64.93015853644576,84.93015853644576
594,33.8,88.47341114444201,108.47341114444201,128.47341114444203,148.47341114444203
595,34.8,25.50639335623984,45.50639335623984,65.50639335623984,85.50639335623984
596,34.4,25.650452061188354,45.65045206118835,65.65045206118836,85.65045206118836
597,33.9,26.370745585930948,46.37074558593095,66.37074558593095,86.37074558593095
598,33.5,26.946980405725025,46.94698040572503,66.94698040572503,86.94698040572503
599,33.4,27.66727393046762,47.667273930467616,67.66727393046762,87.66727393046762
600,32.1,27.811332635416132,47.811332635416136,67.81133263541614,87.81133263541614
601,32.5,27.66727393046762,47.667273930467616,67.66727393046762,87.66727393046762
602,31.2,27.523215225519095,47.523215225519095,67.5232152255191,87.5232152255191
603,29.3,27.523215225519095,47.523215225519095,67.5232152255191,87.5232152255191
604,27.9,27.523215225519095,47.523215225519095,67.5232152255191,87.5232152255191
605,28.7,27.523215225519095,47.523215225519095,67.5232152255191,87.5232152255191
606,28.7,27.523215225519095,47.523215225519095,67.5232152255191,87.5232152255191
607,30.2,52.76764582277937,72.76764582277937,92.76764582277937,112.76764582277937
608,30.2,27.66727393046762,47.667273930467616,67.66727393046762,87.66727393046762
609,30.3,27.523215225519095,47.523215225519095,67.5232152255191,87.5232152255191
610,27.6,27.23509781562206,47.235097815622055,67.23509781562205,87.23509781562205
611,26.7,64.95768500656395,84.95768500656395,104.95768500656395,124.95768500656395
612,25.5,26.514804290879468,46.51480429087947,66.51480429087947,86.51480429087947
613,24.2,26.226686880982435,46.226686880982435,66.22668688098244,86.22668688098244
614,23.9,26.226686880982435,46.226686880982435,66.22668688098244,86.22668688098244
615,24.9,26.370745585930948,46.37074558593095,66.37074558593095,86.37074558593095
616,24.7,26.658862995827985,46.65886299582799,66.65886299582799,86.65886299582799
617,26.4,26.946980405725025,46.94698040572503,66.94698040572503,86.94698040572503
618,28.1,90.20211560382424,110.20211560382424,130.20211560382424,150.20211560382424
619,27.5,27.23509781562206,47.235097815622055,67.23509781562205,87.23509781562205
620,26.8,27.09103911067354,47.09103911067354,67.09103911067353,87.09103911067353
621,27.5,27.09103911067354,47.09103911067354,67.09103911067353,87.09103911067353
622,28.1,27.37915652057058,47.379156520570575,67.37915652057058,87.37915652057058
623,27.2,27.523215225519095,47.523215225519095,67.5232152255191,87.5232152255191
624,26.1,27.955391340364653,47.955391340364656,67.95539134036466,87.95539134036466
625,24.7,28.531626160158723,48.53162616015872,68.53162616015872,88.53162616015872
626,23.6,28.81974357005576,48.81974357005576,68.81974357005576,88.81974357005576
627,22.8,29.1078609799528,49.107860979952804,69.1078609799528,89.1078609799528
628,22.4,29.1078609799528,49.107860979952804,69.1078609799528,89.1078609799528
629,23.4,29.1078609799528,49.107860979952804,69.1078609799528,89.1078609799528
630,23.7,29.684095799746874,49.68409579974687,69.68409579974687,89.68409579974687
631,24.8,55.36070251185271,75.36070251185271,95.36070251185271,115.36070251185271
632,26.5,30.692506734386505,50.692506734386505,70.69250673438651,90.69250673438651
633,26.7,31.412800259129092,51.41280025912909,71.41280025912909,91.41280025912909
634,25.9,30.980624144283546,50.980624144283546,70.98062414428355,90.98062414428355
635,23.7,68.27103522037987,88.27103522037987,108.27103522037987,128.27103522037987
636,21.8,29.395978389849837,49.39597838984984,69.39597838984983,89.39597838984983
637,21.8,29.251919684901317,49.25191968490132,69.25191968490131,89.25191968490131
638,21.9,30.11627191459243,50.11627191459243,70.11627191459243,90.11627191459243
639,22.4,31.98903507892317,51.989035078923166,71.98903507892317,91.98903507892317
640,24.1,34.14991565315095,54.14991565315095,74.14991565315094,94.14991565315094
641,25.0,35.73456140758466,55.73456140758466,75.73456140758466,95.73456140758466
642,25.1,99.56593142547794,119.56593142547794,139.56593142547794,159.56593142547794
643,24.8,37.17514845706984,57.17514845706984,77.17514845706984,97.17514845706984
644,24.4,37.75138327686391,57.75138327686391,77.75138327686392,97.75138327686392
645,23.6,38.183559391709466,58.183559391709466,78.18355939170947,98.18355939170947
646,23.2,38.615735506555026,58.615735506555026,78.61573550655503,98.61573550655503
647,22.9,36.74297234222428,56.74297234222428,76.74297234222428,96.74297234222428
648,24.2,35.44644399768761,55.44644399768761,75.44644399768761,95.44644399768761
649,25.1,34.29397435809947,54.29397435809947,74.29397435809946,94.29397435809946
650,24.4,33.573680833356875,53.573680833356875,73.57368083335687,93.57368083335687
651,23.4,32.85338730861428,52.85338730861428,72.85338730861429,92.85338730861429
652,23.4,32.27715248882021,52.27715248882021,72.2771524888202,92.2771524888202
653,23.4,31.70091766902613,51.700917669026126,71.70091766902613,91.70091766902613
654,25.2,31.124682849232055,51.12468284923206,71.12468284923206,91.12468284923206
655,26.8,55.64881992174974,75.64881992174975,95.64881992174975,115.64881992174975
656,28.1,29.395978389849837,49.39597838984984,69.39597838984983,89.39597838984983
657,29.9,28.243508750261686,48.24350875026168,68.24350875026168,88.24350875026168
658,29.7,27.23509781562206,47.235097815622055,67.23509781562205,87.23509781562205
659,28.9,64.09333277687284,84.09333277687284,104.09333277687284,124.09333277687284
660,28.7,25.650452061188354,45.65045206118835,65.65045206118836,85.65045206118836
661,27.8,25.36233465129132,45.36233465129132,65.36233465129132,85.36233465129132
662,26.6,25.36233465129132,45.36233465129132,65.36233465129132,85.36233465129132
663,27.1,25.218275946342796,45.2182759463428,65.2182759463428,85.2182759463428
664,27.4,25.218275946342796,45.2182759463428,65.2182759463428,85.2182759463428
665,29.3,25.36233465129132,45.36233465129132,65.36233465129132,85.36233465129132
666,30.7,88.47341114444201,108.47341114444201,128.47341114444203,148.47341114444203
667,30.3,25.50639335623984,45.50639335623984,65.50639335623984,85.50639335623984
668,31.5,25.650452061188354,45.65045206118835,65.65045206118836,85.65045206118836
669,31.3,25.93856947108539,45.93856947108539,65.93856947108539,85.93856947108539
670,30.2,26.08262817603391,46.08262817603391,66.08262817603391,86.08262817603391
671,28.5,26.226686880982435,46.226686880982435,66.22668688098244,86.22668688098244
672,27.2,26.802921700776505,46.80292170077651,66.80292170077651,86.80292170077651
673,27.0,27.523215225519095,47.523215225519095,67.5232152255191,87.5232152255191
674,27.1,27.66727393046762,47.667273930467616,67.66727393046762,87.66727393046762
675,26.0,27.955391340364653,47.955391340364656,67.95539134036466,87.95539134036466
676,25.2,28.387567455210206,48.3875674552102,68.3875674552102,88.3875674552102
677,25.2,28.96380227500428,48.963802275004284,68.96380227500428,88.96380227500428
678,25.9,29.540037094798354,49.54003709479835,69.54003709479835,89.54003709479835
679,27.0,55.21664380690419,75.21664380690419,95.21664380690419,115.21664380690419
680,26.2,30.692506734386505,50.692506734386505,70.69250673438651,90.69250673438651
681,25.6,31.124682849232055,51.12468284923206,71.12468284923206,91.12468284923206
682,25.7,31.268741554180583,51.26874155418058,71.26874155418058,91.26874155418058
683,26.4,69.135387450071,89.135387450071,109.135387450071,129.135387450071
684,24.9,30.83656543933502,50.83656543933502,70.83656543933502,90.83656543933502
685,23.6,29.97221320964391,49.97221320964391,69.97221320964391,89.97221320964391
686,22.7,29.251919684901317,49.25191968490132,69.25191968490131,89.25191968490131
687,21.8,28.96380227500428,48.963802275004284,68.96380227500428,88.96380227500428
688,21.2,28.96380227500428,48.963802275004284,68.96380227500428,88.96380227500428
689,20.9,29.1078609799528,49.107860979952804,69.1078609799528,89.1078609799528
690,20.7,92.65111358794906,112.65111358794906,132.65111358794906,152.65111358794906
691,20.4,29.684095799746874,49.68409579974687,69.68409579974687,89.68409579974687
692,20.8,30.260330619540948,50.26033061954095,70.26033061954095,90.26033061954095
693,20.9,30.548448029437985,50.548448029437985,70.54844802943799,90.54844802943799
694,20.1,31.412800259129092,51.41280025912909,71.41280025912909,91.41280025912909
695,20.5,32.133093783871686,52.133093783871686,72.13309378387169,92.13309378387169
696,22.0,32.42121119376873,52.42121119376873,72.42121119376873,92.42121119376873
697,22.4,32.42121119376873,52.42121119376873,72.42121119376873,92.42121119376873
698,22.3,33.429622128408354,53.429622128408354,73.42962212840835,93.42962212840835
699,22.5,34.5820917679965,54.5820917679965,74.5820917679965,94.5820917679965
700,22.8,35.59050270263613,55.59050270263613,75.59050270263613,95.59050270263613
701,23.3,37.31920716201835,57.31920716201835,77.31920716201836,97.31920716201836
702,25.4,39.04791162140057,59.04791162140057,79.04791162140057,99.04791162140057
703,27.7,64.86857703845493,84.86857703845493,104.86857703845493,124.86857703845493
704,27.0,40.05632255604021,60.05632255604021,80.05632255604021,100.05632255604021
705,26.6,40.20038126098873,60.20038126098873,80.20038126098873,100.20038126098873
706,25.3,39.33602903129761,59.33602903129761,79.33602903129761,99.33602903129761
707,22.5,75.32991176285728,95.32991176285728,115.32991176285728,135.32991176285728
708,25.9,36.8870310471728,56.8870310471728,76.8870310471728,96.8870310471728
709,26.3,36.310796227378724,56.310796227378724,76.31079622737872,96.31079622737872
710,25.0,36.598913637275764,56.598913637275764,76.59891363727576,96.59891363727576
711,25.1,37.75138327686391,57.75138327686391,77.75138327686392,97.75138327686392
712,25.8,39.48008773624613,59.48008773624613,79.48008773624613,99.48008773624613
713,26.4,39.76820514614317,59.76820514614317,79.76820514614317,99.76820514614317
714,25.2,103.31145775413943,123.31145775413943,143.31145775413944,163.31145775413944
715,26.5,41.064733490679835,61.064733490679835,81.06473349067983,101.06473349067983
716,27.8,41.78502701542242,61.78502701542242,81.78502701542243,101.78502701542243
717,28.0,42.21720313026799,62.21720313026799,82.21720313026799,102.21720313026799
718,28.0,40.48849867088576,60.48849867088576,80.48849867088576,100.48849867088576
719,27.7,38.03950068676095,58.03950068676095,78.03950068676096,98.03950068676096
720,28.7,37.89544198181243,57.89544198181243,77.89544198181244,97.89544198181244
721,28.5,39.76820514614317,59.76820514614317,79.76820514614317,99.76820514614317
722,28.6,41.35285090057687,61.35285090057687,81.35285090057687,101.35285090057687
723,29.1,42.50532054016502,62.50532054016502,82.50532054016503,102.50532054016503
724,29.9,43.51373147480464,63.51373147480464,83.51373147480464,103.51373147480464
725,30.8,44.08996629459872,64.08996629459872,84.08996629459872,104.08996629459872
726,32.3,44.37808370449576,64.37808370449577,84.37808370449577,104.37808370449577
727,36.7,69.62251430175604,89.62251430175604,109.62251430175604,129.62251430175604
728,37.1,43.51373147480464,63.51373147480464,83.51373147480464,103.51373147480464
729,36.4,40.632557375834274,60.632557375834274,80.63255737583427,100.63255737583427
730,34.7,37.60732457191539,57.60732457191539,77.6073245719154,97.6073245719154
731,33.9,72.3046789589384,92.3046789589384,112.3046789589384,132.30467895893838
732,31.7,32.56526989871724,52.56526989871724,72.56526989871725,92.56526989871725
733,31.6,31.412800259129092,51.41280025912909,71.41280025912909,91.41280025912909
734,31.6,31.844976373974653,51.84497637397465,71.84497637397465,91.84497637397465
735,31.4,33.86179824325391,53.86179824325391,73.8617982432539,93.8617982432539
736,32.5,36.02267881748169,56.02267881748169,76.02267881748169,96.02267881748169
737,34.2,36.74297234222428,56.74297234222428,76.74297234222428,96.74297234222428
738,34.9,100.57434236011757,120.57434236011757,140.57434236011756,160.57434236011756
739,35.4,38.75979421150354,58.75979421150354,78.75979421150353,98.75979421150353
740,35.8,39.33602903129761,59.33602903129761,79.33602903129761,99.33602903129761
741,38.0,38.90385291645206,58.90385291645206,78.90385291645205,98.90385291645205
742,39.6,36.74297234222428,56.74297234222428,76.74297234222428,96.74297234222428
743,37.6,35.014267882842056,55.014267882842056,75.01426788284206,95.01426788284206
744,36.6,35.44644399768761,55.44644399768761,75.44644399768761,95.44644399768761
745,36.4,36.310796227378724,56.310796227378724,76.31079622737872,96.31079622737872
746,36.8,37.46326586696687,57.46326586696687,77.46326586696688,97.46326586696688
747,37.0,36.310796227378724,56.310796227378724,76.31079622737872,96.31079622737872
748,36.8,36.74297234222428,56.74297234222428,76.74297234222428,96.74297234222428
749,38.5,38.4716768016065,58.4716768016065,78.47167680160649,98.47167680160649
750,37.6,39.76820514614317,59.76820514614317,79.76820514614317,99.76820514614317
751,38.4,65.58887056319753,85.58887056319753,105.58887056319753,125.58887056319753
752,40.0,39.91226385109169,59.91226385109169,79.9122638510917,99.9122638510917
753,40.6,38.183559391709466,58.183559391709466,78.18355939170947,98.18355939170947
754,38.5,36.02267881748169,56.02267881748169,76.02267881748169,96.02267881748169
755,36.8,71.44032672924729,91.44032672924729,111.44032672924729,131.4403267292473
756,36.8,32.56526989871724,52.56526989871724,72.56526989871725,92.56526989871725
757,35.8,32.133093783871686,52.133093783871686,72.13309378387169,92.13309378387169
758,34.9,32.9974460135628,52.9974460135628,72.99744601356281,92.99744601356281
759,35.2,34.726150472945015,54.726150472945015,74.72615047294502,94.72615047294502
760,35.4,36.02267881748169,56.02267881748169,76.02267881748169,96.02267881748169
761,36.1,35.59050270263613,55.59050270263613,75.59050270263613,95.59050270263613
762,35.9,98.12534437599275,118.12534437599275,138.12534437599277,158.12534437599277
763,34.4,35.302385292739096,55.302385292739096,75.3023852927391,95.3023852927391
764,33.9,36.1667375224302,56.1667375224302,76.1667375224302,96.1667375224302
765,34.5,37.31920716201835,57.31920716201835,77.31920716201836,97.31920716201836
766,34.4,38.4716768016065,58.4716768016065,78.47167680160649,98.47167680160649
767,33.5,39.62414644119465,59.62414644119465,79.62414644119465,99.62414644119465
768,33.7,40.7766160807828,60.7766160807828,80.7766160807828,100.7766160807828
769,33.0,41.78502701542242,61.78502701542242,81.78502701542243,101.78502701542243
770,31.4,42.07314442531947,62.07314442531947,82.07314442531947,102.07314442531947
771,30.8,41.35285090057687,61.35285090057687,81.35285090057687,101.35285090057687
772,30.5,40.48849867088576,60.48849867088576,80.48849867088576,100.48849867088576
773,31.2,38.615735506555026,58.615735506555026,78.61573550655503,98.61573550655503
774,30.4,36.8870310471728,56.8870310471728,76.8870310471728,96.8870310471728
775,33.3,60.11463977515382,80.11463977515382,100.11463977515382,120.11463977515382
776,36.6,31.412800259129092,51.41280025912909,71.41280025912909,91.41280025912909
777,35.6,28.387567455210206,48.3875674552102,68.3875674552102,88.3875674552102
778,36.1,26.658862995827985,46.65886299582799,66.65886299582799,86.65886299582799
779,36.1,63.66115666202729,83.66115666202728,103.66115666202728,123.66115666202728
780,36.9,25.50639335623984,45.50639335623984,65.50639335623984,85.50639335623984
781,37.1,25.650452061188354,45.65045206118835,65.65045206118836,85.65045206118836
782,35.2,25.93856947108539,45.93856947108539,65.93856947108539,85.93856947108539
783,34.8,26.226686880982435,46.226686880982435,66.22668688098244,86.22668688098244
784,35.4,26.370745585930948,46.37074558593095,66.37074558593095,86.37074558593095
785,38.7,26.514804290879468,46.51480429087947,66.51480429087947,86.51480429087947
786,40.3,89.62588078403016,109.62588078403016,129.62588078403016,149.62588078403016
787,38.3,26.946980405725025,46.94698040572503,66.94698040572503,86.94698040572503
788,37.6,27.523215225519095,47.523215225519095,67.5232152255191,87.5232152255191
789,37.8,28.243508750261686,48.24350875026168,68.24350875026168,88.24350875026168
790,37.5,28.675684865107243,48.67568486510724,68.67568486510724,88.67568486510724
791,34.5,28.675684865107243,48.67568486510724,68.67568486510724,88.67568486510724
792,34.4,29.1078609799528,49.107860979952804,69.1078609799528,89.1078609799528
793,35.8,29.395978389849837,49.39597838984984,69.39597838984983,89.39597838984983
794,36.2,30.260330619540948,50.26033061954095,70.26033061954095,90.26033061954095
795,33.9,31.98903507892317,51.989035078923166,71.98903507892317,91.98903507892317
796,33.5,32.9974460135628,52.9974460135628,72.99744601356281,92.99744601356281
797,32.9,33.573680833356875,53.573680833356875,73.57368083335687,93.57368083335687
798,34.6,34.14991565315095,54.14991565315095,74.14991565315094,94.14991565315094
799,36.7,59.68246366030826,79.68246366030826,99.68246366030826,119.68246366030826
800,38.8,34.43803306304798,54.43803306304798,74.43803306304798,94.43803306304798
801,37.9,34.14991565315095,54.14991565315095,74.14991565315094,94.14991565315094
802,36.4,32.85338730861428,52.85338730861428,72.85338730861429,92.85338730861429
803,34.9,70.14379838471062,90.14379838471062,110.14379838471062,130.14379838471064
804,33.3,32.27715248882021,52.27715248882021,72.2771524888202,92.2771524888202
805,31.3,32.42121119376873,52.42121119376873,72.42121119376873,92.42121119376873
806,31.7,32.70932860366576,52.70932860366576,72.70932860366577,92.70932860366577
807,32.4,33.573680833356875,53.573680833356875,73.57368083335687,93.57368083335687
808,33.0,34.29397435809947,54.29397435809947,74.29397435809946,94.29397435809946
809,33.0,34.00585694820243,54.00585694820243,74.00585694820242,94.00585694820242
810,32.1,96.9728747364046,116.9728747364046,136.9728747364046,156.9728747364046
811,30.6,34.29397435809947,54.29397435809947,74.29397435809946,94.29397435809946
812,30.5,34.726150472945015,54.726150472945015,74.72615047294502,94.72615047294502
813,30.1,35.302385292739096,55.302385292739096,75.3023852927391,95.3023852927391
814,28.4,35.73456140758466,55.73456140758466,75.73456140758466,95.73456140758466
815,27.4,36.310796227378724,56.310796227378724,76.31079622737872,96.31079622737872
816,26.6,37.03108975212131,57.03108975212131,77.03108975212132,97.03108975212132
817,24.5,37.46326586696687,57.46326586696687,77.46326586696688,97.46326586696688
818,24.4,36.1667375224302,56.1667375224302,76.1667375224302,96.1667375224302
819,24.4,35.014267882842056,55.014267882842056,75.01426788284206,95.01426788284206
820,24.4,36.310796227378724,56.310796227378724,76.31079622737872,96.31079622737872
821,24.6,36.74297234222428,56.74297234222428,76.74297234222428,96.74297234222428
822,25.3,36.8870310471728,56.8870310471728,76.8870310471728,96.8870310471728
823,27.4,61.69928552958753,81.69928552958753,101.69928552958753,121.69928552958753
824,28.3,35.87862011253317,55.87862011253317,75.87862011253317,95.87862011253317
825,27.5,35.302385292739096,55.302385292739096,75.3023852927391,95.3023852927391
826,27.6,35.014267882842056,55.014267882842056,75.01426788284206,95.01426788284206
827,27.2,72.01656154904136,92.01656154904136,112.01656154904136,132.01656154904134
828,26.9,33.429622128408354,53.429622128408354,73.42962212840835,93.42962212840835
829,26.8,33.14150471851132,53.14150471851132,73.14150471851133,93.14150471851133
830,24.9,33.717739538305395,53.717739538305395,73.7177395383054,93.7177395383054
831,24.4,34.5820917679965,54.5820917679965,74.5820917679965,94.5820917679965
832,23.9,34.870209177893535,54.870209177893535,74.87020917789354,94.87020917789354
833,24.2,34.43803306304798,54.43803306304798,74.43803306304798,94.43803306304798
834,23.9,98.12534437599275,118.12534437599275,138.12534437599277,158.12534437599277
835,24.0,36.02267881748169,56.02267881748169,76.02267881748169,96.02267881748169
836,23.8,36.454854932327244,56.454854932327244,76.45485493232724,96.45485493232724
837,23.4,36.598913637275764,56.598913637275764,76.59891363727576,96.59891363727576
838,22.5,36.598913637275764,56.598913637275764,76.59891363727576,96.59891363727576
839,22.5,36.1667375224302,56.1667375224302,76.1667375224302,96.1667375224302
840,25.8,36.02267881748169,56.02267881748169,76.02267881748169,96.02267881748169
841,25.0,35.44644399768761,55.44644399768761,75.44644399768761,95.44644399768761
842,24.9,35.44644399768761,55.44644399768761,75.44644399768761,95.44644399768761
843,24.3,36.02267881748169,56.02267881748169,76.02267881748169,96.02267881748169
844,24.0,36.310796227378724,56.310796227378724,76.31079622737872,96.31079622737872
845,24.5,35.59050270263613,55.59050270263613,75.59050270263613,95.59050270263613
846,25.8,35.87862011253317,55.87862011253317,75.87862011253317,95.87862011253317
847,26.8,61.84334423453604,81.84334423453603,101.84334423453603,121.84334423453603
848,27.1,36.8870310471728,56.8870310471728,76.8870310471728,96.8870310471728
849,27.9,34.29397435809947,54.29397435809947,74.29397435809946,94.29397435809946
850,27.2,31.98903507892317,51.989035078923166,71.98903507892317,91.98903507892317
851,25.7,68.70321133522543,88.70321133522543,108.70321133522543,128.70321133522543
852,24.2,30.11627191459243,50.11627191459243,70.11627191459243,90.11627191459243
853,23.8,29.97221320964391,49.97221320964391,69.97221320964391,89.97221320964391
854,23.3,31.124682849232055,51.12468284923206,71.12468284923206,91.12468284923206
855,23.8,32.9974460135628,52.9974460135628,72.99744601356281,92.99744601356281
856,24.5,35.302385292739096,55.302385292739096,75.3023852927391,95.3023852927391
857,24.8,35.15832658779058,55.15832658779058,75.15832658779058,95.15832658779058
858,26.0,98.12534437599275,118.12534437599275,138.12534437599277,158.12534437599277
859,26.7,35.44644399768761,55.44644399768761,75.44644399768761,95.44644399768761
860,26.5,35.87862011253317,55.87862011253317,75.87862011253317,95.87862011253317
861,26.3,34.29397435809947,54.29397435809947,74.29397435809946,94.29397435809946
862,25.1,35.73456140758466,55.73456140758466,75.73456140758466,95.73456140758466
863,24.6,35.15832658779058,55.15832658779058,75.15832658779058,95.15832658779058
864,24.1,36.1667375224302,56.1667375224302,76.1667375224302,96.1667375224302
865,23.6,37.89544198181243,57.89544198181243,77.89544198181244,97.89544198181244
866,22.9,38.183559391709466,58.183559391709466,78.18355939170947,98.18355939170947
867,22.6,39.62414644119465,59.62414644119465,79.62414644119465,99.62414644119465
868,23.0,40.632557375834274,60.632557375834274,80.63255737583427,100.63255737583427
869,23.9,40.34443996593725,60.34443996593725,80.34443996593726,100.34443996593726
870,23.5,37.31920716201835,57.31920716201835,77.31920716201836,97.31920716201836
871,23.6,60.97899200484493,80.97899200484494,100.97899200484494,120.97899200484494
872,23.5,36.1667375224302,56.1667375224302,76.1667375224302,96.1667375224302
873,23.9,35.014267882842056,55.014267882842056,75.01426788284206,95.01426788284206
874,24.9,34.726150472945015,54.726150472945015,74.72615047294502,94.72615047294502
875,25.2,70.57597449955617,90.57597449955617,110.57597449955617,130.57597449955617
876,24.8,31.70091766902613,51.700917669026126,71.70091766902613,91.70091766902613
877,24.3,30.83656543933502,50.83656543933502,70.83656543933502,90.83656543933502
878,23.1,31.412800259129092,51.41280025912909,71.41280025912909,91.41280025912909
879,23.1,32.133093783871686,52.133093783871686,72.13309378387169,92.13309378387169
880,23.5,32.42121119376873,52.42121119376873,72.42121119376873,92.42121119376873
881,24.1,32.56526989871724,52.56526989871724,72.56526989871725,92.56526989871725
882,26.3,95.10011157207387,115.10011157207387,135.10011157207387,155.10011157207387
883,27.0,32.27715248882021,52.27715248882021,72.2771524888202,92.2771524888202
884,27.3,32.9974460135628,52.9974460135628,72.99744601356281,92.99744601356281
885,29.4,32.27715248882021,52.27715248882021,72.2771524888202,92.2771524888202
886,31.6,32.42121119376873,52.42121119376873,72.42121119376873,92.42121119376873
887,32.0,34.726150472945015,54.726150472945015,74.72615047294502,94.72615047294502
888,31.5,35.87862011253317,55.87862011253317,75.87862011253317,95.87862011253317
889,30.6,36.74297234222428,56.74297234222428,76.74297234222428,96.74297234222428
890,29.2,38.03950068676095,58.03950068676095,78.03950068676096,98.03950068676096
891,29.6,39.91226385109169,59.91226385109169,79.9122638510917,99.9122638510917
892,30.0,41.208792195628355,61.208792195628355,81.20879219562835,101.20879219562835
893,31.2,40.632557375834274,60.632557375834274,80.63255737583427,100.63255737583427
894,33.4,37.46326586696687,57.46326586696687,77.46326586696688,97.46326586696688
895,33.9,62.131461644433074,82.13146164443307,102.13146164443307,122.13146164443307
896,35.9,35.014267882842056,55.014267882842056,75.01426788284206,95.01426788284206
897,33.9,33.573680833356875,53.573680833356875,73.57368083335687,93.57368083335687
898,32.1,32.133093783871686,52.133093783871686,72.13309378387169,92.13309378387169
899,29.6,69.135387450071,89.135387450071,109.135387450071,129.135387450071
900,27.7,31.412800259129092,51.41280025912909,71.41280025912909,91.41280025912909
901,25.9,31.556858964077616,51.55685896407762,71.55685896407762,91.55685896407762
902,24.5,31.70091766902613,51.700917669026126,71.70091766902613,91.70091766902613
903,24.7,32.85338730861428,52.85338730861428,72.85338730861429,92.85338730861429
904,26.3,35.44644399768761,55.44644399768761,75.44644399768761,95.44644399768761
905,28.8,36.598913637275764,56.598913637275764,76.59891363727576,96.59891363727576
906,30.3,100.14216624527201,120.14216624527201,140.142166245272,160.142166245272
907,29.9,35.87862011253317,55.87862011253317,75.87862011253317,95.87862011253317
908,30.1,35.73456140758466,55.73456140758466,75.73456140758466,95.73456140758466
909,31.8,34.726150472945015,54.726150472945015,74.72615047294502,94.72615047294502
910,31.8,36.598913637275764,56.598913637275764,76.59891363727576,96.59891363727576
911,30.4,36.1667375224302,56.1667375224302,76.1667375224302,96.1667375224302
912,31.6,35.302385292739096,55.302385292739096,75.3023852927391,95.3023852927391
913,32.6,35.15832658779058,55.15832658779058,75.15832658779058,95.15832658779058
914,32.1,36.74297234222428,56.74297234222428,76.74297234222428,96.74297234222428
915,30.1,36.74297234222428,56.74297234222428,76.74297234222428,96.74297234222428
916,29.2,36.310796227378724,56.310796227378724,76.31079622737872,96.31079622737872
917,28.1,36.8870310471728,56.8870310471728,76.8870310471728,96.8870310471728
918,27.7,36.310796227378724,56.310796227378724,76.31079622737872,96.31079622737872
919,29.2,60.40275718505086,80.40275718505086,100.40275718505086,120.40275718505086
920,31.7,35.15832658779058,55.15832658779058,75.15832658779058,95.15832658779058
921,30.7,33.573680833356875,53.573680833356875,73.57368083335687,93.57368083335687
922,29.0,31.70091766902613,51.700917669026126,71.70091766902613,91.70091766902613
923,26.7,67.98291781048285,87.98291781048285,107.98291781048285,127.98291781048285
924,23.4,28.675684865107243,48.67568486510724,68.67568486510724,88.67568486510724
925,22.2,27.955391340364653,47.955391340364656,67.95539134036466,87.95539134036466
926,21.9,28.387567455210206,48.3875674552102,68.3875674552102,88.3875674552102
927,22.6,30.404389324489465,50.404389324489465,70.40438932448947,90.40438932448947
928,23.5,32.9974460135628,52.9974460135628,72.99744601356281,92.99744601356281
929,24.0,35.59050270263613,55.59050270263613,75.59050270263613,95.59050270263613
930,24.8,100.14216624527201,120.14216624527201,140.142166245272,160.142166245272
931,26.5,38.4716768016065,58.4716768016065,78.47167680160649,98.47167680160649
932,26.8,40.20038126098873,60.20038126098873,80.20038126098873,100.20038126098873
933,26.9,40.48849867088576,60.48849867088576,80.48849867088576,100.48849867088576
934,26.7,41.064733490679835,61.064733490679835,81.06473349067983,101.06473349067983
935,25.8,41.640968310473916,61.640968310473916,81.64096831047391,101.64096831047391
936,26.5,42.649379245113536,62.649379245113536,82.64937924511354,102.64937924511354
937,26.8,43.22561406490762,63.22561406490762,83.22561406490762,103.22561406490762
938,26.2,43.51373147480464,63.51373147480464,83.51373147480464,103.51373147480464
939,25.2,43.51373147480464,63.51373147480464,83.51373147480464,103.51373147480464
940,25.3,43.94590758965021,63.94590758965021,83.9459075896502,103.9459075896502
941,26.5,44.234024999547245,64.23402499954724,84.23402499954724,104.23402499954724
942,27.9,44.522142409444285,64.52214240944429,84.52214240944429,104.52214240944429
943,29.9,69.76657300670456,89.76657300670456,109.76657300670456,129.76657300670456
944,32.0,43.51373147480464,63.51373147480464,83.51373147480464,103.51373147480464
945,31.6,39.91226385109169,59.91226385109169,79.9122638510917,99.9122638510917
946,27.7,35.73456140758466,55.73456140758466,75.73456140758466,95.73456140758466
947,25.3,70.72003320450469,90.72003320450469,110.72003320450469,130.7200332045047
948,22.9,31.412800259129092,51.41280025912909,71.41280025912909,91.41280025912909
949,23.0,30.404389324489465,50.404389324489465,70.40438932448947,90.40438932448947
950,23.0,31.412800259129092,51.41280025912909,71.41280025912909,91.41280025912909
951,22.8,33.573680833356875,53.573680833356875,73.57368083335687,93.57368083335687
952,22.6,36.74297234222428,56.74297234222428,76.74297234222428,96.74297234222428
953,23.6,39.19197032634909,59.19197032634909,79.1919703263491,99.1919703263491
954,25.7,104.89610350857312,124.89610350857312,144.8961035085731,164.8961035085731
955,26.4,42.79343795006206,62.79343795006206,82.79343795006206,102.79343795006206
956,26.4,44.08996629459872,64.08996629459872,84.08996629459872,104.08996629459872
957,26.9,45.530553344083906,65.5305533440839,85.5305533440839,105.5305533440839
958,26.4,46.68302298367205,66.68302298367206,86.68302298367206,106.68302298367206
959,26.4,47.69143391831169,67.69143391831169,87.69143391831169,107.69143391831169
960,26.4,48.555786148002795,68.5557861480028,88.5557861480028,108.5557861480028
961,26.0,49.2760796727454,69.2760796727454,89.2760796727454,109.2760796727454
962,26.0,50.14043190243651,70.14043190243652,90.14043190243652,110.14043190243652
963,25.6,50.8607254271791,70.86072542717909,90.86072542717909,110.86072542717909
964,25.0,51.14884283707613,71.14884283707613,91.14884283707613,111.14884283707613
965,24.8,49.85231449253947,69.85231449253948,89.85231449253948,109.85231449253948
966,26.9,47.40331650841465,67.40331650841465,87.40331650841465,107.40331650841465
967,30.1,70.48686653144716,90.48686653144716,110.48686653144716,130.48686653144716
968,31.9,43.0815553599591,63.0815553599591,83.0815553599591,103.0815553599591
969,31.5,40.48849867088576,60.48849867088576,80.48849867088576,100.48849867088576
970,28.1,37.17514845706984,57.17514845706984,77.17514845706984,97.17514845706984
971,26.4,72.44873766388692,92.44873766388692,112.44873766388692,132.4487376638869
972,24.2,32.56526989871724,52.56526989871724,72.56526989871725,92.56526989871725
973,25.0,31.844976373974653,51.84497637397465,71.84497637397465,91.84497637397465
974,24.5,31.98903507892317,51.989035078923166,71.98903507892317,91.98903507892317
975,24.8,31.98903507892317,51.989035078923166,71.98903507892317,91.98903507892317
976,26.2,32.85338730861428,52.85338730861428,72.85338730861429,92.85338730861429
977,29.2,33.429622128408354,53.429622128408354,73.42962212840835,93.42962212840835
978,30.9,95.82040509681646,115.82040509681646,135.82040509681644,155.82040509681644
979,29.5,31.556858964077616,51.55685896407762,71.55685896407762,91.55685896407762
980,29.5,31.844976373974653,51.84497637397465,71.84497637397465,91.84497637397465
981,28.9,31.70091766902613,51.700917669026126,71.70091766902613,91.70091766902613
982,28.1,32.27715248882021,52.27715248882021,72.2771524888202,92.2771524888202
983,27.0,35.87862011253317,55.87862011253317,75.87862011253317,95.87862011253317
984,26.5,39.19197032634909,59.19197032634909,79.1919703263491,99.1919703263491
985,24.7,39.91226385109169,59.91226385109169,79.9122638510917,99.9122638510917
986,24.6,40.34443996593725,60.34443996593725,80.34443996593726,100.34443996593726
987,24.4,40.7766160807828,60.7766160807828,80.7766160807828,100.7766160807828
988,24.4,40.632557375834274,60.632557375834274,80.63255737583427,100.63255737583427
989,27.0,41.064733490679835,61.064733490679835,81.06473349067983,101.06473349067983
990,29.9,41.064733490679835,61.064733490679835,81.06473349067983,101.06473349067983
991,32.6,65.44481185824901,85.44481185824901,105.44481185824901,125.44481185824901
992,32.9,38.90385291645206,58.90385291645206,78.90385291645205,98.90385291645205
993,32.0,38.183559391709466,58.183559391709466,78.18355939170947,98.18355939170947
994,29.3,36.74297234222428,56.74297234222428,76.74297234222428,96.74297234222428
995,28.6,73.74526600842358,93.74526600842358,113.74526600842358,133.74526600842358
996,28.8,36.310796227378724,56.310796227378724,76.31079622737872,96.31079622737872
997,28.5,34.43803306304798,54.43803306304798,74.43803306304798,94.43803306304798
998,27.3,34.29397435809947,54.29397435809947,74.29397435809946,94.29397435809946
999,26.3,35.44644399768761,55.44644399768761,75.44644399768761,95.44644399768761
1000,26.7,36.1667375224302,56.1667375224302,76.1667375224302,96.1667375224302
1001,28.4,35.87862011253317,55.87862011253317,75.87862011253317,95.87862011253317
1002,30.5,100.43028365516905,120.43028365516905,140.43028365516903,160.43028365516903
1003,31.1,38.75979421150354,58.75979421150354,78.75979421150353,98.75979421150353
1004,31.7,39.48008773624613,59.48008773624613,79.48008773624613,99.48008773624613
1005,30.9,40.05632255604021,60.05632255604021,80.05632255604021,100.05632255604021
1006,30.7,41.78502701542242,61.78502701542242,81.78502701542243,101.78502701542243
1007,30.8,42.07314442531947,62.07314442531947,82.07314442531947,102.07314442531947
1008,30.3,43.0815553599591,63.0815553599591,83.0815553599591,103.0815553599591
1009,29.9,43.80184888470169,63.80184888470169,83.80184888470168,103.80184888470168
1010,28.8,43.65779017975317,63.65779017975317,83.65779017975316,103.65779017975316
1011,28.5,42.50532054016502,62.50532054016502,82.50532054016503,102.50532054016503
1012,27.8,41.49690960552539,61.49690960552539,81.49690960552539,101.49690960552539
1013,27.8,39.91226385109169,59.91226385109169,79.9122638510917,99.9122638510917
1014,27.6,38.327618096657986,58.327618096657986,78.32761809665799,98.32761809665799
1015,28.3,60.97899200484493,80.97899200484494,100.97899200484494,120.97899200484494
1016,29.7,34.43803306304798,54.43803306304798,74.43803306304798,94.43803306304798
1017,29.4,32.56526989871724,52.56526989871724,72.56526989871725,92.56526989871725
1018,27.4,29.540037094798354,49.54003709479835,69.54003709479835,89.54003709479835
1019,26.8,65.67797853130654,85.67797853130654,105.67797853130654,125.67797853130654
1020,27.1,25.93856947108539,45.93856947108539,65.93856947108539,85.93856947108539
1021,27.2,24.20986501170317,44.20986501170317,64.20986501170317,84.20986501170317
1022,27.4,24.642041126548726,44.642041126548726,64.64204112654872,84.64204112654872
1023,27.4,25.50639335623984,45.50639335623984,65.50639335623984,85.50639335623984
1024,27.1,26.946980405725025,46.94698040572503,66.94698040572503,86.94698040572503
1025,27.2,27.66727393046762,47.667273930467616,67.66727393046762,87.66727393046762
1026,28.3,90.34617430877276,110.34617430877276,130.34617430877276,150.34617430877276
1027,27.7,27.23509781562206,47.235097815622055,67.23509781562205,87.23509781562205
1028,27.3,27.811332635416132,47.811332635416136,67.81133263541614,87.81133263541614
1029,27.1,28.675684865107243,48.67568486510724,68.67568486510724,88.67568486510724
1030,26.5,29.97221320964391,49.97221320964391,69.97221320964391,89.97221320964391
1031,25.8,31.556858964077616,51.55685896407762,71.55685896407762,91.55685896407762
1032,25.8,32.42121119376873,52.42121119376873,72.42121119376873,92.42121119376873
1033,25.6,32.9974460135628,52.9974460135628,72.99744601356281,92.99744601356281
1034,25.7,34.29397435809947,54.29397435809947,74.29397435809946,94.29397435809946
1035,25.9,35.73456140758466,55.73456140758466,75.73456140758466,95.73456140758466
1036,25.4,36.1667375224302,56.1667375224302,76.1667375224302,96.1667375224302
1037,26.0,36.1667375224302,56.1667375224302,76.1667375224302,96.1667375224302
1038,26.6,36.454854932327244,56.454854932327244,76.45485493232724,96.45485493232724
1039,26.4,62.131461644433074,82.13146164443307,102.13146164443307,122.13146164443307
1040,26.7,34.43803306304798,54.43803306304798,74.43803306304798,94.43803306304798
1041,26.6,31.268741554180583,51.26874155418058,71.26874155418058,91.26874155418058
1042,26.4,28.099450045313173,48.099450045313176,68.09945004531318,88.09945004531318
1043,26.1,63.66115666202729,83.66115666202728,103.66115666202728,123.66115666202728
1044,25.7,23.921747601806135,43.92174760180613,63.92174760180613,83.92174760180613
1045,25.4,23.05739537211502,43.057395372115025,63.057395372115025,83.05739537211502
1046,24.9,23.20145407706354,43.201454077063545,63.201454077063545,83.20145407706354
1047,24.8,24.20986501170317,44.20986501170317,64.20986501170317,84.20986501170317
1048,25.4,25.650452061188354,45.65045206118835,65.65045206118836,85.65045206118836
1049,25.5,26.802921700776505,46.80292170077651,66.80292170077651,86.80292170077651
1050,24.7,90.49023301372128,110.49023301372128,130.49023301372128,150.49023301372128
1051,25.8,27.811332635416132,47.811332635416136,67.81133263541614,87.81133263541614
1052,27.0,28.531626160158723,48.53162616015872,68.53162616015872,88.53162616015872
1053,27.6,28.531626160158723,48.53162616015872,68.53162616015872,88.53162616015872
1054,28.9,28.387567455210206,48.3875674552102,68.3875674552102,88.3875674552102
1055,27.9,27.66727393046762,47.667273930467616,67.66727393046762,87.66727393046762
1056,27.0,27.37915652057058,47.379156520570575,67.37915652057058,87.37915652057058
1057,25.8,26.802921700776505,46.80292170077651,66.80292170077651,86.80292170077651
1058,24.5,26.08262817603391,46.08262817603391,66.08262817603391,86.08262817603391
1059,25.9,25.50639335623984,45.50639335623984,65.50639335623984,85.50639335623984
1060,26.2,25.50639335623984,45.50639335623984,65.50639335623984,85.50639335623984
1061,27.4,25.218275946342796,45.2182759463428,65.2182759463428,85.2182759463428
1062,28.6,25.650452061188354,45.65045206118835,65.65045206118836,85.65045206118836
1063,29.1,50.89488265844863,70.89488265844864,90.89488265844864,110.89488265844864
1064,30.1,24.93015853644576,44.93015853644576,64.93015853644576,84.93015853644576
1065,29.5,24.06580630675465,44.06580630675465,64.06580630675465,84.06580630675465
1066,27.9,22.913336667166504,42.913336667166504,62.913336667166504,82.9133366671665
1067,26.6,60.6359238581084,80.6359238581084,100.6359238581084,120.6359238581084
1068,24.8,22.769277962217984,42.769277962217984,62.769277962217984,82.76927796221798
1069,23.6,22.481160552320947,42.481160552320944,62.481160552320944,82.48116055232094
1070,23.1,22.769277962217984,42.769277962217984,62.769277962217984,82.76927796221798
1071,22.9,23.77768889685761,43.77768889685761,63.77768889685761,83.77768889685761
1072,23.1,25.50639335623984,45.50639335623984,65.50639335623984,85.50639335623984
1073,25.0,26.226686880982435,46.226686880982435,66.22668688098244,86.22668688098244
1074,25.2,89.76993948897868,109.76993948897868,129.76993948897868,149.76993948897868
1075,24.6,27.23509781562206,47.235097815622055,67.23509781562205,87.23509781562205
1076,23.5,29.395978389849837,49.39597838984984,69.39597838984983,89.39597838984983
1077,23.0,31.98903507892317,51.989035078923166,71.98903507892317,91.98903507892317
1078,22.8,33.717739538305395,53.717739538305395,73.7177395383054,93.7177395383054
1079,21.7,35.014267882842056,55.014267882842056,75.01426788284206,95.01426788284206
1080,21.1,34.5820917679965,54.5820917679965,74.5820917679965,94.5820917679965
1081,21.0,33.429622128408354,53.429622128408354,73.42962212840835,93.42962212840835
1082,23.1,32.56526989871724,52.56526989871724,72.56526989871725,92.56526989871725
1083,23.7,31.844976373974653,51.84497637397465,71.84497637397465,91.84497637397465
1084,23.1,31.556858964077616,51.55685896407762,71.55685896407762,91.55685896407762
1085,23.6,31.844976373974653,51.84497637397465,71.84497637397465,91.84497637397465
1086,23.5,33.14150471851132,53.14150471851132,73.14150471851133,93.14150471851133
1087,25.1,60.54681588999937,80.54681588999938,100.54681588999938,120.54681588999938
1088,26.5,34.29397435809947,54.29397435809947,74.29397435809946,94.29397435809946
1089,27.1,32.56526989871724,52.56526989871724,72.56526989871725,92.56526989871725
1090,24.1,30.548448029437985,50.548448029437985,70.54844802943799,90.54844802943799
1091,22.9,66.25421335110062,86.25421335110062,106.25421335110062,126.25421335110062
1092,22.6,27.811332635416132,47.811332635416136,67.81133263541614,87.81133263541614
1093,22.3,26.946980405725025,46.94698040572503,66.94698040572503,86.94698040572503
1094,21.5,27.523215225519095,47.523215225519095,67.5232152255191,87.5232152255191
1095,22.4,29.828154504695394,49.82815450469539,69.82815450469539,89.82815450469539
1096,23.6,32.9974460135628,52.9974460135628,72.99744601356281,92.99744601356281
1097,25.2,36.8870310471728,56.8870310471728,76.8870310471728,96.8870310471728
1098,26.5,101.29463588486016,121.29463588486016,141.29463588486016,161.29463588486016
1099,26.3,40.20038126098873,60.20038126098873,80.20038126098873,100.20038126098873
1100,27.3,40.92067478573132,60.92067478573132,80.92067478573132,100.92067478573132
1101,27.7,41.208792195628355,61.208792195628355,81.20879219562835,101.20879219562835
1102,26.8,41.35285090057687,61.35285090057687,81.35285090057687,101.35285090057687
1103,24.7,41.49690960552539,61.49690960552539,81.49690960552539,101.49690960552539
1104,24.4,41.49690960552539,61.49690960552539,81.49690960552539,101.49690960552539
1105,24.8,42.3612618352165,62.3612618352165,82.36126183521651,102.36126183521651
1106,24.5,42.649379245113536,62.649379245113536,82.64937924511354,102.64937924511354
1107,23.7,41.064733490679835,61.064733490679835,81.06473349067983,101.06473349067983
1108,22.9,40.48849867088576,60.48849867088576,80.48849867088576,100.48849867088576
1109,23.6,38.615735506555026,58.615735506555026,78.61573550655503,98.61573550655503
1110,25.4,39.19197032634909,59.19197032634909,79.1919703263491,99.1919703263491
1111,27.5,65.30075315330049,85.30075315330049,105.30075315330049,125.30075315330049
1112,29.3,38.4716768016065,58.4716768016065,78.47167680160649,98.47167680160649
1113,29.3,35.014267882842056,55.014267882842056,75.01426788284206,95.01426788284206
1114,27.7,32.27715248882021,52.27715248882021,72.2771524888202,92.2771524888202
1115,25.8,67.6948004005858,87.6948004005858,107.6948004005858,127.6948004005858
1116,25.1,28.099450045313173,48.099450045313176,68.09945004531318,88.09945004531318
1117,25.0,26.802921700776505,46.80292170077651,66.80292170077651,86.80292170077651
1118,25.2,26.370745585930948,46.37074558593095,66.37074558593095,86.37074558593095
1119,25.6,26.370745585930948,46.37074558593095,66.37074558593095,86.37074558593095
1120,26.6,26.802921700776505,46.80292170077651,66.80292170077651,86.80292170077651
1121,29.1,27.09103911067354,47.09103911067354,67.09103911067353,87.09103911067353
1122,29.8,90.05805689887572,110.05805689887572,130.05805689887572,150.05805689887572
1123,28.0,26.514804290879468,46.51480429087947,66.51480429087947,86.51480429087947
1124,27.2,26.514804290879468,46.51480429087947,66.51480429087947,86.51480429087947
1125,26.6,26.514804290879468,46.51480429087947,66.51480429087947,86.51480429087947
1126,25.8,26.658862995827985,46.65886299582799,66.65886299582799,86.65886299582799
1127,25.3,26.658862995827985,46.65886299582799,66.65886299582799,86.65886299582799
1128,24.8,26.946980405725025,46.94698040572503,66.94698040572503,86.94698040572503
1129,24.3,27.09103911067354,47.09103911067354,67.09103911067353,87.09103911067353
1130,24.9,27.523215225519095,47.523215225519095,67.5232152255191,87.5232152255191
1131,24.5,27.955391340364653,47.955391340364656,67.95539134036466,87.95539134036466
1132,24.2,28.099450045313173,48.099450045313176,68.09945004531318,88.09945004531318
1133,24.7,28.387567455210206,48.3875674552102,68.3875674552102,88.3875674552102
1134,27.3,30.11627191459243,50.11627191459243,70.11627191459243,90.11627191459243
1135,32.2,55.64881992174974,75.64881992174975,95.64881992174975,115.64881992174975
1136,32.4,29.540037094798354,49.54003709479835,69.54003709479835,89.54003709479835
1137,31.2,28.675684865107243,48.67568486510724,68.67568486510724,88.67568486510724
1138,31.1,28.243508750261686,48.24350875026168,68.24350875026168,88.24350875026168
1139,29.2,66.25421335110062,86.25421335110062,106.25421335110062,126.25421335110062
1140,28.1,28.099450045313173,48.099450045313176,68.09945004531318,88.09945004531318
1141,28.2,28.243508750261686,48.24350875026168,68.24350875026168,88.24350875026168
1142,27.7,28.243508750261686,48.24350875026168,68.24350875026168,88.24350875026168
1143,27.8,28.387567455210206,48.3875674552102,68.3875674552102,88.3875674552102
1144,27.2,28.81974357005576,48.81974357005576,68.81974357005576,88.81974357005576
1145,28.4,29.1078609799528,49.107860979952804,69.1078609799528,89.1078609799528
1146,29.8,92.50705488300054,112.50705488300054,132.50705488300054,152.50705488300054
1147,29.4,29.828154504695394,49.82815450469539,69.82815450469539,89.82815450469539
1148,28.6,30.404389324489465,50.404389324489465,70.40438932448947,90.40438932448947
1149,28.1,31.124682849232055,51.12468284923206,71.12468284923206,91.12468284923206
1150,28.2,31.844976373974653,51.84497637397465,71.84497637397465,91.84497637397465
1151,28.2,32.70932860366576,52.70932860366576,72.70932860366577,92.70932860366577
1152,26.5,32.70932860366576,52.70932860366576,72.70932860366577,92.70932860366577
1153,25.7,32.42121119376873,52.42121119376873,72.42121119376873,92.42121119376873
1154,25.1,32.42121119376873,52.42121119376873,72.42121119376873,92.42121119376873
1155,25.2,32.27715248882021,52.27715248882021,72.2771524888202,92.2771524888202
1156,25.1,31.98903507892317,51.989035078923166,71.98903507892317,91.98903507892317
1157,24.6,31.556858964077616,51.55685896407762,71.55685896407762,91.55685896407762
1158,26.5,30.980624144283546,50.980624144283546,70.98062414428355,90.98062414428355
1159,28.9,55.50476121680123,75.50476121680123,95.50476121680123,115.50476121680123
1160,31.1,29.251919684901317,49.25191968490132,69.25191968490131,89.25191968490131
1161,28.0,28.099450045313173,48.099450045313176,68.09945004531318,88.09945004531318
1162,26.0,26.658862995827985,46.65886299582799,66.65886299582799,86.65886299582799
1163,24.0,63.94927407192432,83.94927407192432,103.94927407192432,123.94927407192432
1164,24.1,25.50639335623984,45.50639335623984,65.50639335623984,85.50639335623984
1165,23.6,25.50639335623984,45.50639335623984,65.50639335623984,85.50639335623984
1166,23.5,25.93856947108539,45.93856947108539,65.93856947108539,85.93856947108539
1167,23.2,26.370745585930948,46.37074558593095,66.37074558593095,86.37074558593095
1168,24.1,26.658862995827985,46.65886299582799,66.65886299582799,86.65886299582799
1169,24.8,26.802921700776505,46.80292170077651,66.80292170077651,86.80292170077651
1170,27.6,89.76993948897868,109.76993948897868,129.76993948897868,149.76993948897868
1171,26.0,26.658862995827985,46.65886299582799,66.65886299582799,86.65886299582799
1172,26.1,26.658862995827985,46.65886299582799,66.65886299582799,86.65886299582799
1173,27.1,26.08262817603391,46.08262817603391,66.08262817603391,86.08262817603391
1174,28.3,25.36233465129132,45.36233465129132,65.36233465129132,85.36233465129132
1175,27.4,24.786099831497243,44.78609983149724,64.78609983149724,84.78609983149724
1176,26.3,24.20986501170317,44.20986501170317,64.20986501170317,84.20986501170317
1177,24.7,23.489571486960575,43.48957148696057,63.48957148696057,83.48957148696057
1178,23.3,23.20145407706354,43.201454077063545,63.201454077063545,83.20145407706354
1179,23.4,22.913336667166504,42.913336667166504,62.913336667166504,82.9133366671665
1180,23.3,22.625219257269464,42.625219257269464,62.625219257269464,82.62521925726946
1181,23.7,22.337101847372427,42.33710184737242,62.33710184737242,82.33710184737242
1182,25.2,22.048984437475394,42.0489844374754,62.0489844374754,82.0489844374754
1183,25.5,47.29341503473567,67.29341503473567,87.29341503473567,107.29341503473567
1184,25.7,21.904925732526873,41.90492573252688,61.90492573252688,81.90492573252688
1185,27.1,21.616808322629836,41.616808322629836,61.616808322629836,81.61680832262984
1186,27.4,21.18463220778428,41.184632207784276,61.184632207784276,81.18463220778428
1187,26.3,58.330984578932096,78.33098457893209,98.33098457893209,118.33098457893209
1188,25.5,20.32027997809317,40.32027997809317,60.32027997809317,80.32027997809317
1189,25.3,20.032162568196128,40.03216256819613,60.03216256819613,80.03216256819613
1190,25.1,20.032162568196128,40.03216256819613,60.03216256819613,80.03216256819613
1191,24.8,20.32027997809317,40.32027997809317,60.32027997809317,80.32027997809317
1192,24.5,20.464338683041685,40.46433868304169,60.46433868304169,80.46433868304169
1193,25.2,20.608397387990205,40.60839738799021,60.60839738799021,80.60839738799021
1194,27.3,83.7194738811409,103.7194738811409,123.7194738811409,143.7194738811409
1195,29.0,20.752456092938722,40.75245609293872,60.75245609293872,80.75245609293873
1196,29.9,20.752456092938722,40.75245609293872,60.75245609293872,80.75245609293873
1197,28.1,20.896514797887242,40.89651479788724,60.89651479788724,80.89651479788725
1198,26.0,20.896514797887242,40.89651479788724,60.89651479788724,80.89651479788725
1199,24.6,20.896514797887242,40.89651479788724,60.89651479788724,80.89651479788725
1200,24.9,20.896514797887242,40.89651479788724,60.89651479788724,80.89651479788725
1201,24.1,20.752456092938722,40.75245609293872,60.75245609293872,80.75245609293873
1202,23.9,20.752456092938722,40.75245609293872,60.75245609293872,80.75245609293873
1203,23.9,20.752456092938722,40.75245609293872,60.75245609293872,80.75245609293873
1204,24.3,20.464338683041685,40.46433868304169,60.46433868304169,80.46433868304169
1205,24.8,20.176221273144648,40.17622127314465,60.17622127314465,80.17622127314465
1206,25.7,19.88810386324761,39.88810386324761,59.88810386324761,79.88810386324761
1207,26.1,44.98847575555937,64.98847575555936,84.98847575555936,104.98847575555936
1208,26.4,19.599986453350578,39.59998645335058,59.59998645335058,79.59998645335058
1209,26.5,19.311869043453537,39.31186904345354,59.31186904345354,79.31186904345354
1210,25.9,18.735634223659464,38.73563422365946,58.73563422365946,78.73563422365946
1211,26.0,56.0260452997558,76.0260452997558,96.0260452997558,116.0260452997558
1212,24.5,17.727223289019836,37.72722328901983,57.72722328901983,77.72722328901983
1213,23.7,17.583164584071316,37.58316458407131,57.58316458407131,77.58316458407131
1214,23.1,17.583164584071316,37.58316458407131,57.58316458407131,77.58316458407131
1215,23.1,17.583164584071316,37.58316458407131,57.58316458407131,77.58316458407131
1216,24.1,17.727223289019836,37.72722328901983,57.72722328901983,77.72722328901983
1217,24.6,17.87128199396835,37.87128199396835,57.87128199396835,77.87128199396835
1218,24.8,80.83829978217054,100.83829978217054,120.83829978217054,140.83829978217054
1219,26.0,17.583164584071316,37.58316458407131,57.58316458407131,77.58316458407131
1220,26.4,17.15098846922576,37.15098846922576,57.15098846922576,77.15098846922575
1221,28.1,16.86287105932872,36.862871059328725,56.862871059328725,76.86287105932873
1222,30.2,16.718812354380205,36.718812354380205,56.718812354380205,76.7188123543802
1223,27.5,16.430694944483168,36.430694944483164,56.430694944483164,76.43069494448316
1224,26.1,16.28663623953465,36.28663623953465,56.28663623953465,76.28663623953466
1225,24.8,16.718812354380205,36.718812354380205,56.718812354380205,76.7188123543802
1226,24.3,17.29504717417428,37.29504717417428,57.29504717417428,77.29504717417427
1227,22.5,17.583164584071316,37.58316458407131,57.58316458407131,77.58316458407131
1228,21.1,17.583164584071316,37.58316458407131,57.58316458407131,77.58316458407131
1229,21.6,17.727223289019836,37.72722328901983,57.72722328901983,77.72722328901983
1230,21.4,18.159399403865386,38.159399403865386,58.159399403865386,78.1593994038654
1231,21.5,43.6919474110227,63.6919474110227,83.69194741102271,103.69194741102271
1232,23.6,17.727223289019836,37.72722328901983,57.72722328901983,77.72722328901983
1233,24.9,17.006929764277242,37.006929764277245,57.006929764277245,77.00692976427725
1234,23.7,15.99851882963761,35.99851882963761,55.99851882963761,75.99851882963762
1235,23.9,52.71269508593988,72.71269508593988,92.71269508593988,112.71269508593988
1236,25.6,14.413873075203906,34.41387307520391,54.41387307520391,74.41387307520391
1237,25.7,13.693579550461315,33.693579550461315,53.693579550461315,73.69357955046132
1238,27.3,14.125755665306873,34.12575566530687,54.12575566530687,74.12575566530687
1239,27.9,14.701990485100946,34.70199048510095,54.70199048510095,74.70199048510095
1240,29.6,15.566342714792057,35.56634271479206,55.56634271479206,75.56634271479206
1241,31.4,15.854460124689094,35.8544601246891,55.8544601246891,75.8544601246891
1242,32.8,78.96553661783979,98.96553661783979,118.96553661783979,138.9655366178398
1243,30.2,15.710401419740574,35.71040141974058,55.71040141974058,75.71040141974058
1244,30.2,15.854460124689094,35.8544601246891,55.8544601246891,75.8544601246891
1245,30.1,15.99851882963761,35.99851882963761,55.99851882963761,75.99851882963762
1246,31.5,16.14257753458613,36.14257753458613,56.14257753458613,76.14257753458614
1247,30.2,17.006929764277242,37.006929764277245,57.006929764277245,77.00692976427725
1248,28.8,17.727223289019836,37.72722328901983,57.72722328901983,77.72722328901983
1249,30.1,17.727223289019836,37.72722328901983,57.72722328901983,77.72722328901983
1250,30.3,17.727223289019836,37.72722328901983,57.72722328901983,77.72722328901983
1251,29.6,17.727223289019836,37.72722328901983,57.72722328901983,77.72722328901983
1252,30.4,17.87128199396835,37.87128199396835,57.87128199396835,77.87128199396835
1253,30.4,18.159399403865386,38.159399403865386,58.159399403865386,78.1593994038654
1254,32.0,18.735634223659464,38.73563422365946,58.73563422365946,78.73563422365946
1255,35.3,44.4122409357653,64.4122409357653,84.4122409357653,104.4122409357653
1256,37.9,19.599986453350578,39.59998645335058,59.59998645335058,79.59998645335058
1257,36.5,19.88810386324761,39.88810386324761,59.88810386324761,79.88810386324761
1258,36.6,19.88810386324761,39.88810386324761,59.88810386324761,79.88810386324761
1259,34.3,57.46663234924099,77.466632349241,97.466632349241,117.466632349241
1260,33.8,19.16781033850502,39.16781033850502,59.16781033850502,79.16781033850502
1261,32.8,18.735634223659464,38.73563422365946,58.73563422365946,78.73563422365946
1262,31.5,18.879692928607984,38.87969292860798,58.87969292860798,78.87969292860798
1263,30.5,18.879692928607984,38.87969292860798,58.87969292860798,78.87969292860798
1264,32.6,18.879692928607984,38.87969292860798,58.87969292860798,78.87969292860798
1265,33.7,19.0237516335565,39.0237516335565,59.0237516335565,79.0237516335565
1266,35.0,82.56700424155275,102.56700424155275,122.56700424155275,142.56700424155275
1267,34.1,20.032162568196128,40.03216256819613,60.03216256819613,80.03216256819613
1268,34.1,20.464338683041685,40.46433868304169,60.46433868304169,80.46433868304169
1269,34.0,20.752456092938722,40.75245609293872,60.75245609293872,80.75245609293873
1270,33.1,20.752456092938722,40.75245609293872,60.75245609293872,80.75245609293873
1271,31.1,20.32027997809317,40.32027997809317,60.32027997809317,80.32027997809317
1272,29.3,20.176221273144648,40.17622127314465,60.17622127314465,80.17622127314465
1273,27.9,19.744045158299095,39.744045158299095,59.744045158299095,79.74404515829909
1274,27.0,19.599986453350578,39.59998645335058,59.59998645335058,79.59998645335058
1275,27.4,19.744045158299095,39.744045158299095,59.744045158299095,79.74404515829909
1276,27.3,19.88810386324761,39.88810386324761,59.88810386324761,79.88810386324761
1277,27.8,19.88810386324761,39.88810386324761,59.88810386324761,79.88810386324761
1278,29.6,20.032162568196128,40.03216256819613,60.03216256819613,80.03216256819613
1279,32.5,45.276593165456404,65.2765931654564,85.2765931654564,105.2765931654564
1280,33.3,19.599986453350578,39.59998645335058,59.59998645335058,79.59998645335058
1281,33.0,18.879692928607984,38.87969292860798,58.87969292860798,78.87969292860798
1282,33.4,17.87128199396835,37.87128199396835,57.87128199396835,77.87128199396835
1283,31.1,54.87357566016765,74.87357566016766,94.87357566016766,114.87357566016766
1284,30.8,16.430694944483168,36.430694944483164,56.430694944483164,76.43069494448316
1285,29.3,16.14257753458613,36.14257753458613,56.14257753458613,76.14257753458614
1286,30.1,15.710401419740574,35.71040141974058,55.71040141974058,75.71040141974058
1287,27.5,15.566342714792057,35.56634271479206,55.56634271479206,75.56634271479206
1288,27.3,15.854460124689094,35.8544601246891,55.8544601246891,75.8544601246891
1289,27.7,15.99851882963761,35.99851882963761,55.99851882963761,75.99851882963762
1290,29.5,79.39771273268535,99.39771273268535,119.39771273268535,139.39771273268536
1291,29.4,18.01534069891687,38.01534069891687,58.01534069891687,78.01534069891687
1292,29.0,19.311869043453537,39.31186904345354,59.31186904345354,79.31186904345354
1293,27.7,20.032162568196128,40.03216256819613,60.03216256819613,80.03216256819613
1294,26.4,20.176221273144648,40.17622127314465,60.17622127314465,80.17622127314465
1295,25.6,20.32027997809317,40.32027997809317,60.32027997809317,80.32027997809317
1296,25.1,20.608397387990205,40.60839738799021,60.60839738799021,80.60839738799021
1297,23.7,21.040573502835763,41.04057350283576,61.04057350283576,81.04057350283577
1298,22.8,20.896514797887242,40.89651479788724,60.89651479788724,80.89651479788725
1299,22.6,20.464338683041685,40.46433868304169,60.46433868304169,80.46433868304169
1300,22.2,20.32027997809317,40.32027997809317,60.32027997809317,80.32027997809317
1301,23.4,19.599986453350578,39.59998645335058,59.59998645335058,79.59998645335058
1302,24.0,18.735634223659464,38.73563422365946,58.73563422365946,78.73563422365946
1303,24.8,42.683536476383075,62.683536476383075,82.68353647638307,102.68353647638307
1304,27.4,16.14257753458613,36.14257753458613,56.14257753458613,76.14257753458614
1305,27.2,14.846049190049467,34.84604919004947,54.84604919004947,74.84604919004947
1306,24.3,13.117344730667241,33.11734473066724,53.11734473066724,73.11734473066724
1307,23.4,49.8315209869695,69.83152098696951,89.83152098696951,109.83152098696951
1308,23.2,10.956464156439463,30.956464156439463,50.956464156439466,70.95646415643947
1309,22.1,9.948053221799833,29.94805322179983,49.94805322179983,69.94805322179982
1310,21.1,9.659935811902795,29.659935811902795,49.6599358119028,69.6599358119028
1311,22.3,9.37181840200576,29.371818402005758,49.37181840200576,69.37181840200576
1312,22.6,9.803994516851315,29.803994516851315,49.80399451685132,69.80399451685132
1313,23.4,10.236170631696872,30.236170631696872,50.23617063169687,70.23617063169687
1314,23.9,73.6353645347446,93.6353645347446,113.6353645347446,133.6353645347446
1315,24.6,10.812405451490944,30.812405451490946,50.812405451490946,70.81240545149095
1316,24.6,10.956464156439463,30.956464156439463,50.956464156439466,70.95646415643947
1317,24.1,10.956464156439463,30.956464156439463,50.956464156439466,70.95646415643947
1318,23.6,10.956464156439463,30.956464156439463,50.956464156439466,70.95646415643947
1319,22.8,11.2445815663365,31.2445815663365,51.2445815663365,71.2445815663365
1320,22.4,11.2445815663365,31.2445815663365,51.2445815663365,71.2445815663365
1321,21.3,11.2445815663365,31.2445815663365,51.2445815663365,71.2445815663365
1322,21.8,10.956464156439463,30.956464156439463,50.956464156439466,70.95646415643947
1323,25.9,10.668346746542426,30.668346746542426,50.668346746542426,70.66834674654243
1324,26.9,10.524288041593906,30.524288041593906,50.524288041593906,70.5242880415939
1325,26.1,10.668346746542426,30.668346746542426,50.668346746542426,70.66834674654243
1326,25.5,10.668346746542426,30.668346746542426,50.668346746542426,70.66834674654243
1327,27.4,35.62465993390566,55.62465993390566,75.62465993390566,95.62465993390566
1328,29.4,10.236170631696872,30.236170631696872,50.23617063169687,70.23617063169687
1329,29.2,9.37181840200576,29.371818402005758,49.37181840200576,69.37181840200576
1330,27.5,8.507466172314647,28.507466172314647,48.50746617231465,68.50746617231465
1331,25.1,46.085994658308024,66.08599465830802,86.08599465830802,106.08599465830802
1332,24.2,7.931231352520573,27.931231352520573,47.93123135252057,67.93123135252057
1333,23.4,8.075290057469092,28.07529005746909,48.07529005746909,68.07529005746909
1334,22.6,8.795583582211684,28.795583582211684,48.795583582211684,68.79558358221169
1335,22.7,8.795583582211684,28.795583582211684,48.795583582211684,68.79558358221169
1336,23.2,9.37181840200576,29.371818402005758,49.37181840200576,69.37181840200576
1337,23.2,10.236170631696872,30.236170631696872,50.23617063169687,70.23617063169687
1338,24.3,73.92348194464164,93.92348194464164,113.92348194464164,133.92348194464165
1339,25.0,11.532698976233537,31.532698976233537,51.53269897623353,71.53269897623353
1340,26.2,11.964875091079092,31.964875091079094,51.964875091079094,71.9648750910791
1341,26.9,12.541109910873166,32.54110991087317,52.54110991087317,72.54110991087316
1342,25.6,13.405462140564278,33.40546214056428,53.40546214056428,73.40546214056428
1343,26.1,14.125755665306873,34.12575566530687,54.12575566530687,74.12575566530687
1344,25.8,15.566342714792057,35.56634271479206,55.56634271479206,75.56634271479206
1345,25.3,17.006929764277242,37.006929764277245,57.006929764277245,77.00692976427725
1346,25.1,17.87128199396835,37.87128199396835,57.87128199396835,77.87128199396835
1347,25.2,18.30345810881391,38.30345810881391,58.30345810881391,78.30345810881391
1348,25.6,18.159399403865386,38.159399403865386,58.159399403865386,78.1593994038654
1349,27.2,18.735634223659464,38.73563422365946,58.73563422365946,78.73563422365946
1350,27.9,18.447516813762427,38.44751681376243,58.44751681376243,78.44751681376243
1351,28.9,42.82759518133159,62.82759518133159,82.82759518133159,102.82759518133159
1352,29.9,14.990107894997983,34.99010789499798,54.99010789499798,74.99010789499798
1353,29.5,12.685168615821684,32.68516861582168,52.68516861582168,72.68516861582168
1354,27.9,10.236170631696872,30.236170631696872,50.23617063169687,70.23617063169687
1355,26.0,46.51817077315358,66.51817077315357,86.51817077315357,106.51817077315357
1356,24.3,7.499055237675016,27.499055237675016,47.499055237675016,67.49905523767501
1357,23.5,7.066879122829462,27.066879122829462,47.06687912282946,67.06687912282946
1358,23.5,6.922820417880944,26.922820417880942,46.92282041788094,66.92282041788094
1359,23.7,7.787172647572055,27.787172647572056,47.787172647572056,67.78717264757205
1360,24.9,8.651524877263165,28.651524877263164,48.651524877263164,68.65152487726317
1361,25.3,10.380229336645385,30.380229336645385,50.380229336645385,70.38022933664539
1362,27.2,75.65218640402387,95.65218640402387,115.65218640402387,135.65218640402387
1363,30.5,13.405462140564278,33.40546214056428,53.40546214056428,73.40546214056428
1364,30.8,14.846049190049467,34.84604919004947,54.84604919004947,74.84604919004947
1365,29.9,15.854460124689094,35.8544601246891,55.8544601246891,75.8544601246891
1366,29.7,16.86287105932872,36.862871059328725,56.862871059328725,76.86287105932873
1367,29.9,18.01534069891687,38.01534069891687,58.01534069891687,78.01534069891687
1368,30.2,18.591575518710947,38.59157551871095,58.59157551871095,78.59157551871095
1369,29.5,19.599986453350578,39.59998645335058,59.59998645335058,79.59998645335058
1370,29.9,20.464338683041685,40.46433868304169,60.46433868304169,80.46433868304169
1371,30.3,21.040573502835763,41.04057350283576,61.04057350283576,81.04057350283577
1372,30.8,21.760867027578357,41.76086702757836,61.76086702757836,81.76086702757836
1373,30.9,21.904925732526873,41.90492573252688,61.90492573252688,81.90492573252688
1374,31.0,22.481160552320947,42.481160552320944,62.481160552320944,82.48116055232094
1375,31.5,46.86123891989011,66.86123891989011,86.86123891989011,106.86123891989011
1376,32.1,19.0237516335565,39.0237516335565,59.0237516335565,79.0237516335565
1377,30.0,16.574753649431685,36.574753649431685,56.574753649431685,76.57475364943168
1378,26.7,14.125755665306873,34.12575566530687,54.12575566530687,74.12575566530687
1379,23.7,49.68746228202099,69.68746228202099,89.68746228202099,109.68746228202099
1380,22.2,11.964875091079092,31.964875091079094,51.964875091079094,71.9648750910791
1381,21.7,12.685168615821684,32.68516861582168,52.68516861582168,72.68516861582168
1382,20.7,12.973286025718725,32.97328602571872,52.97328602571872,72.97328602571872
1383,20.5,13.261403435615758,33.26140343561576,53.26140343561576,73.26140343561576
1384,20.3,13.981696960358352,33.98169696035835,53.98169696035835,73.98169696035835
1385,22.1,15.42228400984354,35.42228400984354,55.42228400984354,75.42228400984354
1386,24.9,79.54177143763387,99.54177143763387,119.54177143763387,139.54177143763388
1387,28.8,17.15098846922576,37.15098846922576,57.15098846922576,77.15098846922575
1388,30.5,18.01534069891687,38.01534069891687,58.01534069891687,78.01534069891687
1389,31.6,19.0237516335565,39.0237516335565,59.0237516335565,79.0237516335565
1390,33.6,19.88810386324761,39.88810386324761,59.88810386324761,79.88810386324761
1391,32.7,20.32027997809317,40.32027997809317,60.32027997809317,80.32027997809317
1392,32.2,19.311869043453537,39.31186904345354,59.31186904345354,79.31186904345354
1393,32.0,19.16781033850502,39.16781033850502,59.16781033850502,79.16781033850502
1394,31.9,19.455927748402058,39.45592774840206,59.45592774840206,79.45592774840206
1395,31.4,18.591575518710947,38.59157551871095,58.59157551871095,78.59157551871095
1396,32.4,18.447516813762427,38.44751681376243,58.44751681376243,78.44751681376243
1397,34.0,15.99851882963761,35.99851882963761,55.99851882963761,75.99851882963762
1398,34.8,15.134166599946504,35.134166599946504,55.134166599946504,75.1341665999465
1399,38.9,39.946421082361226,59.946421082361226,79.94642108236123,99.94642108236123
1400,39.8,13.693579550461315,33.693579550461315,53.693579550461315,73.69357955046132
1401,35.6,12.252992500976127,32.25299250097613,52.25299250097613,72.25299250097612
1402,31.7,10.956464156439463,30.956464156439463,50.956464156439466,70.95646415643947
1403,28.0,46.6622294781021,66.66222947810209,86.66222947810209,106.66222947810209
1404,25.5,6.490644303035387,26.49064430303539,46.49064430303539,66.4906443030354
1405,23.8,5.48223336839576,25.48223336839576,45.48223336839576,65.48223336839575
1406,24.1,5.48223336839576,25.48223336839576,45.48223336839576,65.48223336839575
1407,23.8,6.202526893138352,26.20252689313835,46.202526893138355,66.20252689313836
1408,24.0,8.795583582211684,28.795583582211684,48.795583582211684,68.79558358221169
1409,25.3,12.973286025718725,32.97328602571872,52.97328602571872,72.97328602571872
1410,28.3,78.2452430930972,98.2452430930972,118.2452430930972,138.2452430930972
1411,30.5,17.583164584071316,37.58316458407131,57.58316458407131,77.58316458407131
1412,30.8,19.744045158299095,39.744045158299095,59.744045158299095,79.74404515829909
1413,32.1,21.47274961768132,41.472749617681316,61.472749617681316,81.47274961768132
1414,31.3,22.625219257269464,42.625219257269464,62.625219257269464,82.62521925726946
1415,31.0,23.345512782012054,43.34551278201205,63.34551278201205,83.34551278201205
1416,31.4,23.489571486960575,43.48957148696057,63.48957148696057,83.48957148696057
1417,29.9,22.913336667166504,42.913336667166504,62.913336667166504,82.9133366671665
1418,29.8,22.337101847372427,42.33710184737242,62.33710184737242,82.33710184737242
1419,28.9,21.760867027578357,41.76086702757836,61.76086702757836,81.76086702757836
1420,28.8,21.760867027578357,41.76086702757836,61.76086702757836,81.76086702757836
1421,30.0,21.760867027578357,41.76086702757836,61.76086702757836,81.76086702757836
1422,31.3,21.616808322629836,41.616808322629836,61.616808322629836,81.61680832262984
1423,35.3,46.14094539514752,66.14094539514753,86.14094539514753,106.14094539514753
1424,35.1,19.599986453350578,39.59998645335058,59.59998645335058,79.59998645335058
1425,32.1,16.574753649431685,36.574753649431685,56.574753649431685,76.57475364943168
1426,28.8,15.134166599946504,35.134166599946504,55.134166599946504,75.1341665999465
1427,27.0,49.68746228202099,69.68746228202099,89.68746228202099,109.68746228202099
1428,25.4,9.659935811902795,29.659935811902795,49.6599358119028,69.6599358119028
1429,24.0,9.227759697057241,29.22775969705724,49.22775969705724,69.22775969705724
1430,23.3,8.21934876241761,28.21934876241761,48.21934876241761,68.21934876241761
1431,23.9,8.939642287160202,28.939642287160204,48.939642287160204,68.93964228716021
1432,23.8,11.388640271285018,31.38864027128502,51.38864027128502,71.38864027128503
1433,25.3,13.693579550461315,33.693579550461315,53.693579550461315,73.69357955046132
1434,27.6,77.5249495683546,97.5249495683546,117.5249495683546,137.5249495683546
1435,29.1,14.26981437025539,34.26981437025539,54.26981437025539,74.26981437025539
1436,29.2,13.837638255409832,33.83763825540983,53.83763825540983,73.83763825540983
1437,28.9,13.837638255409832,33.83763825540983,53.83763825540983,73.83763825540983
1438,29.3,13.837638255409832,33.83763825540983,53.83763825540983,73.83763825540983
1439,29.3,13.837638255409832,33.83763825540983,53.83763825540983,73.83763825540983
1440,28.7,15.27822530489502,35.27822530489502,55.27822530489502,75.27822530489502
1441,28.2,16.14257753458613,36.14257753458613,56.14257753458613,76.14257753458614
1442,28.2,16.28663623953465,36.28663623953465,56.28663623953465,76.28663623953466
1443,29.1,17.006929764277242,37.006929764277245,57.006929764277245,77.00692976427725
1444,30.2,17.15098846922576,37.15098846922576,57.15098846922576,77.15098846922575
1445,31.9,18.01534069891687,38.01534069891687,58.01534069891687,78.01534069891687
1446,32.7,19.311869043453537,39.31186904345354,59.31186904345354,79.31186904345354
1447,35.4,43.11571259122863,63.11571259122863,83.11571259122863,103.11571259122863
1448,36.7,16.574753649431685,36.574753649431685,56.574753649431685,76.57475364943168
1449,33.1,13.981696960358352,33.98169696035835,53.98169696035835,73.98169696035835
1450,29.2,11.676757681182053,31.676757681182053,51.67675768118205,71.67675768118205
1451,26.4,48.2468752325358,68.2468752325358,88.2468752325358,108.2468752325358
1452,23.5,10.092111926748352,30.092111926748352,50.09211192674835,70.09211192674834
1453,21.5,9.659935811902795,29.659935811902795,49.6599358119028,69.6599358119028
1454,20.2,9.37181840200576,29.371818402005758,49.37181840200576,69.37181840200576
1455,19.5,10.092111926748352,30.092111926748352,50.09211192674835,70.09211192674834
1456,19.9,12.252992500976127,32.25299250097613,52.25299250097613,72.25299250097612
1457,20.8,17.29504717417428,37.29504717417428,57.29504717417428,77.29504717417427
1458,23.2,83.57541517619238,103.57541517619238,123.57541517619238,143.5754151761924
1459,26.4,22.337101847372427,42.33710184737242,62.33710184737242,82.33710184737242
1460,28.5,23.345512782012054,43.34551278201205,63.34551278201205,83.34551278201205
1461,29.1,23.633630191909095,43.63363019190909,63.63363019190909,83.63363019190909
1462,28.7,23.633630191909095,43.63363019190909,63.63363019190909,83.63363019190909
1463,28.2,22.481160552320947,42.481160552320944,62.481160552320944,82.48116055232094
1464,28.2,22.048984437475394,42.0489844374754,62.0489844374754,82.0489844374754
1465,27.4,21.47274961768132,41.472749617681316,61.472749617681316,81.47274961768132
1466,26.9,21.040573502835763,41.04057350283576,61.04057350283576,81.04057350283577
1467,26.7,20.608397387990205,40.60839738799021,60.60839738799021,80.60839738799021
1468,26.6,21.040573502835763,41.04057350283576,61.04057350283576,81.04057350283577
1469,28.4,22.19304314242391,42.19304314242391,62.19304314242391,82.1930431424239
1470,29.2,22.19304314242391,42.19304314242391,62.19304314242391,82.1930431424239
1471,31.0,46.86123891989011,66.86123891989011,86.86123891989011,106.86123891989011
1472,32.9,19.16781033850502,39.16781033850502,59.16781033850502,79.16781033850502
1473,29.2,16.574753649431685,36.574753649431685,56.574753649431685,76.57475364943168
1474,27.0,13.837638255409832,33.83763825540983,53.83763825540983,73.83763825540983
1475,24.5,49.68746228202099,69.68746228202099,89.68746228202099,109.68746228202099
1476,23.9,10.956464156439463,30.956464156439463,50.956464156439466,70.95646415643947
1477,24.6,11.820816386130574,31.820816386130574,51.82081638613057,71.82081638613057
1478,25.2,12.397051205924647,32.39705120592465,52.39705120592465,72.39705120592464
1479,25.0,14.26981437025539,34.26981437025539,54.26981437025539,74.26981437025539
1480,25.9,15.710401419740574,35.71040141974058,55.71040141974058,75.71040141974058
1481,26.1,17.727223289019836,37.72722328901983,57.72722328901983,77.72722328901983
1482,26.0,81.27047589701608,101.27047589701608,121.27047589701608,141.27047589701607
1483,28.2,17.29504717417428,37.29504717417428,57.29504717417428,77.29504717417427
1484,29.4,17.87128199396835,37.87128199396835,57.87128199396835,77.87128199396835
1485,30.0,17.87128199396835,37.87128199396835,57.87128199396835,77.87128199396835
1486,30.0,19.16781033850502,39.16781033850502,59.16781033850502,79.16781033850502
1487,30.0,20.32027997809317,40.32027997809317,60.32027997809317,80.32027997809317
1488,29.5,21.616808322629836,41.616808322629836,61.616808322629836,81.61680832262984
1489,30.5,23.05739537211502,43.057395372115025,63.057395372115025,83.05739537211502
1490,30.2,23.77768889685761,43.77768889685761,63.77768889685761,83.77768889685761
1491,30.0,24.93015853644576,44.93015853644576,64.93015853644576,84.93015853644576
1492,29.8,25.50639335623984,45.50639335623984,65.50639335623984,85.50639335623984
1493,31.1,26.08262817603391,46.08262817603391,66.08262817603391,86.08262817603391
1494,33.4,26.658862995827985,46.65886299582799,66.65886299582799,86.65886299582799
1495,34.6,50.89488265844863,70.89488265844864,90.89488265844864,110.89488265844864
1496,35.8,22.913336667166504,42.913336667166504,62.913336667166504,82.9133366671665
1497,34.7,21.47274961768132,41.472749617681316,61.472749617681316,81.47274961768132
1498,32.2,20.032162568196128,40.03216256819613,60.03216256819613,80.03216256819613
1499,29.4,56.17010400470432,76.17010400470431,96.17010400470431,116.17010400470431
1500,28.0,17.439105879122796,37.43910587912279,57.43910587912279,77.43910587912279
1501,27.4,17.583164584071316,37.58316458407131,57.58316458407131,77.58316458407131
1502,27.4,18.01534069891687,38.01534069891687,58.01534069891687,78.01534069891687
1503,28.2,20.176221273144648,40.17622127314465,60.17622127314465,80.17622127314465
1504,28.0,21.616808322629836,41.616808322629836,61.616808322629836,81.61680832262984
1505,28.3,24.49798242160021,44.49798242160021,64.49798242160021,84.49798242160021
1506,30.3,88.47341114444201,108.47341114444201,128.47341114444203,148.47341114444203
1507,31.7,25.36233465129132,45.36233465129132,65.36233465129132,85.36233465129132
1508,32.3,25.794510766136877,45.79451076613688,65.79451076613688,85.79451076613688
1509,30.7,27.37915652057058,47.379156520570575,67.37915652057058,87.37915652057058
1510,30.7,27.955391340364653,47.955391340364656,67.95539134036466,87.95539134036466
1511,30.7,28.531626160158723,48.53162616015872,68.53162616015872,88.53162616015872
1512,30.8,28.675684865107243,48.67568486510724,68.67568486510724,88.67568486510724
1513,29.8,28.531626160158723,48.53162616015872,68.53162616015872,88.53162616015872
1514,30.6,28.243508750261686,48.24350875026168,68.24350875026168,88.24350875026168
1515,31.1,28.675684865107243,48.67568486510724,68.67568486510724,88.67568486510724
1516,31.1,28.675684865107243,48.67568486510724,68.67568486510724,88.67568486510724
1517,31.9,28.387567455210206,48.3875674552102,68.3875674552102,88.3875674552102
1518,32.6,28.531626160158723,48.53162616015872,68.53162616015872,88.53162616015872
1519,33.4,52.47952841288233,72.47952841288233,92.47952841288233,112.47952841288233
1520,32.8,25.218275946342796,45.2182759463428,65.2182759463428,85.2182759463428
1521,30.4,23.633630191909095,43.63363019190909,63.63363019190909,83.63363019190909
1522,27.9,22.625219257269464,42.625219257269464,62.625219257269464,82.62521925726946
1523,25.8,59.771571628417284,79.77157162841729,99.77157162841729,119.77157162841729
1524,24.8,21.3286909127328,41.328690912732796,61.328690912732796,81.3286909127328
1525,23.8,20.752456092938722,40.75245609293872,60.75245609293872,80.75245609293873
1526,23.0,20.608397387990205,40.60839738799021,60.60839738799021,80.60839738799021
1527,23.0,21.040573502835763,41.04057350283576,61.04057350283576,81.04057350283577
1528,24.0,21.760867027578357,41.76086702757836,61.76086702757836,81.76086702757836
1529,24.2,24.93015853644576,44.93015853644576,64.93015853644576,84.93015853644576
1530,25.8,89.76993948897868,109.76993948897868,129.76993948897868,149.76993948897868
1531,28.9,27.37915652057058,47.379156520570575,67.37915652057058,87.37915652057058
1532,29.1,27.37915652057058,47.379156520570575,67.37915652057058,87.37915652057058
1533,29.3,27.09103911067354,47.09103911067354,67.09103911067353,87.09103911067353
1534,29.2,26.514804290879468,46.51480429087947,66.51480429087947,86.51480429087947
1535,29.0,26.802921700776505,46.80292170077651,66.80292170077651,86.80292170077651
1536,29.3,26.946980405725025,46.94698040572503,66.94698040572503,86.94698040572503
1537,28.6,26.08262817603391,46.08262817603391,66.08262817603391,86.08262817603391
1538,28.1,24.93015853644576,44.93015853644576,64.93015853644576,84.93015853644576
1539,27.8,23.633630191909095,43.63363019190909,63.63363019190909,83.63363019190909
1540,27.1,22.337101847372427,42.33710184737242,62.33710184737242,82.33710184737242
1541,27.1,21.616808322629836,41.616808322629836,61.616808322629836,81.61680832262984
1542,28.7,21.3286909127328,41.328690912732796,61.328690912732796,81.3286909127328
1543,29.8,45.852827985250485,65.85282798525049,85.85282798525049,105.85282798525049
1544,28.7,19.599986453350578,39.59998645335058,59.59998645335058,79.59998645335058
1545,26.5,18.159399403865386,38.159399403865386,58.159399403865386,78.1593994038654
1546,25.9,16.718812354380205,36.718812354380205,56.718812354380205,76.7188123543802
1547,23.3,53.721106020579505,73.7211060205795,93.7211060205795,113.7211060205795
1548,21.2,15.134166599946504,35.134166599946504,55.134166599946504,75.1341665999465
1549,20.4,14.557931780152426,34.55793178015243,54.55793178015243,74.55793178015243
1550,19.8,14.701990485100946,34.70199048510095,54.70199048510095,74.70199048510095
1551,19.4,15.134166599946504,35.134166599946504,55.134166599946504,75.1341665999465
1552,19.7,15.27822530489502,35.27822530489502,55.27822530489502,75.27822530489502
1553,20.3,15.566342714792057,35.56634271479206,55.56634271479206,75.56634271479206
1554,22.5,79.10959532278831,99.10959532278831,119.10959532278831,139.10959532278832
1555,25.0,17.15098846922576,37.15098846922576,57.15098846922576,77.15098846922575
1556,26.1,20.032162568196128,40.03216256819613,60.03216256819613,80.03216256819613
1557,29.4,19.88810386324761,39.88810386324761,59.88810386324761,79.88810386324761
1558,32.8,21.3286909127328,41.328690912732796,61.328690912732796,81.3286909127328
1559,30.1,22.337101847372427,42.33710184737242,62.33710184737242,82.33710184737242
1560,28.0,22.481160552320947,42.481160552320944,62.481160552320944,82.48116055232094
1561,26.5,22.625219257269464,42.625219257269464,62.625219257269464,82.62521925726946
1562,26.5,23.05739537211502,43.057395372115025,63.057395372115025,83.05739537211502
1563,27.5,24.06580630675465,44.06580630675465,64.06580630675465,84.06580630675465
1564,28.0,24.353923716651693,44.35392371665169,64.35392371665169,84.35392371665169
1565,28.9,24.353923716651693,44.35392371665169,64.35392371665169,84.35392371665169
1566,30.0,24.49798242160021,44.49798242160021,64.49798242160021,84.49798242160021
1567,32.5,49.74241301886049,69.74241301886049,89.74241301886049,109.74241301886049
1568,32.9,24.353923716651693,44.35392371665169,64.35392371665169,84.35392371665169
1569,28.8,23.77768889685761,43.77768889685761,63.77768889685761,83.77768889685761
1570,27.0,23.489571486960575,43.48957148696057,63.48957148696057,83.48957148696057
1571,24.4,60.77998256305692,80.77998256305692,100.77998256305692,120.77998256305692
1572,22.8,22.048984437475394,42.0489844374754,62.0489844374754,82.0489844374754
1573,23.8,21.47274961768132,41.472749617681316,61.472749617681316,81.47274961768132
1574,23.5,20.752456092938722,40.75245609293872,60.75245609293872,80.75245609293873
1575,23.7,20.464338683041685,40.46433868304169,60.46433868304169,80.46433868304169
1576,24.3,20.608397387990205,40.60839738799021,60.60839738799021,80.60839738799021
1577,24.3,20.752456092938722,40.75245609293872,60.75245609293872,80.75245609293873
1578,26.6,84.00759129103794,104.00759129103794,124.00759129103794,144.00759129103795
1579,30.3,22.048984437475394,42.0489844374754,62.0489844374754,82.0489844374754
1580,31.0,23.345512782012054,43.34551278201205,63.34551278201205,83.34551278201205
1581,30.6,23.05739537211502,43.057395372115025,63.057395372115025,83.05739537211502
1582,30.7,22.913336667166504,42.913336667166504,62.913336667166504,82.9133366671665
1583,30.0,23.345512782012054,43.34551278201205,63.34551278201205,83.34551278201205
1584,30.1,23.489571486960575,43.48957148696057,63.48957148696057,83.48957148696057
1585,29.8,23.77768889685761,43.77768889685761,63.77768889685761,83.77768889685761
1586,29.2,24.20986501170317,44.20986501170317,64.20986501170317,84.20986501170317
1587,29.0,25.074217241394283,45.07421724139428,65.07421724139428,85.07421724139428
1588,28.6,26.226686880982435,46.226686880982435,66.22668688098244,86.22668688098244
1589,30.0,27.37915652057058,47.379156520570575,67.37915652057058,87.37915652057058
1590,31.7,28.099450045313173,48.099450045313176,68.09945004531318,88.09945004531318
1591,33.5,52.47952841288233,72.47952841288233,92.47952841288233,112.47952841288233
1592,33.1,24.786099831497243,44.78609983149724,64.78609983149724,84.78609983149724
1593,28.0,22.913336667166504,42.913336667166504,62.913336667166504,82.9133366671665
1594,25.2,21.3286909127328,41.328690912732796,61.328690912732796,81.3286909127328
1595,23.2,57.89880846408654,77.89880846408654,97.89880846408654,117.89880846408654
1596,22.0,19.16781033850502,39.16781033850502,59.16781033850502,79.16781033850502
1597,19.9,18.30345810881391,38.30345810881391,58.30345810881391,78.30345810881391
1598,19.2,18.159399403865386,38.159399403865386,58.159399403865386,78.1593994038654
1599,18.7,18.447516813762427,38.44751681376243,58.44751681376243,78.44751681376243
1600,20.7,20.32027997809317,40.32027997809317,60.32027997809317,80.32027997809317
1601,22.7,23.20145407706354,43.201454077063545,63.201454077063545,83.20145407706354
1602,24.4,87.89717632464794,107.89717632464794,127.89717632464794,147.89717632464794
1603,27.9,25.218275946342796,45.2182759463428,65.2182759463428,85.2182759463428
1604,30.5,25.50639335623984,45.50639335623984,65.50639335623984,85.50639335623984
1605,32.4,25.650452061188354,45.65045206118835,65.65045206118836,85.65045206118836
1606,29.9,26.08262817603391,46.08262817603391,66.08262817603391,86.08262817603391
1607,28.1,26.514804290879468,46.51480429087947,66.51480429087947,86.51480429087947
1608,28.4,26.946980405725025,46.94698040572503,66.94698040572503,86.94698040572503
1609,28.6,27.523215225519095,47.523215225519095,67.5232152255191,87.5232152255191
1610,29.4,27.66727393046762,47.667273930467616,67.66727393046762,87.66727393046762
1611,29.2,27.811332635416132,47.811332635416136,67.81133263541614,87.81133263541614
1612,29.3,28.099450045313173,48.099450045313176,68.09945004531318,88.09945004531318
1613,30.8,27.955391340364653,47.955391340364656,67.95539134036466,87.95539134036466
1614,32.3,26.370745585930948,46.37074558593095,66.37074558593095,86.37074558593095
1615,34.0,50.318647838654556,70.31864783865456,90.31864783865456,110.31864783865456
1616,34.1,24.353923716651693,44.35392371665169,64.35392371665169,84.35392371665169
1617,30.7,23.345512782012054,43.34551278201205,63.34551278201205,83.34551278201205
1618,26.7,22.481160552320947,42.481160552320944,62.481160552320944,82.48116055232094
1619,24.3,59.62751292346877,79.62751292346877,99.62751292346877,119.62751292346877
1620,23.5,21.040573502835763,41.04057350283576,61.04057350283576,81.04057350283577
1621,23.1,22.337101847372427,42.33710184737242,62.33710184737242,82.33710184737242
1622,23.1,22.769277962217984,42.769277962217984,62.769277962217984,82.76927796221798
1623,24.1,23.77768889685761,43.77768889685761,63.77768889685761,83.77768889685761
1624,24.2,24.642041126548726,44.642041126548726,64.64204112654872,84.64204112654872
1625,24.4,24.93015853644576,44.93015853644576,64.93015853644576,84.93015853644576
1626,27.0,87.89717632464794,107.89717632464794,127.89717632464794,147.89717632464794
1627,28.9,25.074217241394283,45.07421724139428,65.07421724139428,85.07421724139428
1628,28.0,25.50639335623984,45.50639335623984,65.50639335623984,85.50639335623984
1629,27.8,25.93856947108539,45.93856947108539,65.93856947108539,85.93856947108539
1630,27.2,26.370745585930948,46.37074558593095,66.37074558593095,86.37074558593095
1631,25.3,27.23509781562206,47.235097815622055,67.23509781562205,87.23509781562205
1632,24.3,28.243508750261686,48.24350875026168,68.24350875026168,88.24350875026168
1633,24.0,29.251919684901317,49.25191968490132,69.25191968490131,89.25191968490131
1634,24.2,29.97221320964391,49.97221320964391,69.97221320964391,89.97221320964391
1635,24.4,30.404389324489465,50.404389324489465,70.40438932448947,90.40438932448947
1636,24.3,31.268741554180583,51.26874155418058,71.26874155418058,91.26874155418058
1637,24.6,31.412800259129092,51.41280025912909,71.41280025912909,91.41280025912909
1638,26.3,31.412800259129092,51.41280025912909,71.41280025912909,91.41280025912909
1639,27.6,56.65723085638937,76.65723085638936,96.65723085638936,116.65723085638936
1640,28.9,30.980624144283546,50.980624144283546,70.98062414428355,90.98062414428355
1641,29.6,30.260330619540948,50.26033061954095,70.26033061954095,90.26033061954095
1642,27.9,29.97221320964391,49.97221320964391,69.97221320964391,89.97221320964391
1643,26.9,67.55074169563729,87.55074169563729,107.55074169563729,127.55074169563729
1644,25.6,29.684095799746874,49.68409579974687,69.68409579974687,89.68409579974687
1645,23.9,28.96380227500428,48.963802275004284,68.96380227500428,88.96380227500428
1646,22.9,28.531626160158723,48.53162616015872,68.53162616015872,88.53162616015872
1647,23.4,28.531626160158723,48.53162616015872,68.53162616015872,88.53162616015872
1648,24.9,28.531626160158723,48.53162616015872,68.53162616015872,88.53162616015872
1649,26.0,29.251919684901317,49.25191968490132,69.25191968490131,89.25191968490131
1650,27.7,93.0832897027946,113.0832897027946,133.08328970279462,153.08328970279462
1651,30.0,30.980624144283546,50.980624144283546,70.98062414428355,90.98062414428355
1652,32.4,31.124682849232055,51.12468284923206,71.12468284923206,91.12468284923206
1653,32.1,31.556858964077616,51.55685896407762,71.55685896407762,91.55685896407762
1654,32.6,31.556858964077616,51.55685896407762,71.55685896407762,91.55685896407762
1655,32.4,31.844976373974653,51.84497637397465,71.84497637397465,91.84497637397465
1656,31.4,31.70091766902613,51.700917669026126,71.70091766902613,91.70091766902613
1657,32.3,31.556858964077616,51.55685896407762,71.55685896407762,91.55685896407762
1658,32.5,31.412800259129092,51.41280025912909,71.41280025912909,91.41280025912909
1659,32.2,30.980624144283546,50.980624144283546,70.98062414428355,90.98062414428355
1660,32.7,29.395978389849837,49.39597838984984,69.39597838984983,89.39597838984983
1661,33.2,27.955391340364653,47.955391340364656,67.95539134036466,87.95539134036466
1662,35.7,26.658862995827985,46.65886299582799,66.65886299582799,86.65886299582799
1663,37.7,49.59835431391197,69.59835431391197,89.59835431391197,109.59835431391197
1664,37.5,22.625219257269464,42.625219257269464,62.625219257269464,82.62521925726946
1665,33.6,21.18463220778428,41.184632207784276,61.184632207784276,81.18463220778428
1666,29.5,19.744045158299095,39.744045158299095,59.744045158299095,79.74404515829909
1667,26.4,56.890397529446915,76.89039752944691,96.89039752944691,116.89039752944691
1668,23.7,18.735634223659464,38.73563422365946,58.73563422365946,78.73563422365946
1669,22.3,18.879692928607984,38.87969292860798,58.87969292860798,78.87969292860798
1670,21.5,19.311869043453537,39.31186904345354,59.31186904345354,79.31186904345354
1671,21.4,21.760867027578357,41.76086702757836,61.76086702757836,81.76086702757836
1672,20.8,22.19304314242391,42.19304314242391,62.19304314242391,82.1930431424239
1673,21.7,22.481160552320947,42.481160552320944,62.481160552320944,82.48116055232094
1674,23.7,85.59223704547165,105.59223704547165,125.59223704547165,145.59223704547165
1675,26.9,22.481160552320947,42.481160552320944,62.481160552320944,82.48116055232094
1676,29.6,22.19304314242391,42.19304314242391,62.19304314242391,82.1930431424239
1677,30.5,21.904925732526873,41.90492573252688,61.90492573252688,81.90492573252688
1678,30.3,21.904925732526873,41.90492573252688,61.90492573252688,81.90492573252688
1679,29.1,21.760867027578357,41.76086702757836,61.76086702757836,81.76086702757836
1680,28.9,21.616808322629836,41.616808322629836,61.616808322629836,81.61680832262984
1681,28.4,21.616808322629836,41.616808322629836,61.616808322629836,81.61680832262984
1682,29.0,21.616808322629836,41.616808322629836,61.616808322629836,81.61680832262984
1683,28.7,21.47274961768132,41.472749617681316,61.472749617681316,81.47274961768132
1684,30.5,21.3286909127328,41.328690912732796,61.328690912732796,81.3286909127328
1685,30.2,21.18463220778428,41.184632207784276,61.184632207784276,81.18463220778428
1686,31.4,20.896514797887242,40.89651479788724,60.89651479788724,80.89651479788725
1687,31.8,45.708769280301965,65.70876928030196,85.70876928030196,105.70876928030196
1688,31.2,19.88810386324761,39.88810386324761,59.88810386324761,79.88810386324761
1689,27.6,19.455927748402058,39.45592774840206,59.45592774840206,79.45592774840206
1690,24.7,19.599986453350578,39.59998645335058,59.59998645335058,79.59998645335058
1691,21.7,57.46663234924099,77.466632349241,97.466632349241,117.466632349241
1692,20.5,19.455927748402058,39.45592774840206,59.45592774840206,79.45592774840206
1693,19.8,19.0237516335565,39.0237516335565,59.0237516335565,79.0237516335565
1694,18.7,18.447516813762427,38.44751681376243,58.44751681376243,78.44751681376243
1695,18.4,18.30345810881391,38.30345810881391,58.30345810881391,78.30345810881391
1696,18.6,18.447516813762427,38.44751681376243,58.44751681376243,78.44751681376243
1697,20.1,18.879692928607984,38.87969292860798,58.87969292860798,78.87969292860798
1698,22.4,82.85512165144979,102.85512165144979,122.85512165144979,142.8551216514498
1699,25.4,19.88810386324761,39.88810386324761,59.88810386324761,79.88810386324761
1700,28.9,19.16781033850502,39.16781033850502,59.16781033850502,79.16781033850502
1701,29.1,18.159399403865386,38.159399403865386,58.159399403865386,78.1593994038654
1702,28.8,17.727223289019836,37.72722328901983,57.72722328901983,77.72722328901983
1703,28.5,17.727223289019836,37.72722328901983,57.72722328901983,77.72722328901983
1704,28.7,17.87128199396835,37.87128199396835,57.87128199396835,77.87128199396835
1705,28.5,18.01534069891687,38.01534069891687,58.01534069891687,78.01534069891687
1706,29.0,18.159399403865386,38.159399403865386,58.159399403865386,78.1593994038654
1707,29.5,18.591575518710947,38.59157551871095,58.59157551871095,78.59157551871095
1708,30.1,19.16781033850502,39.16781033850502,59.16781033850502,79.16781033850502
1709,31.1,19.88810386324761,39.88810386324761,59.88810386324761,79.88810386324761
1710,30.9,19.599986453350578,39.59998645335058,59.59998645335058,79.59998645335058
1711,30.8,44.26818223081678,64.26818223081678,84.26818223081678,104.26818223081678
1712,31.1,18.159399403865386,38.159399403865386,58.159399403865386,78.1593994038654
1713,27.1,17.29504717417428,37.29504717417428,57.29504717417428,77.29504717417427
1714,24.0,16.574753649431685,36.574753649431685,56.574753649431685,76.57475364943168
1715,22.3,53.577047315630985,73.57704731563098,93.57704731563098,113.57704731563098
1716,22.5,14.125755665306873,34.12575566530687,54.12575566530687,74.12575566530687
1717,20.6,13.837638255409832,33.83763825540983,53.83763825540983,73.83763825540983
1718,19.4,14.413873075203906,34.41387307520391,54.41387307520391,74.41387307520391
1719,19.0,14.701990485100946,34.70199048510095,54.70199048510095,74.70199048510095
1720,18.5,15.566342714792057,35.56634271479206,55.56634271479206,75.56634271479206
1721,19.4,17.29504717417428,37.29504717417428,57.29504717417428,77.29504717417427
1722,22.2,81.70265201186164,101.70265201186164,121.70265201186164,141.70265201186163
1723,25.4,19.16781033850502,39.16781033850502,59.16781033850502,79.16781033850502
1724,29.3,19.16781033850502,39.16781033850502,59.16781033850502,79.16781033850502
1725,30.6,19.599986453350578,39.59998645335058,59.59998645335058,79.59998645335058
1726,31.6,20.32027997809317,40.32027997809317,60.32027997809317,80.32027997809317
1727,30.7,21.040573502835763,41.04057350283576,61.04057350283576,81.04057350283577
1728,30.9,21.3286909127328,41.328690912732796,61.328690912732796,81.3286909127328
1729,31.4,21.616808322629836,41.616808322629836,61.616808322629836,81.61680832262984
1730,30.1,21.904925732526873,41.90492573252688,61.90492573252688,81.90492573252688
1731,29.8,22.337101847372427,42.33710184737242,62.33710184737242,82.33710184737242
1732,31.1,22.481160552320947,42.481160552320944,62.481160552320944,82.48116055232094
1733,32.1,22.481160552320947,42.481160552320944,62.481160552320944,82.48116055232094
1734,33.0,22.337101847372427,42.33710184737242,62.33710184737242,82.33710184737242
1735,34.6,46.86123891989011,66.86123891989011,86.86123891989011,106.86123891989011
1736,33.4,20.032162568196128,40.03216256819613,60.03216256819613,80.03216256819613
1737,28.9,18.591575518710947,38.59157551871095,58.59157551871095,78.59157551871095
1738,24.5,17.15098846922576,37.15098846922576,57.15098846922576,77.15098846922575
1739,23.2,53.43298861068247,73.43298861068247,93.43298861068247,113.43298861068247
1740,22.5,14.125755665306873,34.12575566530687,54.12575566530687,74.12575566530687
1741,21.4,13.405462140564278,33.40546214056428,53.40546214056428,73.40546214056428
1742,21.0,13.693579550461315,33.693579550461315,53.693579550461315,73.69357955046132
1743,20.6,14.413873075203906,34.41387307520391,54.41387307520391,74.41387307520391
1744,22.1,15.134166599946504,35.134166599946504,55.134166599946504,75.1341665999465
1745,24.0,17.15098846922576,37.15098846922576,57.15098846922576,77.15098846922575
1746,25.0,81.55859330691312,101.55859330691312,121.55859330691312,141.5585933069131
1747,27.9,19.455927748402058,39.45592774840206,59.45592774840206,79.45592774840206
1748,28.1,20.032162568196128,40.03216256819613,60.03216256819613,80.03216256819613
1749,29.1,20.608397387990205,40.60839738799021,60.60839738799021,80.60839738799021
1750,29.2,20.608397387990205,40.60839738799021,60.60839738799021,80.60839738799021
1751,28.8,20.752456092938722,40.75245609293872,60.75245609293872,80.75245609293873
1752,28.7,21.040573502835763,41.04057350283576,61.04057350283576,81.04057350283577
1753,29.1,21.616808322629836,41.616808322629836,61.616808322629836,81.61680832262984
1754,28.5,21.760867027578357,41.76086702757836,61.76086702757836,81.76086702757836
1755,29.7,22.19304314242391,42.19304314242391,62.19304314242391,82.1930431424239
1756,30.0,22.625219257269464,42.625219257269464,62.625219257269464,82.62521925726946
1757,30.5,22.769277962217984,42.769277962217984,62.769277962217984,82.76927796221798
1758,31.9,22.625219257269464,42.625219257269464,62.625219257269464,82.62521925726946
1759,34.3,46.42906280504455,66.42906280504455,86.42906280504455,106.42906280504455
1760,34.0,19.16781033850502,39.16781033850502,59.16781033850502,79.16781033850502
1761,32.3,15.710401419740574,35.71040141974058,55.71040141974058,75.71040141974058
1762,28.2,13.261403435615758,33.26140343561576,53.26140343561576,73.26140343561576
1763,26.0,50.26369710181506,70.26369710181507,90.26369710181507,110.26369710181507
1764,23.4,11.676757681182053,31.676757681182053,51.67675768118205,71.67675768118205
1765,22.6,12.685168615821684,32.68516861582168,52.68516861582168,72.68516861582168
1766,22.3,14.125755665306873,34.12575566530687,54.12575566530687,74.12575566530687
1767,22.4,14.413873075203906,34.41387307520391,54.41387307520391,74.41387307520391
1768,22.5,15.710401419740574,35.71040141974058,55.71040141974058,75.71040141974058
1769,24.1,18.01534069891687,38.01534069891687,58.01534069891687,78.01534069891687
1770,24.4,83.86353258608942,103.86353258608942,123.86353258608942,143.86353258608943
1771,24.8,22.337101847372427,42.33710184737242,62.33710184737242,82.33710184737242
1772,25.2,23.345512782012054,43.34551278201205,63.34551278201205,83.34551278201205
1773,26.2,24.49798242160021,44.49798242160021,64.49798242160021,84.49798242160021
1774,26.4,24.20986501170317,44.20986501170317,64.20986501170317,84.20986501170317
1775,25.8,24.353923716651693,44.35392371665169,64.35392371665169,84.35392371665169
1776,24.6,25.218275946342796,45.2182759463428,65.2182759463428,85.2182759463428
1777,24.4,25.36233465129132,45.36233465129132,65.36233465129132,85.36233465129132
1778,25.4,25.36233465129132,45.36233465129132,65.36233465129132,85.36233465129132
1779,25.8,24.786099831497243,44.78609983149724,64.78609983149724,84.78609983149724
1780,25.5,25.218275946342796,45.2182759463428,65.2182759463428,85.2182759463428
1781,26.8,25.50639335623984,45.50639335623984,65.50639335623984,85.50639335623984
1782,27.8,25.074217241394283,45.07421724139428,65.07421724139428,85.07421724139428
1783,30.1,47.72559114958122,67.72559114958122,87.72559114958122,107.72559114958122
1784,32.6,18.879692928607984,38.87969292860798,58.87969292860798,78.87969292860798
1785,31.8,16.574753649431685,36.574753649431685,56.574753649431685,76.57475364943168
1786,30.0,14.846049190049467,34.84604919004947,54.84604919004947,74.84604919004947
1787,28.7,51.56022544635172,71.56022544635172,91.56022544635172,111.56022544635172
1788,27.8,13.981696960358352,33.98169696035835,53.98169696035835,73.98169696035835
1789,27.5,13.981696960358352,33.98169696035835,53.98169696035835,73.98169696035835
1790,27.1,13.981696960358352,33.98169696035835,53.98169696035835,73.98169696035835
1791,27.4,14.557931780152426,34.55793178015243,54.55793178015243,74.55793178015243
1792,29.4,15.710401419740574,35.71040141974058,55.71040141974058,75.71040141974058
1793,31.1,17.439105879122796,37.43910587912279,57.43910587912279,77.43910587912279
1794,29.3,82.99918035639831,102.99918035639831,122.99918035639831,142.9991803563983
1795,28.9,21.47274961768132,41.472749617681316,61.472749617681316,81.47274961768132
1796,29.0,21.760867027578357,41.76086702757836,61.76086702757836,81.76086702757836
1797,28.4,21.616808322629836,41.616808322629836,61.616808322629836,81.61680832262984
1798,27.8,21.3286909127328,41.328690912732796,61.328690912732796,81.3286909127328
1799,27.3,22.481160552320947,42.481160552320944,62.481160552320944,82.48116055232094
1800,27.1,23.633630191909095,43.63363019190909,63.63363019190909,83.63363019190909
1801,26.7,23.633630191909095,43.63363019190909,63.63363019190909,83.63363019190909
1802,25.8,23.345512782012054,43.34551278201205,63.34551278201205,83.34551278201205
1803,25.7,23.633630191909095,43.63363019190909,63.63363019190909,83.63363019190909
1804,25.9,22.769277962217984,42.769277962217984,62.769277962217984,82.76927796221798
1805,26.3,23.489571486960575,43.48957148696057,63.48957148696057,83.48957148696057
1806,27.7,23.77768889685761,43.77768889685761,63.77768889685761,83.77768889685761
1807,29.7,47.5815324446327,67.5815324446327,87.5815324446327,107.5815324446327
1808,31.5,20.464338683041685,40.46433868304169,60.46433868304169,80.46433868304169
1809,31.0,20.896514797887242,40.89651479788724,60.89651479788724,80.89651479788725
1810,28.6,20.176221273144648,40.17622127314465,60.17622127314465,80.17622127314465
1811,28.0,58.04286716903506,78.04286716903506,98.04286716903506,118.04286716903506
1812,27.1,19.88810386324761,39.88810386324761,59.88810386324761,79.88810386324761
1813,25.6,19.455927748402058,39.45592774840206,59.45592774840206,79.45592774840206
1814,23.6,18.879692928607984,38.87969292860798,58.87969292860798,78.87969292860798
1815,24.1,18.159399403865386,38.159399403865386,58.159399403865386,78.1593994038654
1816,25.1,18.735634223659464,38.73563422365946,58.73563422365946,78.73563422365946
1817,25.3,21.3286909127328,41.328690912732796,61.328690912732796,81.3286909127328
1818,26.5,87.75311761969942,107.75311761969942,127.75311761969942,147.75311761969942
1819,26.7,25.93856947108539,45.93856947108539,65.93856947108539,85.93856947108539
1820,25.2,26.946980405725025,46.94698040572503,66.94698040572503,86.94698040572503
1821,23.7,27.37915652057058,47.379156520570575,67.37915652057058,87.37915652057058
1822,23.0,26.946980405725025,46.94698040572503,66.94698040572503,86.94698040572503
1823,23.0,25.074217241394283,45.07421724139428,65.07421724139428,85.07421724139428
1824,22.3,26.226686880982435,46.226686880982435,66.22668688098244,86.22668688098244
1825,20.8,26.802921700776505,46.80292170077651,66.80292170077651,86.80292170077651
1826,20.9,27.09103911067354,47.09103911067354,67.09103911067353,87.09103911067353
1827,20.7,27.523215225519095,47.523215225519095,67.5232152255191,87.5232152255191
1828,20.7,27.811332635416132,47.811332635416136,67.81133263541614,87.81133263541614
1829,22.3,27.23509781562206,47.235097815622055,67.23509781562205,87.23509781562205
1830,23.2,25.50639335623984,45.50639335623984,65.50639335623984,85.50639335623984
1831,25.4,48.73400208422085,68.73400208422085,88.73400208422085,108.73400208422085
1832,26.7,20.896514797887242,40.89651479788724,60.89651479788724,80.89651479788725
1833,25.3,18.735634223659464,38.73563422365946,58.73563422365946,78.73563422365946
1834,21.1,18.735634223659464,38.73563422365946,58.73563422365946,78.73563422365946
1835,20.1,55.88198659480728,75.88198659480727,95.88198659480727,115.88198659480727
1836,20.3,19.599986453350578,39.59998645335058,59.59998645335058,79.59998645335058
1837,19.5,19.455927748402058,39.45592774840206,59.45592774840206,79.45592774840206
1838,17.9,20.608397387990205,40.60839738799021,60.60839738799021,80.60839738799021
1839,17.2,20.752456092938722,40.75245609293872,60.75245609293872,80.75245609293873
1840,16.2,22.625219257269464,42.625219257269464,62.625219257269464,82.62521925726946
1841,16.6,23.77768889685761,43.77768889685761,63.77768889685761,83.77768889685761
1842,17.7,87.89717632464794,107.89717632464794,127.89717632464794,147.89717632464794
1843,19.3,25.650452061188354,45.65045206118835,65.65045206118836,85.65045206118836
1844,20.2,26.370745585930948,46.37074558593095,66.37074558593095,86.37074558593095
1845,20.0,27.23509781562206,47.235097815622055,67.23509781562205,87.23509781562205
1846,20.7,27.955391340364653,47.955391340364656,67.95539134036466,87.95539134036466
1847,20.6,28.675684865107243,48.67568486510724,68.67568486510724,88.67568486510724
1848,21.5,28.387567455210206,48.3875674552102,68.3875674552102,88.3875674552102
1849,21.6,28.81974357005576,48.81974357005576,68.81974357005576,88.81974357005576
1850,22.1,29.540037094798354,49.54003709479835,69.54003709479835,89.54003709479835
1851,22.5,29.828154504695394,49.82815450469539,69.82815450469539,89.82815450469539
1852,22.9,29.97221320964391,49.97221320964391,69.97221320964391,89.97221320964391
1853,23.5,29.1078609799528,49.107860979952804,69.1078609799528,89.1078609799528
1854,24.1,28.387567455210206,48.3875674552102,68.3875674552102,88.3875674552102
1855,24.6,51.903293593088264,71.90329359308826,91.90329359308826,111.90329359308826
1856,23.0,25.36233465129132,45.36233465129132,65.36233465129132,85.36233465129132
1857,19.9,24.353923716651693,44.35392371665169,64.35392371665169,84.35392371665169
1858,18.0,23.489571486960575,43.48957148696057,63.48957148696057,83.48957148696057
1859,18.5,60.20374774326284,80.20374774326284,100.20374774326284,120.20374774326284
1860,18.5,21.760867027578357,41.76086702757836,61.76086702757836,81.76086702757836
1861,17.7,21.3286909127328,41.328690912732796,61.328690912732796,81.3286909127328
1862,17.1,21.3286909127328,41.328690912732796,61.328690912732796,81.3286909127328
1863,16.7,21.47274961768132,41.472749617681316,61.472749617681316,81.47274961768132
1864,16.5,22.048984437475394,42.0489844374754,62.0489844374754,82.0489844374754
1865,16.3,23.633630191909095,43.63363019190909,63.63363019190909,83.63363019190909
1866,17.5,87.46500020980238,107.46500020980238,127.46500020980238,147.46500020980238
1867,20.5,24.49798242160021,44.49798242160021,64.49798242160021,84.49798242160021
1868,23.2,25.50639335623984,45.50639335623984,65.50639335623984,85.50639335623984
1869,24.4,24.93015853644576,44.93015853644576,64.93015853644576,84.93015853644576
1870,24.2,24.93015853644576,44.93015853644576,64.93015853644576,84.93015853644576
1871,24.7,25.218275946342796,45.2182759463428,65.2182759463428,85.2182759463428
1872,25.8,24.786099831497243,44.78609983149724,64.78609983149724,84.78609983149724
1873,25.9,24.06580630675465,44.06580630675465,64.06580630675465,84.06580630675465
1874,25.5,23.633630191909095,43.63363019190909,63.63363019190909,83.63363019190909
1875,26.4,23.345512782012054,43.34551278201205,63.34551278201205,83.34551278201205
1876,26.8,23.489571486960575,43.48957148696057,63.48957148696057,83.48957148696057
1877,27.5,23.921747601806135,43.92174760180613,63.92174760180613,83.92174760180613
1878,29.1,22.913336667166504,42.913336667166504,62.913336667166504,82.9133366671665
1879,29.4,46.71718021494159,66.71718021494159,86.71718021494159,106.71718021494159
1880,26.7,19.88810386324761,39.88810386324761,59.88810386324761,79.88810386324761
1881,22.0,18.591575518710947,38.59157551871095,58.59157551871095,78.59157551871095
1882,18.8,15.99851882963761,35.99851882963761,55.99851882963761,75.99851882963762
1883,19.2,52.56863638099136,72.56863638099136,92.56863638099136,112.56863638099136
1884,18.8,12.397051205924647,32.39705120592465,52.39705120592465,72.39705120592464
1885,17.5,11.820816386130574,31.820816386130574,51.82081638613057,71.82081638613057
1886,16.9,11.676757681182053,31.676757681182053,51.67675768118205,71.67675768118205
1887,17.1,11.388640271285018,31.38864027128502,51.38864027128502,71.38864027128503
1888,17.5,12.685168615821684,32.68516861582168,52.68516861582168,72.68516861582168
1889,18.4,13.549520845512799,33.5495208455128,53.5495208455128,73.5495208455128
1890,20.5,77.09277345350904,97.09277345350904,117.09277345350904,137.09277345350904
1891,23.5,15.27822530489502,35.27822530489502,55.27822530489502,75.27822530489502
1892,24.7,16.28663623953465,36.28663623953465,56.28663623953465,76.28663623953466
1893,27.8,16.14257753458613,36.14257753458613,56.14257753458613,76.14257753458614
1894,30.6,16.430694944483168,36.430694944483164,56.430694944483164,76.43069494448316
1895,30.8,16.86287105932872,36.862871059328725,56.862871059328725,76.86287105932873
1896,29.3,16.28663623953465,36.28663623953465,56.28663623953465,76.28663623953466
1897,29.5,16.430694944483168,36.430694944483164,56.430694944483164,76.43069494448316
1898,30.9,17.583164584071316,37.58316458407131,57.58316458407131,77.58316458407131
1899,30.4,18.30345810881391,38.30345810881391,58.30345810881391,78.30345810881391
1900,31.3,18.879692928607984,38.87969292860798,58.87969292860798,78.87969292860798
1901,32.2,19.311869043453537,39.31186904345354,59.31186904345354,79.31186904345354
1902,32.8,19.0237516335565,39.0237516335565,59.0237516335565,79.0237516335565
1903,33.9,42.97165388628011,62.97165388628011,82.97165388628011,102.97165388628011
1904,34.6,16.574753649431685,36.574753649431685,56.574753649431685,76.57475364943168
1905,29.9,15.566342714792057,35.56634271479206,55.56634271479206,75.56634271479206
1906,25.8,14.846049190049467,34.84604919004947,54.84604919004947,74.84604919004947
1907,23.2,52.136460266145804,72.1364602661458,92.1364602661458,112.1364602661458
1908,21.9,13.981696960358352,33.98169696035835,53.98169696035835,73.98169696035835
1909,19.5,13.981696960358352,33.98169696035835,53.98169696035835,73.98169696035835
1910,17.2,14.26981437025539,34.26981437025539,54.26981437025539,74.26981437025539
1911,17.3,15.27822530489502,35.27822530489502,55.27822530489502,75.27822530489502
1912,17.7,15.42228400984354,35.42228400984354,55.42228400984354,75.42228400984354
1913,18.4,16.430694944483168,36.430694944483164,56.430694944483164,76.43069494448316
1914,20.6,80.40612366732498,100.40612366732498,120.40612366732498,140.40612366732498
1915,23.5,19.0237516335565,39.0237516335565,59.0237516335565,79.0237516335565
1916,24.6,20.608397387990205,40.60839738799021,60.60839738799021,80.60839738799021
1917,26.7,21.18463220778428,41.184632207784276,61.184632207784276,81.18463220778428
1918,29.6,21.040573502835763,41.04057350283576,61.04057350283576,81.04057350283577
1919,30.7,21.040573502835763,41.04057350283576,61.04057350283576,81.04057350283577
1920,30.7,21.760867027578357,41.76086702757836,61.76086702757836,81.76086702757836
1921,31.3,21.904925732526873,41.90492573252688,61.90492573252688,81.90492573252688
1922,30.1,22.337101847372427,42.33710184737242,62.33710184737242,82.33710184737242
1923,30.8,22.337101847372427,42.33710184737242,62.33710184737242,82.33710184737242
1924,31.8,21.616808322629836,41.616808322629836,61.616808322629836,81.61680832262984
1925,31.7,20.896514797887242,40.89651479788724,60.89651479788724,80.89651479788725
1926,32.2,19.88810386324761,39.88810386324761,59.88810386324761,79.88810386324761
1927,33.2,43.40383000112566,63.40383000112566,83.40383000112567,103.40383000112567
1928,33.7,16.718812354380205,36.718812354380205,56.718812354380205,76.7188123543802
1929,28.0,14.557931780152426,34.55793178015243,54.55793178015243,74.55793178015243
1930,23.8,12.108933796027612,32.108933796027614,52.108933796027614,72.10893379602761
1931,21.0,47.09440559294765,67.09440559294765,87.09440559294765,107.09440559294765
1932,17.7,8.651524877263165,28.651524877263164,48.651524877263164,68.65152487726317
1933,15.2,7.643113942623536,27.643113942623536,47.643113942623536,67.64311394262353
1934,13.9,7.066879122829462,27.066879122829462,47.06687912282946,67.06687912282946
1935,13.3,7.787172647572055,27.787172647572056,47.787172647572056,67.78717264757205
1936,13.3,8.939642287160202,28.939642287160204,48.939642287160204,68.93964228716021
1937,14.6,10.092111926748352,30.092111926748352,50.09211192674835,70.09211192674834
1938,15.7,75.07595158422978,95.07595158422978,115.07595158422978,135.07595158422978
1939,17.6,13.117344730667241,33.11734473066724,53.11734473066724,73.11734473066724
1940,20.2,13.549520845512799,33.5495208455128,53.5495208455128,73.5495208455128
1941,20.5,13.549520845512799,33.5495208455128,53.5495208455128,73.5495208455128
1942,21.9,14.26981437025539,34.26981437025539,54.26981437025539,74.26981437025539
1943,22.8,15.99851882963761,35.99851882963761,55.99851882963761,75.99851882963762
1944,23.6,17.439105879122796,37.43910587912279,57.43910587912279,77.43910587912279
1945,23.3,17.29504717417428,37.29504717417428,57.29504717417428,77.29504717417427
1946,25.4,17.87128199396835,37.87128199396835,57.87128199396835,77.87128199396835
1947,27.0,18.591575518710947,38.59157551871095,58.59157551871095,78.59157551871095
1948,27.3,21.040573502835763,41.04057350283576,61.04057350283576,81.04057350283577
1949,27.0,21.904925732526873,41.90492573252688,61.90492573252688,81.90492573252688
1950,27.3,20.176221273144648,40.17622127314465,60.17622127314465,80.17622127314465
1951,28.3,41.67512554174345,61.67512554174345,81.67512554174345,101.67512554174345
1952,27.1,12.829227320770205,32.8292273207702,52.8292273207702,72.8292273207702
1953,22.6,8.939642287160202,28.939642287160204,48.939642287160204,68.93964228716021
1954,19.6,6.490644303035387,26.49064430303539,46.49064430303539,66.4906443030354
1955,18.3,42.721344087671234,62.721344087671234,82.72134408767124,102.72134408767124
1956,16.8,4.854698191780822,24.854698191780823,44.85469819178083,64.85469819178083
1957,16.0,4.854698191780822,24.854698191780823,44.85469819178083,64.85469819178083
1958,13.9,4.854698191780822,24.854698191780823,44.85469819178083,64.85469819178083
1959,13.6,4.854698191780822,24.854698191780823,44.85469819178083,64.85469819178083
1960,13.4,4.854698191780822,24.854698191780823,44.85469819178083,64.85469819178083
1961,15.1,6.634703007983905,26.634703007983905,46.6347030079839,66.6347030079839
1962,15.0,72.19477748525942,92.19477748525942,112.19477748525942,132.1947774852594
1963,17.3,10.524288041593906,30.524288041593906,50.524288041593906,70.5242880415939
1964,19.6,11.820816386130574,31.820816386130574,51.82081638613057,71.82081638613057
1965,21.6,12.685168615821684,32.68516861582168,52.68516861582168,72.68516861582168
1966,21.7,13.693579550461315,33.693579550461315,53.693579550461315,73.69357955046132
1967,21.4,14.413873075203906,34.41387307520391,54.41387307520391,74.41387307520391
1968,21.5,15.854460124689094,35.8544601246891,55.8544601246891,75.8544601246891
1969,22.5,16.718812354380205,36.718812354380205,56.718812354380205,76.7188123543802
1970,22.0,15.99851882963761,35.99851882963761,55.99851882963761,75.99851882963762
1971,23.0,15.134166599946504,35.134166599946504,55.134166599946504,75.1341665999465
1972,24.1,14.557931780152426,34.55793178015243,54.55793178015243,74.55793178015243
1973,24.2,14.413873075203906,34.41387307520391,54.41387307520391,74.41387307520391
1974,22.2,14.413873075203906,34.41387307520391,54.41387307520391,74.41387307520391
1975,23.3,39.658303672464186,59.658303672464186,79.65830367246419,99.65830367246419
1976,25.4,14.413873075203906,34.41387307520391,54.41387307520391,74.41387307520391
1977,20.7,13.837638255409832,33.83763825540983,53.83763825540983,73.83763825540983
1978,16.8,11.820816386130574,31.820816386130574,51.82081638613057,71.82081638613057
1979,15.6,46.80628818305061,66.80628818305061,86.80628818305061,106.80628818305061
1980,14.6,7.066879122829462,27.066879122829462,47.06687912282946,67.06687912282946
1981,13.3,6.202526893138352,26.20252689313835,46.202526893138355,66.20252689313836
1982,12.1,6.634703007983905,26.634703007983905,46.6347030079839,66.6347030079839
1983,11.7,7.787172647572055,27.787172647572056,47.787172647572056,67.78717264757205
1984,11.2,8.651524877263165,28.651524877263164,48.651524877263164,68.65152487726317
1985,10.5,9.803994516851315,29.803994516851315,49.80399451685132,69.80399451685132
1986,11.4,74.06754064959016,94.06754064959016,114.06754064959016,134.06754064959017
1987,13.7,12.252992500976127,32.25299250097613,52.25299250097613,72.25299250097612
1988,15.5,12.973286025718725,32.97328602571872,52.97328602571872,72.97328602571872
1989,16.2,13.549520845512799,33.5495208455128,53.5495208455128,73.5495208455128
1990,17.1,13.549520845512799,33.5495208455128,53.5495208455128,73.5495208455128
1991,16.9,14.413873075203906,34.41387307520391,54.41387307520391,74.41387307520391
1992,16.9,15.27822530489502,35.27822530489502,55.27822530489502,75.27822530489502
1993,18.0,15.42228400984354,35.42228400984354,55.42228400984354,75.42228400984354
1994,19.0,15.42228400984354,35.42228400984354,55.42228400984354,75.42228400984354
1995,19.6,16.14257753458613,36.14257753458613,56.14257753458613,76.14257753458614
1996,19.1,17.439105879122796,37.43910587912279,57.43910587912279,77.43910587912279
1997,19.0,18.01534069891687,38.01534069891687,58.01534069891687,78.01534069891687
1998,19.9,17.29504717417428,37.29504717417428,57.29504717417428,77.29504717417427
1999,21.4,40.81077331205233,60.81077331205233,80.81077331205233,100.81077331205233
2000,20.4,13.549520845512799,33.5495208455128,53.5495208455128,73.5495208455128
2001,16.7,11.676757681182053,31.676757681182053,51.67675768118205,71.67675768118205
2002,13.8,10.092111926748352,30.092111926748352,50.09211192674835,70.09211192674834
2003,12.6,46.6622294781021,66.66222947810209,86.66222947810209,106.66222947810209
2004,12.3,7.499055237675016,27.499055237675016,47.499055237675016,67.49905523767501
2005,12.0,7.066879122829462,27.066879122829462,47.06687912282946,67.06687912282946
2006,10.9,7.066879122829462,27.066879122829462,47.06687912282946,67.06687912282946
2007,10.3,7.210937827777981,27.210937827777983,47.21093782777798,67.21093782777798
2008,10.3,8.939642287160202,28.939642287160204,48.939642287160204,68.93964228716021
2009,10.6,11.100522861387981,31.10052286138798,51.10052286138798,71.10052286138799
2010,11.5,75.65218640402387,95.65218640402387,115.65218640402387,135.65218640402387
2011,12.5,13.837638255409832,33.83763825540983,53.83763825540983,73.83763825540983
2012,13.5,14.846049190049467,34.84604919004947,54.84604919004947,74.84604919004947
2013,13.2,15.566342714792057,35.56634271479206,55.56634271479206,75.56634271479206
2014,13.6,16.574753649431685,36.574753649431685,56.574753649431685,76.57475364943168
2015,13.5,18.01534069891687,38.01534069891687,58.01534069891687,78.01534069891687
2016,13.7,18.591575518710947,38.59157551871095,58.59157551871095,78.59157551871095
2017,13.7,19.16781033850502,39.16781033850502,59.16781033850502,79.16781033850502
2018,13.9,19.744045158299095,39.744045158299095,59.744045158299095,79.74404515829909
2019,14.7,19.311869043453537,39.31186904345354,59.31186904345354,79.31186904345354
2020,14.6,18.591575518710947,38.59157551871095,58.59157551871095,78.59157551871095
2021,15.1,18.01534069891687,38.01534069891687,58.01534069891687,78.01534069891687
2022,16.0,16.86287105932872,36.862871059328725,56.862871059328725,76.86287105932873
2023,16.5,40.37859719720678,60.37859719720678,80.37859719720677,100.37859719720677
2024,16.6,13.261403435615758,33.26140343561576,53.26140343561576,73.26140343561576
2025,16.4,11.2445815663365,31.2445815663365,51.2445815663365,71.2445815663365
2026,17.3,11.100522861387981,31.10052286138798,51.10052286138798,71.10052286138799
2027,17.0,47.09440559294765,67.09440559294765,87.09440559294765,107.09440559294765
2028,16.2,6.34658559808687,26.346585598086868,46.34658559808687,66.34658559808688
2029,15.7,5.050057253550202,25.0500572535502,45.0500572535502,65.0500572535502
2030,15.2,5.770350778292794,25.770350778292794,45.770350778292794,65.7703507782928
2031,14.8,5.914409483241313,25.914409483241315,45.914409483241315,65.91440948324131
2032,14.8,6.634703007983905,26.634703007983905,46.6347030079839,66.6347030079839
2033,15.1,8.507466172314647,28.507466172314647,48.50746617231465,68.50746617231465
2034,16.2,73.20318841989905,93.20318841989905,113.20318841989905,133.20318841989905
2035,18.4,11.532698976233537,31.532698976233537,51.53269897623353,71.53269897623353
2036,20.5,11.964875091079092,31.964875091079094,51.964875091079094,71.9648750910791
2037,20.6,12.541109910873166,32.54110991087317,52.54110991087317,72.54110991087316
2038,21.4,13.261403435615758,33.26140343561576,53.26140343561576,73.26140343561576
2039,20.8,13.693579550461315,33.693579550461315,53.693579550461315,73.69357955046132
2040,20.4,14.413873075203906,34.41387307520391,54.41387307520391,74.41387307520391
2041,20.7,16.28663623953465,36.28663623953465,56.28663623953465,76.28663623953466
2042,22.4,17.006929764277242,37.006929764277245,57.006929764277245,77.00692976427725
2043,23.5,17.15098846922576,37.15098846922576,57.15098846922576,77.15098846922575
2044,22.3,17.439105879122796,37.43910587912279,57.43910587912279,77.43910587912279
2045,21.9,16.28663623953465,36.28663623953465,56.28663623953465,76.28663623953466
2046,22.0,15.134166599946504,35.134166599946504,55.134166599946504,75.1341665999465
2047,22.0,37.929599213081964,57.929599213081964,77.92959921308196,97.92959921308196
2048,21.9,10.380229336645385,30.380229336645385,50.380229336645385,70.38022933664539
2049,22.3,7.499055237675016,27.499055237675016,47.499055237675016,67.49905523767501
2050,20.0,4.854698191780822,24.854698191780823,44.85469819178083,64.85469819178083
2051,18.2,42.721344087671234,62.721344087671234,82.72134408767124,102.72134408767124
2052,16.8,4.854698191780822,24.854698191780823,44.85469819178083,64.85469819178083
2053,15.3,4.854698191780822,24.854698191780823,44.85469819178083,64.85469819178083
2054,13.9,4.854698191780822,24.854698191780823,44.85469819178083,64.85469819178083
2055,13.2,5.770350778292794,25.770350778292794,45.770350778292794,65.7703507782928
2056,13.7,7.787172647572055,27.787172647572056,47.787172647572056,67.78717264757205
2057,14.2,10.092111926748352,30.092111926748352,50.09211192674835,70.09211192674834
2058,15.0,75.36406899412682,95.36406899412682,115.36406899412682,135.36406899412682
2059,16.8,13.837638255409832,33.83763825540983,53.83763825540983,73.83763825540983
2060,17.4,14.990107894997983,34.99010789499798,54.99010789499798,74.99010789499798
2061,17.8,15.42228400984354,35.42228400984354,55.42228400984354,75.42228400984354
2062,17.8,15.854460124689094,35.8544601246891,55.8544601246891,75.8544601246891
2063,17.1,15.99851882963761,35.99851882963761,55.99851882963761,75.99851882963762
2064,16.8,16.28663623953465,36.28663623953465,56.28663623953465,76.28663623953466
2065,16.8,16.28663623953465,36.28663623953465,56.28663623953465,76.28663623953466
2066,17.5,15.99851882963761,35.99851882963761,55.99851882963761,75.99851882963762
2067,17.8,15.99851882963761,35.99851882963761,55.99851882963761,75.99851882963762
2068,17.3,15.99851882963761,35.99851882963761,55.99851882963761,75.99851882963762
2069,18.2,15.99851882963761,35.99851882963761,55.99851882963761,75.99851882963762
2070,20.3,16.14257753458613,36.14257753458613,56.14257753458613,76.14257753458614
2071,21.0,42.107301656589,62.107301656589,82.107301656589,102.107301656589
2072,19.6,17.439105879122796,37.43910587912279,57.43910587912279,77.43910587912279
2073,18.2,17.006929764277242,37.006929764277245,57.006929764277245,77.00692976427725
2074,16.8,16.574753649431685,36.574753649431685,56.574753649431685,76.57475364943168
2075,14.8,54.15328213542506,74.15328213542506,94.15328213542506,114.15328213542506
2076,14.1,15.566342714792057,35.56634271479206,55.56634271479206,75.56634271479206
2077,12.8,15.710401419740574,35.71040141974058,55.71040141974058,75.71040141974058
2078,12.2,16.718812354380205,36.718812354380205,56.718812354380205,76.7188123543802
2079,13.2,16.430694944483168,36.430694944483164,56.430694944483164,76.43069494448316
2080,14.5,15.566342714792057,35.56634271479206,55.56634271479206,75.56634271479206
2081,15.5,15.27822530489502,35.27822530489502,55.27822530489502,75.27822530489502
2082,15.4,77.5249495683546,97.5249495683546,117.5249495683546,137.5249495683546
2083,16.2,15.42228400984354,35.42228400984354,55.42228400984354,75.42228400984354
2084,17.7,15.27822530489502,35.27822530489502,55.27822530489502,75.27822530489502
2085,18.8,14.701990485100946,34.70199048510095,54.70199048510095,74.70199048510095
2086,18.7,14.557931780152426,34.55793178015243,54.55793178015243,74.55793178015243
2087,19.4,14.701990485100946,34.70199048510095,54.70199048510095,74.70199048510095
2088,21.8,14.846049190049467,34.84604919004947,54.84604919004947,74.84604919004947
2089,21.9,14.990107894997983,34.99010789499798,54.99010789499798,74.99010789499798
2090,22.3,14.990107894997983,34.99010789499798,54.99010789499798,74.99010789499798
2091,24.1,14.557931780152426,34.55793178015243,54.55793178015243,74.55793178015243
2092,24.7,14.26981437025539,34.26981437025539,54.26981437025539,74.26981437025539
2093,26.1,14.26981437025539,34.26981437025539,54.26981437025539,74.26981437025539
2094,30.3,13.693579550461315,33.693579550461315,53.693579550461315,73.69357955046132
2095,31.4,38.073657918030484,58.073657918030484,78.07365791803048,98.07365791803048
2096,27.6,11.532698976233537,31.532698976233537,51.53269897623353,71.53269897623353
2097,25.4,10.956464156439463,30.956464156439463,50.956464156439466,70.95646415643947
2098,23.4,11.676757681182053,31.676757681182053,51.67675768118205,71.67675768118205
2099,22.8,48.67905134738135,68.67905134738135,88.67905134738135,108.67905134738135
2100,22.6,9.515877106954274,29.515877106954274,49.51587710695428,69.51587710695428
2101,23.8,7.931231352520573,27.931231352520573,47.93123135252057,67.93123135252057
2102,24.5,6.778761712932424,26.778761712932422,46.77876171293242,66.77876171293242
2103,24.0,6.202526893138352,26.20252689313835,46.202526893138355,66.20252689313836
2104,26.8,6.490644303035387,26.49064430303539,46.49064430303539,66.4906443030354
2105,27.4,6.922820417880944,26.922820417880942,46.92282041788094,66.92282041788094
2106,27.3,70.32201432092867,90.32201432092867,110.32201432092867,130.32201432092867
2107,26.5,7.210937827777981,27.210937827777983,47.21093782777798,67.21093782777798
2108,26.8,7.931231352520573,27.931231352520573,47.93123135252057,67.93123135252057
2109,26.6,8.795583582211684,28.795583582211684,48.795583582211684,68.79558358221169
2110,26.5,9.227759697057241,29.22775969705724,49.22775969705724,69.22775969705724
2111,26.4,9.659935811902795,29.659935811902795,49.6599358119028,69.6599358119028
2112,27.8,10.092111926748352,30.092111926748352,50.09211192674835,70.09211192674834
2113,28.5,10.380229336645385,30.380229336645385,50.380229336645385,70.38022933664539
2114,27.8,10.380229336645385,30.380229336645385,50.380229336645385,70.38022933664539
2115,27.5,11.100522861387981,31.10052286138798,51.10052286138798,71.10052286138799
2116,28.1,11.676757681182053,31.676757681182053,51.67675768118205,71.67675768118205
2117,29.3,10.956464156439463,30.956464156439463,50.956464156439466,70.95646415643947
2118,33.3,10.236170631696872,30.236170631696872,50.23617063169687,70.23617063169687
2119,36.2,34.47219029431752,54.47219029431752,74.47219029431753,94.47219029431753
2120,32.4,7.931231352520573,27.931231352520573,47.93123135252057,67.93123135252057
2121,30.3,6.922820417880944,26.922820417880942,46.92282041788094,66.92282041788094
2122,28.9,5.914409483241313,25.914409483241315,45.914409483241315,65.91440948324131
2123,27.6,42.721344087671234,62.721344087671234,82.72134408767124,102.72134408767124
2124,26.8,4.854698191780822,24.854698191780823,44.85469819178083,64.85469819178083
2125,25.2,4.854698191780822,24.854698191780823,44.85469819178083,64.85469819178083
2126,24.0,4.854698191780822,24.854698191780823,44.85469819178083,64.85469819178083
2127,24.0,4.854698191780822,24.854698191780823,44.85469819178083,64.85469819178083
2128,24.5,4.854698191780822,24.854698191780823,44.85469819178083,64.85469819178083
2129,25.1,4.854698191780822,24.854698191780823,44.85469819178083,64.85469819178083
2130,24.9,67.96577468493152,87.96577468493152,107.96577468493152,127.96577468493152
2131,28.8,5.914409483241313,25.914409483241315,45.914409483241315,65.91440948324131
2132,30.6,7.643113942623536,27.643113942623536,47.643113942623536,67.64311394262353
2133,31.5,8.651524877263165,28.651524877263164,48.651524877263164,68.65152487726317
2134,31.2,8.939642287160202,28.939642287160204,48.939642287160204,68.93964228716021
2135,31.2,8.939642287160202,28.939642287160204,48.939642287160204,68.93964228716021
2136,31.5,8.939642287160202,28.939642287160204,48.939642287160204,68.93964228716021
2137,31.9,9.37181840200576,29.371818402005758,49.37181840200576,69.37181840200576
2138,32.0,9.659935811902795,29.659935811902795,49.6599358119028,69.6599358119028
2139,32.0,12.397051205924647,32.39705120592465,52.39705120592465,72.39705120592464
2140,31.9,14.125755665306873,34.12575566530687,54.12575566530687,74.12575566530687
2141,33.1,14.125755665306873,34.12575566530687,54.12575566530687,74.12575566530687
2142,35.9,14.701990485100946,34.70199048510095,54.70199048510095,74.70199048510095
2143,36.6,40.09047978730975,60.09047978730975,80.09047978730975,100.09047978730975
2144,31.8,14.990107894997983,34.99010789499798,54.99010789499798,74.99010789499798
2145,28.3,14.990107894997983,34.99010789499798,54.99010789499798,74.99010789499798
2146,26.8,15.134166599946504,35.134166599946504,55.134166599946504,75.1341665999465
2147,26.5,52.8567537908884,72.8567537908884,92.8567537908884,112.8567537908884
2148,26.3,14.701990485100946,34.70199048510095,54.70199048510095,74.70199048510095
2149,26.1,13.837638255409832,33.83763825540983,53.83763825540983,73.83763825540983
2150,26.5,12.973286025718725,32.97328602571872,52.97328602571872,72.97328602571872
2151,25.7,12.541109910873166,32.54110991087317,52.54110991087317,72.54110991087316
2152,25.8,12.685168615821684,32.68516861582168,52.68516861582168,72.68516861582168
2153,25.7,13.405462140564278,33.40546214056428,53.40546214056428,73.40546214056428
2154,26.4,78.10118438814868,98.10118438814868,118.10118438814868,138.10118438814868
2155,27.9,16.14257753458613,36.14257753458613,56.14257753458613,76.14257753458614
2156,30.7,16.86287105932872,36.862871059328725,56.862871059328725,76.86287105932873
2157,31.9,17.29504717417428,37.29504717417428,57.29504717417428,77.29504717417427
2158,31.4,17.87128199396835,37.87128199396835,57.87128199396835,77.87128199396835
2159,31.7,19.16781033850502,39.16781033850502,59.16781033850502,79.16781033850502
2160,32.6,21.3286909127328,41.328690912732796,61.328690912732796,81.3286909127328
2161,32.7,22.337101847372427,42.33710184737242,62.33710184737242,82.33710184737242
2162,32.0,23.05739537211502,43.057395372115025,63.057395372115025,83.05739537211502
2163,32.1,23.489571486960575,43.48957148696057,63.48957148696057,83.48957148696057
2164,32.1,24.06580630675465,44.06580630675465,64.06580630675465,84.06580630675465
2165,32.8,23.633630191909095,43.63363019190909,63.63363019190909,83.63363019190909
2166,36.2,21.040573502835763,41.04057350283576,61.04057350283576,81.04057350283577
2167,36.1,43.11571259122863,63.11571259122863,83.11571259122863,103.11571259122863
2168,32.7,15.134166599946504,35.134166599946504,55.134166599946504,75.1341665999465
2169,30.8,12.829227320770205,32.8292273207702,52.8292273207702,72.8292273207702
2170,30.3,11.532698976233537,31.532698976233537,51.53269897623353,71.53269897623353
2171,28.7,48.10281652758728,68.10281652758728,88.10281652758728,108.10281652758728
2172,27.8,9.515877106954274,29.515877106954274,49.51587710695428,69.51587710695428
2173,26.7,9.083700992108723,29.083700992108724,49.083700992108724,69.08370099210873
2174,25.7,8.939642287160202,28.939642287160204,48.939642287160204,68.93964228716021
2175,25.9,8.795583582211684,28.795583582211684,48.795583582211684,68.79558358221169
2176,25.5,9.227759697057241,29.22775969705724,49.22775969705724,69.22775969705724
2177,25.8,10.668346746542426,30.668346746542426,50.668346746542426,70.66834674654243
2178,26.6,77.09277345350904,97.09277345350904,117.09277345350904,137.09277345350904
2179,28.0,14.26981437025539,34.26981437025539,54.26981437025539,74.26981437025539
2180,28.4,15.99851882963761,35.99851882963761,55.99851882963761,75.99851882963762
2181,28.3,18.447516813762427,38.44751681376243,58.44751681376243,78.44751681376243
2182,27.8,18.735634223659464,38.73563422365946,58.73563422365946,78.73563422365946
2183,26.9,19.0237516335565,39.0237516335565,59.0237516335565,79.0237516335565
2184,26.4,20.32027997809317,40.32027997809317,60.32027997809317,80.32027997809317
2185,26.7,20.32027997809317,40.32027997809317,60.32027997809317,80.32027997809317
2186,27.5,19.311869043453537,39.31186904345354,59.31186904345354,79.31186904345354
2187,27.8,20.032162568196128,40.03216256819613,60.03216256819613,80.03216256819613
2188,28.0,19.599986453350578,39.59998645335058,59.59998645335058,79.59998645335058
2189,29.1,19.311869043453537,39.31186904345354,59.31186904345354,79.31186904345354
2190,29.3,17.006929764277242,37.006929764277245,57.006929764277245,77.00692976427725
2191,28.9,40.52265590215529,60.52265590215529,80.5226559021553,100.5226559021553
2192,26.9,13.693579550461315,33.693579550461315,53.693579550461315,73.69357955046132
2193,25.6,12.685168615821684,32.68516861582168,52.68516861582168,72.68516861582168
2194,25.3,11.388640271285018,31.38864027128502,51.38864027128502,71.38864027128503
2195,25.1,48.2468752325358,68.2468752325358,88.2468752325358,108.2468752325358
2196,24.2,10.812405451490944,30.812405451490946,50.812405451490946,70.81240545149095
2197,23.9,13.837638255409832,33.83763825540983,53.83763825540983,73.83763825540983
2198,24.9,14.26981437025539,34.26981437025539,54.26981437025539,74.26981437025539
2199,23.8,13.117344730667241,33.11734473066724,53.11734473066724,73.11734473066724
2200,23.8,13.837638255409832,33.83763825540983,53.83763825540983,73.83763825540983
2201,24.4,14.557931780152426,34.55793178015243,54.55793178015243,74.55793178015243
2202,23.6,78.67741920794275,98.67741920794275,118.67741920794275,138.67741920794276
2203,25.9,15.854460124689094,35.8544601246891,55.8544601246891,75.8544601246891
2204,30.1,16.86287105932872,36.862871059328725,56.862871059328725,76.86287105932873
2205,29.5,17.006929764277242,37.006929764277245,57.006929764277245,77.00692976427725
2206,29.1,17.006929764277242,37.006929764277245,57.006929764277245,77.00692976427725
2207,28.8,17.29504717417428,37.29504717417428,57.29504717417428,77.29504717417427
2208,29.0,17.87128199396835,37.87128199396835,57.87128199396835,77.87128199396835
2209,29.6,18.591575518710947,38.59157551871095,58.59157551871095,78.59157551871095
2210,28.8,19.311869043453537,39.31186904345354,59.31186904345354,79.31186904345354
2211,29.3,20.176221273144648,40.17622127314465,60.17622127314465,80.17622127314465
2212,29.2,20.464338683041685,40.46433868304169,60.46433868304169,80.46433868304169
2213,28.9,20.896514797887242,40.89651479788724,60.89651479788724,80.89651479788725
2214,29.3,20.896514797887242,40.89651479788724,60.89651479788724,80.89651479788725
2215,28.7,44.55629964071382,64.55629964071382,84.55629964071382,104.55629964071382
2216,25.0,17.727223289019836,37.72722328901983,57.72722328901983,77.72722328901983
2217,22.4,15.566342714792057,35.56634271479206,55.56634271479206,75.56634271479206
2218,20.9,14.557931780152426,34.55793178015243,54.55793178015243,74.55793178015243
2219,19.8,51.56022544635172,71.56022544635172,91.56022544635172,111.56022544635172
2220,19.1,12.252992500976127,32.25299250097613,52.25299250097613,72.25299250097612
2221,18.5,10.956464156439463,30.956464156439463,50.956464156439466,70.95646415643947
2222,17.9,9.659935811902795,29.659935811902795,49.6599358119028,69.6599358119028
2223,17.7,9.37181840200576,29.371818402005758,49.37181840200576,69.37181840200576
2224,18.8,9.803994516851315,29.803994516851315,49.80399451685132,69.80399451685132
2225,19.1,11.2445815663365,31.2445815663365,51.2445815663365,71.2445815663365
2226,20.6,75.2200102891783,95.2200102891783,115.2200102891783,135.2200102891783
2227,22.7,12.397051205924647,32.39705120592465,52.39705120592465,72.39705120592464
2228,24.6,13.837638255409832,33.83763825540983,53.83763825540983,73.83763825540983
2229,26.1,14.557931780152426,34.55793178015243,54.55793178015243,74.55793178015243
2230,27.1,15.42228400984354,35.42228400984354,55.42228400984354,75.42228400984354
2231,26.4,16.574753649431685,36.574753649431685,56.574753649431685,76.57475364943168
2232,26.3,17.15098846922576,37.15098846922576,57.15098846922576,77.15098846922575
2233,25.2,18.30345810881391,38.30345810881391,58.30345810881391,78.30345810881391
2234,25.7,19.311869043453537,39.31186904345354,59.31186904345354,79.31186904345354
2235,25.5,20.032162568196128,40.03216256819613,60.03216256819613,80.03216256819613
2236,25.1,20.464338683041685,40.46433868304169,60.46433868304169,80.46433868304169
2237,24.5,20.32027997809317,40.32027997809317,60.32027997809317,80.32027997809317
2238,25.1,18.159399403865386,38.159399403865386,58.159399403865386,78.1593994038654
2239,27.2,41.098890721949374,61.098890721949374,81.09889072194937,101.09889072194937
2240,25.8,13.405462140564278,33.40546214056428,53.40546214056428,73.40546214056428
2241,24.6,11.388640271285018,31.38864027128502,51.38864027128502,71.38864027128503
2242,25.2,9.803994516851315,29.803994516851315,49.80399451685132,69.80399451685132
2243,25.6,46.085994658308024,66.08599465830802,86.08599465830802,106.08599465830802
2244,25.7,6.490644303035387,26.49064430303539,46.49064430303539,66.4906443030354
2245,25.5,5.19411595849872,25.19411595849872,45.19411595849872,65.19411595849871
2246,25.6,5.050057253550202,25.0500572535502,45.0500572535502,65.0500572535502
2247,27.5,5.914409483241313,25.914409483241315,45.914409483241315,65.91440948324131
2248,29.0,6.634703007983905,26.634703007983905,46.6347030079839,66.6347030079839
2249,30.0,7.499055237675016,27.499055237675016,47.499055237675016,67.49905523767501
2250,28.3,71.61854266546534,91.61854266546534,111.61854266546534,131.61854266546533
2251,26.0,9.515877106954274,29.515877106954274,49.51587710695428,69.51587710695428
2252,25.2,10.380229336645385,30.380229336645385,50.380229336645385,70.38022933664539
2253,25.3,11.820816386130574,31.820816386130574,51.82081638613057,71.82081638613057
2254,25.3,13.117344730667241,33.11734473066724,53.11734473066724,73.11734473066724
2255,25.1,13.981696960358352,33.98169696035835,53.98169696035835,73.98169696035835
2256,24.9,15.134166599946504,35.134166599946504,55.134166599946504,75.1341665999465
2257,25.5,14.846049190049467,34.84604919004947,54.84604919004947,74.84604919004947
2258,26.7,14.413873075203906,34.41387307520391,54.41387307520391,74.41387307520391
2259,27.8,18.735634223659464,38.73563422365946,58.73563422365946,78.73563422365946
2260,28.5,20.32027997809317,40.32027997809317,60.32027997809317,80.32027997809317
2261,28.7,21.040573502835763,41.04057350283576,61.04057350283576,81.04057350283577
2262,30.5,22.481160552320947,42.481160552320944,62.481160552320944,82.48116055232094
2263,31.3,48.58994337927233,68.58994337927233,88.58994337927233,108.58994337927233
2264,30.0,23.20145407706354,43.201454077063545,63.201454077063545,83.20145407706354
2265,28.4,22.913336667166504,42.913336667166504,62.913336667166504,82.9133366671665
2266,27.5,22.625219257269464,42.625219257269464,62.625219257269464,82.62521925726946
2267,26.5,59.48345421852025,79.48345421852025,99.48345421852025,119.48345421852025
2268,25.4,19.88810386324761,39.88810386324761,59.88810386324761,79.88810386324761
2269,23.9,18.735634223659464,38.73563422365946,58.73563422365946,78.73563422365946
2270,22.9,17.439105879122796,37.43910587912279,57.43910587912279,77.43910587912279
2271,23.6,16.574753649431685,36.574753649431685,56.574753649431685,76.57475364943168
2272,25.2,15.99851882963761,35.99851882963761,55.99851882963761,75.99851882963762
2273,23.7,17.439105879122796,37.43910587912279,57.43910587912279,77.43910587912279
2274,23.4,82.42294553660423,102.42294553660423,122.42294553660423,142.42294553660423
2275,24.3,20.32027997809317,40.32027997809317,60.32027997809317,80.32027997809317
2276,26.6,20.32027997809317,40.32027997809317,60.32027997809317,80.32027997809317
2277,28.8,21.040573502835763,41.04057350283576,61.04057350283576,81.04057350283577
2278,27.4,21.760867027578357,41.76086702757836,61.76086702757836,81.76086702757836
2279,26.9,23.20145407706354,43.201454077063545,63.201454077063545,83.20145407706354
2280,29.9,23.77768889685761,43.77768889685761,63.77768889685761,83.77768889685761
2281,31.1,24.06580630675465,44.06580630675465,64.06580630675465,84.06580630675465
2282,30.1,23.633630191909095,43.63363019190909,63.63363019190909,83.63363019190909
2283,30.3,23.633630191909095,43.63363019190909,63.63363019190909,83.63363019190909
2284,30.3,23.20145407706354,43.201454077063545,63.201454077063545,83.20145407706354
2285,30.6,22.19304314242391,42.19304314242391,62.19304314242391,82.1930431424239
2286,32.1,21.47274961768132,41.472749617681316,61.472749617681316,81.47274961768132
2287,33.0,45.420651870404924,65.42065187040492,85.42065187040492,105.42065187040492
2288,31.1,17.87128199396835,37.87128199396835,57.87128199396835,77.87128199396835
2289,28.2,14.846049190049467,34.84604919004947,54.84604919004947,74.84604919004947
2290,26.0,13.981696960358352,33.98169696035835,53.98169696035835,73.98169696035835
2291,24.8,50.983990626557656,70.98399062655766,90.98399062655766,110.98399062655766
2292,23.5,11.532698976233537,31.532698976233537,51.53269897623353,71.53269897623353
2293,24.8,10.380229336645385,30.380229336645385,50.380229336645385,70.38022933664539
2294,30.1,10.380229336645385,30.380229336645385,50.380229336645385,70.38022933664539
2295,31.7,10.380229336645385,30.380229336645385,50.380229336645385,70.38022933664539
2296,31.1,11.100522861387981,31.10052286138798,51.10052286138798,71.10052286138799
2297,30.6,12.541109910873166,32.54110991087317,52.54110991087317,72.54110991087316
2298,28.9,76.80465604361201,96.80465604361201,116.80465604361201,136.804656043612
2299,28.3,13.981696960358352,33.98169696035835,53.98169696035835,73.98169696035835
2300,27.8,14.846049190049467,34.84604919004947,54.84604919004947,74.84604919004947
2301,26.5,16.430694944483168,36.430694944483164,56.430694944483164,76.43069494448316
2302,25.4,17.87128199396835,37.87128199396835,57.87128199396835,77.87128199396835
2303,24.1,19.0237516335565,39.0237516335565,59.0237516335565,79.0237516335565
2304,24.3,19.599986453350578,39.59998645335058,59.59998645335058,79.59998645335058
2305,24.5,19.744045158299095,39.744045158299095,59.744045158299095,79.74404515829909
2306,22.4,20.608397387990205,40.60839738799021,60.60839738799021,80.60839738799021
2307,20.9,21.040573502835763,41.04057350283576,61.04057350283576,81.04057350283577
2308,21.2,20.752456092938722,40.75245609293872,60.75245609293872,80.75245609293873
2309,21.3,20.032162568196128,40.03216256819613,60.03216256819613,80.03216256819613
2310,22.7,18.879692928607984,38.87969292860798,58.87969292860798,78.87969292860798
2311,23.8,42.82759518133159,62.82759518133159,82.82759518133159,102.82759518133159
2312,23.1,15.99851882963761,35.99851882963761,55.99851882963761,75.99851882963762
2313,22.2,15.134166599946504,35.134166599946504,55.134166599946504,75.1341665999465
2314,22.8,14.26981437025539,34.26981437025539,54.26981437025539,74.26981437025539
2315,21.3,51.27210803645469,71.27210803645468,91.27210803645468,111.27210803645468
2316,21.3,11.820816386130574,31.820816386130574,51.82081638613057,71.82081638613057
2317,21.8,11.100522861387981,31.10052286138798,51.10052286138798,71.10052286138799
2318,21.1,10.956464156439463,30.956464156439463,50.956464156439466,70.95646415643947
2319,20.7,11.2445815663365,31.2445815663365,51.2445815663365,71.2445815663365
2320,21.3,12.108933796027612,32.108933796027614,52.108933796027614,72.10893379602761
2321,21.6,13.693579550461315,33.693579550461315,53.693579550461315,73.69357955046132
2322,21.9,80.69424107722202,100.69424107722202,120.69424107722202,140.69424107722202
2323,21.9,21.18463220778428,41.184632207784276,61.184632207784276,81.18463220778428
2324,23.6,23.489571486960575,43.48957148696057,63.48957148696057,83.48957148696057
2325,23.5,24.20986501170317,44.20986501170317,64.20986501170317,84.20986501170317
2326,22.6,25.36233465129132,45.36233465129132,65.36233465129132,85.36233465129132
2327,21.4,26.514804290879468,46.51480429087947,66.51480429087947,86.51480429087947
2328,21.2,27.37915652057058,47.379156520570575,67.37915652057058,87.37915652057058
2329,21.8,27.66727393046762,47.667273930467616,67.66727393046762,87.66727393046762
2330,21.6,27.523215225519095,47.523215225519095,67.5232152255191,87.5232152255191
2331,20.7,27.66727393046762,47.667273930467616,67.66727393046762,87.66727393046762
2332,20.9,27.955391340364653,47.955391340364656,67.95539134036466,87.95539134036466
2333,22.1,26.946980405725025,46.94698040572503,66.94698040572503,86.94698040572503
2334,24.5,23.20145407706354,43.201454077063545,63.201454077063545,83.20145407706354
2335,29.7,45.13253446050789,65.13253446050788,85.13253446050788,105.13253446050788
2336,29.7,17.15098846922576,37.15098846922576,57.15098846922576,77.15098846922575
2337,29.7,14.701990485100946,34.70199048510095,54.70199048510095,74.70199048510095
2338,29.1,12.685168615821684,32.68516861582168,52.68516861582168,72.68516861582168
2339,27.1,49.39934487212395,69.39934487212395,89.39934487212395,109.39934487212395
2340,26.4,10.668346746542426,30.668346746542426,50.668346746542426,70.66834674654243
2341,25.1,11.2445815663365,31.2445815663365,51.2445815663365,71.2445815663365
2342,24.2,11.964875091079092,31.964875091079094,51.964875091079094,71.9648750910791
2343,23.5,12.397051205924647,32.39705120592465,52.39705120592465,72.39705120592464
2344,23.2,12.252992500976127,32.25299250097613,52.25299250097613,72.25299250097612
2345,24.0,12.973286025718725,32.97328602571872,52.97328602571872,72.97328602571872
2346,26.1,77.81306697825164,97.81306697825164,117.81306697825164,137.81306697825164
2347,28.1,15.27822530489502,35.27822530489502,55.27822530489502,75.27822530489502
2348,27.3,16.718812354380205,36.718812354380205,56.718812354380205,76.7188123543802
2349,26.6,17.87128199396835,37.87128199396835,57.87128199396835,77.87128199396835
2350,25.5,18.159399403865386,38.159399403865386,58.159399403865386,78.1593994038654
2351,24.7,18.30345810881391,38.30345810881391,58.30345810881391,78.30345810881391
2352,24.6,18.159399403865386,38.159399403865386,58.159399403865386,78.1593994038654
2353,25.4,19.744045158299095,39.744045158299095,59.744045158299095,79.74404515829909
2354,25.8,20.752456092938722,40.75245609293872,60.75245609293872,80.75245609293873
2355,26.0,20.176221273144648,40.17622127314465,60.17622127314465,80.17622127314465
2356,25.6,18.591575518710947,38.59157551871095,58.59157551871095,78.59157551871095
2357,25.4,17.15098846922576,37.15098846922576,57.15098846922576,77.15098846922575
2358,25.4,15.566342714792057,35.56634271479206,55.56634271479206,75.56634271479206
2359,24.8,40.09047978730975,60.09047978730975,80.09047978730975,100.09047978730975
2360,23.2,15.27822530489502,35.27822530489502,55.27822530489502,75.27822530489502
2361,22.0,14.125755665306873,34.12575566530687,54.12575566530687,74.12575566530687
2362,21.7,12.973286025718725,32.97328602571872,52.97328602571872,72.97328602571872
2363,21.0,50.26369710181506,70.26369710181507,90.26369710181507,110.26369710181507
2364,19.3,13.693579550461315,33.693579550461315,53.693579550461315,73.69357955046132
2365,20.1,13.549520845512799,33.5495208455128,53.5495208455128,73.5495208455128
2366,20.8,11.2445815663365,31.2445815663365,51.2445815663365,71.2445815663365
2367,20.0,11.100522861387981,31.10052286138798,51.10052286138798,71.10052286138799
2368,19.0,14.990107894997983,34.99010789499798,54.99010789499798,74.99010789499798
2369,22.1,18.30345810881391,38.30345810881391,58.30345810881391,78.30345810881391
2370,22.6,81.4145346019646,101.4145346019646,121.4145346019646,141.4145346019646
2371,24.4,18.447516813762427,38.44751681376243,58.44751681376243,78.44751681376243
2372,24.9,18.591575518710947,38.59157551871095,58.59157551871095,78.59157551871095
2373,24.3,17.727223289019836,37.72722328901983,57.72722328901983,77.72722328901983
2374,23.7,19.0237516335565,39.0237516335565,59.0237516335565,79.0237516335565
2375,22.4,20.608397387990205,40.60839738799021,60.60839738799021,80.60839738799021
2376,22.1,20.896514797887242,40.89651479788724,60.89651479788724,80.89651479788725
2377,22.0,21.616808322629836,41.616808322629836,61.616808322629836,81.61680832262984
2378,22.0,21.904925732526873,41.90492573252688,61.90492573252688,81.90492573252688
2379,22.0,21.47274961768132,41.472749617681316,61.472749617681316,81.47274961768132
2380,21.9,20.896514797887242,40.89651479788724,60.89651479788724,80.89651479788725
2381,22.4,20.752456092938722,40.75245609293872,60.75245609293872,80.75245609293873
2382,22.5,19.88810386324761,39.88810386324761,59.88810386324761,79.88810386324761
2383,22.2,43.83600611597122,63.83600611597122,83.83600611597123,103.83600611597123
2384,20.7,16.86287105932872,36.862871059328725,56.862871059328725,76.86287105932873
2385,19.4,15.134166599946504,35.134166599946504,55.134166599946504,75.1341665999465
2386,18.7,13.693579550461315,33.693579550461315,53.693579550461315,73.69357955046132
2387,17.3,49.54340357707247,69.54340357707247,89.54340357707247,109.54340357707247
2388,16.8,10.236170631696872,30.236170631696872,50.23617063169687,70.23617063169687
2389,16.7,9.37181840200576,29.371818402005758,49.37181840200576,69.37181840200576
2390,17.4,8.795583582211684,28.795583582211684,48.795583582211684,68.79558358221169
2391,15.2,9.227759697057241,29.22775969705724,49.22775969705724,69.22775969705724
2392,16.1,9.659935811902795,29.659935811902795,49.6599358119028,69.6599358119028
2393,17.9,11.100522861387981,31.10052286138798,51.10052286138798,71.10052286138799
2394,18.8,77.09277345350904,97.09277345350904,117.09277345350904,137.09277345350904
2395,19.0,15.710401419740574,35.71040141974058,55.71040141974058,75.71040141974058
2396,20.8,17.583164584071316,37.58316458407131,57.58316458407131,77.58316458407131
2397,22.1,18.591575518710947,38.59157551871095,58.59157551871095,78.59157551871095
2398,22.6,18.879692928607984,38.87969292860798,58.87969292860798,78.87969292860798
2399,22.8,19.311869043453537,39.31186904345354,59.31186904345354,79.31186904345354
2400,23.6,20.464338683041685,40.46433868304169,60.46433868304169,80.46433868304169
2401,24.5,21.904925732526873,41.90492573252688,61.90492573252688,81.90492573252688
2402,25.1,23.77768889685761,43.77768889685761,63.77768889685761,83.77768889685761
2403,25.3,25.50639335623984,45.50639335623984,65.50639335623984,85.50639335623984
2404,25.1,26.802921700776505,46.80292170077651,66.80292170077651,86.80292170077651
2405,25.2,25.50639335623984,45.50639335623984,65.50639335623984,85.50639335623984
2406,27.2,20.176221273144648,40.17622127314465,60.17622127314465,80.17622127314465
2407,28.7,41.67512554174345,61.67512554174345,81.67512554174345,101.67512554174345
2408,24.5,13.837638255409832,33.83763825540983,53.83763825540983,73.83763825540983
2409,21.7,11.532698976233537,31.532698976233537,51.53269897623353,71.53269897623353
2410,18.9,9.37181840200576,29.371818402005758,49.37181840200576,69.37181840200576
2411,17.9,46.51817077315358,66.51817077315357,86.51817077315357,106.51817077315357
2412,17.4,8.651524877263165,28.651524877263164,48.651524877263164,68.65152487726317
2413,15.6,8.939642287160202,28.939642287160204,48.939642287160204,68.93964228716021
2414,15.8,9.803994516851315,29.803994516851315,49.80399451685132,69.80399451685132
2415,15.8,10.812405451490944,30.812405451490946,50.812405451490946,70.81240545149095
2416,19.1,11.820816386130574,31.820816386130574,51.82081638613057,71.82081638613057
2417,18.7,13.981696960358352,33.98169696035835,53.98169696035835,73.98169696035835
2418,18.3,81.99076942175867,101.99076942175867,121.99076942175867,141.99076942175867
2419,19.8,21.040573502835763,41.04057350283576,61.04057350283576,81.04057350283577
2420,21.0,21.760867027578357,41.76086702757836,61.76086702757836,81.76086702757836
2421,21.7,21.616808322629836,41.616808322629836,61.616808322629836,81.61680832262984
2422,22.7,22.048984437475394,42.0489844374754,62.0489844374754,82.0489844374754
2423,23.8,21.760867027578357,41.76086702757836,61.76086702757836,81.76086702757836
2424,23.9,21.3286909127328,41.328690912732796,61.328690912732796,81.3286909127328
2425,24.7,21.040573502835763,41.04057350283576,61.04057350283576,81.04057350283577
2426,26.0,20.608397387990205,40.60839738799021,60.60839738799021,80.60839738799021
2427,27.3,20.464338683041685,40.46433868304169,60.46433868304169,80.46433868304169
2428,27.6,20.464338683041685,40.46433868304169,60.46433868304169,80.46433868304169
2429,28.8,20.32027997809317,40.32027997809317,60.32027997809317,80.32027997809317
2430,29.5,19.744045158299095,39.744045158299095,59.744045158299095,79.74404515829909
2431,27.6,44.84441705061086,64.84441705061086,84.84441705061086,104.84441705061086
2432,23.9,19.16781033850502,39.16781033850502,59.16781033850502,79.16781033850502
2433,20.8,19.16781033850502,39.16781033850502,59.16781033850502,79.16781033850502
2434,18.8,18.879692928607984,38.87969292860798,58.87969292860798,78.87969292860798
2435,18.7,55.01763436511617,75.01763436511618,95.01763436511618,115.01763436511618
2436,18.5,16.574753649431685,36.574753649431685,56.574753649431685,76.57475364943168
2437,17.9,15.99851882963761,35.99851882963761,55.99851882963761,75.99851882963762
2438,18.8,15.99851882963761,35.99851882963761,55.99851882963761,75.99851882963762
2439,18.1,14.846049190049467,34.84604919004947,54.84604919004947,74.84604919004947
2440,17.8,14.557931780152426,34.55793178015243,54.55793178015243,74.55793178015243
2441,19.1,14.701990485100946,34.70199048510095,54.70199048510095,74.70199048510095
2442,18.9,79.10959532278831,99.10959532278831,119.10959532278831,139.10959532278832
2443,19.9,16.86287105932872,36.862871059328725,56.862871059328725,76.86287105932873
2444,20.7,17.006929764277242,37.006929764277245,57.006929764277245,77.00692976427725
2445,20.7,17.439105879122796,37.43910587912279,57.43910587912279,77.43910587912279
2446,21.2,18.879692928607984,38.87969292860798,58.87969292860798,78.87969292860798
2447,22.5,18.879692928607984,38.87969292860798,58.87969292860798,78.87969292860798
2448,24.5,19.88810386324761,39.88810386324761,59.88810386324761,79.88810386324761
2449,25.6,20.608397387990205,40.60839738799021,60.60839738799021,80.60839738799021
2450,25.8,21.47274961768132,41.472749617681316,61.472749617681316,81.47274961768132
2451,26.5,21.904925732526873,41.90492573252688,61.90492573252688,81.90492573252688
2452,26.5,22.048984437475394,42.0489844374754,62.0489844374754,82.0489844374754
2453,26.8,21.760867027578357,41.76086702757836,61.76086702757836,81.76086702757836
2454,28.7,19.16781033850502,39.16781033850502,59.16781033850502,79.16781033850502
2455,29.2,43.11571259122863,63.11571259122863,83.11571259122863,103.11571259122863
2456,25.5,16.14257753458613,36.14257753458613,56.14257753458613,76.14257753458614
2457,23.5,15.566342714792057,35.56634271479206,55.56634271479206,75.56634271479206
2458,21.8,14.701990485100946,34.70199048510095,54.70199048510095,74.70199048510095
2459,22.6,52.28051897109432,72.28051897109432,92.28051897109432,112.28051897109432
2460,22.5,12.829227320770205,32.8292273207702,52.8292273207702,72.8292273207702
2461,21.5,12.252992500976127,32.25299250097613,52.25299250097613,72.25299250097612
2462,20.7,13.261403435615758,33.26140343561576,53.26140343561576,73.26140343561576
2463,21.5,14.125755665306873,34.12575566530687,54.12575566530687,74.12575566530687
2464,21.9,13.981696960358352,33.98169696035835,53.98169696035835,73.98169696035835
2465,20.8,15.566342714792057,35.56634271479206,55.56634271479206,75.56634271479206
2466,21.2,81.12641719206756,101.12641719206756,121.12641719206756,141.12641719206755
2467,21.3,20.608397387990205,40.60839738799021,60.60839738799021,80.60839738799021
2468,21.7,22.19304314242391,42.19304314242391,62.19304314242391,82.1930431424239
2469,21.5,22.913336667166504,42.913336667166504,62.913336667166504,82.9133366671665
2470,20.5,23.20145407706354,43.201454077063545,63.201454077063545,83.20145407706354
2471,20.4,23.345512782012054,43.34551278201205,63.34551278201205,83.34551278201205
2472,21.0,24.353923716651693,44.35392371665169,64.35392371665169,84.35392371665169
2473,21.2,24.642041126548726,44.642041126548726,64.64204112654872,84.64204112654872
2474,21.2,25.794510766136877,45.79451076613688,65.79451076613688,85.79451076613688
2475,20.8,26.514804290879468,46.51480429087947,66.51480429087947,86.51480429087947
2476,20.8,26.658862995827985,46.65886299582799,66.65886299582799,86.65886299582799
2477,20.4,25.50639335623984,45.50639335623984,65.50639335623984,85.50639335623984
2478,21.3,21.904925732526873,41.90492573252688,61.90492573252688,81.90492573252688
2479,22.8,44.12412352586826,64.12412352586826,84.12412352586826,104.12412352586826
2480,22.7,16.28663623953465,36.28663623953465,56.28663623953465,76.28663623953466
2481,20.3,14.125755665306873,34.12575566530687,54.12575566530687,74.12575566530687
2482,18.6,12.541109910873166,32.54110991087317,52.54110991087317,72.54110991087316
2483,17.4,49.68746228202099,69.68746228202099,89.68746228202099,109.68746228202099
2484,15.5,10.956464156439463,30.956464156439463,50.956464156439466,70.95646415643947
2485,17.0,11.388640271285018,31.38864027128502,51.38864027128502,71.38864027128503
2486,20.8,11.100522861387981,31.10052286138798,51.10052286138798,71.10052286138799
2487,22.2,11.100522861387981,31.10052286138798,51.10052286138798,71.10052286138799
2488,21.6,11.388640271285018,31.38864027128502,51.38864027128502,71.38864027128503
2489,22.2,11.820816386130574,31.820816386130574,51.82081638613057,71.82081638613057
2490,22.0,78.10118438814868,98.10118438814868,118.10118438814868,138.10118438814868
2491,21.4,19.311869043453537,39.31186904345354,59.31186904345354,79.31186904345354
2492,21.8,21.904925732526873,41.90492573252688,61.90492573252688,81.90492573252688
2493,21.7,23.921747601806135,43.92174760180613,63.92174760180613,83.92174760180613
2494,21.2,24.786099831497243,44.78609983149724,64.78609983149724,84.78609983149724
2495,21.0,25.794510766136877,45.79451076613688,65.79451076613688,85.79451076613688
2496,20.8,26.514804290879468,46.51480429087947,66.51480429087947,86.51480429087947
2497,20.4,27.09103911067354,47.09103911067354,67.09103911067353,87.09103911067353
2498,20.4,27.37915652057058,47.379156520570575,67.37915652057058,87.37915652057058
2499,20.6,27.66727393046762,47.667273930467616,67.66727393046762,87.66727393046762
2500,20.6,27.37915652057058,47.379156520570575,67.37915652057058,87.37915652057058
2501,20.9,24.353923716651693,44.35392371665169,64.35392371665169,84.35392371665169
2502,21.7,20.032162568196128,40.03216256819613,60.03216256819613,80.03216256819613
2503,22.4,41.53106683679493,61.53106683679493,81.53106683679493,101.53106683679493
2504,23.8,13.117344730667241,33.11734473066724,53.11734473066724,73.11734473066724
2505,23.6,10.956464156439463,30.956464156439463,50.956464156439466,70.95646415643947
2506,25.1,9.948053221799833,29.94805322179983,49.94805322179983,69.94805322179982
2507,25.0,46.95034688799913,66.95034688799913,86.95034688799913,106.95034688799913
2508,22.5,8.36340746736613,28.36340746736613,48.36340746736613,68.36340746736613
2509,21.5,8.21934876241761,28.21934876241761,48.21934876241761,68.21934876241761
2510,20.9,8.36340746736613,28.36340746736613,48.36340746736613,68.36340746736613
2511,19.5,8.939642287160202,28.939642287160204,48.939642287160204,68.93964228716021
2512,18.4,10.236170631696872,30.236170631696872,50.23617063169687,70.23617063169687
2513,18.0,11.820816386130574,31.820816386130574,51.82081638613057,71.82081638613057
2514,18.5,77.81306697825164,97.81306697825164,117.81306697825164,137.81306697825164
2515,19.8,17.727223289019836,37.72722328901983,57.72722328901983,77.72722328901983
2516,21.5,20.32027997809317,40.32027997809317,60.32027997809317,80.32027997809317
2517,22.1,22.19304314242391,42.19304314242391,62.19304314242391,82.1930431424239
2518,23.4,23.633630191909095,43.63363019190909,63.63363019190909,83.63363019190909
2519,24.4,24.786099831497243,44.78609983149724,64.78609983149724,84.78609983149724
2520,24.7,25.218275946342796,45.2182759463428,65.2182759463428,85.2182759463428
2521,24.8,25.36233465129132,45.36233465129132,65.36233465129132,85.36233465129132
2522,24.9,25.36233465129132,45.36233465129132,65.36233465129132,85.36233465129132
2523,24.9,25.50639335623984,45.50639335623984,65.50639335623984,85.50639335623984
2524,24.4,25.074217241394283,45.07421724139428,65.07421724139428,85.07421724139428
2525,23.8,22.625219257269464,42.625219257269464,62.625219257269464,82.62521925726946
2526,23.8,18.447516813762427,38.44751681376243,58.44751681376243,78.44751681376243
2527,21.9,40.23453849225826,60.23453849225826,80.23453849225825,100.23453849225825
2528,18.9,11.100522861387981,31.10052286138798,51.10052286138798,71.10052286138799
2529,17.9,7.643113942623536,27.643113942623536,47.643113942623536,67.64311394262353
2530,18.5,6.058468188189831,26.05846818818983,46.058468188189835,66.05846818818983
2531,19.2,43.060761854389135,63.060761854389135,83.06076185438914,103.06076185438914
2532,18.6,4.854698191780822,24.854698191780823,44.85469819178083,64.85469819178083
2533,17.3,4.854698191780822,24.854698191780823,44.85469819178083,64.85469819178083
2534,16.5,5.050057253550202,25.0500572535502,45.0500572535502,65.0500572535502
2535,15.7,6.058468188189831,26.05846818818983,46.058468188189835,66.05846818818983
2536,14.8,7.354996532726499,27.3549965327265,47.3549965327265,67.3549965327265
2537,15.2,8.939642287160202,28.939642287160204,48.939642287160204,68.93964228716021
2538,14.6,74.49971676443572,94.49971676443572,114.49971676443572,134.49971676443573
2539,16.3,14.125755665306873,34.12575566530687,54.12575566530687,74.12575566530687
2540,18.6,16.718812354380205,36.718812354380205,56.718812354380205,76.7188123543802
2541,19.5,18.735634223659464,38.73563422365946,58.73563422365946,78.73563422365946
2542,18.5,19.744045158299095,39.744045158299095,59.744045158299095,79.74404515829909
2543,17.6,20.752456092938722,40.75245609293872,60.75245609293872,80.75245609293873
2544,17.4,21.616808322629836,41.616808322629836,61.616808322629836,81.61680832262984
2545,16.7,22.19304314242391,42.19304314242391,62.19304314242391,82.1930431424239
2546,16.6,22.481160552320947,42.481160552320944,62.481160552320944,82.48116055232094
2547,16.9,22.481160552320947,42.481160552320944,62.481160552320944,82.48116055232094
2548,17.4,22.625219257269464,42.625219257269464,62.625219257269464,82.62521925726946
2549,17.9,20.896514797887242,40.89651479788724,60.89651479788724,80.89651479788725
2550,18.3,17.727223289019836,37.72722328901983,57.72722328901983,77.72722328901983
2551,17.9,39.226127557618625,59.226127557618625,79.22612755761863,99.22612755761863
2552,15.3,10.092111926748352,30.092111926748352,50.09211192674835,70.09211192674834
2553,14.7,6.490644303035387,26.49064430303539,46.49064430303539,66.4906443030354
2554,14.9,4.854698191780822,24.854698191780823,44.85469819178083,64.85469819178083
2555,15.3,42.721344087671234,62.721344087671234,82.72134408767124,102.72134408767124
2556,15.9,4.854698191780822,24.854698191780823,44.85469819178083,64.85469819178083
2557,15.5,4.854698191780822,24.854698191780823,44.85469819178083,64.85469819178083
2558,14.3,4.854698191780822,24.854698191780823,44.85469819178083,64.85469819178083
2559,14.1,4.854698191780822,24.854698191780823,44.85469819178083,64.85469819178083
2560,13.5,4.854698191780822,24.854698191780823,44.85469819178083,64.85469819178083
2561,13.2,5.48223336839576,25.48223336839576,45.48223336839576,65.48223336839575
2562,13.4,72.0507187803109,92.0507187803109,112.0507187803109,132.0507187803109
2563,15.1,12.397051205924647,32.39705120592465,52.39705120592465,72.39705120592464
2564,17.6,14.990107894997983,34.99010789499798,54.99010789499798,74.99010789499798
2565,18.5,17.439105879122796,37.43910587912279,57.43910587912279,77.43910587912279
2566,18.9,18.879692928607984,38.87969292860798,58.87969292860798,78.87969292860798
2567,19.5,20.032162568196128,40.03216256819613,60.03216256819613,80.03216256819613
2568,20.3,21.3286909127328,41.328690912732796,61.328690912732796,81.3286909127328
2569,20.4,22.337101847372427,42.33710184737242,62.33710184737242,82.33710184737242
2570,20.7,22.481160552320947,42.481160552320944,62.481160552320944,82.48116055232094
2571,21.3,22.913336667166504,42.913336667166504,62.913336667166504,82.9133366671665
2572,21.9,22.913336667166504,42.913336667166504,62.913336667166504,82.9133366671665
2573,21.8,20.608397387990205,40.60839738799021,60.60839738799021,80.60839738799021
2574,22.1,17.006929764277242,37.006929764277245,57.006929764277245,77.00692976427725
2575,20.5,37.641481803184924,57.641481803184924,77.64148180318492,97.64148180318492
2576,17.3,7.787172647572055,27.787172647572056,47.787172647572056,67.78717264757205
2577,15.4,4.854698191780822,24.854698191780823,44.85469819178083,64.85469819178083
2578,16.1,4.854698191780822,24.854698191780823,44.85469819178083,64.85469819178083
2579,15.0,42.721344087671234,62.721344087671234,82.72134408767124,102.72134408767124
2580,13.7,4.854698191780822,24.854698191780823,44.85469819178083,64.85469819178083
2581,13.0,4.854698191780822,24.854698191780823,44.85469819178083,64.85469819178083
2582,12.6,4.854698191780822,24.854698191780823,44.85469819178083,64.85469819178083
2583,12.3,4.854698191780822,24.854698191780823,44.85469819178083,64.85469819178083
2584,11.8,4.854698191780822,24.854698191780823,44.85469819178083,64.85469819178083
2585,11.5,4.854698191780822,24.854698191780823,44.85469819178083,64.85469819178083
2586,12.0,69.31360338628905,89.31360338628905,109.31360338628905,129.31360338628906
2587,14.1,11.388640271285018,31.38864027128502,51.38864027128502,71.38864027128503
2588,16.7,14.557931780152426,34.55793178015243,54.55793178015243,74.55793178015243
2589,19.1,17.006929764277242,37.006929764277245,57.006929764277245,77.00692976427725
2590,18.8,19.16781033850502,39.16781033850502,59.16781033850502,79.16781033850502
2591,19.5,20.608397387990205,40.60839738799021,60.60839738799021,80.60839738799021
2592,20.2,22.337101847372427,42.33710184737242,62.33710184737242,82.33710184737242
2593,19.7,23.05739537211502,43.057395372115025,63.057395372115025,83.05739537211502
2594,19.5,23.633630191909095,43.63363019190909,63.63363019190909,83.63363019190909
2595,20.3,23.921747601806135,43.92174760180613,63.92174760180613,83.92174760180613
2596,21.9,23.633630191909095,43.63363019190909,63.63363019190909,83.63363019190909
2597,23.4,20.608397387990205,40.60839738799021,60.60839738799021,80.60839738799021
2598,23.9,16.28663623953465,36.28663623953465,56.28663623953465,76.28663623953466
2599,21.0,36.777129573493816,56.777129573493816,76.77712957349382,96.77712957349382
2600,18.1,7.066879122829462,27.066879122829462,47.06687912282946,67.06687912282946
2601,17.2,4.854698191780822,24.854698191780823,44.85469819178083,64.85469819178083
2602,16.7,4.854698191780822,24.854698191780823,44.85469819178083,64.85469819178083
2603,16.0,42.721344087671234,62.721344087671234,82.72134408767124,102.72134408767124
2604,15.5,4.854698191780822,24.854698191780823,44.85469819178083,64.85469819178083
2605,15.4,4.854698191780822,24.854698191780823,44.85469819178083,64.85469819178083
2606,14.4,4.854698191780822,24.854698191780823,44.85469819178083,64.85469819178083
2607,14.7,4.854698191780822,24.854698191780823,44.85469819178083,64.85469819178083
2608,14.7,4.854698191780822,24.854698191780823,44.85469819178083,64.85469819178083
2609,14.7,4.854698191780822,24.854698191780823,44.85469819178083,64.85469819178083
2610,14.7,69.60172079618609,89.60172079618609,109.60172079618609,129.6017207961861
2611,16.5,10.092111926748352,30.092111926748352,50.09211192674835,70.09211192674834
2612,19.0,13.981696960358352,33.98169696035835,53.98169696035835,73.98169696035835
2613,20.2,17.29504717417428,37.29504717417428,57.29504717417428,77.29504717417427
2614,20.3,19.744045158299095,39.744045158299095,59.744045158299095,79.74404515829909
2615,19.9,21.18463220778428,41.184632207784276,61.184632207784276,81.18463220778428
2616,19.7,22.913336667166504,42.913336667166504,62.913336667166504,82.9133366671665
2617,20.6,23.05739537211502,43.057395372115025,63.057395372115025,83.05739537211502
2618,21.0,24.20986501170317,44.20986501170317,64.20986501170317,84.20986501170317
2619,21.4,24.786099831497243,44.78609983149724,64.78609983149724,84.78609983149724
2620,21.4,24.49798242160021,44.49798242160021,64.49798242160021,84.49798242160021
2621,22.4,21.3286909127328,41.328690912732796,61.328690912732796,81.3286909127328
2622,21.4,14.846049190049467,34.84604919004947,54.84604919004947,74.84604919004947
2623,20.2,34.328131589369,54.328131589369,74.32813158936901,94.32813158936901
2624,18.0,5.338174663447239,25.33817466344724,45.33817466344724,65.33817466344723
2625,17.7,4.854698191780822,24.854698191780823,44.85469819178083,64.85469819178083
2626,16.2,4.854698191780822,24.854698191780823,44.85469819178083,64.85469819178083
2627,14.9,42.721344087671234,62.721344087671234,82.72134408767124,102.72134408767124
2628,13.9,4.854698191780822,24.854698191780823,44.85469819178083,64.85469819178083
2629,14.0,4.854698191780822,24.854698191780823,44.85469819178083,64.85469819178083
2630,14.9,4.854698191780822,24.854698191780823,44.85469819178083,64.85469819178083
2631,15.4,4.854698191780822,24.854698191780823,44.85469819178083,64.85469819178083
2632,15.2,4.854698191780822,24.854698191780823,44.85469819178083,64.85469819178083
2633,15.0,4.854698191780822,24.854698191780823,44.85469819178083,64.85469819178083
2634,16.2,67.96577468493152,87.96577468493152,107.96577468493152,127.96577468493152
2635,17.8,8.36340746736613,28.36340746736613,48.36340746736613,68.36340746736613
2636,19.8,10.812405451490944,30.812405451490946,50.812405451490946,70.81240545149095
2637,21.0,12.685168615821684,32.68516861582168,52.68516861582168,72.68516861582168
2638,19.9,14.557931780152426,34.55793178015243,54.55793178015243,74.55793178015243
2639,19.4,16.14257753458613,36.14257753458613,56.14257753458613,76.14257753458614
2640,19.4,17.006929764277242,37.006929764277245,57.006929764277245,77.00692976427725
2641,19.8,17.439105879122796,37.43910587912279,57.43910587912279,77.43910587912279
2642,20.6,18.30345810881391,38.30345810881391,58.30345810881391,78.30345810881391
2643,20.2,19.599986453350578,39.59998645335058,59.59998645335058,79.59998645335058
2644,20.4,20.464338683041685,40.46433868304169,60.46433868304169,80.46433868304169
2645,21.3,17.006929764277242,37.006929764277245,57.006929764277245,77.00692976427725
2646,20.7,11.820816386130574,31.820816386130574,51.82081638613057,71.82081638613057
2647,18.5,33.75189676957493,53.75189676957493,73.75189676957493,93.75189676957493
2648,16.9,5.19411595849872,25.19411595849872,45.19411595849872,65.19411595849871
2649,16.1,4.854698191780822,24.854698191780823,44.85469819178083,64.85469819178083
2650,15.2,4.854698191780822,24.854698191780823,44.85469819178083,64.85469819178083
2651,15.0,42.721344087671234,62.721344087671234,82.72134408767124,102.72134408767124
2652,13.6,4.854698191780822,24.854698191780823,44.85469819178083,64.85469819178083
2653,12.8,4.854698191780822,24.854698191780823,44.85469819178083,64.85469819178083
2654,12.5,4.905998548601684,24.905998548601683,44.90599854860169,64.90599854860169
2655,12.1,6.202526893138352,26.20252689313835,46.202526893138355,66.20252689313836
2656,12.3,6.490644303035387,26.49064430303539,46.49064430303539,66.4906443030354
2657,12.5,8.939642287160202,28.939642287160204,48.939642287160204,68.93964228716021
2658,13.7,73.49130582979608,93.49130582979608,113.49130582979608,133.4913058297961
2659,17.0,11.820816386130574,31.820816386130574,51.82081638613057,71.82081638613057
2660,20.4,13.117344730667241,33.11734473066724,53.11734473066724,73.11734473066724
2661,19.7,15.134166599946504,35.134166599946504,55.134166599946504,75.1341665999465
2662,17.7,17.583164584071316,37.58316458407131,57.58316458407131,77.58316458407131
2663,16.6,18.735634223659464,38.73563422365946,58.73563422365946,78.73563422365946
2664,16.7,16.574753649431685,36.574753649431685,56.574753649431685,76.57475364943168
2665,17.8,16.574753649431685,36.574753649431685,56.574753649431685,76.57475364943168
2666,18.1,16.574753649431685,36.574753649431685,56.574753649431685,76.57475364943168
2667,18.3,17.006929764277242,37.006929764277245,57.006929764277245,77.00692976427725
2668,19.1,18.447516813762427,38.44751681376243,58.44751681376243,78.44751681376243
2669,19.7,20.176221273144648,40.17622127314465,60.17622127314465,80.17622127314465
2670,20.0,21.616808322629836,41.616808322629836,61.616808322629836,81.61680832262984
2671,19.0,47.14935632978715,67.14935632978715,87.14935632978715,107.14935632978715
2672,17.2,21.904925732526873,41.90492573252688,61.90492573252688,81.90492573252688
2673,16.7,21.616808322629836,41.616808322629836,61.616808322629836,81.61680832262984
2674,16.8,21.47274961768132,41.472749617681316,61.472749617681316,81.47274961768132
2675,15.6,59.33939551357173,79.33939551357173,99.33939551357173,119.33939551357173
2676,15.5,21.18463220778428,41.184632207784276,61.184632207784276,81.18463220778428
2677,15.4,21.3286909127328,41.328690912732796,61.328690912732796,81.3286909127328
2678,14.7,21.616808322629836,41.616808322629836,61.616808322629836,81.61680832262984
2679,14.1,21.040573502835763,41.04057350283576,61.04057350283576,81.04057350283577
2680,14.3,20.176221273144648,40.17622127314465,60.17622127314465,80.17622127314465
2681,13.9,20.032162568196128,40.03216256819613,60.03216256819613,80.03216256819613
2682,13.7,82.99918035639831,102.99918035639831,122.99918035639831,142.9991803563983
2683,14.9,20.32027997809317,40.32027997809317,60.32027997809317,80.32027997809317
2684,16.5,20.608397387990205,40.60839738799021,60.60839738799021,80.60839738799021
2685,17.7,20.608397387990205,40.60839738799021,60.60839738799021,80.60839738799021
2686,17.4,20.176221273144648,40.17622127314465,60.17622127314465,80.17622127314465
2687,17.4,20.176221273144648,40.17622127314465,60.17622127314465,80.17622127314465
2688,17.2,20.608397387990205,40.60839738799021,60.60839738799021,80.60839738799021
2689,17.9,21.3286909127328,41.328690912732796,61.328690912732796,81.3286909127328
2690,17.9,21.760867027578357,41.76086702757836,61.76086702757836,81.76086702757836
2691,18.2,22.19304314242391,42.19304314242391,62.19304314242391,82.1930431424239
2692,18.1,21.760867027578357,41.76086702757836,61.76086702757836,81.76086702757836
2693,18.9,20.752456092938722,40.75245609293872,60.75245609293872,80.75245609293873
2694,18.8,19.16781033850502,39.16781033850502,59.16781033850502,79.16781033850502
2695,16.9,43.25977129617715,63.25977129617715,83.25977129617715,103.25977129617715
2696,15.3,15.854460124689094,35.8544601246891,55.8544601246891,75.8544601246891
2697,14.8,14.846049190049467,34.84604919004947,54.84604919004947,74.84604919004947
2698,14.1,14.26981437025539,34.26981437025539,54.26981437025539,74.26981437025539
2699,13.7,51.41616674140321,71.4161667414032,91.4161667414032,111.4161667414032
2700,12.9,12.829227320770205,32.8292273207702,52.8292273207702,72.8292273207702
2701,13.6,12.397051205924647,32.39705120592465,52.39705120592465,72.39705120592464
2702,13.2,11.676757681182053,31.676757681182053,51.67675768118205,71.67675768118205
2703,12.8,10.956464156439463,30.956464156439463,50.956464156439466,70.95646415643947
2704,12.7,10.812405451490944,30.812405451490946,50.812405451490946,70.81240545149095
2705,13.4,11.532698976233537,31.532698976233537,51.53269897623353,71.53269897623353
2706,13.9,76.6605973386635,96.6605973386635,116.6605973386635,136.66059733866348
2707,15.4,15.566342714792057,35.56634271479206,55.56634271479206,75.56634271479206
2708,15.8,16.574753649431685,36.574753649431685,56.574753649431685,76.57475364943168
2709,16.4,17.87128199396835,37.87128199396835,57.87128199396835,77.87128199396835
2710,16.2,18.879692928607984,38.87969292860798,58.87969292860798,78.87969292860798
2711,16.3,19.455927748402058,39.45592774840206,59.45592774840206,79.45592774840206
2712,16.5,20.32027997809317,40.32027997809317,60.32027997809317,80.32027997809317
2713,15.6,20.608397387990205,40.60839738799021,60.60839738799021,80.60839738799021
2714,15.8,21.18463220778428,41.184632207784276,61.184632207784276,81.18463220778428
2715,16.6,21.904925732526873,41.90492573252688,61.90492573252688,81.90492573252688
2716,16.3,22.19304314242391,42.19304314242391,62.19304314242391,82.1930431424239
2717,16.3,20.896514797887242,40.89651479788724,60.89651479788724,80.89651479788725
2718,16.8,19.455927748402058,39.45592774840206,59.45592774840206,79.45592774840206
2719,16.8,43.98006482091974,63.98006482091974,83.98006482091975,103.98006482091975
2720,15.8,18.159399403865386,38.159399403865386,58.159399403865386,78.1593994038654
2721,15.5,17.727223289019836,37.72722328901983,57.72722328901983,77.72722328901983
2722,16.3,17.15098846922576,37.15098846922576,57.15098846922576,77.15098846922575
2723,16.3,53.721106020579505,73.7211060205795,93.7211060205795,113.7211060205795
2724,15.8,15.566342714792057,35.56634271479206,55.56634271479206,75.56634271479206
2725,15.5,14.557931780152426,34.55793178015243,54.55793178015243,74.55793178015243
2726,15.8,16.28663623953465,36.28663623953465,56.28663623953465,76.28663623953466
2727,15.9,14.846049190049467,34.84604919004947,54.84604919004947,74.84604919004947
2728,15.4,15.710401419740574,35.71040141974058,55.71040141974058,75.71040141974058
2729,14.9,15.710401419740574,35.71040141974058,55.71040141974058,75.71040141974058
2730,15.5,80.26206496237646,100.26206496237646,120.26206496237646,140.26206496237646
2731,18.8,19.16781033850502,39.16781033850502,59.16781033850502,79.16781033850502
2732,21.1,20.464338683041685,40.46433868304169,60.46433868304169,80.46433868304169
2733,21.4,19.599986453350578,39.59998645335058,59.59998645335058,79.59998645335058
2734,22.4,21.040573502835763,41.04057350283576,61.04057350283576,81.04057350283577
2735,22.7,22.19304314242391,42.19304314242391,62.19304314242391,82.1930431424239
2736,22.2,22.625219257269464,42.625219257269464,62.625219257269464,82.62521925726946
2737,21.0,23.345512782012054,43.34551278201205,63.34551278201205,83.34551278201205
2738,20.9,23.921747601806135,43.92174760180613,63.92174760180613,83.92174760180613
2739,20.8,23.20145407706354,43.201454077063545,63.201454077063545,83.20145407706354
2740,20.5,23.05739537211502,43.057395372115025,63.057395372115025,83.05739537211502
2741,21.1,21.616808322629836,41.616808322629836,61.616808322629836,81.61680832262984
2742,22.5,19.311869043453537,39.31186904345354,59.31186904345354,79.31186904345354
2743,21.8,43.6919474110227,63.6919474110227,83.69194741102271,103.69194741102271
2744,19.0,18.159399403865386,38.159399403865386,58.159399403865386,78.1593994038654
2745,17.0,18.30345810881391,38.30345810881391,58.30345810881391,78.30345810881391
2746,16.5,17.439105879122796,37.43910587912279,57.43910587912279,77.43910587912279
2747,14.8,55.01763436511617,75.01763436511618,95.01763436511618,115.01763436511618
2748,15.1,15.566342714792057,35.56634271479206,55.56634271479206,75.56634271479206
2749,16.1,16.574753649431685,36.574753649431685,56.574753649431685,76.57475364943168
2750,15.2,17.439105879122796,37.43910587912279,57.43910587912279,77.43910587912279
2751,15.3,17.87128199396835,37.87128199396835,57.87128199396835,77.87128199396835
2752,14.9,19.16781033850502,39.16781033850502,59.16781033850502,79.16781033850502
2753,15.2,19.599986453350578,39.59998645335058,59.59998645335058,79.59998645335058
2754,13.9,83.28729776629534,103.28729776629534,123.28729776629534,143.28729776629535
2755,15.0,22.337101847372427,42.33710184737242,62.33710184737242,82.33710184737242
2756,17.5,23.20145407706354,43.201454077063545,63.201454077063545,83.20145407706354
2757,19.0,22.769277962217984,42.769277962217984,62.769277962217984,82.76927796221798
2758,19.6,22.625219257269464,42.625219257269464,62.625219257269464,82.62521925726946
2759,19.8,23.20145407706354,43.201454077063545,63.201454077063545,83.20145407706354
2760,19.6,23.05739537211502,43.057395372115025,63.057395372115025,83.05739537211502
2761,20.0,22.769277962217984,42.769277962217984,62.769277962217984,82.76927796221798
2762,21.5,22.481160552320947,42.481160552320944,62.481160552320944,82.48116055232094
2763,21.7,22.769277962217984,42.769277962217984,62.769277962217984,82.76927796221798
2764,21.9,22.481160552320947,42.481160552320944,62.481160552320944,82.48116055232094
2765,22.5,21.616808322629836,41.616808322629836,61.616808322629836,81.61680832262984
2766,22.3,20.032162568196128,40.03216256819613,60.03216256819613,80.03216256819613
2767,20.7,44.26818223081678,64.26818223081678,84.26818223081678,104.26818223081678
2768,16.3,18.159399403865386,38.159399403865386,58.159399403865386,78.1593994038654
2769,15.3,17.583164584071316,37.58316458407131,57.58316458407131,77.58316458407131
2770,16.0,16.86287105932872,36.862871059328725,56.862871059328725,76.86287105932873
2771,15.4,54.4413995453221,74.4413995453221,94.4413995453221,114.4413995453221
2772,15.6,15.99851882963761,35.99851882963761,55.99851882963761,75.99851882963762
2773,16.3,14.990107894997983,34.99010789499798,54.99010789499798,74.99010789499798
2774,17.0,14.26981437025539,34.26981437025539,54.26981437025539,74.26981437025539
2775,19.2,14.557931780152426,34.55793178015243,54.55793178015243,74.55793178015243
2776,19.4,14.990107894997983,34.99010789499798,54.99010789499798,74.99010789499798
2777,20.6,16.14257753458613,36.14257753458613,56.14257753458613,76.14257753458614
2778,19.8,79.8298888475309,99.8298888475309,119.8298888475309,139.8298888475309
2779,18.8,19.599986453350578,39.59998645335058,59.59998645335058,79.59998645335058
2780,19.1,22.19304314242391,42.19304314242391,62.19304314242391,82.1930431424239
2781,19.2,23.489571486960575,43.48957148696057,63.48957148696057,83.48957148696057
2782,19.2,24.786099831497243,44.78609983149724,64.78609983149724,84.78609983149724
2783,18.7,24.93015853644576,44.93015853644576,64.93015853644576,84.93015853644576
2784,18.2,24.93015853644576,44.93015853644576,64.93015853644576,84.93015853644576
2785,18.9,24.49798242160021,44.49798242160021,64.49798242160021,84.49798242160021
2786,20.0,24.93015853644576,44.93015853644576,64.93015853644576,84.93015853644576
2787,19.1,26.08262817603391,46.08262817603391,66.08262817603391,86.08262817603391
2788,19.3,25.218275946342796,45.2182759463428,65.2182759463428,85.2182759463428
2789,20.0,22.19304314242391,42.19304314242391,62.19304314242391,82.1930431424239
2790,21.7,17.87128199396835,37.87128199396835,57.87128199396835,77.87128199396835
2791,21.1,39.658303672464186,59.658303672464186,79.65830367246419,99.65830367246419
2792,20.0,12.252992500976127,32.25299250097613,52.25299250097613,72.25299250097612
2793,19.8,10.380229336645385,30.380229336645385,50.380229336645385,70.38022933664539
2794,18.9,8.507466172314647,28.507466172314647,48.50746617231465,68.50746617231465
2795,17.8,45.797877248410984,65.79787724841098,85.79787724841098,105.79787724841098
2796,17.2,8.21934876241761,28.21934876241761,48.21934876241761,68.21934876241761
2797,16.5,8.36340746736613,28.36340746736613,48.36340746736613,68.36340746736613
2798,16.6,9.515877106954274,29.515877106954274,49.51587710695428,69.51587710695428
2799,17.1,10.524288041593906,30.524288041593906,50.524288041593906,70.5242880415939
2800,16.3,11.532698976233537,31.532698976233537,51.53269897623353,71.53269897623353
2801,17.1,13.117344730667241,33.11734473066724,53.11734473066724,73.11734473066724
2802,17.6,77.09277345350904,97.09277345350904,117.09277345350904,137.09277345350904
2803,18.2,15.854460124689094,35.8544601246891,55.8544601246891,75.8544601246891
2804,20.0,19.744045158299095,39.744045158299095,59.744045158299095,79.74404515829909
2805,21.0,22.337101847372427,42.33710184737242,62.33710184737242,82.33710184737242
2806,20.3,23.345512782012054,43.34551278201205,63.34551278201205,83.34551278201205
2807,20.5,23.633630191909095,43.63363019190909,63.63363019190909,83.63363019190909
2808,20.4,23.921747601806135,43.92174760180613,63.92174760180613,83.92174760180613
2809,20.2,24.353923716651693,44.35392371665169,64.35392371665169,84.35392371665169
2810,21.4,24.20986501170317,44.20986501170317,64.20986501170317,84.20986501170317
2811,22.2,24.353923716651693,44.35392371665169,64.35392371665169,84.35392371665169
2812,22.3,23.633630191909095,43.63363019190909,63.63363019190909,83.63363019190909
2813,22.8,21.3286909127328,41.328690912732796,61.328690912732796,81.3286909127328
2814,23.5,17.439105879122796,37.43910587912279,57.43910587912279,77.43910587912279
2815,22.6,40.37859719720678,60.37859719720678,80.37859719720677,100.37859719720677
2816,20.1,12.397051205924647,32.39705120592465,52.39705120592465,72.39705120592464
2817,17.4,10.524288041593906,30.524288041593906,50.524288041593906,70.5242880415939
2818,15.9,11.532698976233537,31.532698976233537,51.53269897623353,71.53269897623353
2819,15.0,48.967168757278394,68.96716875727839,88.96716875727839,108.96716875727839
2820,14.1,10.092111926748352,30.092111926748352,50.09211192674835,70.09211192674834
2821,13.4,9.37181840200576,29.371818402005758,49.37181840200576,69.37181840200576
2822,12.5,10.380229336645385,30.380229336645385,50.380229336645385,70.38022933664539
2823,11.6,10.524288041593906,30.524288041593906,50.524288041593906,70.5242880415939
2824,11.6,11.388640271285018,31.38864027128502,51.38864027128502,71.38864027128503
2825,11.7,13.405462140564278,33.40546214056428,53.40546214056428,73.40546214056428
2826,14.2,77.66900827330312,97.66900827330312,117.66900827330312,137.66900827330312
2827,14.5,16.430694944483168,36.430694944483164,56.430694944483164,76.43069494448316
2828,15.1,18.01534069891687,38.01534069891687,58.01534069891687,78.01534069891687
2829,16.6,18.591575518710947,38.59157551871095,58.59157551871095,78.59157551871095
2830,17.9,19.455927748402058,39.45592774840206,59.45592774840206,79.45592774840206
2831,18.9,21.47274961768132,41.472749617681316,61.472749617681316,81.47274961768132
2832,19.1,22.625219257269464,42.625219257269464,62.625219257269464,82.62521925726946
2833,19.6,23.489571486960575,43.48957148696057,63.48957148696057,83.48957148696057
2834,20.9,23.05739537211502,43.057395372115025,63.057395372115025,83.05739537211502
2835,21.3,22.913336667166504,42.913336667166504,62.913336667166504,82.9133366671665
2836,23.3,22.19304314242391,42.19304314242391,62.19304314242391,82.1930431424239
2837,25.1,19.744045158299095,39.744045158299095,59.744045158299095,79.74404515829909
2838,24.6,16.430694944483168,36.430694944483164,56.430694944483164,76.43069494448316
2839,20.5,39.370186262567145,59.370186262567145,79.37018626256715,99.37018626256715
2840,15.8,12.252992500976127,32.25299250097613,52.25299250097613,72.25299250097612
2841,15.1,10.524288041593906,30.524288041593906,50.524288041593906,70.5242880415939
2842,15.2,9.948053221799833,29.94805322179983,49.94805322179983,69.94805322179982
2843,14.5,47.670640412741726,67.67064041274173,87.67064041274173,107.67064041274173
2844,15.0,10.956464156439463,30.956464156439463,50.956464156439466,70.95646415643947
2845,17.1,11.388640271285018,31.38864027128502,51.38864027128502,71.38864027128503
2846,16.8,10.524288041593906,30.524288041593906,50.524288041593906,70.5242880415939
2847,16.8,10.812405451490944,30.812405451490946,50.812405451490946,70.81240545149095
2848,18.1,11.676757681182053,31.676757681182053,51.67675768118205,71.67675768118205
2849,17.0,11.964875091079092,31.964875091079094,51.964875091079094,71.9648750910791
2850,17.3,76.22842122381793,96.22842122381793,116.22842122381793,136.22842122381792
2851,17.9,16.14257753458613,36.14257753458613,56.14257753458613,76.14257753458614
2852,18.4,18.447516813762427,38.44751681376243,58.44751681376243,78.44751681376243
2853,18.3,21.18463220778428,41.184632207784276,61.184632207784276,81.18463220778428
2854,17.6,23.77768889685761,43.77768889685761,63.77768889685761,83.77768889685761
2855,16.7,25.36233465129132,45.36233465129132,65.36233465129132,85.36233465129132
2856,16.3,26.514804290879468,46.51480429087947,66.51480429087947,86.51480429087947
2857,16.0,27.23509781562206,47.235097815622055,67.23509781562205,87.23509781562205
2858,15.9,27.955391340364653,47.955391340364656,67.95539134036466,87.95539134036466
2859,15.6,28.099450045313173,48.099450045313176,68.09945004531318,88.09945004531318
2860,15.5,27.09103911067354,47.09103911067354,67.09103911067353,87.09103911067353
2861,16.3,22.481160552320947,42.481160552320944,62.481160552320944,82.48116055232094
2862,16.8,17.727223289019836,37.72722328901983,57.72722328901983,77.72722328901983
2863,17.0,39.658303672464186,59.658303672464186,79.65830367246419,99.65830367246419
2864,15.9,11.532698976233537,31.532698976233537,51.53269897623353,71.53269897623353
2865,15.7,10.524288041593906,30.524288041593906,50.524288041593906,70.5242880415939
2866,14.6,9.227759697057241,29.22775969705724,49.22775969705724,69.22775969705724
2867,13.3,46.230053363256545,66.23005336325654,86.23005336325654,106.23005336325654
2868,12.9,7.643113942623536,27.643113942623536,47.643113942623536,67.64311394262353
2869,11.9,8.075290057469092,28.07529005746909,48.07529005746909,68.07529005746909
2870,11.3,7.354996532726499,27.3549965327265,47.3549965327265,67.3549965327265
2871,11.7,7.643113942623536,27.643113942623536,47.643113942623536,67.64311394262353
2872,11.7,8.075290057469092,28.07529005746909,48.07529005746909,68.07529005746909
2873,12.6,8.36340746736613,28.36340746736613,48.36340746736613,68.36340746736613
2874,13.9,73.6353645347446,93.6353645347446,113.6353645347446,133.6353645347446
2875,14.8,13.693579550461315,33.693579550461315,53.693579550461315,73.69357955046132
2876,15.3,16.14257753458613,36.14257753458613,56.14257753458613,76.14257753458614
2877,15.9,17.87128199396835,37.87128199396835,57.87128199396835,77.87128199396835
2878,15.6,18.879692928607984,38.87969292860798,58.87969292860798,78.87969292860798
2879,15.5,20.176221273144648,40.17622127314465,60.17622127314465,80.17622127314465
2880,16.2,22.913336667166504,42.913336667166504,62.913336667166504,82.9133366671665
2881,17.6,24.786099831497243,44.78609983149724,64.78609983149724,84.78609983149724
2882,17.6,25.93856947108539,45.93856947108539,65.93856947108539,85.93856947108539
2883,18.2,26.658862995827985,46.65886299582799,66.65886299582799,86.65886299582799
2884,19.0,25.218275946342796,45.2182759463428,65.2182759463428,85.2182759463428
2885,19.6,21.040573502835763,41.04057350283576,61.04057350283576,81.04057350283577
2886,18.4,16.718812354380205,36.718812354380205,56.718812354380205,76.7188123543802
2887,15.2,38.64989273782456,58.64989273782456,78.64989273782456,98.64989273782456
2888,13.2,11.100522861387981,31.10052286138798,51.10052286138798,71.10052286138799
2889,12.6,10.236170631696872,30.236170631696872,50.23617063169687,70.23617063169687
2890,12.8,9.948053221799833,29.94805322179983,49.94805322179983,69.94805322179982
2891,13.4,47.23846429789617,67.23846429789617,87.23846429789617,107.23846429789617
2892,12.5,8.939642287160202,28.939642287160204,48.939642287160204,68.93964228716021
2893,13.0,8.36340746736613,28.36340746736613,48.36340746736613,68.36340746736613
2894,12.8,8.507466172314647,28.507466172314647,48.50746617231465,68.50746617231465
2895,12.5,7.931231352520573,27.931231352520573,47.93123135252057,67.93123135252057
2896,12.1,9.227759697057241,29.22775969705724,49.22775969705724,69.22775969705724
2897,12.0,11.388640271285018,31.38864027128502,51.38864027128502,71.38864027128503
2898,13.0,76.08436251886943,96.08436251886943,116.08436251886943,136.08436251886943
2899,14.5,14.701990485100946,34.70199048510095,54.70199048510095,74.70199048510095
2900,16.5,16.86287105932872,36.862871059328725,56.862871059328725,76.86287105932873
2901,17.9,18.01534069891687,38.01534069891687,58.01534069891687,78.01534069891687
2902,18.7,18.447516813762427,38.44751681376243,58.44751681376243,78.44751681376243
2903,20.1,18.591575518710947,38.59157551871095,58.59157551871095,78.59157551871095
2904,19.9,18.591575518710947,38.59157551871095,58.59157551871095,78.59157551871095
2905,19.6,18.735634223659464,38.73563422365946,58.73563422365946,78.73563422365946
2906,18.2,18.591575518710947,38.59157551871095,58.59157551871095,78.59157551871095
2907,16.9,19.16781033850502,39.16781033850502,59.16781033850502,79.16781033850502
2908,17.3,18.591575518710947,38.59157551871095,58.59157551871095,78.59157551871095
2909,18.4,16.430694944483168,36.430694944483164,56.430694944483164,76.43069494448316
2910,18.7,13.981696960358352,33.98169696035835,53.98169696035835,73.98169696035835
2911,17.5,37.4974230982364,57.4974230982364,77.4974230982364,97.4974230982364
2912,14.8,9.948053221799833,29.94805322179983,49.94805322179983,69.94805322179982
2913,13.1,7.931231352520573,27.931231352520573,47.93123135252057,67.93123135252057
2914,13.4,7.066879122829462,27.066879122829462,47.06687912282946,67.06687912282946
2915,12.5,44.645407608822836,64.64540760882284,84.64540760882284,104.64540760882284
2916,11.0,7.066879122829462,27.066879122829462,47.06687912282946,67.06687912282946
2917,9.8,7.643113942623536,27.643113942623536,47.643113942623536,67.64311394262353
2918,9.7,6.922820417880944,26.922820417880942,46.92282041788094,66.92282041788094
2919,8.8,6.778761712932424,26.778761712932422,46.77876171293242,66.77876171293242
2920,9.3,6.922820417880944,26.922820417880942,46.92282041788094,66.92282041788094
2921,9.9,8.795583582211684,28.795583582211684,48.795583582211684,68.79558358221169
2922,11.4,75.65218640402387,95.65218640402387,115.65218640402387,135.65218640402387
2923,11.6,13.405462140564278,33.40546214056428,53.40546214056428,73.40546214056428
2924,12.6,15.566342714792057,35.56634271479206,55.56634271479206,75.56634271479206
2925,13.0,16.430694944483168,36.430694944483164,56.430694944483164,76.43069494448316
2926,12.8,17.87128199396835,37.87128199396835,57.87128199396835,77.87128199396835
2927,13.3,20.32027997809317,40.32027997809317,60.32027997809317,80.32027997809317
2928,13.5,22.19304314242391,42.19304314242391,62.19304314242391,82.1930431424239
2929,14.9,23.489571486960575,43.48957148696057,63.48957148696057,83.48957148696057
2930,14.9,24.49798242160021,44.49798242160021,64.49798242160021,84.49798242160021
2931,15.3,25.218275946342796,45.2182759463428,65.2182759463428,85.2182759463428
2932,15.7,24.06580630675465,44.06580630675465,64.06580630675465,84.06580630675465
2933,16.0,20.608397387990205,40.60839738799021,60.60839738799021,80.60839738799021
2934,16.9,15.134166599946504,35.134166599946504,55.134166599946504,75.1341665999465
2935,17.4,36.777129573493816,56.777129573493816,76.77712957349382,96.77712957349382
2936,16.3,9.083700992108723,29.083700992108724,49.083700992108724,69.08370099210873
2937,15.6,7.499055237675016,27.499055237675016,47.499055237675016,67.49905523767501
2938,15.5,7.066879122829462,27.066879122829462,47.06687912282946,67.06687912282946
2939,16.3,43.92511408408024,63.92511408408024,83.92511408408023,103.92511408408023
2940,15.9,5.626292073344276,25.626292073344274,45.626292073344274,65.62629207334427
2941,15.8,5.626292073344276,25.626292073344274,45.626292073344274,65.62629207334427
2942,15.6,5.770350778292794,25.770350778292794,45.770350778292794,65.7703507782928
2943,14.9,6.490644303035387,26.49064430303539,46.49064430303539,66.4906443030354
2944,14.8,7.787172647572055,27.787172647572056,47.787172647572056,67.78717264757205
2945,15.2,8.795583582211684,28.795583582211684,48.795583582211684,68.79558358221169
2946,14.5,73.20318841989905,93.20318841989905,113.20318841989905,133.20318841989905
2947,15.5,11.676757681182053,31.676757681182053,51.67675768118205,71.67675768118205
2948,17.5,13.117344730667241,33.11734473066724,53.11734473066724,73.11734473066724
2949,18.9,14.413873075203906,34.41387307520391,54.41387307520391,74.41387307520391
2950,20.7,15.710401419740574,35.71040141974058,55.71040141974058,75.71040141974058
2951,21.1,16.718812354380205,36.718812354380205,56.718812354380205,76.7188123543802
2952,22.0,17.87128199396835,37.87128199396835,57.87128199396835,77.87128199396835
2953,22.3,18.30345810881391,38.30345810881391,58.30345810881391,78.30345810881391
2954,22.9,18.591575518710947,38.59157551871095,58.59157551871095,78.59157551871095
2955,23.5,19.16781033850502,39.16781033850502,59.16781033850502,79.16781033850502
2956,24.4,18.159399403865386,38.159399403865386,58.159399403865386,78.1593994038654
2957,24.6,16.718812354380205,36.718812354380205,56.718812354380205,76.7188123543802
2958,22.5,14.26981437025539,34.26981437025539,54.26981437025539,74.26981437025539
2959,19.6,37.4974230982364,57.4974230982364,77.4974230982364,97.4974230982364
2960,16.1,9.803994516851315,29.803994516851315,49.80399451685132,69.80399451685132
2961,15.1,7.931231352520573,27.931231352520573,47.93123135252057,67.93123135252057
2962,14.6,6.202526893138352,26.20252689313835,46.202526893138355,66.20252689313836
2963,13.4,43.63699667418321,63.63699667418321,83.63699667418321,103.63699667418321
2964,13.0,5.338174663447239,25.33817466344724,45.33817466344724,65.33817466344723
2965,12.4,5.770350778292794,25.770350778292794,45.770350778292794,65.7703507782928
2966,12.5,6.634703007983905,26.634703007983905,46.6347030079839,66.6347030079839
2967,12.4,7.787172647572055,27.787172647572056,47.787172647572056,67.78717264757205
2968,11.7,9.515877106954274,29.515877106954274,49.51587710695428,69.51587710695428
2969,12.0,11.100522861387981,31.10052286138798,51.10052286138798,71.10052286138799
2970,12.9,75.65218640402387,95.65218640402387,115.65218640402387,135.65218640402387
2971,13.8,13.981696960358352,33.98169696035835,53.98169696035835,73.98169696035835
2972,14.8,14.990107894997983,34.99010789499798,54.99010789499798,74.99010789499798
2973,15.8,15.99851882963761,35.99851882963761,55.99851882963761,75.99851882963762
2974,16.3,16.718812354380205,36.718812354380205,56.718812354380205,76.7188123543802
2975,17.2,17.006929764277242,37.006929764277245,57.006929764277245,77.00692976427725
2976,17.5,16.86287105932872,36.862871059328725,56.862871059328725,76.86287105932873
2977,18.2,16.574753649431685,36.574753649431685,56.574753649431685,76.57475364943168
2978,19.7,16.28663623953465,36.28663623953465,56.28663623953465,76.28663623953466
2979,20.8,15.710401419740574,35.71040141974058,55.71040141974058,75.71040141974058
2980,21.8,15.27822530489502,35.27822530489502,55.27822530489502,75.27822530489502
2981,23.3,15.710401419740574,35.71040141974058,55.71040141974058,75.71040141974058
2982,21.7,16.28663623953465,36.28663623953465,56.28663623953465,76.28663623953466
2983,17.5,42.539477771434555,62.539477771434555,82.53947777143455,102.53947777143455
2984,13.4,17.583164584071316,37.58316458407131,57.58316458407131,77.58316458407131
2985,11.5,17.727223289019836,37.72722328901983,57.72722328901983,77.72722328901983
2986,11.2,17.727223289019836,37.72722328901983,57.72722328901983,77.72722328901983
2987,9.1,55.73792788985876,75.73792788985875,95.73792788985875,115.73792788985875
2988,8.4,18.01534069891687,38.01534069891687,58.01534069891687,78.01534069891687
2989,8.2,18.30345810881391,38.30345810881391,58.30345810881391,78.30345810881391
2990,8.5,18.159399403865386,38.159399403865386,58.159399403865386,78.1593994038654
2991,8.2,18.159399403865386,38.159399403865386,58.159399403865386,78.1593994038654
2992,8.3,18.447516813762427,38.44751681376243,58.44751681376243,78.44751681376243
2993,8.1,18.591575518710947,38.59157551871095,58.59157551871095,78.59157551871095
2994,7.8,82.13482812670719,102.13482812670719,122.13482812670719,142.1348281267072
2995,8.3,19.311869043453537,39.31186904345354,59.31186904345354,79.31186904345354
2996,9.9,19.455927748402058,39.45592774840206,59.45592774840206,79.45592774840206
2997,10.9,19.599986453350578,39.59998645335058,59.59998645335058,79.59998645335058
2998,10.8,19.311869043453537,39.31186904345354,59.31186904345354,79.31186904345354
2999,11.2,19.311869043453537,39.31186904345354,59.31186904345354,79.31186904345354
3000,12.2,19.311869043453537,39.31186904345354,59.31186904345354,79.31186904345354
3001,13.2,19.16781033850502,39.16781033850502,59.16781033850502,79.16781033850502
3002,14.1,19.0237516335565,39.0237516335565,59.0237516335565,79.0237516335565
3003,14.2,18.879692928607984,38.87969292860798,58.87969292860798,78.87969292860798
3004,16.1,18.735634223659464,38.73563422365946,58.73563422365946,78.73563422365946
3005,16.4,18.447516813762427,38.44751681376243,58.44751681376243,78.44751681376243
3006,15.6,17.87128199396835,37.87128199396835,57.87128199396835,77.87128199396835
3007,14.5,42.82759518133159,62.82759518133159,82.82759518133159,102.82759518133159
3008,13.4,17.439105879122796,37.43910587912279,57.43910587912279,77.43910587912279
3009,12.0,17.006929764277242,37.006929764277245,57.006929764277245,77.00692976427725
3010,11.4,17.006929764277242,37.006929764277245,57.006929764277245,77.00692976427725
3011,10.4,54.72951695521913,74.72951695521914,94.72951695521914,114.72951695521914
3012,9.1,16.86287105932872,36.862871059328725,56.862871059328725,76.86287105932873
3013,8.5,17.006929764277242,37.006929764277245,57.006929764277245,77.00692976427725
3014,8.8,17.006929764277242,37.006929764277245,57.006929764277245,77.00692976427725
3015,7.9,17.15098846922576,37.15098846922576,57.15098846922576,77.15098846922575
3016,7.6,17.727223289019836,37.72722328901983,57.72722328901983,77.72722328901983
3017,7.6,18.159399403865386,38.159399403865386,58.159399403865386,78.1593994038654
3018,7.7,81.70265201186164,101.70265201186164,121.70265201186164,141.70265201186163
3019,7.9,19.0237516335565,39.0237516335565,59.0237516335565,79.0237516335565
3020,8.8,19.455927748402058,39.45592774840206,59.45592774840206,79.45592774840206
3021,9.9,19.744045158299095,39.744045158299095,59.744045158299095,79.74404515829909
3022,9.8,19.744045158299095,39.744045158299095,59.744045158299095,79.74404515829909
3023,9.4,19.88810386324761,39.88810386324761,59.88810386324761,79.88810386324761
3024,9.5,20.176221273144648,40.17622127314465,60.17622127314465,80.17622127314465
3025,9.8,20.32027997809317,40.32027997809317,60.32027997809317,80.32027997809317
3026,9.9,20.752456092938722,40.75245609293872,60.75245609293872,80.75245609293873
3027,9.0,20.752456092938722,40.75245609293872,60.75245609293872,80.75245609293873
3028,8.9,20.32027997809317,40.32027997809317,60.32027997809317,80.32027997809317
3029,9.3,19.744045158299095,39.744045158299095,59.744045158299095,79.74404515829909
3030,9.8,19.16781033850502,39.16781033850502,59.16781033850502,79.16781033850502
3031,10.2,44.12412352586826,64.12412352586826,84.12412352586826,104.12412352586826
3032,9.2,18.447516813762427,38.44751681376243,58.44751681376243,78.44751681376243
3033,9.1,17.439105879122796,37.43910587912279,57.43910587912279,77.43910587912279
3034,9.3,16.86287105932872,36.862871059328725,56.862871059328725,76.86287105932873
3035,9.3,54.4413995453221,74.4413995453221,94.4413995453221,114.4413995453221
3036,8.3,16.14257753458613,36.14257753458613,56.14257753458613,76.14257753458614
3037,8.1,14.701990485100946,34.70199048510095,54.70199048510095,74.70199048510095
3038,8.1,12.541109910873166,32.54110991087317,52.54110991087317,72.54110991087316
3039,8.3,12.685168615821684,32.68516861582168,52.68516861582168,72.68516861582168
3040,8.1,12.829227320770205,32.8292273207702,52.8292273207702,72.8292273207702
3041,8.3,13.405462140564278,33.40546214056428,53.40546214056428,73.40546214056428
3042,11.0,77.66900827330312,97.66900827330312,117.66900827330312,137.66900827330312
3043,12.7,16.574753649431685,36.574753649431685,56.574753649431685,76.57475364943168
3044,13.0,17.87128199396835,37.87128199396835,57.87128199396835,77.87128199396835
3045,13.2,18.30345810881391,38.30345810881391,58.30345810881391,78.30345810881391
3046,13.4,18.30345810881391,38.30345810881391,58.30345810881391,78.30345810881391
3047,13.7,19.88810386324761,39.88810386324761,59.88810386324761,79.88810386324761
3048,14.0,21.616808322629836,41.616808322629836,61.616808322629836,81.61680832262984
3049,14.0,22.337101847372427,42.33710184737242,62.33710184737242,82.33710184737242
3050,14.1,22.481160552320947,42.481160552320944,62.481160552320944,82.48116055232094
3051,15.2,22.769277962217984,42.769277962217984,62.769277962217984,82.76927796221798
3052,16.1,21.47274961768132,41.472749617681316,61.472749617681316,81.47274961768132
3053,15.9,16.86287105932872,36.862871059328725,56.862871059328725,76.86287105932873
3054,14.1,13.981696960358352,33.98169696035835,53.98169696035835,73.98169696035835
3055,13.0,37.06524698339085,57.06524698339085,77.06524698339085,97.06524698339085
3056,13.4,8.795583582211684,28.795583582211684,48.795583582211684,68.79558358221169
3057,14.3,6.922820417880944,26.922820417880942,46.92282041788094,66.92282041788094
3058,14.4,5.626292073344276,25.626292073344274,45.626292073344274,65.62629207334427
3059,14.0,43.34887926428617,63.34887926428617,83.34887926428617,103.34887926428617
3060,13.6,5.050057253550202,25.0500572535502,45.0500572535502,65.0500572535502
3061,12.5,6.634703007983905,26.634703007983905,46.6347030079839,66.6347030079839
3062,12.4,6.058468188189831,26.05846818818983,46.058468188189835,66.05846818818983
3063,12.8,5.19411595849872,25.19411595849872,45.19411595849872,65.19411595849871
3064,13.3,5.338174663447239,25.33817466344724,45.33817466344724,65.33817466344723
3065,13.3,6.34658559808687,26.346585598086868,46.34658559808687,66.34658559808688
3066,12.8,72.91507101000201,92.91507101000201,112.91507101000201,132.915071010002
3067,13.5,14.557931780152426,34.55793178015243,54.55793178015243,74.55793178015243
3068,15.9,15.42228400984354,35.42228400984354,55.42228400984354,75.42228400984354
3069,17.8,16.430694944483168,36.430694944483164,56.430694944483164,76.43069494448316
3070,18.2,17.439105879122796,37.43910587912279,57.43910587912279,77.43910587912279
3071,18.5,18.735634223659464,38.73563422365946,58.73563422365946,78.73563422365946
3072,19.0,19.599986453350578,39.59998645335058,59.59998645335058,79.59998645335058
3073,19.9,19.88810386324761,39.88810386324761,59.88810386324761,79.88810386324761
3074,19.8,19.599986453350578,39.59998645335058,59.59998645335058,79.59998645335058
3075,20.7,19.599986453350578,39.59998645335058,59.59998645335058,79.59998645335058
3076,22.2,18.159399403865386,38.159399403865386,58.159399403865386,78.1593994038654
3077,22.3,15.566342714792057,35.56634271479206,55.56634271479206,75.56634271479206
3078,21.2,12.685168615821684,32.68516861582168,52.68516861582168,72.68516861582168
3079,18.3,36.20089475369974,56.20089475369974,76.20089475369974,96.20089475369974
3080,15.5,9.227759697057241,29.22775969705724,49.22775969705724,69.22775969705724
3081,14.2,8.075290057469092,28.07529005746909,48.07529005746909,68.07529005746909
3082,13.9,6.922820417880944,26.922820417880942,46.92282041788094,66.92282041788094
3083,12.4,45.941935953359504,65.9419359533595,85.9419359533595,105.9419359533595
3084,11.5,9.227759697057241,29.22775969705724,49.22775969705724,69.22775969705724
3085,9.6,10.812405451490944,30.812405451490946,50.812405451490946,70.81240545149095
3086,10.0,12.252992500976127,32.25299250097613,52.25299250097613,72.25299250097612
3087,10.4,12.541109910873166,32.54110991087317,52.54110991087317,72.54110991087316
3088,9.7,12.541109910873166,32.54110991087317,52.54110991087317,72.54110991087316
3089,9.7,12.829227320770205,32.8292273207702,52.8292273207702,72.8292273207702
3090,9.9,76.22842122381793,96.22842122381793,116.22842122381793,136.22842122381792
3091,10.9,13.117344730667241,33.11734473066724,53.11734473066724,73.11734473066724
3092,12.9,13.261403435615758,33.26140343561576,53.26140343561576,73.26140343561576
3093,14.0,13.117344730667241,33.11734473066724,53.11734473066724,73.11734473066724
3094,15.3,12.829227320770205,32.8292273207702,52.8292273207702,72.8292273207702
3095,15.7,12.397051205924647,32.39705120592465,52.39705120592465,72.39705120592464
3096,16.0,12.685168615821684,32.68516861582168,52.68516861582168,72.68516861582168
3097,17.0,12.252992500976127,32.25299250097613,52.25299250097613,72.25299250097612
3098,17.4,12.108933796027612,32.108933796027614,52.108933796027614,72.10893379602761
3099,18.5,10.668346746542426,30.668346746542426,50.668346746542426,70.66834674654243
3100,19.7,9.083700992108723,29.083700992108724,49.083700992108724,69.08370099210873
3101,20.7,7.354996532726499,27.3549965327265,47.3549965327265,67.3549965327265
3102,18.8,5.770350778292794,25.770350778292794,45.770350778292794,65.7703507782928
3103,16.6,30.0991287890411,50.0991287890411,70.0991287890411,90.0991287890411
3104,13.2,4.854698191780822,24.854698191780823,44.85469819178083,64.85469819178083
3105,10.8,4.854698191780822,24.854698191780823,44.85469819178083,64.85469819178083
3106,10.1,4.854698191780822,24.854698191780823,44.85469819178083,64.85469819178083
3107,9.3,42.721344087671234,62.721344087671234,82.72134408767124,102.72134408767124
3108,8.4,4.854698191780822,24.854698191780823,44.85469819178083,64.85469819178083
3109,8.2,4.854698191780822,24.854698191780823,44.85469819178083,64.85469819178083
3110,7.9,4.854698191780822,24.854698191780823,44.85469819178083,64.85469819178083
3111,8.2,4.854698191780822,24.854698191780823,44.85469819178083,64.85469819178083
3112,8.6,4.854698191780822,24.854698191780823,44.85469819178083,64.85469819178083
3113,8.6,4.854698191780822,24.854698191780823,44.85469819178083,64.85469819178083
3114,8.6,67.96577468493152,87.96577468493152,107.96577468493152,127.96577468493152
3115,8.6,4.854698191780822,24.854698191780823,44.85469819178083,64.85469819178083
3116,8.7,4.854698191780822,24.854698191780823,44.85469819178083,64.85469819178083
3117,8.8,4.854698191780822,24.854698191780823,44.85469819178083,64.85469819178083
3118,10.5,4.854698191780822,24.854698191780823,44.85469819178083,64.85469819178083
3119,9.8,6.490644303035387,26.49064430303539,46.49064430303539,66.4906443030354
3120,9.0,7.499055237675016,27.499055237675016,47.499055237675016,67.49905523767501
3121,8.3,8.507466172314647,28.507466172314647,48.50746617231465,68.50746617231465
3122,8.7,10.092111926748352,30.092111926748352,50.09211192674835,70.09211192674834
3123,9.1,10.668346746542426,30.668346746542426,50.668346746542426,70.66834674654243
3124,10.3,9.083700992108723,29.083700992108724,49.083700992108724,69.08370099210873
3125,10.3,7.066879122829462,27.066879122829462,47.06687912282946,67.06687912282946
3126,11.5,4.854698191780822,24.854698191780823,44.85469819178083,64.85469819178083
3127,11.8,30.0991287890411,50.0991287890411,70.0991287890411,90.0991287890411
3128,10.8,4.854698191780822,24.854698191780823,44.85469819178083,64.85469819178083
3129,10.2,4.854698191780822,24.854698191780823,44.85469819178083,64.85469819178083
3130,9.5,4.854698191780822,24.854698191780823,44.85469819178083,64.85469819178083
3131,8.8,42.721344087671234,62.721344087671234,82.72134408767124,102.72134408767124
3132,8.7,4.854698191780822,24.854698191780823,44.85469819178083,64.85469819178083
3133,8.2,4.854698191780822,24.854698191780823,44.85469819178083,64.85469819178083
3134,7.9,4.854698191780822,24.854698191780823,44.85469819178083,64.85469819178083
3135,8.2,4.854698191780822,24.854698191780823,44.85469819178083,64.85469819178083
3136,8.0,4.854698191780822,24.854698191780823,44.85469819178083,64.85469819178083
3137,8.0,4.854698191780822,24.854698191780823,44.85469819178083,64.85469819178083
3138,8.1,67.96577468493152,87.96577468493152,107.96577468493152,127.96577468493152
3139,8.6,4.854698191780822,24.854698191780823,44.85469819178083,64.85469819178083
3140,10.3,4.854698191780822,24.854698191780823,44.85469819178083,64.85469819178083
3141,11.1,5.338174663447239,25.33817466344724,45.33817466344724,65.33817466344723
3142,11.7,7.210937827777981,27.210937827777983,47.21093782777798,67.21093782777798
3143,11.2,9.083700992108723,29.083700992108724,49.083700992108724,69.08370099210873
3144,10.4,10.668346746542426,30.668346746542426,50.668346746542426,70.66834674654243
3145,10.8,11.676757681182053,31.676757681182053,51.67675768118205,71.67675768118205
3146,11.5,12.108933796027612,32.108933796027614,52.108933796027614,72.10893379602761
3147,11.2,12.397051205924647,32.39705120592465,52.39705120592465,72.39705120592464
3148,11.2,10.092111926748352,30.092111926748352,50.09211192674835,70.09211192674834
3149,11.2,5.19411595849872,25.19411595849872,45.19411595849872,65.19411595849871
3150,12.8,4.854698191780822,24.854698191780823,44.85469819178083,64.85469819178083
3151,12.9,30.0991287890411,50.0991287890411,70.0991287890411,90.0991287890411
3152,12.0,4.854698191780822,24.854698191780823,44.85469819178083,64.85469819178083
3153,11.1,4.854698191780822,24.854698191780823,44.85469819178083,64.85469819178083
3154,11.0,4.854698191780822,24.854698191780823,44.85469819178083,64.85469819178083
3155,10.7,42.721344087671234,62.721344087671234,82.72134408767124,102.72134408767124
3156,10.1,4.854698191780822,24.854698191780823,44.85469819178083,64.85469819178083
3157,9.4,4.854698191780822,24.854698191780823,44.85469819178083,64.85469819178083
3158,9.5,4.854698191780822,24.854698191780823,44.85469819178083,64.85469819178083
3159,9.1,4.854698191780822,24.854698191780823,44.85469819178083,64.85469819178083
3160,9.2,4.854698191780822,24.854698191780823,44.85469819178083,64.85469819178083
3161,9.2,4.854698191780822,24.854698191780823,44.85469819178083,64.85469819178083
3162,9.6,67.96577468493152,87.96577468493152,107.96577468493152,127.96577468493152
3163,11.3,4.854698191780822,24.854698191780823,44.85469819178083,64.85469819178083
3164,12.1,4.854698191780822,24.854698191780823,44.85469819178083,64.85469819178083
3165,12.3,4.854698191780822,24.854698191780823,44.85469819178083,64.85469819178083
3166,13.3,4.854698191780822,24.854698191780823,44.85469819178083,64.85469819178083
3167,12.4,4.854698191780822,24.854698191780823,44.85469819178083,64.85469819178083
3168,13.0,4.854698191780822,24.854698191780823,44.85469819178083,64.85469819178083
3169,13.4,4.854698191780822,24.854698191780823,44.85469819178083,64.85469819178083
3170,13.6,4.854698191780822,24.854698191780823,44.85469819178083,64.85469819178083
3171,13.8,5.914409483241313,25.914409483241315,45.914409483241315,65.91440948324131
3172,14.2,4.854698191780822,24.854698191780823,44.85469819178083,64.85469819178083
3173,13.9,4.854698191780822,24.854698191780823,44.85469819178083,64.85469819178083
3174,14.0,4.854698191780822,24.854698191780823,44.85469819178083,64.85469819178083
3175,14.5,30.0991287890411,50.0991287890411,70.0991287890411,90.0991287890411
3176,13.4,4.854698191780822,24.854698191780823,44.85469819178083,64.85469819178083
3177,12.8,4.854698191780822,24.854698191780823,44.85469819178083,64.85469819178083
3178,12.8,4.854698191780822,24.854698191780823,44.85469819178083,64.85469819178083
3179,12.2,42.721344087671234,62.721344087671234,82.72134408767124,102.72134408767124
3180,11.6,4.854698191780822,24.854698191780823,44.85469819178083,64.85469819178083
3181,11.2,4.854698191780822,24.854698191780823,44.85469819178083,64.85469819178083
3182,11.1,4.854698191780822,24.854698191780823,44.85469819178083,64.85469819178083
3183,9.4,4.854698191780822,24.854698191780823,44.85469819178083,64.85469819178083
3184,8.8,4.854698191780822,24.854698191780823,44.85469819178083,64.85469819178083
3185,9.1,4.854698191780822,24.854698191780823,44.85469819178083,64.85469819178083
3186,10.1,67.96577468493152,87.96577468493152,107.96577468493152,127.96577468493152
3187,10.6,4.854698191780822,24.854698191780823,44.85469819178083,64.85469819178083
3188,11.1,4.854698191780822,24.854698191780823,44.85469819178083,64.85469819178083
3189,11.5,4.854698191780822,24.854698191780823,44.85469819178083,64.85469819178083
3190,10.7,4.854698191780822,24.854698191780823,44.85469819178083,64.85469819178083
3191,10.1,4.854698191780822,24.854698191780823,44.85469819178083,64.85469819178083
3192,9.7,5.48223336839576,25.48223336839576,45.48223336839576,65.48223336839575
3193,9.6,6.922820417880944,26.922820417880942,46.92282041788094,66.92282041788094
3194,9.9,8.075290057469092,28.07529005746909,48.07529005746909,68.07529005746909
3195,10.0,8.795583582211684,28.795583582211684,48.795583582211684,68.79558358221169
3196,9.9,7.499055237675016,27.499055237675016,47.499055237675016,67.49905523767501
3197,10.2,4.854698191780822,24.854698191780823,44.85469819178083,64.85469819178083
3198,10.9,4.854698191780822,24.854698191780823,44.85469819178083,64.85469819178083
3199,11.3,30.0991287890411,50.0991287890411,70.0991287890411,90.0991287890411
3200,10.7,4.854698191780822,24.854698191780823,44.85469819178083,64.85469819178083
3201,10.6,4.854698191780822,24.854698191780823,44.85469819178083,64.85469819178083
3202,10.6,4.854698191780822,24.854698191780823,44.85469819178083,64.85469819178083
3203,10.6,42.721344087671234,62.721344087671234,82.72134408767124,102.72134408767124
3204,9.7,4.854698191780822,24.854698191780823,44.85469819178083,64.85469819178083
3205,8.9,4.854698191780822,24.854698191780823,44.85469819178083,64.85469819178083
3206,8.3,4.854698191780822,24.854698191780823,44.85469819178083,64.85469819178083
3207,8.3,4.854698191780822,24.854698191780823,44.85469819178083,64.85469819178083
3208,8.7,4.854698191780822,24.854698191780823,44.85469819178083,64.85469819178083
3209,8.5,4.854698191780822,24.854698191780823,44.85469819178083,64.85469819178083
3210,8.3,67.96577468493152,87.96577468493152,107.96577468493152,127.96577468493152
3211,8.8,7.210937827777981,27.210937827777983,47.21093782777798,67.21093782777798
3212,9.7,9.515877106954274,29.515877106954274,49.51587710695428,69.51587710695428
3213,9.6,10.956464156439463,30.956464156439463,50.956464156439466,70.95646415643947
3214,10.0,11.532698976233537,31.532698976233537,51.53269897623353,71.53269897623353
3215,9.7,12.541109910873166,32.54110991087317,52.54110991087317,72.54110991087316
3216,10.2,13.117344730667241,33.11734473066724,53.11734473066724,73.11734473066724
3217,10.9,13.261403435615758,33.26140343561576,53.26140343561576,73.26140343561576
3218,11.6,13.405462140564278,33.40546214056428,53.40546214056428,73.40546214056428
3219,12.2,13.261403435615758,33.26140343561576,53.26140343561576,73.26140343561576
3220,12.7,12.973286025718725,32.97328602571872,52.97328602571872,72.97328602571872
3221,12.5,12.685168615821684,32.68516861582168,52.68516861582168,72.68516861582168
3222,11.4,12.252992500976127,32.25299250097613,52.25299250097613,72.25299250097612
3223,10.7,36.633070868545296,56.633070868545296,76.6330708685453,96.6330708685453
3224,10.2,10.812405451490944,30.812405451490946,50.812405451490946,70.81240545149095
3225,10.0,9.659935811902795,29.659935811902795,49.6599358119028,69.6599358119028
3226,10.5,8.651524877263165,28.651524877263164,48.651524877263164,68.65152487726317
3227,11.1,45.22164242861691,65.22164242861692,85.22164242861692,105.22164242861692
3228,11.0,6.058468188189831,26.05846818818983,46.058468188189835,66.05846818818983
3229,10.8,4.854698191780822,24.854698191780823,44.85469819178083,64.85469819178083
3230,10.6,4.854698191780822,24.854698191780823,44.85469819178083,64.85469819178083
3231,9.7,4.854698191780822,24.854698191780823,44.85469819178083,64.85469819178083
3232,8.8,4.854698191780822,24.854698191780823,44.85469819178083,64.85469819178083
3233,8.9,4.854698191780822,24.854698191780823,44.85469819178083,64.85469819178083
3234,9.4,67.96577468493152,87.96577468493152,107.96577468493152,127.96577468493152
3235,10.3,6.058468188189831,26.05846818818983,46.058468188189835,66.05846818818983
3236,11.9,7.643113942623536,27.643113942623536,47.643113942623536,67.64311394262353
3237,13.3,8.795583582211684,28.795583582211684,48.795583582211684,68.79558358221169
3238,15.4,9.515877106954274,29.515877106954274,49.51587710695428,69.51587710695428
3239,15.9,10.092111926748352,30.092111926748352,50.09211192674835,70.09211192674834
3240,15.9,10.380229336645385,30.380229336645385,50.380229336645385,70.38022933664539
3241,15.7,10.380229336645385,30.380229336645385,50.380229336645385,70.38022933664539
3242,16.4,10.380229336645385,30.380229336645385,50.380229336645385,70.38022933664539
3243,16.4,10.668346746542426,30.668346746542426,50.668346746542426,70.66834674654243
3244,16.3,10.668346746542426,30.668346746542426,50.668346746542426,70.66834674654243
3245,15.6,10.380229336645385,30.380229336645385,50.380229336645385,70.38022933664539
3246,14.8,9.659935811902795,29.659935811902795,49.6599358119028,69.6599358119028
3247,13.6,34.04001417947196,54.04001417947196,74.04001417947197,94.04001417947197
3248,13.5,8.21934876241761,28.21934876241761,48.21934876241761,68.21934876241761
3249,13.8,7.354996532726499,27.3549965327265,47.3549965327265,67.3549965327265
3250,14.2,5.19411595849872,25.19411595849872,45.19411595849872,65.19411595849871
3251,14.2,42.721344087671234,62.721344087671234,82.72134408767124,102.72134408767124
3252,13.5,4.854698191780822,24.854698191780823,44.85469819178083,64.85469819178083
3253,11.5,4.854698191780822,24.854698191780823,44.85469819178083,64.85469819178083
3254,12.0,4.854698191780822,24.854698191780823,44.85469819178083,64.85469819178083
3255,12.2,4.854698191780822,24.854698191780823,44.85469819178083,64.85469819178083
3256,11.6,4.854698191780822,24.854698191780823,44.85469819178083,64.85469819178083
3257,11.4,4.854698191780822,24.854698191780823,44.85469819178083,64.85469819178083
3258,11.4,67.96577468493152,87.96577468493152,107.96577468493152,127.96577468493152
3259,12.4,5.626292073344276,25.626292073344274,45.626292073344274,65.62629207334427
3260,14.4,6.202526893138352,26.20252689313835,46.202526893138355,66.20252689313836
3261,16.8,6.922820417880944,26.922820417880942,46.92282041788094,66.92282041788094
3262,18.1,8.21934876241761,28.21934876241761,48.21934876241761,68.21934876241761
3263,18.3,8.507466172314647,28.507466172314647,48.50746617231465,68.50746617231465
3264,19.3,8.939642287160202,28.939642287160204,48.939642287160204,68.93964228716021
3265,19.8,9.803994516851315,29.803994516851315,49.80399451685132,69.80399451685132
3266,20.7,11.100522861387981,31.10052286138798,51.10052286138798,71.10052286138799
3267,20.2,11.388640271285018,31.38864027128502,51.38864027128502,71.38864027128503
3268,20.9,11.100522861387981,31.10052286138798,51.10052286138798,71.10052286138799
3269,19.9,10.092111926748352,30.092111926748352,50.09211192674835,70.09211192674834
3270,17.1,9.227759697057241,29.22775969705724,49.22775969705724,69.22775969705724
3271,15.0,33.60783806462641,53.60783806462641,73.6078380646264,93.6078380646264
3272,13.0,7.499055237675016,27.499055237675016,47.499055237675016,67.49905523767501
3273,13.1,6.490644303035387,26.49064430303539,46.49064430303539,66.4906443030354
3274,13.8,4.905998548601684,24.905998548601683,44.90599854860169,64.90599854860169
3275,13.9,42.721344087671234,62.721344087671234,82.72134408767124,102.72134408767124
3276,14.1,5.19411595849872,25.19411595849872,45.19411595849872,65.19411595849871
3277,13.5,4.854698191780822,24.854698191780823,44.85469819178083,64.85469819178083
3278,14.0,4.854698191780822,24.854698191780823,44.85469819178083,64.85469819178083
3279,14.4,4.854698191780822,24.854698191780823,44.85469819178083,64.85469819178083
3280,13.0,4.854698191780822,24.854698191780823,44.85469819178083,64.85469819178083
3281,13.3,4.854698191780822,24.854698191780823,44.85469819178083,64.85469819178083
3282,13.0,67.96577468493152,87.96577468493152,107.96577468493152,127.96577468493152
3283,13.1,4.854698191780822,24.854698191780823,44.85469819178083,64.85469819178083
3284,14.9,6.490644303035387,26.49064430303539,46.49064430303539,66.4906443030354
3285,16.8,8.651524877263165,28.651524877263164,48.651524877263164,68.65152487726317
3286,18.2,9.803994516851315,29.803994516851315,49.80399451685132,69.80399451685132
3287,19.5,11.100522861387981,31.10052286138798,51.10052286138798,71.10052286138799
3288,20.4,12.252992500976127,32.25299250097613,52.25299250097613,72.25299250097612
3289,21.7,12.541109910873166,32.54110991087317,52.54110991087317,72.54110991087316
3290,22.3,12.829227320770205,32.8292273207702,52.8292273207702,72.8292273207702
3291,22.5,13.117344730667241,33.11734473066724,53.11734473066724,73.11734473066724
3292,22.4,12.829227320770205,32.8292273207702,52.8292273207702,72.8292273207702
3293,20.8,12.108933796027612,32.108933796027614,52.108933796027614,72.10893379602761
3294,18.0,11.2445815663365,31.2445815663365,51.2445815663365,71.2445815663365
3295,16.0,35.48060122895715,55.48060122895715,75.48060122895714,95.48060122895714
3296,13.5,8.651524877263165,28.651524877263164,48.651524877263164,68.65152487726317
3297,12.1,6.202526893138352,26.20252689313835,46.202526893138355,66.20252689313836
3298,11.7,4.854698191780822,24.854698191780823,44.85469819178083,64.85469819178083
3299,10.3,42.721344087671234,62.721344087671234,82.72134408767124,102.72134408767124
3300,8.8,4.854698191780822,24.854698191780823,44.85469819178083,64.85469819178083
3301,8.3,4.854698191780822,24.854698191780823,44.85469819178083,64.85469819178083
3302,8.0,4.854698191780822,24.854698191780823,44.85469819178083,64.85469819178083
3303,8.2,4.854698191780822,24.854698191780823,44.85469819178083,64.85469819178083
3304,7.7,4.854698191780822,24.854698191780823,44.85469819178083,64.85469819178083
3305,7.5,4.854698191780822,24.854698191780823,44.85469819178083,64.85469819178083
3306,7.6,67.96577468493152,87.96577468493152,107.96577468493152,127.96577468493152
3307,8.3,4.854698191780822,24.854698191780823,44.85469819178083,64.85469819178083
3308,8.9,4.854698191780822,24.854698191780823,44.85469819178083,64.85469819178083
3309,8.8,7.066879122829462,27.066879122829462,47.06687912282946,67.06687912282946
3310,8.7,8.939642287160202,28.939642287160204,48.939642287160204,68.93964228716021
3311,8.4,10.380229336645385,30.380229336645385,50.380229336645385,70.38022933664539
3312,8.6,10.668346746542426,30.668346746542426,50.668346746542426,70.66834674654243
3313,9.5,11.820816386130574,31.820816386130574,51.82081638613057,71.82081638613057
3314,10.4,13.117344730667241,33.11734473066724,53.11734473066724,73.11734473066724
3315,10.0,13.549520845512799,33.5495208455128,53.5495208455128,73.5495208455128
3316,10.6,12.252992500976127,32.25299250097613,52.25299250097613,72.25299250097612
3317,10.8,9.659935811902795,29.659935811902795,49.6599358119028,69.6599358119028
3318,11.6,6.634703007983905,26.634703007983905,46.6347030079839,66.6347030079839
3319,11.2,30.0991287890411,50.0991287890411,70.0991287890411,90.0991287890411
3320,10.1,4.854698191780822,24.854698191780823,44.85469819178083,64.85469819178083
3321,8.5,4.854698191780822,24.854698191780823,44.85469819178083,64.85469819178083
3322,7.8,4.854698191780822,24.854698191780823,44.85469819178083,64.85469819178083
3323,7.4,42.721344087671234,62.721344087671234,82.72134408767124,102.72134408767124
3324,7.5,4.854698191780822,24.854698191780823,44.85469819178083,64.85469819178083
3325,7.0,4.854698191780822,24.854698191780823,44.85469819178083,64.85469819178083
3326,7.3,4.854698191780822,24.854698191780823,44.85469819178083,64.85469819178083
3327,7.2,4.854698191780822,24.854698191780823,44.85469819178083,64.85469819178083
3328,7.1,4.854698191780822,24.854698191780823,44.85469819178083,64.85469819178083
3329,6.6,4.854698191780822,24.854698191780823,44.85469819178083,64.85469819178083
3330,6.5,67.96577468493152,87.96577468493152,107.96577468493152,127.96577468493152
3331,6.5,4.854698191780822,24.854698191780823,44.85469819178083,64.85469819178083
3332,7.5,4.854698191780822,24.854698191780823,44.85469819178083,64.85469819178083
3333,8.0,5.338174663447239,25.33817466344724,45.33817466344724,65.33817466344723
3334,7.3,5.626292073344276,25.626292073344274,45.626292073344274,65.62629207334427
3335,6.7,6.922820417880944,26.922820417880942,46.92282041788094,66.92282041788094
3336,7.2,7.499055237675016,27.499055237675016,47.499055237675016,67.49905523767501
3337,7.2,8.36340746736613,28.36340746736613,48.36340746736613,68.36340746736613
3338,7.3,9.948053221799833,29.94805322179983,49.94805322179983,69.94805322179982
3339,7.6,10.524288041593906,30.524288041593906,50.524288041593906,70.5242880415939
3340,8.4,10.380229336645385,30.380229336645385,50.380229336645385,70.38022933664539
3341,8.8,9.659935811902795,29.659935811902795,49.6599358119028,69.6599358119028
3342,9.0,8.21934876241761,28.21934876241761,48.21934876241761,68.21934876241761
3343,8.3,30.870722670604554,50.87072267060455,70.87072267060455,90.87072267060455
3344,7.7,4.854698191780822,24.854698191780823,44.85469819178083,64.85469819178083
3345,6.9,4.854698191780822,24.854698191780823,44.85469819178083,64.85469819178083
3346,6.7,4.854698191780822,24.854698191780823,44.85469819178083,64.85469819178083
3347,6.6,42.721344087671234,62.721344087671234,82.72134408767124,102.72134408767124
3348,6.8,4.854698191780822,24.854698191780823,44.85469819178083,64.85469819178083
3349,7.3,4.854698191780822,24.854698191780823,44.85469819178083,64.85469819178083
3350,7.0,4.854698191780822,24.854698191780823,44.85469819178083,64.85469819178083
3351,8.4,4.854698191780822,24.854698191780823,44.85469819178083,64.85469819178083
3352,9.3,4.854698191780822,24.854698191780823,44.85469819178083,64.85469819178083
3353,8.8,4.854698191780822,24.854698191780823,44.85469819178083,64.85469819178083
3354,8.6,67.96577468493152,87.96577468493152,107.96577468493152,127.96577468493152
3355,9.4,4.854698191780822,24.854698191780823,44.85469819178083,64.85469819178083
3356,9.7,5.48223336839576,25.48223336839576,45.48223336839576,65.48223336839575
3357,10.6,7.499055237675016,27.499055237675016,47.499055237675016,67.49905523767501
3358,10.3,10.092111926748352,30.092111926748352,50.09211192674835,70.09211192674834
3359,10.7,12.397051205924647,32.39705120592465,52.39705120592465,72.39705120592464
3360,10.8,13.549520845512799,33.5495208455128,53.5495208455128,73.5495208455128
3361,10.9,13.837638255409832,33.83763825540983,53.83763825540983,73.83763825540983
3362,11.3,13.117344730667241,33.11734473066724,53.11734473066724,73.11734473066724
3363,11.9,13.117344730667241,33.11734473066724,53.11734473066724,73.11734473066724
3364,12.2,11.964875091079092,31.964875091079094,51.964875091079094,71.9648750910791
3365,12.8,10.092111926748352,30.092111926748352,50.09211192674835,70.09211192674834
3366,12.7,7.643113942623536,27.643113942623536,47.643113942623536,67.64311394262353
3367,13.3,30.0991287890411,50.0991287890411,70.0991287890411,90.0991287890411
3368,14.0,4.854698191780822,24.854698191780823,44.85469819178083,64.85469819178083
3369,14.1,4.854698191780822,24.854698191780823,44.85469819178083,64.85469819178083
3370,14.1,4.854698191780822,24.854698191780823,44.85469819178083,64.85469819178083
3371,14.0,42.721344087671234,62.721344087671234,82.72134408767124,102.72134408767124
3372,13.9,4.854698191780822,24.854698191780823,44.85469819178083,64.85469819178083
3373,13.5,4.854698191780822,24.854698191780823,44.85469819178083,64.85469819178083
3374,13.6,6.922820417880944,26.922820417880942,46.92282041788094,66.92282041788094
3375,12.5,6.490644303035387,26.49064430303539,46.49064430303539,66.4906443030354
3376,12.6,6.490644303035387,26.49064430303539,46.49064430303539,66.4906443030354
3377,12.5,6.634703007983905,26.634703007983905,46.6347030079839,66.6347030079839
3378,12.2,70.17795561598015,90.17795561598015,110.17795561598015,130.17795561598015
3379,12.7,7.931231352520573,27.931231352520573,47.93123135252057,67.93123135252057
3380,13.4,8.939642287160202,28.939642287160204,48.939642287160204,68.93964228716021
3381,14.1,9.37181840200576,29.371818402005758,49.37181840200576,69.37181840200576
3382,13.5,9.659935811902795,29.659935811902795,49.6599358119028,69.6599358119028
3383,13.3,10.380229336645385,30.380229336645385,50.380229336645385,70.38022933664539
3384,13.5,11.388640271285018,31.38864027128502,51.38864027128502,71.38864027128503
3385,14.1,12.252992500976127,32.25299250097613,52.25299250097613,72.25299250097612
3386,13.7,14.413873075203906,34.41387307520391,54.41387307520391,74.41387307520391
3387,14.4,15.42228400984354,35.42228400984354,55.42228400984354,75.42228400984354
3388,14.9,12.829227320770205,32.8292273207702,52.8292273207702,72.8292273207702
3389,16.1,8.939642287160202,28.939642287160204,48.939642287160204,68.93964228716021
3390,14.8,6.34658559808687,26.346585598086868,46.34658559808687,66.34658559808688
3391,11.0,30.0991287890411,50.0991287890411,70.0991287890411,90.0991287890411
3392,10.3,4.854698191780822,24.854698191780823,44.85469819178083,64.85469819178083
3393,9.8,4.854698191780822,24.854698191780823,44.85469819178083,64.85469819178083
3394,9.9,4.854698191780822,24.854698191780823,44.85469819178083,64.85469819178083
3395,10.7,42.721344087671234,62.721344087671234,82.72134408767124,102.72134408767124
3396,11.0,4.854698191780822,24.854698191780823,44.85469819178083,64.85469819178083
3397,11.0,4.854698191780822,24.854698191780823,44.85469819178083,64.85469819178083
3398,10.8,4.854698191780822,24.854698191780823,44.85469819178083,64.85469819178083
3399,10.6,4.854698191780822,24.854698191780823,44.85469819178083,64.85469819178083
3400,10.2,4.854698191780822,24.854698191780823,44.85469819178083,64.85469819178083
3401,10.7,4.854698191780822,24.854698191780823,44.85469819178083,64.85469819178083
3402,11.6,69.7457795011346,89.7457795011346,109.7457795011346,129.74577950113462
3403,12.9,7.787172647572055,27.787172647572056,47.787172647572056,67.78717264757205
3404,13.7,9.083700992108723,29.083700992108724,49.083700992108724,69.08370099210873
3405,13.8,10.092111926748352,30.092111926748352,50.09211192674835,70.09211192674834
3406,16.2,11.820816386130574,31.820816386130574,51.82081638613057,71.82081638613057
3407,17.6,12.829227320770205,32.8292273207702,52.8292273207702,72.8292273207702
3408,18.8,12.973286025718725,32.97328602571872,52.97328602571872,72.97328602571872
3409,19.8,12.252992500976127,32.25299250097613,52.25299250097613,72.25299250097612
3410,20.1,12.108933796027612,32.108933796027614,52.108933796027614,72.10893379602761
3411,20.6,12.541109910873166,32.54110991087317,52.54110991087317,72.54110991087316
3412,20.9,12.541109910873166,32.54110991087317,52.54110991087317,72.54110991087316
3413,19.2,12.397051205924647,32.39705120592465,52.39705120592465,72.39705120592464
3414,16.7,11.676757681182053,31.676757681182053,51.67675768118205,71.67675768118205
3415,15.3,36.05683604875122,56.05683604875122,76.05683604875122,96.05683604875122
3416,13.5,9.659935811902795,29.659935811902795,49.6599358119028,69.6599358119028
3417,12.1,9.083700992108723,29.083700992108724,49.083700992108724,69.08370099210873
3418,11.4,8.36340746736613,28.36340746736613,48.36340746736613,68.36340746736613
3419,10.6,45.50975983851395,65.50975983851396,85.50975983851396,105.50975983851396
3420,10.2,8.507466172314647,28.507466172314647,48.50746617231465,68.50746617231465
3421,9.1,9.37181840200576,29.371818402005758,49.37181840200576,69.37181840200576
3422,8.6,10.092111926748352,30.092111926748352,50.09211192674835,70.09211192674834
3423,8.3,10.380229336645385,30.380229336645385,50.380229336645385,70.38022933664539
3424,8.3,10.236170631696872,30.236170631696872,50.23617063169687,70.23617063169687
3425,8.3,10.524288041593906,30.524288041593906,50.524288041593906,70.5242880415939
3426,8.5,74.3556580594872,94.3556580594872,114.3556580594872,134.3556580594872
3427,9.5,12.252992500976127,32.25299250097613,52.25299250097613,72.25299250097612
3428,10.9,13.117344730667241,33.11734473066724,53.11734473066724,73.11734473066724
3429,11.7,13.837638255409832,33.83763825540983,53.83763825540983,73.83763825540983
3430,12.7,14.125755665306873,34.12575566530687,54.12575566530687,74.12575566530687
3431,13.7,14.557931780152426,34.55793178015243,54.55793178015243,74.55793178015243
3432,13.9,14.846049190049467,34.84604919004947,54.84604919004947,74.84604919004947
3433,14.6,14.846049190049467,34.84604919004947,54.84604919004947,74.84604919004947
3434,14.7,14.846049190049467,34.84604919004947,54.84604919004947,74.84604919004947
3435,14.3,14.557931780152426,34.55793178015243,54.55793178015243,74.55793178015243
3436,14.4,14.26981437025539,34.26981437025539,54.26981437025539,74.26981437025539
3437,14.1,13.549520845512799,33.5495208455128,53.5495208455128,73.5495208455128
3438,13.1,12.541109910873166,32.54110991087317,52.54110991087317,72.54110991087316
3439,11.7,36.633070868545296,56.633070868545296,76.6330708685453,96.6330708685453
3440,10.5,9.948053221799833,29.94805322179983,49.94805322179983,69.94805322179982
3441,9.2,7.931231352520573,27.931231352520573,47.93123135252057,67.93123135252057
3442,8.5,6.634703007983905,26.634703007983905,46.6347030079839,66.6347030079839
3443,8.2,44.21323149397728,64.21323149397728,84.21323149397728,104.21323149397728
3444,7.9,5.914409483241313,25.914409483241315,45.914409483241315,65.91440948324131
3445,8.1,5.050057253550202,25.0500572535502,45.0500572535502,65.0500572535502
3446,7.8,5.338174663447239,25.33817466344724,45.33817466344724,65.33817466344723
3447,7.9,6.34658559808687,26.346585598086868,46.34658559808687,66.34658559808688
3448,8.8,6.058468188189831,26.05846818818983,46.058468188189835,66.05846818818983
3449,9.9,5.48223336839576,25.48223336839576,45.48223336839576,65.48223336839575
3450,9.9,69.16954468134053,89.16954468134053,109.16954468134053,129.16954468134054
3451,10.2,7.066879122829462,27.066879122829462,47.06687912282946,67.06687912282946
3452,10.9,8.795583582211684,28.795583582211684,48.795583582211684,68.79558358221169
3453,10.3,9.948053221799833,29.94805322179983,49.94805322179983,69.94805322179982
3454,9.7,9.803994516851315,29.803994516851315,49.80399451685132,69.80399451685132
3455,9.4,9.659935811902795,29.659935811902795,49.6599358119028,69.6599358119028
3456,9.9,10.236170631696872,30.236170631696872,50.23617063169687,70.23617063169687
3457,10.4,10.092111926748352,30.092111926748352,50.09211192674835,70.09211192674834
3458,11.1,10.236170631696872,30.236170631696872,50.23617063169687,70.23617063169687
3459,11.0,10.092111926748352,30.092111926748352,50.09211192674835,70.09211192674834
3460,11.4,9.37181840200576,29.371818402005758,49.37181840200576,69.37181840200576
3461,11.5,8.36340746736613,28.36340746736613,48.36340746736613,68.36340746736613
3462,10.6,7.643113942623536,27.643113942623536,47.643113942623536,67.64311394262353
3463,9.8,31.446957490398628,51.44695749039863,71.44695749039863,91.44695749039863
3464,9.8,4.854698191780822,24.854698191780823,44.85469819178083,64.85469819178083
3465,8.5,4.854698191780822,24.854698191780823,44.85469819178083,64.85469819178083
3466,8.1,4.854698191780822,24.854698191780823,44.85469819178083,64.85469819178083
3467,7.8,42.721344087671234,62.721344087671234,82.72134408767124,102.72134408767124
3468,7.6,4.854698191780822,24.854698191780823,44.85469819178083,64.85469819178083
3469,7.0,4.854698191780822,24.854698191780823,44.85469819178083,64.85469819178083
3470,7.1,4.854698191780822,24.854698191780823,44.85469819178083,64.85469819178083
3471,7.1,4.854698191780822,24.854698191780823,44.85469819178083,64.85469819178083
3472,7.3,4.854698191780822,24.854698191780823,44.85469819178083,64.85469819178083
3473,7.9,4.854698191780822,24.854698191780823,44.85469819178083,64.85469819178083
3474,7.3,67.96577468493152,87.96577468493152,107.96577468493152,127.96577468493152
3475,7.4,5.050057253550202,25.0500572535502,45.0500572535502,65.0500572535502
3476,7.8,6.34658559808687,26.346585598086868,46.34658559808687,66.34658559808688
3477,8.6,7.210937827777981,27.210937827777983,47.21093782777798,67.21093782777798
3478,9.1,7.354996532726499,27.3549965327265,47.3549965327265,67.3549965327265
3479,9.0,7.643113942623536,27.643113942623536,47.643113942623536,67.64311394262353
3480,8.9,8.507466172314647,28.507466172314647,48.50746617231465,68.50746617231465
3481,8.5,8.651524877263165,28.651524877263164,48.651524877263164,68.65152487726317
3482,8.8,8.21934876241761,28.21934876241761,48.21934876241761,68.21934876241761
3483,9.0,8.651524877263165,28.651524877263164,48.651524877263164,68.65152487726317
3484,9.4,8.651524877263165,28.651524877263164,48.651524877263164,68.65152487726317
3485,9.8,8.507466172314647,28.507466172314647,48.50746617231465,68.50746617231465
3486,9.8,8.36340746736613,28.36340746736613,48.36340746736613,68.36340746736613
3487,10.4,33.60783806462641,53.60783806462641,73.6078380646264,93.6078380646264
3488,11.1,8.651524877263165,28.651524877263164,48.651524877263164,68.65152487726317
3489,10.2,8.651524877263165,28.651524877263164,48.651524877263164,68.65152487726317
3490,9.4,9.37181840200576,29.371818402005758,49.37181840200576,69.37181840200576
3491,10.1,47.23846429789617,67.23846429789617,87.23846429789617,107.23846429789617
3492,8.9,9.227759697057241,29.22775969705724,49.22775969705724,69.22775969705724
3493,8.6,9.227759697057241,29.22775969705724,49.22775969705724,69.22775969705724
3494,8.7,9.227759697057241,29.22775969705724,49.22775969705724,69.22775969705724
3495,8.4,9.659935811902795,29.659935811902795,49.6599358119028,69.6599358119028
3496,8.2,10.092111926748352,30.092111926748352,50.09211192674835,70.09211192674834
3497,8.4,10.380229336645385,30.380229336645385,50.380229336645385,70.38022933664539
3498,8.3,73.77942323969312,93.77942323969312,113.77942323969312,133.77942323969313
3499,8.4,11.100522861387981,31.10052286138798,51.10052286138798,71.10052286138799
3500,9.4,11.532698976233537,31.532698976233537,51.53269897623353,71.53269897623353
3501,10.3,11.964875091079092,31.964875091079094,51.964875091079094,71.9648750910791
3502,10.4,12.397051205924647,32.39705120592465,52.39705120592465,72.39705120592464
3503,11.0,12.829227320770205,32.8292273207702,52.8292273207702,72.8292273207702
3504,12.9,13.117344730667241,33.11734473066724,53.11734473066724,73.11734473066724
3505,12.9,13.405462140564278,33.40546214056428,53.40546214056428,73.40546214056428
3506,12.8,13.693579550461315,33.693579550461315,53.693579550461315,73.69357955046132
3507,13.4,13.837638255409832,33.83763825540983,53.83763825540983,73.83763825540983
3508,14.0,13.981696960358352,33.98169696035835,53.98169696035835,73.98169696035835
3509,13.9,13.981696960358352,33.98169696035835,53.98169696035835,73.98169696035835
3510,13.1,13.693579550461315,33.693579550461315,53.693579550461315,73.69357955046132
3511,12.3,39.226127557618625,59.226127557618625,79.22612755761863,99.22612755761863
3512,11.9,14.26981437025539,34.26981437025539,54.26981437025539,74.26981437025539
3513,11.6,14.413873075203906,34.41387307520391,54.41387307520391,74.41387307520391
3514,11.7,14.557931780152426,34.55793178015243,54.55793178015243,74.55793178015243
3515,11.6,52.136460266145804,72.1364602661458,92.1364602661458,112.1364602661458
3516,11.6,13.837638255409832,33.83763825540983,53.83763825540983,73.83763825540983
3517,10.8,14.125755665306873,34.12575566530687,54.12575566530687,74.12575566530687
3518,11.1,13.693579550461315,33.693579550461315,53.693579550461315,73.69357955046132
3519,10.3,12.973286025718725,32.97328602571872,52.97328602571872,72.97328602571872
3520,8.9,12.397051205924647,32.39705120592465,52.39705120592465,72.39705120592464
3521,9.7,11.964875091079092,31.964875091079094,51.964875091079094,71.9648750910791
3522,8.5,75.07595158422978,95.07595158422978,115.07595158422978,135.07595158422978
3523,9.1,12.108933796027612,32.108933796027614,52.108933796027614,72.10893379602761
3524,10.8,12.252992500976127,32.25299250097613,52.25299250097613,72.25299250097612
3525,11.4,12.252992500976127,32.25299250097613,52.25299250097613,72.25299250097612
3526,11.7,12.541109910873166,32.54110991087317,52.54110991087317,72.54110991087316
3527,11.6,12.973286025718725,32.97328602571872,52.97328602571872,72.97328602571872
3528,11.8,13.693579550461315,33.693579550461315,53.693579550461315,73.69357955046132
3529,13.1,14.125755665306873,34.12575566530687,54.12575566530687,74.12575566530687
3530,13.4,14.413873075203906,34.41387307520391,54.41387307520391,74.41387307520391
3531,14.0,14.413873075203906,34.41387307520391,54.41387307520391,74.41387307520391
3532,14.1,14.413873075203906,34.41387307520391,54.41387307520391,74.41387307520391
3533,13.9,13.837638255409832,33.83763825540983,53.83763825540983,73.83763825540983
3534,13.5,12.397051205924647,32.39705120592465,52.39705120592465,72.39705120592464
3535,13.0,34.616248999266034,54.616248999266034,74.61624899926603,94.61624899926603
3536,12.9,6.058468188189831,26.05846818818983,46.058468188189835,66.05846818818983
3537,12.5,4.854698191780822,24.854698191780823,44.85469819178083,64.85469819178083
3538,12.4,4.854698191780822,24.854698191780823,44.85469819178083,64.85469819178083
3539,12.3,42.721344087671234,62.721344087671234,82.72134408767124,102.72134408767124
3540,11.1,4.854698191780822,24.854698191780823,44.85469819178083,64.85469819178083
3541,11.0,4.854698191780822,24.854698191780823,44.85469819178083,64.85469819178083
3542,10.9,4.854698191780822,24.854698191780823,44.85469819178083,64.85469819178083
3543,10.0,4.854698191780822,24.854698191780823,44.85469819178083,64.85469819178083
3544,10.7,4.854698191780822,24.854698191780823,44.85469819178083,64.85469819178083
3545,11.3,4.854698191780822,24.854698191780823,44.85469819178083,64.85469819178083
3546,11.8,67.96577468493152,87.96577468493152,107.96577468493152,127.96577468493152
3547,12.2,4.854698191780822,24.854698191780823,44.85469819178083,64.85469819178083
3548,11.7,6.778761712932424,26.778761712932422,46.77876171293242,66.77876171293242
3549,11.6,10.092111926748352,30.092111926748352,50.09211192674835,70.09211192674834
3550,11.5,10.236170631696872,30.236170631696872,50.23617063169687,70.23617063169687
3551,11.9,9.803994516851315,29.803994516851315,49.80399451685132,69.80399451685132
3552,12.0,10.092111926748352,30.092111926748352,50.09211192674835,70.09211192674834
3553,12.0,12.829227320770205,32.8292273207702,52.8292273207702,72.8292273207702
3554,12.2,14.26981437025539,34.26981437025539,54.26981437025539,74.26981437025539
3555,12.3,13.837638255409832,33.83763825540983,53.83763825540983,73.83763825540983
3556,13.2,10.092111926748352,30.092111926748352,50.09211192674835,70.09211192674834
3557,13.0,7.066879122829462,27.066879122829462,47.06687912282946,67.06687912282946
3558,12.8,4.854698191780822,24.854698191780823,44.85469819178083,64.85469819178083
3559,11.6,30.0991287890411,50.0991287890411,70.0991287890411,90.0991287890411
3560,10.6,4.854698191780822,24.854698191780823,44.85469819178083,64.85469819178083
3561,9.8,4.854698191780822,24.854698191780823,44.85469819178083,64.85469819178083
3562,9.9,4.854698191780822,24.854698191780823,44.85469819178083,64.85469819178083
3563,10.4,42.721344087671234,62.721344087671234,82.72134408767124,102.72134408767124
3564,10.3,4.854698191780822,24.854698191780823,44.85469819178083,64.85469819178083
3565,9.9,4.854698191780822,24.854698191780823,44.85469819178083,64.85469819178083
3566,9.1,4.854698191780822,24.854698191780823,44.85469819178083,64.85469819178083
3567,8.9,4.854698191780822,24.854698191780823,44.85469819178083,64.85469819178083
3568,8.9,4.854698191780822,24.854698191780823,44.85469819178083,64.85469819178083
3569,8.9,4.854698191780822,24.854698191780823,44.85469819178083,64.85469819178083
3570,9.6,67.96577468493152,87.96577468493152,107.96577468493152,127.96577468493152
3571,10.4,4.854698191780822,24.854698191780823,44.85469819178083,64.85469819178083
3572,11.3,6.922820417880944,26.922820417880942,46.92282041788094,66.92282041788094
3573,11.9,9.515877106954274,29.515877106954274,49.51587710695428,69.51587710695428
3574,13.1,11.964875091079092,31.964875091079094,51.964875091079094,71.9648750910791
3575,11.8,13.981696960358352,33.98169696035835,53.98169696035835,73.98169696035835
3576,11.5,15.566342714792057,35.56634271479206,55.56634271479206,75.56634271479206
3577,11.6,16.574753649431685,36.574753649431685,56.574753649431685,76.57475364943168
3578,12.1,17.29504717417428,37.29504717417428,57.29504717417428,77.29504717417427
3579,12.3,16.430694944483168,36.430694944483164,56.430694944483164,76.43069494448316
3580,12.3,12.685168615821684,32.68516861582168,52.68516861582168,72.68516861582168
3581,12.6,7.066879122829462,27.066879122829462,47.06687912282946,67.06687912282946
3582,13.7,4.854698191780822,24.854698191780823,44.85469819178083,64.85469819178083
3583,14.1,30.0991287890411,50.0991287890411,70.0991287890411,90.0991287890411
3584,14.6,4.854698191780822,24.854698191780823,44.85469819178083,64.85469819178083
3585,14.5,4.854698191780822,24.854698191780823,44.85469819178083,64.85469819178083
3586,14.1,4.854698191780822,24.854698191780823,44.85469819178083,64.85469819178083
3587,12.9,42.721344087671234,62.721344087671234,82.72134408767124,102.72134408767124
3588,12.5,4.854698191780822,24.854698191780823,44.85469819178083,64.85469819178083
3589,11.4,4.854698191780822,24.854698191780823,44.85469819178083,64.85469819178083
3590,10.5,4.854698191780822,24.854698191780823,44.85469819178083,64.85469819178083
3591,10.9,4.854698191780822,24.854698191780823,44.85469819178083,64.85469819178083
3592,10.5,4.854698191780822,24.854698191780823,44.85469819178083,64.85469819178083
3593,10.0,4.854698191780822,24.854698191780823,44.85469819178083,64.85469819178083
3594,10.4,67.96577468493152,87.96577468493152,107.96577468493152,127.96577468493152
3595,10.6,4.854698191780822,24.854698191780823,44.85469819178083,64.85469819178083
3596,12.0,4.854698191780822,24.854698191780823,44.85469819178083,64.85469819178083
3597,12.4,4.854698191780822,24.854698191780823,44.85469819178083,64.85469819178083
3598,12.7,4.905998548601684,24.905998548601683,44.90599854860169,64.90599854860169
3599,13.4,5.914409483241313,25.914409483241315,45.914409483241315,65.91440948324131
3600,13.9,6.922820417880944,26.922820417880942,46.92282041788094,66.92282041788094
3601,14.2,7.643113942623536,27.643113942623536,47.643113942623536,67.64311394262353
3602,14.2,8.21934876241761,28.21934876241761,48.21934876241761,68.21934876241761
3603,14.8,7.931231352520573,27.931231352520573,47.93123135252057,67.93123135252057
3604,16.0,6.490644303035387,26.49064430303539,46.49064430303539,66.4906443030354
3605,15.5,4.854698191780822,24.854698191780823,44.85469819178083,64.85469819178083
3606,14.6,4.854698191780822,24.854698191780823,44.85469819178083,64.85469819178083
3607,13.5,30.0991287890411,50.0991287890411,70.0991287890411,90.0991287890411
3608,11.7,4.854698191780822,24.854698191780823,44.85469819178083,64.85469819178083
3609,10.3,4.854698191780822,24.854698191780823,44.85469819178083,64.85469819178083
3610,10.2,4.854698191780822,24.854698191780823,44.85469819178083,64.85469819178083
3611,9.8,42.721344087671234,62.721344087671234,82.72134408767124,102.72134408767124
3612,9.4,4.854698191780822,24.854698191780823,44.85469819178083,64.85469819178083
3613,8.7,4.854698191780822,24.854698191780823,44.85469819178083,64.85469819178083
3614,9.0,4.854698191780822,24.854698191780823,44.85469819178083,64.85469819178083
3615,8.6,4.854698191780822,24.854698191780823,44.85469819178083,64.85469819178083
3616,7.9,4.854698191780822,24.854698191780823,44.85469819178083,64.85469819178083
3617,8.2,4.854698191780822,24.854698191780823,44.85469819178083,64.85469819178083
3618,8.2,67.96577468493152,87.96577468493152,107.96577468493152,127.96577468493152
3619,8.5,4.854698191780822,24.854698191780823,44.85469819178083,64.85469819178083
3620,8.8,6.058468188189831,26.05846818818983,46.058468188189835,66.05846818818983
3621,9.7,8.795583582211684,28.795583582211684,48.795583582211684,68.79558358221169
3622,10.0,10.092111926748352,30.092111926748352,50.09211192674835,70.09211192674834
3623,10.2,11.532698976233537,31.532698976233537,51.53269897623353,71.53269897623353
3624,11.1,12.252992500976127,32.25299250097613,52.25299250097613,72.25299250097612
3625,12.4,12.541109910873166,32.54110991087317,52.54110991087317,72.54110991087316
3626,13.4,12.108933796027612,32.108933796027614,52.108933796027614,72.10893379602761
3627,13.7,11.532698976233537,31.532698976233537,51.53269897623353,71.53269897623353
3628,13.3,9.515877106954274,29.515877106954274,49.51587710695428,69.51587710695428
3629,13.0,7.066879122829462,27.066879122829462,47.06687912282946,67.06687912282946
3630,12.6,5.19411595849872,25.19411595849872,45.19411595849872,65.19411595849871
3631,12.1,30.0991287890411,50.0991287890411,70.0991287890411,90.0991287890411
3632,10.4,4.854698191780822,24.854698191780823,44.85469819178083,64.85469819178083
3633,9.3,4.854698191780822,24.854698191780823,44.85469819178083,64.85469819178083
3634,8.1,4.854698191780822,24.854698191780823,44.85469819178083,64.85469819178083
3635,8.2,42.721344087671234,62.721344087671234,82.72134408767124,102.72134408767124
3636,8.5,4.854698191780822,24.854698191780823,44.85469819178083,64.85469819178083
3637,8.6,4.854698191780822,24.854698191780823,44.85469819178083,64.85469819178083
3638,8.6,4.854698191780822,24.854698191780823,44.85469819178083,64.85469819178083
3639,8.4,4.854698191780822,24.854698191780823,44.85469819178083,64.85469819178083
3640,8.5,4.854698191780822,24.854698191780823,44.85469819178083,64.85469819178083
3641,7.9,4.854698191780822,24.854698191780823,44.85469819178083,64.85469819178083
3642,8.0,67.96577468493152,87.96577468493152,107.96577468493152,127.96577468493152
3643,8.3,4.854698191780822,24.854698191780823,44.85469819178083,64.85469819178083
3644,9.6,4.854698191780822,24.854698191780823,44.85469819178083,64.85469819178083
3645,9.8,6.634703007983905,26.634703007983905,46.6347030079839,66.6347030079839
3646,10.0,8.21934876241761,28.21934876241761,48.21934876241761,68.21934876241761
3647,9.8,9.659935811902795,29.659935811902795,49.6599358119028,69.6599358119028
3648,9.7,10.812405451490944,30.812405451490946,50.812405451490946,70.81240545149095
3649,9.9,11.820816386130574,31.820816386130574,51.82081638613057,71.82081638613057
3650,10.3,12.541109910873166,32.54110991087317,52.54110991087317,72.54110991087316
3651,10.5,11.820816386130574,31.820816386130574,51.82081638613057,71.82081638613057
3652,10.7,8.939642287160202,28.939642287160204,48.939642287160204,68.93964228716021
3653,11.2,5.48223336839576,25.48223336839576,45.48223336839576,65.48223336839575
3654,12.0,4.854698191780822,24.854698191780823,44.85469819178083,64.85469819178083
3655,10.7,30.0991287890411,50.0991287890411,70.0991287890411,90.0991287890411
3656,10.3,4.854698191780822,24.854698191780823,44.85469819178083,64.85469819178083
3657,8.8,4.854698191780822,24.854698191780823,44.85469819178083,64.85469819178083
3658,8.5,4.854698191780822,24.854698191780823,44.85469819178083,64.85469819178083
3659,8.8,42.721344087671234,62.721344087671234,82.72134408767124,102.72134408767124
3660,8.6,4.854698191780822,24.854698191780823,44.85469819178083,64.85469819178083
3661,8.0,4.854698191780822,24.854698191780823,44.85469819178083,64.85469819178083
3662,8.2,4.854698191780822,24.854698191780823,44.85469819178083,64.85469819178083
3663,7.7,4.854698191780822,24.854698191780823,44.85469819178083,64.85469819178083
3664,7.6,4.854698191780822,24.854698191780823,44.85469819178083,64.85469819178083
3665,7.7,4.854698191780822,24.854698191780823,44.85469819178083,64.85469819178083
3666,8.2,67.96577468493152,87.96577468493152,107.96577468493152,127.96577468493152
3667,8.6,4.854698191780822,24.854698191780823,44.85469819178083,64.85469819178083
3668,8.8,4.854698191780822,24.854698191780823,44.85469819178083,64.85469819178083
3669,9.1,4.854698191780822,24.854698191780823,44.85469819178083,64.85469819178083
3670,9.3,7.643113942623536,27.643113942623536,47.643113942623536,67.64311394262353
3671,8.8,9.37181840200576,29.371818402005758,49.37181840200576,69.37181840200576
3672,9.4,10.956464156439463,30.956464156439463,50.956464156439466,70.95646415643947
3673,10.7,12.108933796027612,32.108933796027614,52.108933796027614,72.10893379602761
3674,11.2,13.261403435615758,33.26140343561576,53.26140343561576,73.26140343561576
3675,10.9,12.397051205924647,32.39705120592465,52.39705120592465,72.39705120592464
3676,10.4,8.075290057469092,28.07529005746909,48.07529005746909,68.07529005746909
3677,10.5,4.854698191780822,24.854698191780823,44.85469819178083,64.85469819178083
3678,10.8,4.854698191780822,24.854698191780823,44.85469819178083,64.85469819178083
3679,10.6,30.0991287890411,50.0991287890411,70.0991287890411,90.0991287890411
3680,9.5,4.854698191780822,24.854698191780823,44.85469819178083,64.85469819178083
3681,8.7,4.854698191780822,24.854698191780823,44.85469819178083,64.85469819178083
3682,8.8,4.854698191780822,24.854698191780823,44.85469819178083,64.85469819178083
3683,8.6,42.721344087671234,62.721344087671234,82.72134408767124,102.72134408767124
3684,8.5,4.854698191780822,24.854698191780823,44.85469819178083,64.85469819178083
3685,7.9,4.854698191780822,24.854698191780823,44.85469819178083,64.85469819178083
3686,8.2,4.854698191780822,24.854698191780823,44.85469819178083,64.85469819178083
3687,8.0,4.854698191780822,24.854698191780823,44.85469819178083,64.85469819178083
3688,8.1,4.854698191780822,24.854698191780823,44.85469819178083,64.85469819178083
3689,7.7,4.854698191780822,24.854698191780823,44.85469819178083,64.85469819178083
3690,7.3,67.96577468493152,87.96577468493152,107.96577468493152,127.96577468493152
3691,7.7,4.854698191780822,24.854698191780823,44.85469819178083,64.85469819178083
3692,7.8,4.854698191780822,24.854698191780823,44.85469819178083,64.85469819178083
3693,8.2,4.854698191780822,24.854698191780823,44.85469819178083,64.85469819178083
3694,8.5,4.905998548601684,24.905998548601683,44.90599854860169,64.90599854860169
3695,9.0,6.202526893138352,26.20252689313835,46.202526893138355,66.20252689313836
3696,9.4,8.795583582211684,28.795583582211684,48.795583582211684,68.79558358221169
3697,10.0,10.812405451490944,30.812405451490946,50.812405451490946,70.81240545149095
3698,10.3,11.820816386130574,31.820816386130574,51.82081638613057,71.82081638613057
3699,11.0,11.388640271285018,31.38864027128502,51.38864027128502,71.38864027128503
3700,10.8,7.499055237675016,27.499055237675016,47.499055237675016,67.49905523767501
3701,10.6,4.854698191780822,24.854698191780823,44.85469819178083,64.85469819178083
3702,10.1,4.854698191780822,24.854698191780823,44.85469819178083,64.85469819178083
3703,9.4,30.0991287890411,50.0991287890411,70.0991287890411,90.0991287890411
3704,8.4,4.854698191780822,24.854698191780823,44.85469819178083,64.85469819178083
3705,8.2,4.854698191780822,24.854698191780823,44.85469819178083,64.85469819178083
3706,8.3,4.854698191780822,24.854698191780823,44.85469819178083,64.85469819178083
3707,8.6,42.721344087671234,62.721344087671234,82.72134408767124,102.72134408767124
3708,7.5,4.854698191780822,24.854698191780823,44.85469819178083,64.85469819178083
3709,7.1,4.854698191780822,24.854698191780823,44.85469819178083,64.85469819178083
3710,7.3,4.854698191780822,24.854698191780823,44.85469819178083,64.85469819178083
3711,7.7,4.854698191780822,24.854698191780823,44.85469819178083,64.85469819178083
3712,7.7,4.854698191780822,24.854698191780823,44.85469819178083,64.85469819178083
3713,7.3,4.854698191780822,24.854698191780823,44.85469819178083,64.85469819178083
3714,6.8,67.96577468493152,87.96577468493152,107.96577468493152,127.96577468493152
3715,6.6,4.854698191780822,24.854698191780823,44.85469819178083,64.85469819178083
3716,6.6,4.854698191780822,24.854698191780823,44.85469819178083,64.85469819178083
3717,6.9,4.854698191780822,24.854698191780823,44.85469819178083,64.85469819178083
3718,8.0,5.338174663447239,25.33817466344724,45.33817466344724,65.33817466344723
3719,7.9,6.202526893138352,26.20252689313835,46.202526893138355,66.20252689313836
3720,8.0,7.066879122829462,27.066879122829462,47.06687912282946,67.06687912282946
3721,8.2,7.354996532726499,27.3549965327265,47.3549965327265,67.3549965327265
3722,8.0,9.083700992108723,29.083700992108724,49.083700992108724,69.08370099210873
3723,8.4,8.795583582211684,28.795583582211684,48.795583582211684,68.79558358221169
3724,8.6,5.050057253550202,25.0500572535502,45.0500572535502,65.0500572535502
3725,8.4,4.854698191780822,24.854698191780823,44.85469819178083,64.85469819178083
3726,8.3,4.854698191780822,24.854698191780823,44.85469819178083,64.85469819178083
3727,7.4,30.0991287890411,50.0991287890411,70.0991287890411,90.0991287890411
3728,7.3,4.854698191780822,24.854698191780823,44.85469819178083,64.85469819178083
3729,6.7,4.854698191780822,24.854698191780823,44.85469819178083,64.85469819178083
3730,6.5,4.854698191780822,24.854698191780823,44.85469819178083,64.85469819178083
3731,6.9,42.721344087671234,62.721344087671234,82.72134408767124,102.72134408767124
3732,6.3,4.854698191780822,24.854698191780823,44.85469819178083,64.85469819178083
3733,5.9,4.854698191780822,24.854698191780823,44.85469819178083,64.85469819178083
3734,5.7,4.854698191780822,24.854698191780823,44.85469819178083,64.85469819178083
3735,5.8,4.854698191780822,24.854698191780823,44.85469819178083,64.85469819178083
3736,5.7,4.854698191780822,24.854698191780823,44.85469819178083,64.85469819178083
3737,5.8,4.854698191780822,24.854698191780823,44.85469819178083,64.85469819178083
3738,5.8,67.96577468493152,87.96577468493152,107.96577468493152,127.96577468493152
3739,5.8,4.854698191780822,24.854698191780823,44.85469819178083,64.85469819178083
3740,5.8,4.854698191780822,24.854698191780823,44.85469819178083,64.85469819178083
3741,5.8,4.854698191780822,24.854698191780823,44.85469819178083,64.85469819178083
3742,5.8,4.854698191780822,24.854698191780823,44.85469819178083,64.85469819178083
3743,5.5,4.854698191780822,24.854698191780823,44.85469819178083,64.85469819178083
3744,5.5,5.19411595849872,25.19411595849872,45.19411595849872,65.19411595849871
3745,5.4,6.34658559808687,26.346585598086868,46.34658559808687,66.34658559808688
3746,5.5,7.210937827777981,27.210937827777983,47.21093782777798,67.21093782777798
3747,5.6,6.202526893138352,26.20252689313835,46.202526893138355,66.20252689313836
3748,6.1,4.854698191780822,24.854698191780823,44.85469819178083,64.85469819178083
3749,6.1,4.854698191780822,24.854698191780823,44.85469819178083,64.85469819178083
3750,5.9,4.854698191780822,24.854698191780823,44.85469819178083,64.85469819178083
3751,6.0,30.0991287890411,50.0991287890411,70.0991287890411,90.0991287890411
3752,6.0,4.854698191780822,24.854698191780823,44.85469819178083,64.85469819178083
3753,6.2,4.854698191780822,24.854698191780823,44.85469819178083,64.85469819178083
3754,6.7,4.854698191780822,24.854698191780823,44.85469819178083,64.85469819178083
3755,6.4,42.721344087671234,62.721344087671234,82.72134408767124,102.72134408767124
3756,6.3,4.854698191780822,24.854698191780823,44.85469819178083,64.85469819178083
3757,6.3,4.854698191780822,24.854698191780823,44.85469819178083,64.85469819178083
3758,6.4,4.854698191780822,24.854698191780823,44.85469819178083,64.85469819178083
3759,6.5,4.854698191780822,24.854698191780823,44.85469819178083,64.85469819178083
3760,6.4,4.854698191780822,24.854698191780823,44.85469819178083,64.85469819178083
3761,6.6,4.854698191780822,24.854698191780823,44.85469819178083,64.85469819178083
3762,6.9,67.96577468493152,87.96577468493152,107.96577468493152,127.96577468493152
3763,7.4,4.854698191780822,24.854698191780823,44.85469819178083,64.85469819178083
3764,8.0,4.854698191780822,24.854698191780823,44.85469819178083,64.85469819178083
3765,9.3,4.854698191780822,24.854698191780823,44.85469819178083,64.85469819178083
3766,8.4,4.854698191780822,24.854698191780823,44.85469819178083,64.85469819178083
3767,8.7,4.854698191780822,24.854698191780823,44.85469819178083,64.85469819178083
3768,8.7,4.854698191780822,24.854698191780823,44.85469819178083,64.85469819178083
3769,7.4,4.854698191780822,24.854698191780823,44.85469819178083,64.85469819178083
3770,7.3,4.854698191780822,24.854698191780823,44.85469819178083,64.85469819178083
3771,7.6,4.854698191780822,24.854698191780823,44.85469819178083,64.85469819178083
3772,8.3,4.854698191780822,24.854698191780823,44.85469819178083,64.85469819178083
3773,8.6,4.854698191780822,24.854698191780823,44.85469819178083,64.85469819178083
3774,8.9,4.854698191780822,24.854698191780823,44.85469819178083,64.85469819178083
3775,8.8,30.0991287890411,50.0991287890411,70.0991287890411,90.0991287890411
3776,8.8,4.854698191780822,24.854698191780823,44.85469819178083,64.85469819178083
3777,8.2,4.854698191780822,24.854698191780823,44.85469819178083,64.85469819178083
3778,8.1,4.854698191780822,24.854698191780823,44.85469819178083,64.85469819178083
3779,8.3,42.721344087671234,62.721344087671234,82.72134408767124,102.72134408767124
3780,7.6,4.854698191780822,24.854698191780823,44.85469819178083,64.85469819178083
3781,7.3,4.854698191780822,24.854698191780823,44.85469819178083,64.85469819178083
3782,7.6,4.854698191780822,24.854698191780823,44.85469819178083,64.85469819178083
3783,8.3,4.854698191780822,24.854698191780823,44.85469819178083,64.85469819178083
3784,8.3,4.854698191780822,24.854698191780823,44.85469819178083,64.85469819178083
3785,7.8,4.854698191780822,24.854698191780823,44.85469819178083,64.85469819178083
3786,7.9,67.96577468493152,87.96577468493152,107.96577468493152,127.96577468493152
3787,8.3,4.854698191780822,24.854698191780823,44.85469819178083,64.85469819178083
3788,8.5,4.854698191780822,24.854698191780823,44.85469819178083,64.85469819178083
3789,9.1,4.854698191780822,24.854698191780823,44.85469819178083,64.85469819178083
3790,9.5,4.854698191780822,24.854698191780823,44.85469819178083,64.85469819178083
3791,9.7,4.854698191780822,24.854698191780823,44.85469819178083,64.85469819178083
3792,9.1,4.854698191780822,24.854698191780823,44.85469819178083,64.85469819178083
3793,8.9,4.854698191780822,24.854698191780823,44.85469819178083,64.85469819178083
3794,8.7,4.854698191780822,24.854698191780823,44.85469819178083,64.85469819178083
3795,9.1,4.854698191780822,24.854698191780823,44.85469819178083,64.85469819178083
3796,9.9,4.854698191780822,24.854698191780823,44.85469819178083,64.85469819178083
3797,9.8,4.854698191780822,24.854698191780823,44.85469819178083,64.85469819178083
3798,10.1,4.854698191780822,24.854698191780823,44.85469819178083,64.85469819178083
3799,9.2,30.0991287890411,50.0991287890411,70.0991287890411,90.0991287890411
3800,8.2,4.854698191780822,24.854698191780823,44.85469819178083,64.85469819178083
3801,7.6,4.854698191780822,24.854698191780823,44.85469819178083,64.85469819178083
3802,7.2,4.854698191780822,24.854698191780823,44.85469819178083,64.85469819178083
3803,7.0,42.721344087671234,62.721344087671234,82.72134408767124,102.72134408767124
3804,6.9,4.854698191780822,24.854698191780823,44.85469819178083,64.85469819178083
3805,6.2,4.854698191780822,24.854698191780823,44.85469819178083,64.85469819178083
3806,6.4,4.854698191780822,24.854698191780823,44.85469819178083,64.85469819178083
3807,6.8,4.854698191780822,24.854698191780823,44.85469819178083,64.85469819178083
3808,7.3,4.854698191780822,24.854698191780823,44.85469819178083,64.85469819178083
3809,7.0,4.854698191780822,24.854698191780823,44.85469819178083,64.85469819178083
3810,7.0,67.96577468493152,87.96577468493152,107.96577468493152,127.96577468493152
3811,6.9,4.854698191780822,24.854698191780823,44.85469819178083,64.85469819178083
3812,7.2,4.854698191780822,24.854698191780823,44.85469819178083,64.85469819178083
3813,7.8,4.854698191780822,24.854698191780823,44.85469819178083,64.85469819178083
3814,8.1,4.854698191780822,24.854698191780823,44.85469819178083,64.85469819178083
3815,7.7,4.854698191780822,24.854698191780823,44.85469819178083,64.85469819178083
3816,8.2,4.854698191780822,24.854698191780823,44.85469819178083,64.85469819178083
3817,8.5,4.854698191780822,24.854698191780823,44.85469819178083,64.85469819178083
3818,9.1,5.338174663447239,25.33817466344724,45.33817466344724,65.33817466344723
3819,9.3,4.905998548601684,24.905998548601683,44.90599854860169,64.90599854860169
3820,10.4,4.854698191780822,24.854698191780823,44.85469819178083,64.85469819178083
3821,10.1,4.854698191780822,24.854698191780823,44.85469819178083,64.85469819178083
3822,10.1,4.854698191780822,24.854698191780823,44.85469819178083,64.85469819178083
3823,9.6,30.0991287890411,50.0991287890411,70.0991287890411,90.0991287890411
3824,8.3,4.854698191780822,24.854698191780823,44.85469819178083,64.85469819178083
3825,7.7,4.854698191780822,24.854698191780823,44.85469819178083,64.85469819178083
3826,7.4,4.854698191780822,24.854698191780823,44.85469819178083,64.85469819178083
3827,7.2,42.721344087671234,62.721344087671234,82.72134408767124,102.72134408767124
3828,6.7,4.854698191780822,24.854698191780823,44.85469819178083,64.85469819178083
3829,6.6,4.854698191780822,24.854698191780823,44.85469819178083,64.85469819178083
3830,7.0,4.854698191780822,24.854698191780823,44.85469819178083,64.85469819178083
3831,7.2,4.854698191780822,24.854698191780823,44.85469819178083,64.85469819178083
3832,7.2,4.854698191780822,24.854698191780823,44.85469819178083,64.85469819178083
3833,6.7,4.854698191780822,24.854698191780823,44.85469819178083,64.85469819178083
3834,7.0,67.96577468493152,87.96577468493152,107.96577468493152,127.96577468493152
3835,7.2,4.854698191780822,24.854698191780823,44.85469819178083,64.85469819178083
3836,7.4,4.854698191780822,24.854698191780823,44.85469819178083,64.85469819178083
3837,7.3,4.854698191780822,24.854698191780823,44.85469819178083,64.85469819178083
3838,7.2,4.854698191780822,24.854698191780823,44.85469819178083,64.85469819178083
3839,6.7,4.854698191780822,24.854698191780823,44.85469819178083,64.85469819178083
3840,6.4,4.854698191780822,24.854698191780823,44.85469819178083,64.85469819178083
3841,7.3,5.050057253550202,25.0500572535502,45.0500572535502,65.0500572535502
3842,7.3,5.770350778292794,25.770350778292794,45.770350778292794,65.7703507782928
3843,8.2,5.48223336839576,25.48223336839576,45.48223336839576,65.48223336839575
3844,8.7,4.854698191780822,24.854698191780823,44.85469819178083,64.85469819178083
3845,8.3,4.854698191780822,24.854698191780823,44.85469819178083,64.85469819178083
3846,8.3,4.854698191780822,24.854698191780823,44.85469819178083,64.85469819178083
3847,8.2,30.0991287890411,50.0991287890411,70.0991287890411,90.0991287890411
3848,6.5,4.854698191780822,24.854698191780823,44.85469819178083,64.85469819178083
3849,6.5,4.854698191780822,24.854698191780823,44.85469819178083,64.85469819178083
3850,6.5,4.854698191780822,24.854698191780823,44.85469819178083,64.85469819178083
3851,6.8,42.721344087671234,62.721344087671234,82.72134408767124,102.72134408767124
3852,6.9,4.854698191780822,24.854698191780823,44.85469819178083,64.85469819178083
3853,6.4,4.854698191780822,24.854698191780823,44.85469819178083,64.85469819178083
3854,5.8,4.854698191780822,24.854698191780823,44.85469819178083,64.85469819178083
3855,5.5,4.854698191780822,24.854698191780823,44.85469819178083,64.85469819178083
3856,5.5,4.854698191780822,24.854698191780823,44.85469819178083,64.85469819178083
3857,5.4,4.854698191780822,24.854698191780823,44.85469819178083,64.85469819178083
3858,5.3,67.96577468493152,87.96577468493152,107.96577468493152,127.96577468493152
3859,4.9,4.854698191780822,24.854698191780823,44.85469819178083,64.85469819178083
3860,5.4,4.854698191780822,24.854698191780823,44.85469819178083,64.85469819178083
3861,6.2,4.854698191780822,24.854698191780823,44.85469819178083,64.85469819178083
3862,6.0,4.854698191780822,24.854698191780823,44.85469819178083,64.85469819178083
3863,6.0,4.854698191780822,24.854698191780823,44.85469819178083,64.85469819178083
3864,6.0,4.854698191780822,24.854698191780823,44.85469819178083,64.85469819178083
3865,6.4,4.854698191780822,24.854698191780823,44.85469819178083,64.85469819178083
3866,6.6,4.854698191780822,24.854698191780823,44.85469819178083,64.85469819178083
3867,6.9,4.854698191780822,24.854698191780823,44.85469819178083,64.85469819178083
3868,7.0,4.854698191780822,24.854698191780823,44.85469819178083,64.85469819178083
3869,6.6,4.854698191780822,24.854698191780823,44.85469819178083,64.85469819178083
3870,6.7,4.854698191780822,24.854698191780823,44.85469819178083,64.85469819178083
3871,6.1,30.0991287890411,50.0991287890411,70.0991287890411,90.0991287890411
3872,5.7,4.854698191780822,24.854698191780823,44.85469819178083,64.85469819178083
3873,6.5,4.854698191780822,24.854698191780823,44.85469819178083,64.85469819178083
3874,5.9,4.854698191780822,24.854698191780823,44.85469819178083,64.85469819178083
3875,5.8,42.721344087671234,62.721344087671234,82.72134408767124,102.72134408767124
3876,5.9,4.854698191780822,24.854698191780823,44.85469819178083,64.85469819178083
3877,5.6,4.854698191780822,24.854698191780823,44.85469819178083,64.85469819178083
3878,5.7,4.854698191780822,24.854698191780823,44.85469819178083,64.85469819178083
3879,5.8,4.854698191780822,24.854698191780823,44.85469819178083,64.85469819178083
3880,5.7,4.854698191780822,24.854698191780823,44.85469819178083,64.85469819178083
3881,5.6,4.854698191780822,24.854698191780823,44.85469819178083,64.85469819178083
3882,5.7,67.96577468493152,87.96577468493152,107.96577468493152,127.96577468493152
3883,5.8,4.854698191780822,24.854698191780823,44.85469819178083,64.85469819178083
3884,5.8,4.854698191780822,24.854698191780823,44.85469819178083,64.85469819178083
3885,5.7,4.854698191780822,24.854698191780823,44.85469819178083,64.85469819178083
3886,6.1,4.854698191780822,24.854698191780823,44.85469819178083,64.85469819178083
3887,6.2,4.854698191780822,24.854698191780823,44.85469819178083,64.85469819178083
3888,6.5,4.854698191780822,24.854698191780823,44.85469819178083,64.85469819178083
3889,6.4,4.854698191780822,24.854698191780823,44.85469819178083,64.85469819178083
3890,6.2,4.854698191780822,24.854698191780823,44.85469819178083,64.85469819178083
3891,6.5,4.854698191780822,24.854698191780823,44.85469819178083,64.85469819178083
3892,6.8,4.854698191780822,24.854698191780823,44.85469819178083,64.85469819178083
3893,6.4,4.854698191780822,24.854698191780823,44.85469819178083,64.85469819178083
3894,6.0,4.854698191780822,24.854698191780823,44.85469819178083,64.85469819178083
3895,5.9,30.0991287890411,50.0991287890411,70.0991287890411,90.0991287890411
3896,6.3,4.854698191780822,24.854698191780823,44.85469819178083,64.85469819178083
3897,5.8,4.854698191780822,24.854698191780823,44.85469819178083,64.85469819178083
3898,6.2,4.854698191780822,24.854698191780823,44.85469819178083,64.85469819178083
3899,6.5,42.721344087671234,62.721344087671234,82.72134408767124,102.72134408767124
3900,6.2,4.854698191780822,24.854698191780823,44.85469819178083,64.85469819178083
3901,6.4,4.854698191780822,24.854698191780823,44.85469819178083,64.85469819178083
3902,6.3,4.854698191780822,24.854698191780823,44.85469819178083,64.85469819178083
3903,6.2,4.854698191780822,24.854698191780823,44.85469819178083,64.85469819178083
3904,6.3,4.854698191780822,24.854698191780823,44.85469819178083,64.85469819178083
3905,6.3,4.854698191780822,24.854698191780823,44.85469819178083,64.85469819178083
3906,6.8,67.96577468493152,87.96577468493152,107.96577468493152,127.96577468493152
3907,7.5,4.854698191780822,24.854698191780823,44.85469819178083,64.85469819178083
3908,7.7,4.854698191780822,24.854698191780823,44.85469819178083,64.85469819178083
3909,7.6,4.854698191780822,24.854698191780823,44.85469819178083,64.85469819178083
3910,7.6,6.058468188189831,26.05846818818983,46.058468188189835,66.05846818818983
3911,7.4,6.922820417880944,26.922820417880942,46.92282041788094,66.92282041788094
3912,8.5,7.210937827777981,27.210937827777983,47.21093782777798,67.21093782777798
3913,7.8,7.210937827777981,27.210937827777983,47.21093782777798,67.21093782777798
3914,7.6,7.499055237675016,27.499055237675016,47.499055237675016,67.49905523767501
3915,8.0,6.634703007983905,26.634703007983905,46.6347030079839,66.6347030079839
3916,7.6,5.48223336839576,25.48223336839576,45.48223336839576,65.48223336839575
3917,8.1,4.854698191780822,24.854698191780823,44.85469819178083,64.85469819178083
3918,8.1,4.854698191780822,24.854698191780823,44.85469819178083,64.85469819178083
3919,8.8,30.0991287890411,50.0991287890411,70.0991287890411,90.0991287890411
3920,8.7,4.854698191780822,24.854698191780823,44.85469819178083,64.85469819178083
3921,8.4,4.854698191780822,24.854698191780823,44.85469819178083,64.85469819178083
3922,8.5,4.854698191780822,24.854698191780823,44.85469819178083,64.85469819178083
3923,7.8,42.721344087671234,62.721344087671234,82.72134408767124,102.72134408767124
3924,6.4,4.854698191780822,24.854698191780823,44.85469819178083,64.85469819178083
3925,5.8,4.854698191780822,24.854698191780823,44.85469819178083,64.85469819178083
3926,6.3,4.854698191780822,24.854698191780823,44.85469819178083,64.85469819178083
3927,6.5,4.854698191780822,24.854698191780823,44.85469819178083,64.85469819178083
3928,6.7,4.854698191780822,24.854698191780823,44.85469819178083,64.85469819178083
3929,6.9,4.854698191780822,24.854698191780823,44.85469819178083,64.85469819178083
3930,7.3,67.96577468493152,87.96577468493152,107.96577468493152,127.96577468493152
3931,7.4,4.854698191780822,24.854698191780823,44.85469819178083,64.85469819178083
3932,7.7,4.854698191780822,24.854698191780823,44.85469819178083,64.85469819178083
3933,8.0,4.854698191780822,24.854698191780823,44.85469819178083,64.85469819178083
3934,8.5,4.854698191780822,24.854698191780823,44.85469819178083,64.85469819178083
3935,8.6,4.854698191780822,24.854698191780823,44.85469819178083,64.85469819178083
3936,9.1,4.854698191780822,24.854698191780823,44.85469819178083,64.85469819178083
3937,9.6,4.854698191780822,24.854698191780823,44.85469819178083,64.85469819178083
3938,9.7,4.854698191780822,24.854698191780823,44.85469819178083,64.85469819178083
3939,9.5,4.854698191780822,24.854698191780823,44.85469819178083,64.85469819178083
3940,10.1,4.854698191780822,24.854698191780823,44.85469819178083,64.85469819178083
3941,9.3,4.854698191780822,24.854698191780823,44.85469819178083,64.85469819178083
3942,9.1,4.854698191780822,24.854698191780823,44.85469819178083,64.85469819178083
3943,8.9,30.0991287890411,50.0991287890411,70.0991287890411,90.0991287890411
3944,8.3,4.854698191780822,24.854698191780823,44.85469819178083,64.85469819178083
3945,7.2,4.854698191780822,24.854698191780823,44.85469819178083,64.85469819178083
3946,6.2,4.854698191780822,24.854698191780823,44.85469819178083,64.85469819178083
3947,6.7,42.721344087671234,62.721344087671234,82.72134408767124,102.72134408767124
3948,6.7,4.854698191780822,24.854698191780823,44.85469819178083,64.85469819178083
3949,7.0,4.854698191780822,24.854698191780823,44.85469819178083,64.85469819178083
3950,7.3,4.854698191780822,24.854698191780823,44.85469819178083,64.85469819178083
3951,7.1,4.854698191780822,24.854698191780823,44.85469819178083,64.85469819178083
3952,6.7,4.854698191780822,24.854698191780823,44.85469819178083,64.85469819178083
3953,6.8,4.854698191780822,24.854698191780823,44.85469819178083,64.85469819178083
3954,7.7,67.96577468493152,87.96577468493152,107.96577468493152,127.96577468493152
3955,8.2,4.854698191780822,24.854698191780823,44.85469819178083,64.85469819178083
3956,7.9,4.854698191780822,24.854698191780823,44.85469819178083,64.85469819178083
3957,8.2,4.854698191780822,24.854698191780823,44.85469819178083,64.85469819178083
3958,8.5,4.854698191780822,24.854698191780823,44.85469819178083,64.85469819178083
3959,8.3,4.854698191780822,24.854698191780823,44.85469819178083,64.85469819178083
3960,8.8,4.854698191780822,24.854698191780823,44.85469819178083,64.85469819178083
3961,8.6,4.854698191780822,24.854698191780823,44.85469819178083,64.85469819178083
3962,9.1,5.48223336839576,25.48223336839576,45.48223336839576,65.48223336839575
3963,9.4,5.050057253550202,25.0500572535502,45.0500572535502,65.0500572535502
3964,9.7,4.854698191780822,24.854698191780823,44.85469819178083,64.85469819178083
3965,9.3,4.854698191780822,24.854698191780823,44.85469819178083,64.85469819178083
3966,8.7,4.854698191780822,24.854698191780823,44.85469819178083,64.85469819178083
3967,8.6,30.0991287890411,50.0991287890411,70.0991287890411,90.0991287890411
3968,8.0,4.854698191780822,24.854698191780823,44.85469819178083,64.85469819178083
3969,7.0,4.854698191780822,24.854698191780823,44.85469819178083,64.85469819178083
3970,7.1,4.854698191780822,24.854698191780823,44.85469819178083,64.85469819178083
3971,7.2,42.721344087671234,62.721344087671234,82.72134408767124,102.72134408767124
3972,6.7,4.854698191780822,24.854698191780823,44.85469819178083,64.85469819178083
3973,6.1,4.854698191780822,24.854698191780823,44.85469819178083,64.85469819178083
3974,6.7,4.854698191780822,24.854698191780823,44.85469819178083,64.85469819178083
3975,6.4,4.854698191780822,24.854698191780823,44.85469819178083,64.85469819178083
3976,5.9,4.854698191780822,24.854698191780823,44.85469819178083,64.85469819178083
3977,6.4,4.854698191780822,24.854698191780823,44.85469819178083,64.85469819178083
3978,6.9,67.96577468493152,87.96577468493152,107.96577468493152,127.96577468493152
3979,7.3,4.854698191780822,24.854698191780823,44.85469819178083,64.85469819178083
3980,6.9,4.854698191780822,24.854698191780823,44.85469819178083,64.85469819178083
3981,7.1,4.854698191780822,24.854698191780823,44.85469819178083,64.85469819178083
3982,7.3,4.854698191780822,24.854698191780823,44.85469819178083,64.85469819178083
3983,6.6,5.19411595849872,25.19411595849872,45.19411595849872,65.19411595849871
3984,6.5,6.922820417880944,26.922820417880942,46.92282041788094,66.92282041788094
3985,6.4,8.36340746736613,28.36340746736613,48.36340746736613,68.36340746736613
3986,7.0,9.227759697057241,29.22775969705724,49.22775969705724,69.22775969705724
3987,7.3,8.075290057469092,28.07529005746909,48.07529005746909,68.07529005746909
3988,6.9,5.19411595849872,25.19411595849872,45.19411595849872,65.19411595849871
3989,7.1,4.854698191780822,24.854698191780823,44.85469819178083,64.85469819178083
3990,7.5,4.854698191780822,24.854698191780823,44.85469819178083,64.85469819178083
3991,7.8,30.0991287890411,50.0991287890411,70.0991287890411,90.0991287890411
3992,7.1,4.854698191780822,24.854698191780823,44.85469819178083,64.85469819178083
3993,6.5,4.854698191780822,24.854698191780823,44.85469819178083,64.85469819178083
3994,6.6,4.854698191780822,24.854698191780823,44.85469819178083,64.85469819178083
3995,6.3,42.721344087671234,62.721344087671234,82.72134408767124,102.72134408767124
3996,7.0,4.854698191780822,24.854698191780823,44.85469819178083,64.85469819178083
3997,6.2,4.854698191780822,24.854698191780823,44.85469819178083,64.85469819178083
3998,7.2,4.854698191780822,24.854698191780823,44.85469819178083,64.85469819178083
3999,7.2,4.854698191780822,24.854698191780823,44.85469819178083,64.85469819178083
4000,6.2,4.854698191780822,24.854698191780823,44.85469819178083,64.85469819178083
4001,6.9,4.854698191780822,24.854698191780823,44.85469819178083,64.85469819178083
4002,6.8,67.96577468493152,87.96577468493152,107.96577468493152,127.96577468493152
4003,7.0,4.854698191780822,24.854698191780823,44.85469819178083,64.85469819178083
4004,6.9,4.854698191780822,24.854698191780823,44.85469819178083,64.85469819178083
4005,7.3,4.854698191780822,24.854698191780823,44.85469819178083,64.85469819178083
4006,6.5,4.854698191780822,24.854698191780823,44.85469819178083,64.85469819178083
4007,6.3,4.854698191780822,24.854698191780823,44.85469819178083,64.85469819178083
4008,6.4,4.854698191780822,24.854698191780823,44.85469819178083,64.85469819178083
4009,7.2,4.854698191780822,24.854698191780823,44.85469819178083,64.85469819178083
4010,7.5,4.854698191780822,24.854698191780823,44.85469819178083,64.85469819178083
4011,7.6,4.854698191780822,24.854698191780823,44.85469819178083,64.85469819178083
4012,7.6,4.854698191780822,24.854698191780823,44.85469819178083,64.85469819178083
4013,6.8,4.854698191780822,24.854698191780823,44.85469819178083,64.85469819178083
4014,6.3,4.854698191780822,24.854698191780823,44.85469819178083,64.85469819178083
4015,5.8,30.0991287890411,50.0991287890411,70.0991287890411,90.0991287890411
4016,5.5,4.854698191780822,24.854698191780823,44.85469819178083,64.85469819178083
4017,5.6,4.854698191780822,24.854698191780823,44.85469819178083,64.85469819178083
4018,6.0,4.854698191780822,24.854698191780823,44.85469819178083,64.85469819178083
4019,6.1,42.721344087671234,62.721344087671234,82.72134408767124,102.72134408767124
4020,6.2,4.854698191780822,24.854698191780823,44.85469819178083,64.85469819178083
4021,5.9,4.854698191780822,24.854698191780823,44.85469819178083,64.85469819178083
4022,5.9,4.854698191780822,24.854698191780823,44.85469819178083,64.85469819178083
4023,5.7,4.854698191780822,24.854698191780823,44.85469819178083,64.85469819178083
4024,5.6,4.854698191780822,24.854698191780823,44.85469819178083,64.85469819178083
4025,5.4,4.854698191780822,24.854698191780823,44.85469819178083,64.85469819178083
4026,5.4,67.96577468493152,87.96577468493152,107.96577468493152,127.96577468493152
4027,5.2,4.854698191780822,24.854698191780823,44.85469819178083,64.85469819178083
4028,5.2,4.854698191780822,24.854698191780823,44.85469819178083,64.85469819178083
4029,5.7,4.854698191780822,24.854698191780823,44.85469819178083,64.85469819178083
4030,5.8,4.854698191780822,24.854698191780823,44.85469819178083,64.85469819178083
4031,5.5,4.854698191780822,24.854698191780823,44.85469819178083,64.85469819178083
4032,5.3,4.854698191780822,24.854698191780823,44.85469819178083,64.85469819178083
4033,5.6,4.854698191780822,24.854698191780823,44.85469819178083,64.85469819178083
4034,5.7,4.854698191780822,24.854698191780823,44.85469819178083,64.85469819178083
4035,5.7,4.854698191780822,24.854698191780823,44.85469819178083,64.85469819178083
4036,5.5,4.854698191780822,24.854698191780823,44.85469819178083,64.85469819178083
4037,5.2,4.854698191780822,24.854698191780823,44.85469819178083,64.85469819178083
4038,5.8,4.854698191780822,24.854698191780823,44.85469819178083,64.85469819178083
4039,5.8,30.0991287890411,50.0991287890411,70.0991287890411,90.0991287890411
4040,6.2,4.854698191780822,24.854698191780823,44.85469819178083,64.85469819178083
4041,6.7,4.854698191780822,24.854698191780823,44.85469819178083,64.85469819178083
4042,5.8,4.854698191780822,24.854698191780823,44.85469819178083,64.85469819178083
4043,6.3,42.721344087671234,62.721344087671234,82.72134408767124,102.72134408767124
4044,6.3,4.854698191780822,24.854698191780823,44.85469819178083,64.85469819178083
4045,5.9,4.854698191780822,24.854698191780823,44.85469819178083,64.85469819178083
4046,5.8,4.854698191780822,24.854698191780823,44.85469819178083,64.85469819178083
4047,5.8,4.854698191780822,24.854698191780823,44.85469819178083,64.85469819178083
4048,6.0,4.854698191780822,24.854698191780823,44.85469819178083,64.85469819178083
4049,5.5,4.854698191780822,24.854698191780823,44.85469819178083,64.85469819178083
4050,5.3,67.96577468493152,87.96577468493152,107.96577468493152,127.96577468493152
4051,5.4,4.854698191780822,24.854698191780823,44.85469819178083,64.85469819178083
4052,5.4,4.854698191780822,24.854698191780823,44.85469819178083,64.85469819178083
4053,5.7,4.854698191780822,24.854698191780823,44.85469819178083,64.85469819178083
4054,6.2,4.854698191780822,24.854698191780823,44.85469819178083,64.85469819178083
4055,5.7,4.854698191780822,24.854698191780823,44.85469819178083,64.85469819178083
4056,6.2,4.854698191780822,24.854698191780823,44.85469819178083,64.85469819178083
4057,5.7,4.854698191780822,24.854698191780823,44.85469819178083,64.85469819178083
4058,5.6,4.854698191780822,24.854698191780823,44.85469819178083,64.85469819178083
4059,5.6,4.854698191780822,24.854698191780823,44.85469819178083,64.85469819178083
4060,5.7,4.854698191780822,24.854698191780823,44.85469819178083,64.85469819178083
4061,5.3,4.854698191780822,24.854698191780823,44.85469819178083,64.85469819178083
4062,5.5,4.854698191780822,24.854698191780823,44.85469819178083,64.85469819178083
4063,5.7,30.0991287890411,50.0991287890411,70.0991287890411,90.0991287890411
4064,6.2,4.854698191780822,24.854698191780823,44.85469819178083,64.85469819178083
4065,7.1,4.854698191780822,24.854698191780823,44.85469819178083,64.85469819178083
4066,7.5,4.854698191780822,24.854698191780823,44.85469819178083,64.85469819178083
4067,7.7,42.721344087671234,62.721344087671234,82.72134408767124,102.72134408767124
4068,7.5,4.854698191780822,24.854698191780823,44.85469819178083,64.85469819178083
4069,7.1,4.854698191780822,24.854698191780823,44.85469819178083,64.85469819178083
4070,6.9,4.854698191780822,24.854698191780823,44.85469819178083,64.85469819178083
4071,6.7,4.854698191780822,24.854698191780823,44.85469819178083,64.85469819178083
4072,5.9,4.854698191780822,24.854698191780823,44.85469819178083,64.85469819178083
4073,6.3,4.854698191780822,24.854698191780823,44.85469819178083,64.85469819178083
4074,6.1,67.96577468493152,87.96577468493152,107.96577468493152,127.96577468493152
4075,6.1,4.854698191780822,24.854698191780823,44.85469819178083,64.85469819178083
4076,6.8,4.854698191780822,24.854698191780823,44.85469819178083,64.85469819178083
4077,6.7,4.854698191780822,24.854698191780823,44.85469819178083,64.85469819178083
4078,8.1,4.854698191780822,24.854698191780823,44.85469819178083,64.85469819178083
4079,8.2,4.854698191780822,24.854698191780823,44.85469819178083,64.85469819178083
4080,8.1,4.854698191780822,24.854698191780823,44.85469819178083,64.85469819178083
4081,8.0,4.854698191780822,24.854698191780823,44.85469819178083,64.85469819178083
4082,8.9,4.854698191780822,24.854698191780823,44.85469819178083,64.85469819178083
4083,9.2,4.854698191780822,24.854698191780823,44.85469819178083,64.85469819178083
4084,8.9,4.854698191780822,24.854698191780823,44.85469819178083,64.85469819178083
4085,8.6,4.854698191780822,24.854698191780823,44.85469819178083,64.85469819178083
4086,7.9,4.854698191780822,24.854698191780823,44.85469819178083,64.85469819178083
4087,7.3,30.0991287890411,50.0991287890411,70.0991287890411,90.0991287890411
4088,6.9,4.854698191780822,24.854698191780823,44.85469819178083,64.85469819178083
4089,7.2,4.854698191780822,24.854698191780823,44.85469819178083,64.85469819178083
4090,6.9,4.854698191780822,24.854698191780823,44.85469819178083,64.85469819178083
4091,6.9,42.721344087671234,62.721344087671234,82.72134408767124,102.72134408767124
4092,6.7,4.854698191780822,24.854698191780823,44.85469819178083,64.85469819178083
4093,6.6,4.854698191780822,24.854698191780823,44.85469819178083,64.85469819178083
4094,6.7,4.854698191780822,24.854698191780823,44.85469819178083,64.85469819178083
4095,6.5,4.854698191780822,24.854698191780823,44.85469819178083,64.85469819178083
4096,6.4,4.854698191780822,24.854698191780823,44.85469819178083,64.85469819178083
4097,6.6,4.854698191780822,24.854698191780823,44.85469819178083,64.85469819178083
4098,7.2,67.96577468493152,87.96577468493152,107.96577468493152,127.96577468493152
4099,6.5,4.854698191780822,24.854698191780823,44.85469819178083,64.85469819178083
4100,7.0,4.854698191780822,24.854698191780823,44.85469819178083,64.85469819178083
4101,7.6,4.854698191780822,24.854698191780823,44.85469819178083,64.85469819178083
4102,8.1,4.854698191780822,24.854698191780823,44.85469819178083,64.85469819178083
4103,8.1,4.854698191780822,24.854698191780823,44.85469819178083,64.85469819178083
4104,7.7,4.854698191780822,24.854698191780823,44.85469819178083,64.85469819178083
4105,7.3,4.854698191780822,24.854698191780823,44.85469819178083,64.85469819178083
4106,7.5,4.854698191780822,24.854698191780823,44.85469819178083,64.85469819178083
4107,7.3,4.854698191780822,24.854698191780823,44.85469819178083,64.85469819178083
4108,8.3,4.854698191780822,24.854698191780823,44.85469819178083,64.85469819178083
4109,7.9,4.854698191780822,24.854698191780823,44.85469819178083,64.85469819178083
4110,8.5,4.854698191780822,24.854698191780823,44.85469819178083,64.85469819178083
4111,8.0,30.0991287890411,50.0991287890411,70.0991287890411,90.0991287890411
4112,7.4,4.854698191780822,24.854698191780823,44.85469819178083,64.85469819178083
4113,7.0,4.854698191780822,24.854698191780823,44.85469819178083,64.85469819178083
4114,6.9,4.854698191780822,24.854698191780823,44.85469819178083,64.85469819178083
4115,7.0,42.721344087671234,62.721344087671234,82.72134408767124,102.72134408767124
4116,7.0,4.854698191780822,24.854698191780823,44.85469819178083,64.85469819178083
4117,6.6,4.854698191780822,24.854698191780823,44.85469819178083,64.85469819178083
4118,7.4,4.854698191780822,24.854698191780823,44.85469819178083,64.85469819178083
4119,7.1,4.854698191780822,24.854698191780823,44.85469819178083,64.85469819178083
4120,6.6,4.854698191780822,24.854698191780823,44.85469819178083,64.85469819178083
4121,6.4,4.854698191780822,24.854698191780823,44.85469819178083,64.85469819178083
4122,6.3,67.96577468493152,87.96577468493152,107.96577468493152,127.96577468493152
4123,6.4,4.854698191780822,24.854698191780823,44.85469819178083,64.85469819178083
4124,6.7,4.854698191780822,24.854698191780823,44.85469819178083,64.85469819178083
4125,6.5,4.854698191780822,24.854698191780823,44.85469819178083,64.85469819178083
4126,6.9,4.854698191780822,24.854698191780823,44.85469819178083,64.85469819178083
4127,7.0,4.854698191780822,24.854698191780823,44.85469819178083,64.85469819178083
4128,7.5,4.854698191780822,24.854698191780823,44.85469819178083,64.85469819178083
4129,7.0,4.854698191780822,24.854698191780823,44.85469819178083,64.85469819178083
4130,7.2,4.854698191780822,24.854698191780823,44.85469819178083,64.85469819178083
4131,7.1,4.854698191780822,24.854698191780823,44.85469819178083,64.85469819178083
4132,7.6,4.854698191780822,24.854698191780823,44.85469819178083,64.85469819178083
4133,6.6,4.854698191780822,24.854698191780823,44.85469819178083,64.85469819178083
4134,7.6,4.854698191780822,24.854698191780823,44.85469819178083,64.85469819178083
4135,7.3,30.0991287890411,50.0991287890411,70.0991287890411,90.0991287890411
4136,6.8,4.854698191780822,24.854698191780823,44.85469819178083,64.85469819178083
4137,6.5,4.854698191780822,24.854698191780823,44.85469819178083,64.85469819178083
4138,6.6,4.854698191780822,24.854698191780823,44.85469819178083,64.85469819178083
4139,6.8,42.721344087671234,62.721344087671234,82.72134408767124,102.72134408767124
4140,6.8,4.854698191780822,24.854698191780823,44.85469819178083,64.85469819178083
4141,6.1,4.854698191780822,24.854698191780823,44.85469819178083,64.85469819178083
4142,6.4,4.854698191780822,24.854698191780823,44.85469819178083,64.85469819178083
4143,6.7,4.854698191780822,24.854698191780823,44.85469819178083,64.85469819178083
4144,6.4,4.854698191780822,24.854698191780823,44.85469819178083,64.85469819178083
4145,6.6,4.854698191780822,24.854698191780823,44.85469819178083,64.85469819178083
4146,6.1,67.96577468493152,87.96577468493152,107.96577468493152,127.96577468493152
4147,6.5,4.854698191780822,24.854698191780823,44.85469819178083,64.85469819178083
4148,6.6,4.854698191780822,24.854698191780823,44.85469819178083,64.85469819178083
4149,6.7,4.854698191780822,24.854698191780823,44.85469819178083,64.85469819178083
4150,7.2,4.854698191780822,24.854698191780823,44.85469819178083,64.85469819178083
4151,7.0,4.854698191780822,24.854698191780823,44.85469819178083,64.85469819178083
4152,7.4,4.854698191780822,24.854698191780823,44.85469819178083,64.85469819178083
4153,7.5,4.854698191780822,24.854698191780823,44.85469819178083,64.85469819178083
4154,7.8,4.854698191780822,24.854698191780823,44.85469819178083,64.85469819178083
4155,7.8,4.854698191780822,24.854698191780823,44.85469819178083,64.85469819178083
4156,8.0,4.854698191780822,24.854698191780823,44.85469819178083,64.85469819178083
4157,7.9,4.854698191780822,24.854698191780823,44.85469819178083,64.85469819178083
4158,8.2,4.854698191780822,24.854698191780823,44.85469819178083,64.85469819178083
4159,7.6,30.0991287890411,50.0991287890411,70.0991287890411,90.0991287890411
4160,7.1,4.854698191780822,24.854698191780823,44.85469819178083,64.85469819178083
4161,6.7,4.854698191780822,24.854698191780823,44.85469819178083,64.85469819178083
4162,6.8,4.854698191780822,24.854698191780823,44.85469819178083,64.85469819178083
4163,6.6,42.721344087671234,62.721344087671234,82.72134408767124,102.72134408767124
4164,6.5,4.854698191780822,24.854698191780823,44.85469819178083,64.85469819178083
4165,6.3,4.854698191780822,24.854698191780823,44.85469819178083,64.85469819178083
4166,6.5,4.854698191780822,24.854698191780823,44.85469819178083,64.85469819178083
4167,6.9,4.854698191780822,24.854698191780823,44.85469819178083,64.85469819178083
4168,6.5,4.854698191780822,24.854698191780823,44.85469819178083,64.85469819178083
4169,6.2,4.854698191780822,24.854698191780823,44.85469819178083,64.85469819178083
4170,6.0,67.96577468493152,87.96577468493152,107.96577468493152,127.96577468493152
4171,5.7,4.854698191780822,24.854698191780823,44.85469819178083,64.85469819178083
4172,5.7,4.854698191780822,24.854698191780823,44.85469819178083,64.85469819178083
4173,5.7,4.854698191780822,24.854698191780823,44.85469819178083,64.85469819178083
4174,5.9,4.854698191780822,24.854698191780823,44.85469819178083,64.85469819178083
4175,5.6,4.854698191780822,24.854698191780823,44.85469819178083,64.85469819178083
4176,5.4,4.854698191780822,24.854698191780823,44.85469819178083,64.85469819178083
4177,5.4,4.854698191780822,24.854698191780823,44.85469819178083,64.85469819178083
4178,5.3,4.854698191780822,24.854698191780823,44.85469819178083,64.85469819178083
4179,5.6,4.854698191780822,24.854698191780823,44.85469819178083,64.85469819178083
4180,5.4,4.854698191780822,24.854698191780823,44.85469819178083,64.85469819178083
4181,5.0,4.854698191780822,24.854698191780823,44.85469819178083,64.85469819178083
4182,4.7,4.854698191780822,24.854698191780823,44.85469819178083,64.85469819178083
4183,4.8,30.0991287890411,50.0991287890411,70.0991287890411,90.0991287890411
4184,5.2,4.854698191780822,24.854698191780823,44.85469819178083,64.85469819178083
4185,5.8,4.854698191780822,24.854698191780823,44.85469819178083,64.85469819178083
4186,6.1,4.854698191780822,24.854698191780823,44.85469819178083,64.85469819178083
4187,6.5,42.721344087671234,62.721344087671234,82.72134408767124,102.72134408767124
4188,6.3,4.854698191780822,24.854698191780823,44.85469819178083,64.85469819178083
4189,6.1,4.854698191780822,24.854698191780823,44.85469819178083,64.85469819178083
4190,5.7,4.854698191780822,24.854698191780823,44.85469819178083,64.85469819178083
4191,5.6,4.854698191780822,24.854698191780823,44.85469819178083,64.85469819178083
4192,5.3,4.854698191780822,24.854698191780823,44.85469819178083,64.85469819178083
4193,5.4,4.854698191780822,24.854698191780823,44.85469819178083,64.85469819178083
4194,4.8,67.96577468493152,87.96577468493152,107.96577468493152,127.96577468493152
4195,4.6,4.854698191780822,24.854698191780823,44.85469819178083,64.85469819178083
4196,4.8,4.854698191780822,24.854698191780823,44.85469819178083,64.85469819178083
4197,5.0,4.854698191780822,24.854698191780823,44.85469819178083,64.85469819178083
4198,4.9,4.854698191780822,24.854698191780823,44.85469819178083,64.85469819178083
4199,4.8,4.854698191780822,24.854698191780823,44.85469819178083,64.85469819178083
4200,4.8,4.854698191780822,24.854698191780823,44.85469819178083,64.85469819178083
4201,4.6,4.854698191780822,24.854698191780823,44.85469819178083,64.85469819178083
4202,4.7,4.854698191780822,24.854698191780823,44.85469819178083,64.85469819178083
4203,4.8,4.854698191780822,24.854698191780823,44.85469819178083,64.85469819178083
4204,4.7,4.854698191780822,24.854698191780823,44.85469819178083,64.85469819178083
4205,4.4,4.854698191780822,24.854698191780823,44.85469819178083,64.85469819178083
4206,4.6,4.854698191780822,24.854698191780823,44.85469819178083,64.85469819178083
4207,4.5,30.0991287890411,50.0991287890411,70.0991287890411,90.0991287890411
4208,4.8,4.854698191780822,24.854698191780823,44.85469819178083,64.85469819178083
4209,5.4,4.854698191780822,24.854698191780823,44.85469819178083,64.85469819178083
4210,5.2,4.854698191780822,24.854698191780823,44.85469819178083,64.85469819178083
4211,5.3,42.721344087671234,62.721344087671234,82.72134408767124,102.72134408767124
4212,5.7,4.854698191780822,24.854698191780823,44.85469819178083,64.85469819178083
4213,5.5,4.854698191780822,24.854698191780823,44.85469819178083,64.85469819178083
4214,5.5,4.854698191780822,24.854698191780823,44.85469819178083,64.85469819178083
4215,5.9,4.854698191780822,24.854698191780823,44.85469819178083,64.85469819178083
4216,5.3,4.854698191780822,24.854698191780823,44.85469819178083,64.85469819178083
4217,5.3,4.854698191780822,24.854698191780823,44.85469819178083,64.85469819178083
4218,5.1,67.96577468493152,87.96577468493152,107.96577468493152,127.96577468493152
4219,5.8,4.854698191780822,24.854698191780823,44.85469819178083,64.85469819178083
4220,5.3,4.854698191780822,24.854698191780823,44.85469819178083,64.85469819178083
4221,5.1,4.854698191780822,24.854698191780823,44.85469819178083,64.85469819178083
4222,5.1,4.854698191780822,24.854698191780823,44.85469819178083,64.85469819178083
4223,5.1,4.854698191780822,24.854698191780823,44.85469819178083,64.85469819178083
4224,4.9,4.854698191780822,24.854698191780823,44.85469819178083,64.85469819178083
4225,4.9,4.854698191780822,24.854698191780823,44.85469819178083,64.85469819178083
4226,5.0,4.854698191780822,24.854698191780823,44.85469819178083,64.85469819178083
4227,5.2,4.854698191780822,24.854698191780823,44.85469819178083,64.85469819178083
4228,5.1,4.854698191780822,24.854698191780823,44.85469819178083,64.85469819178083
4229,4.5,4.854698191780822,24.854698191780823,44.85469819178083,64.85469819178083
4230,4.3,4.854698191780822,24.854698191780823,44.85469819178083,64.85469819178083
4231,4.5,30.0991287890411,50.0991287890411,70.0991287890411,90.0991287890411
4232,4.8,4.854698191780822,24.854698191780823,44.85469819178083,64.85469819178083
4233,4.9,4.854698191780822,24.854698191780823,44.85469819178083,64.85469819178083
4234,5.7,4.854698191780822,24.854698191780823,44.85469819178083,64.85469819178083
4235,5.8,42.721344087671234,62.721344087671234,82.72134408767124,102.72134408767124
4236,5.6,4.854698191780822,24.854698191780823,44.85469819178083,64.85469819178083
4237,5.5,4.854698191780822,24.854698191780823,44.85469819178083,64.85469819178083
4238,5.0,4.854698191780822,24.854698191780823,44.85469819178083,64.85469819178083
4239,5.1,4.854698191780822,24.854698191780823,44.85469819178083,64.85469819178083
4240,4.9,4.854698191780822,24.854698191780823,44.85469819178083,64.85469819178083
4241,5.0,4.854698191780822,24.854698191780823,44.85469819178083,64.85469819178083
4242,5.4,67.96577468493152,87.96577468493152,107.96577468493152,127.96577468493152
4243,5.8,4.854698191780822,24.854698191780823,44.85469819178083,64.85469819178083
4244,6.8,4.854698191780822,24.854698191780823,44.85469819178083,64.85469819178083
4245,5.5,4.854698191780822,24.854698191780823,44.85469819178083,64.85469819178083
4246,6.2,4.854698191780822,24.854698191780823,44.85469819178083,64.85469819178083
4247,6.1,4.854698191780822,24.854698191780823,44.85469819178083,64.85469819178083
4248,5.5,4.854698191780822,24.854698191780823,44.85469819178083,64.85469819178083
4249,5.3,4.854698191780822,24.854698191780823,44.85469819178083,64.85469819178083
4250,5.0,4.854698191780822,24.854698191780823,44.85469819178083,64.85469819178083
4251,4.4,4.854698191780822,24.854698191780823,44.85469819178083,64.85469819178083
4252,4.5,4.854698191780822,24.854698191780823,44.85469819178083,64.85469819178083
4253,4.5,4.854698191780822,24.854698191780823,44.85469819178083,64.85469819178083
4254,4.4,4.854698191780822,24.854698191780823,44.85469819178083,64.85469819178083
4255,5.1,30.0991287890411,50.0991287890411,70.0991287890411,90.0991287890411
4256,5.8,4.854698191780822,24.854698191780823,44.85469819178083,64.85469819178083
4257,5.2,4.854698191780822,24.854698191780823,44.85469819178083,64.85469819178083
4258,5.6,4.854698191780822,24.854698191780823,44.85469819178083,64.85469819178083
4259,5.5,42.721344087671234,62.721344087671234,82.72134408767124,102.72134408767124
4260,5.3,4.854698191780822,24.854698191780823,44.85469819178083,64.85469819178083
4261,5.3,4.854698191780822,24.854698191780823,44.85469819178083,64.85469819178083
4262,5.2,4.854698191780822,24.854698191780823,44.85469819178083,64.85469819178083
4263,5.3,4.854698191780822,24.854698191780823,44.85469819178083,64.85469819178083
4264,5.7,4.854698191780822,24.854698191780823,44.85469819178083,64.85469819178083
4265,5.6,4.854698191780822,24.854698191780823,44.85469819178083,64.85469819178083
4266,5.5,67.96577468493152,87.96577468493152,107.96577468493152,127.96577468493152
4267,5.5,4.854698191780822,24.854698191780823,44.85469819178083,64.85469819178083
4268,5.9,4.854698191780822,24.854698191780823,44.85469819178083,64.85469819178083
4269,5.7,4.854698191780822,24.854698191780823,44.85469819178083,64.85469819178083
4270,6.1,4.854698191780822,24.854698191780823,44.85469819178083,64.85469819178083
4271,5.2,4.854698191780822,24.854698191780823,44.85469819178083,64.85469819178083
4272,4.3,4.854698191780822,24.854698191780823,44.85469819178083,64.85469819178083
4273,4.3,4.854698191780822,24.854698191780823,44.85469819178083,64.85469819178083
4274,4.3,4.854698191780822,24.854698191780823,44.85469819178083,64.85469819178083
4275,4.7,4.854698191780822,24.854698191780823,44.85469819178083,64.85469819178083
4276,4.8,4.854698191780822,24.854698191780823,44.85469819178083,64.85469819178083
4277,4.2,4.854698191780822,24.854698191780823,44.85469819178083,64.85469819178083
4278,4.4,4.854698191780822,24.854698191780823,44.85469819178083,64.85469819178083
4279,5.1,30.0991287890411,50.0991287890411,70.0991287890411,90.0991287890411
4280,4.8,4.854698191780822,24.854698191780823,44.85469819178083,64.85469819178083
4281,4.5,4.854698191780822,24.854698191780823,44.85469819178083,64.85469819178083
4282,4.8,4.854698191780822,24.854698191780823,44.85469819178083,64.85469819178083
4283,4.7,42.721344087671234,62.721344087671234,82.72134408767124,102.72134408767124
4284,4.7,4.854698191780822,24.854698191780823,44.85469819178083,64.85469819178083
4285,5.0,4.854698191780822,24.854698191780823,44.85469819178083,64.85469819178083
4286,6.0,4.854698191780822,24.854698191780823,44.85469819178083,64.85469819178083
4287,5.7,4.854698191780822,24.854698191780823,44.85469819178083,64.85469819178083
4288,5.6,4.854698191780822,24.854698191780823,44.85469819178083,64.85469819178083
4289,5.8,4.854698191780822,24.854698191780823,44.85469819178083,64.85469819178083
4290,5.9,67.96577468493152,87.96577468493152,107.96577468493152,127.96577468493152
4291,5.7,4.854698191780822,24.854698191780823,44.85469819178083,64.85469819178083
4292,5.5,4.854698191780822,24.854698191780823,44.85469819178083,64.85469819178083
4293,5.7,4.854698191780822,24.854698191780823,44.85469819178083,64.85469819178083
4294,6.5,4.854698191780822,24.854698191780823,44.85469819178083,64.85469819178083
4295,5.7,4.854698191780822,24.854698191780823,44.85469819178083,64.85469819178083
4296,5.7,4.854698191780822,24.854698191780823,44.85469819178083,64.85469819178083
4297,5.8,4.854698191780822,24.854698191780823,44.85469819178083,64.85469819178083
4298,5.5,4.854698191780822,24.854698191780823,44.85469819178083,64.85469819178083
4299,5.6,4.854698191780822,24.854698191780823,44.85469819178083,64.85469819178083
4300,6.1,4.854698191780822,24.854698191780823,44.85469819178083,64.85469819178083
4301,5.6,4.854698191780822,24.854698191780823,44.85469819178083,64.85469819178083
4302,5.3,4.854698191780822,24.854698191780823,44.85469819178083,64.85469819178083
4303,5.9,30.0991287890411,50.0991287890411,70.0991287890411,90.0991287890411
4304,5.7,4.854698191780822,24.854698191780823,44.85469819178083,64.85469819178083
4305,5.2,4.854698191780822,24.854698191780823,44.85469819178083,64.85469819178083
4306,5.3,4.854698191780822,24.854698191780823,44.85469819178083,64.85469819178083
4307,5.4,42.721344087671234,62.721344087671234,82.72134408767124,102.72134408767124
4308,5.5,4.854698191780822,24.854698191780823,44.85469819178083,64.85469819178083
4309,5.6,4.854698191780822,24.854698191780823,44.85469819178083,64.85469819178083
4310,6.7,4.854698191780822,24.854698191780823,44.85469819178083,64.85469819178083
4311,6.2,4.854698191780822,24.854698191780823,44.85469819178083,64.85469819178083
4312,5.8,4.854698191780822,24.854698191780823,44.85469819178083,64.85469819178083
4313,5.7,4.854698191780822,24.854698191780823,44.85469819178083,64.85469819178083
4314,5.4,67.96577468493152,87.96577468493152,107.96577468493152,127.96577468493152
4315,5.4,4.854698191780822,24.854698191780823,44.85469819178083,64.85469819178083
4316,5.3,4.854698191780822,24.854698191780823,44.85469819178083,64.85469819178083
4317,5.5,4.854698191780822,24.854698191780823,44.85469819178083,64.85469819178083
4318,5.9,4.854698191780822,24.854698191780823,44.85469819178083,64.85469819178083
4319,5.8,4.854698191780822,24.854698191780823,44.85469819178083,64.85469819178083
4320,5.9,4.854698191780822,24.854698191780823,44.85469819178083,64.85469819178083
4321,5.9,4.854698191780822,24.854698191780823,44.85469819178083,64.85469819178083
4322,5.6,4.854698191780822,24.854698191780823,44.85469819178083,64.85469819178083
4323,5.6,4.854698191780822,24.854698191780823,44.85469819178083,64.85469819178083
4324,5.9,4.854698191780822,24.854698191780823,44.85469819178083,64.85469819178083
4325,5.0,4.854698191780822,24.854698191780823,44.85469819178083,64.85469819178083
4326,5.1,4.854698191780822,24.854698191780823,44.85469819178083,64.85469819178083
4327,5.6,30.0991287890411,50.0991287890411,70.0991287890411,90.0991287890411
4328,5.2,4.854698191780822,24.854698191780823,44.85469819178083,64.85469819178083
4329,5.0,4.854698191780822,24.854698191780823,44.85469819178083,64.85469819178083
4330,5.3,4.854698191780822,24.854698191780823,44.85469819178083,64.85469819178083
4331,5.6,42.721344087671234,62.721344087671234,82.72134408767124,102.72134408767124
4332,6.2,4.854698191780822,24.854698191780823,44.85469819178083,64.85469819178083
4333,5.8,4.854698191780822,24.854698191780823,44.85469819178083,64.85469819178083
4334,6.1,4.854698191780822,24.854698191780823,44.85469819178083,64.85469819178083
4335,6.2,4.854698191780822,24.854698191780823,44.85469819178083,64.85469819178083
4336,6.4,4.854698191780822,24.854698191780823,44.85469819178083,64.85469819178083
4337,5.8,4.854698191780822,24.854698191780823,44.85469819178083,64.85469819178083
4338,5.8,67.96577468493152,87.96577468493152,107.96577468493152,127.96577468493152
4339,5.8,4.854698191780822,24.854698191780823,44.85469819178083,64.85469819178083
4340,5.7,4.854698191780822,24.854698191780823,44.85469819178083,64.85469819178083
4341,5.4,4.854698191780822,24.854698191780823,44.85469819178083,64.85469819178083
4342,5.2,4.854698191780822,24.854698191780823,44.85469819178083,64.85469819178083
4343,5.1,4.854698191780822,24.854698191780823,44.85469819178083,64.85469819178083
4344,5.5,4.854698191780822,24.854698191780823,44.85469819178083,64.85469819178083
4345,5.5,4.854698191780822,24.854698191780823,44.85469819178083,64.85469819178083
4346,5.8,4.854698191780822,24.854698191780823,44.85469819178083,64.85469819178083
4347,5.6,4.854698191780822,24.854698191780823,44.85469819178083,64.85469819178083
4348,5.4,4.854698191780822,24.854698191780823,44.85469819178083,64.85469819178083
4349,4.9,4.854698191780822,24.854698191780823,44.85469819178083,64.85469819178083
4350,5.0,4.854698191780822,24.854698191780823,44.85469819178083,64.85469819178083
4351,6.2,30.0991287890411,50.0991287890411,70.0991287890411,90.0991287890411
4352,5.4,4.854698191780822,24.854698191780823,44.85469819178083,64.85469819178083
4353,5.6,4.854698191780822,24.854698191780823,44.85469819178083,64.85469819178083
4354,6.5,4.854698191780822,24.854698191780823,44.85469819178083,64.85469819178083
4355,6.6,42.721344087671234,62.721344087671234,82.72134408767124,102.72134408767124
4356,6.2,4.854698191780822,24.854698191780823,44.85469819178083,64.85469819178083
4357,5.6,4.854698191780822,24.854698191780823,44.85469819178083,64.85469819178083
4358,5.4,4.854698191780822,24.854698191780823,44.85469819178083,64.85469819178083
4359,5.6,4.854698191780822,24.854698191780823,44.85469819178083,64.85469819178083
4360,5.3,4.854698191780822,24.854698191780823,44.85469819178083,64.85469819178083
4361,5.2,4.854698191780822,24.854698191780823,44.85469819178083,64.85469819178083
4362,5.6,67.96577468493152,87.96577468493152,107.96577468493152,127.96577468493152
4363,6.2,4.854698191780822,24.854698191780823,44.85469819178083,64.85469819178083
4364,5.6,4.854698191780822,24.854698191780823,44.85469819178083,64.85469819178083
4365,5.1,4.854698191780822,24.854698191780823,44.85469819178083,64.85469819178083
4366,4.6,4.854698191780822,24.854698191780823,44.85469819178083,64.85469819178083
4367,4.5,4.854698191780822,24.854698191780823,44.85469819178083,64.85469819178083
4368,4.7,4.854698191780822,24.854698191780823,44.85469819178083,64.85469819178083
4369,4.9,4.905998548601684,24.905998548601683,44.90599854860169,64.90599854860169
4370,5.0,5.338174663447239,25.33817466344724,45.33817466344724,65.33817466344723
4371,4.5,4.905998548601684,24.905998548601683,44.90599854860169,64.90599854860169
4372,4.4,4.854698191780822,24.854698191780823,44.85469819178083,64.85469819178083
4373,4.4,4.854698191780822,24.854698191780823,44.85469819178083,64.85469819178083
4374,4.5,4.854698191780822,24.854698191780823,44.85469819178083,64.85469819178083
4375,4.9,30.0991287890411,50.0991287890411,70.0991287890411,90.0991287890411
4376,5.3,4.854698191780822,24.854698191780823,44.85469819178083,64.85469819178083
4377,5.7,4.854698191780822,24.854698191780823,44.85469819178083,64.85469819178083
4378,5.7,4.854698191780822,24.854698191780823,44.85469819178083,64.85469819178083
4379,6.1,42.721344087671234,62.721344087671234,82.72134408767124,102.72134408767124
4380,5.8,4.854698191780822,24.854698191780823,44.85469819178083,64.85469819178083
4381,5.8,4.854698191780822,24.854698191780823,44.85469819178083,64.85469819178083
4382,6.1,4.854698191780822,24.854698191780823,44.85469819178083,64.85469819178083
4383,6.6,4.854698191780822,24.854698191780823,44.85469819178083,64.85469819178083
4384,6.0,4.854698191780822,24.854698191780823,44.85469819178083,64.85469819178083
4385,5.1,4.854698191780822,24.854698191780823,44.85469819178083,64.85469819178083
4386,4.9,67.96577468493152,87.96577468493152,107.96577468493152,127.96577468493152
4387,5.0,4.854698191780822,24.854698191780823,44.85469819178083,64.85469819178083
4388,4.9,4.854698191780822,24.854698191780823,44.85469819178083,64.85469819178083
4389,5.0,4.854698191780822,24.854698191780823,44.85469819178083,64.85469819178083
4390,5.2,4.854698191780822,24.854698191780823,44.85469819178083,64.85469819178083
4391,5.0,4.854698191780822,24.854698191780823,44.85469819178083,64.85469819178083
4392,5.1,4.854698191780822,24.854698191780823,44.85469819178083,64.85469819178083
4393,5.3,4.854698191780822,24.854698191780823,44.85469819178083,64.85469819178083
4394,5.3,5.338174663447239,25.33817466344724,45.33817466344724,65.33817466344723
4395,5.8,4.854698191780822,24.854698191780823,44.85469819178083,64.85469819178083
4396,6.2,4.854698191780822,24.854698191780823,44.85469819178083,64.85469819178083
4397,5.4,4.854698191780822,24.854698191780823,44.85469819178083,64.85469819178083
4398,4.4,4.854698191780822,24.854698191780823,44.85469819178083,64.85469819178083
4399,4.4,30.0991287890411,50.0991287890411,70.0991287890411,90.0991287890411
4400,4.7,4.854698191780822,24.854698191780823,44.85469819178083,64.85469819178083
4401,5.5,4.854698191780822,24.854698191780823,44.85469819178083,64.85469819178083
4402,5.6,4.854698191780822,24.854698191780823,44.85469819178083,64.85469819178083
4403,5.5,42.721344087671234,62.721344087671234,82.72134408767124,102.72134408767124
4404,5.4,4.854698191780822,24.854698191780823,44.85469819178083,64.85469819178083
4405,5.5,4.854698191780822,24.854698191780823,44.85469819178083,64.85469819178083
4406,5.3,4.854698191780822,24.854698191780823,44.85469819178083,64.85469819178083
4407,5.4,4.854698191780822,24.854698191780823,44.85469819178083,64.85469819178083
4408,5.9,4.854698191780822,24.854698191780823,44.85469819178083,64.85469819178083
4409,5.6,4.854698191780822,24.854698191780823,44.85469819178083,64.85469819178083
4410,5.5,67.96577468493152,87.96577468493152,107.96577468493152,127.96577468493152
4411,5.8,4.854698191780822,24.854698191780823,44.85469819178083,64.85469819178083
4412,6.0,4.854698191780822,24.854698191780823,44.85469819178083,64.85469819178083
4413,6.5,4.854698191780822,24.854698191780823,44.85469819178083,64.85469819178083
4414,5.6,4.854698191780822,24.854698191780823,44.85469819178083,64.85469819178083
4415,5.9,4.854698191780822,24.854698191780823,44.85469819178083,64.85469819178083
4416,6.0,4.854698191780822,24.854698191780823,44.85469819178083,64.85469819178083
4417,6.2,5.338174663447239,25.33817466344724,45.33817466344724,65.33817466344723
4418,6.5,5.770350778292794,25.770350778292794,45.770350778292794,65.7703507782928
4419,6.6,5.338174663447239,25.33817466344724,45.33817466344724,65.33817466344723
4420,6.4,4.854698191780822,24.854698191780823,44.85469819178083,64.85469819178083
4421,6.2,4.854698191780822,24.854698191780823,44.85469819178083,64.85469819178083
4422,6.6,4.854698191780822,24.854698191780823,44.85469819178083,64.85469819178083
4423,6.0,30.0991287890411,50.0991287890411,70.0991287890411,90.0991287890411
4424,6.4,4.854698191780822,24.854698191780823,44.85469819178083,64.85469819178083
4425,6.7,4.854698191780822,24.854698191780823,44.85469819178083,64.85469819178083
4426,5.8,4.854698191780822,24.854698191780823,44.85469819178083,64.85469819178083
4427,6.3,42.721344087671234,62.721344087671234,82.72134408767124,102.72134408767124
4428,6.2,4.854698191780822,24.854698191780823,44.85469819178083,64.85469819178083
4429,5.7,4.854698191780822,24.854698191780823,44.85469819178083,64.85469819178083
4430,5.4,4.854698191780822,24.854698191780823,44.85469819178083,64.85469819178083
4431,5.2,4.854698191780822,24.854698191780823,44.85469819178083,64.85469819178083
4432,5.6,4.854698191780822,24.854698191780823,44.85469819178083,64.85469819178083
4433,5.4,4.854698191780822,24.854698191780823,44.85469819178083,64.85469819178083
4434,5.2,67.96577468493152,87.96577468493152,107.96577468493152,127.96577468493152
4435,5.5,4.854698191780822,24.854698191780823,44.85469819178083,64.85469819178083
4436,5.7,4.854698191780822,24.854698191780823,44.85469819178083,64.85469819178083
4437,5.9,4.854698191780822,24.854698191780823,44.85469819178083,64.85469819178083
4438,5.7,4.854698191780822,24.854698191780823,44.85469819178083,64.85469819178083
4439,5.2,4.854698191780822,24.854698191780823,44.85469819178083,64.85469819178083
4440,6.4,4.854698191780822,24.854698191780823,44.85469819178083,64.85469819178083
4441,5.9,4.854698191780822,24.854698191780823,44.85469819178083,64.85469819178083
4442,6.6,4.854698191780822,24.854698191780823,44.85469819178083,64.85469819178083
4443,6.8,4.854698191780822,24.854698191780823,44.85469819178083,64.85469819178083
4444,7.2,4.854698191780822,24.854698191780823,44.85469819178083,64.85469819178083
4445,6.2,4.854698191780822,24.854698191780823,44.85469819178083,64.85469819178083
4446,5.7,4.854698191780822,24.854698191780823,44.85469819178083,64.85469819178083
4447,6.5,30.0991287890411,50.0991287890411,70.0991287890411,90.0991287890411
4448,5.8,4.854698191780822,24.854698191780823,44.85469819178083,64.85469819178083
4449,5.8,4.854698191780822,24.854698191780823,44.85469819178083,64.85469819178083
4450,6.1,4.854698191780822,24.854698191780823,44.85469819178083,64.85469819178083
4451,5.9,42.721344087671234,62.721344087671234,82.72134408767124,102.72134408767124
4452,6.2,4.854698191780822,24.854698191780823,44.85469819178083,64.85469819178083
4453,5.7,4.854698191780822,24.854698191780823,44.85469819178083,64.85469819178083
4454,5.6,4.854698191780822,24.854698191780823,44.85469819178083,64.85469819178083
4455,5.9,4.854698191780822,24.854698191780823,44.85469819178083,64.85469819178083
4456,6.0,4.854698191780822,24.854698191780823,44.85469819178083,64.85469819178083
4457,5.8,4.854698191780822,24.854698191780823,44.85469819178083,64.85469819178083
4458,5.7,67.96577468493152,87.96577468493152,107.96577468493152,127.96577468493152
4459,5.7,4.854698191780822,24.854698191780823,44.85469819178083,64.85469819178083
4460,5.9,4.854698191780822,24.854698191780823,44.85469819178083,64.85469819178083
4461,6.0,4.854698191780822,24.854698191780823,44.85469819178083,64.85469819178083
4462,6.2,4.854698191780822,24.854698191780823,44.85469819178083,64.85469819178083
4463,6.0,4.854698191780822,24.854698191780823,44.85469819178083,64.85469819178083
4464,6.4,4.854698191780822,24.854698191780823,44.85469819178083,64.85469819178083
4465,7.4,4.854698191780822,24.854698191780823,44.85469819178083,64.85469819178083
4466,7.1,4.854698191780822,24.854698191780823,44.85469819178083,64.85469819178083
4467,6.7,4.854698191780822,24.854698191780823,44.85469819178083,64.85469819178083
4468,7.4,4.854698191780822,24.854698191780823,44.85469819178083,64.85469819178083
4469,6.7,4.854698191780822,24.854698191780823,44.85469819178083,64.85469819178083
4470,6.5,4.854698191780822,24.854698191780823,44.85469819178083,64.85469819178083
4471,7.1,30.0991287890411,50.0991287890411,70.0991287890411,90.0991287890411
4472,6.1,4.854698191780822,24.854698191780823,44.85469819178083,64.85469819178083
4473,5.9,4.854698191780822,24.854698191780823,44.85469819178083,64.85469819178083
4474,5.9,4.854698191780822,24.854698191780823,44.85469819178083,64.85469819178083
4475,5.7,42.721344087671234,62.721344087671234,82.72134408767124,102.72134408767124
4476,5.9,4.854698191780822,24.854698191780823,44.85469819178083,64.85469819178083
4477,5.4,4.854698191780822,24.854698191780823,44.85469819178083,64.85469819178083
4478,5.7,4.854698191780822,24.854698191780823,44.85469819178083,64.85469819178083
4479,5.6,4.854698191780822,24.854698191780823,44.85469819178083,64.85469819178083
4480,5.5,4.854698191780822,24.854698191780823,44.85469819178083,64.85469819178083
4481,5.2,4.854698191780822,24.854698191780823,44.85469819178083,64.85469819178083
4482,5.1,67.96577468493152,87.96577468493152,107.96577468493152,127.96577468493152
4483,5.0,4.854698191780822,24.854698191780823,44.85469819178083,64.85469819178083
4484,5.2,4.854698191780822,24.854698191780823,44.85469819178083,64.85469819178083
4485,5.1,4.854698191780822,24.854698191780823,44.85469819178083,64.85469819178083
4486,5.2,4.854698191780822,24.854698191780823,44.85469819178083,64.85469819178083
4487,5.1,4.854698191780822,24.854698191780823,44.85469819178083,64.85469819178083
4488,5.6,4.854698191780822,24.854698191780823,44.85469819178083,64.85469819178083
4489,6.3,4.854698191780822,24.854698191780823,44.85469819178083,64.85469819178083
4490,6.8,4.854698191780822,24.854698191780823,44.85469819178083,64.85469819178083
4491,7.6,4.854698191780822,24.854698191780823,44.85469819178083,64.85469819178083
4492,6.8,4.854698191780822,24.854698191780823,44.85469819178083,64.85469819178083
4493,5.8,4.854698191780822,24.854698191780823,44.85469819178083,64.85469819178083
4494,5.7,4.854698191780822,24.854698191780823,44.85469819178083,64.85469819178083
4495,6.3,30.0991287890411,50.0991287890411,70.0991287890411,90.0991287890411
4496,6.1,4.854698191780822,24.854698191780823,44.85469819178083,64.85469819178083
4497,6.1,4.854698191780822,24.854698191780823,44.85469819178083,64.85469819178083
4498,6.1,4.854698191780822,24.854698191780823,44.85469819178083,64.85469819178083
4499,5.8,42.721344087671234,62.721344087671234,82.72134408767124,102.72134408767124
4500,5.6,4.854698191780822,24.854698191780823,44.85469819178083,64.85469819178083
4501,5.5,4.854698191780822,24.854698191780823,44.85469819178083,64.85469819178083
4502,5.3,4.854698191780822,24.854698191780823,44.85469819178083,64.85469819178083
4503,5.8,4.854698191780822,24.854698191780823,44.85469819178083,64.85469819178083
4504,6.6,4.854698191780822,24.854698191780823,44.85469819178083,64.85469819178083
4505,6.4,4.854698191780822,24.854698191780823,44.85469819178083,64.85469819178083
4506,6.1,67.96577468493152,87.96577468493152,107.96577468493152,127.96577468493152
4507,6.0,4.854698191780822,24.854698191780823,44.85469819178083,64.85469819178083
4508,7.0,4.854698191780822,24.854698191780823,44.85469819178083,64.85469819178083
4509,7.5,4.854698191780822,24.854698191780823,44.85469819178083,64.85469819178083
4510,6.7,4.854698191780822,24.854698191780823,44.85469819178083,64.85469819178083
4511,6.7,4.854698191780822,24.854698191780823,44.85469819178083,64.85469819178083
4512,7.4,4.854698191780822,24.854698191780823,44.85469819178083,64.85469819178083
4513,7.3,4.854698191780822,24.854698191780823,44.85469819178083,64.85469819178083
4514,7.4,4.854698191780822,24.854698191780823,44.85469819178083,64.85469819178083
4515,7.8,4.854698191780822,24.854698191780823,44.85469819178083,64.85469819178083
4516,7.3,4.854698191780822,24.854698191780823,44.85469819178083,64.85469819178083
4517,6.6,4.854698191780822,24.854698191780823,44.85469819178083,64.85469819178083
4518,7.3,4.854698191780822,24.854698191780823,44.85469819178083,64.85469819178083
4519,7.6,30.0991287890411,50.0991287890411,70.0991287890411,90.0991287890411
4520,6.4,4.854698191780822,24.854698191780823,44.85469819178083,64.85469819178083
4521,6.2,4.854698191780822,24.854698191780823,44.85469819178083,64.85469819178083
4522,6.2,4.854698191780822,24.854698191780823,44.85469819178083,64.85469819178083
4523,6.4,42.721344087671234,62.721344087671234,82.72134408767124,102.72134408767124
4524,6.1,4.854698191780822,24.854698191780823,44.85469819178083,64.85469819178083
4525,5.6,4.854698191780822,24.854698191780823,44.85469819178083,64.85469819178083
4526,5.3,4.854698191780822,24.854698191780823,44.85469819178083,64.85469819178083
4527,5.1,4.854698191780822,24.854698191780823,44.85469819178083,64.85469819178083
4528,4.9,4.854698191780822,24.854698191780823,44.85469819178083,64.85469819178083
4529,4.6,4.854698191780822,24.854698191780823,44.85469819178083,64.85469819178083
4530,4.6,67.96577468493152,87.96577468493152,107.96577468493152,127.96577468493152
4531,4.7,4.854698191780822,24.854698191780823,44.85469819178083,64.85469819178083
4532,4.8,4.854698191780822,24.854698191780823,44.85469819178083,64.85469819178083
4533,5.2,4.854698191780822,24.854698191780823,44.85469819178083,64.85469819178083
4534,4.7,4.854698191780822,24.854698191780823,44.85469819178083,64.85469819178083
4535,4.7,4.854698191780822,24.854698191780823,44.85469819178083,64.85469819178083
4536,4.6,4.854698191780822,24.854698191780823,44.85469819178083,64.85469819178083
4537,4.2,4.854698191780822,24.854698191780823,44.85469819178083,64.85469819178083
4538,4.5,4.854698191780822,24.854698191780823,44.85469819178083,64.85469819178083
4539,4.7,4.854698191780822,24.854698191780823,44.85469819178083,64.85469819178083
4540,4.6,4.854698191780822,24.854698191780823,44.85469819178083,64.85469819178083
4541,4.4,4.854698191780822,24.854698191780823,44.85469819178083,64.85469819178083
4542,4.7,4.854698191780822,24.854698191780823,44.85469819178083,64.85469819178083
4543,5.1,30.0991287890411,50.0991287890411,70.0991287890411,90.0991287890411
4544,5.1,4.854698191780822,24.854698191780823,44.85469819178083,64.85469819178083
4545,5.1,4.854698191780822,24.854698191780823,44.85469819178083,64.85469819178083
4546,5.2,4.854698191780822,24.854698191780823,44.85469819178083,64.85469819178083
4547,5.4,42.721344087671234,62.721344087671234,82.72134408767124,102.72134408767124
4548,5.9,4.854698191780822,24.854698191780823,44.85469819178083,64.85469819178083
4549,5.5,4.854698191780822,24.854698191780823,44.85469819178083,64.85469819178083
4550,5.0,4.854698191780822,24.854698191780823,44.85469819178083,64.85469819178083
4551,5.1,4.854698191780822,24.854698191780823,44.85469819178083,64.85469819178083
4552,4.8,4.854698191780822,24.854698191780823,44.85469819178083,64.85469819178083
4553,4.9,4.854698191780822,24.854698191780823,44.85469819178083,64.85469819178083
4554,4.7,67.96577468493152,87.96577468493152,107.96577468493152,127.96577468493152
4555,4.4,4.854698191780822,24.854698191780823,44.85469819178083,64.85469819178083
4556,4.4,4.854698191780822,24.854698191780823,44.85469819178083,64.85469819178083
4557,4.3,4.854698191780822,24.854698191780823,44.85469819178083,64.85469819178083
4558,4.4,4.854698191780822,24.854698191780823,44.85469819178083,64.85469819178083
4559,4.5,4.854698191780822,24.854698191780823,44.85469819178083,64.85469819178083
4560,4.9,4.854698191780822,24.854698191780823,44.85469819178083,64.85469819178083
4561,5.3,4.854698191780822,24.854698191780823,44.85469819178083,64.85469819178083
4562,5.0,4.854698191780822,24.854698191780823,44.85469819178083,64.85469819178083
4563,5.5,4.854698191780822,24.854698191780823,44.85469819178083,64.85469819178083
4564,5.2,4.854698191780822,24.854698191780823,44.85469819178083,64.85469819178083
4565,4.8,4.854698191780822,24.854698191780823,44.85469819178083,64.85469819178083
4566,4.2,4.854698191780822,24.854698191780823,44.85469819178083,64.85469819178083
4567,4.3,30.0991287890411,50.0991287890411,70.0991287890411,90.0991287890411
4568,4.7,4.854698191780822,24.854698191780823,44.85469819178083,64.85469819178083
4569,5.1,4.854698191780822,24.854698191780823,44.85469819178083,64.85469819178083
4570,5.7,4.854698191780822,24.854698191780823,44.85469819178083,64.85469819178083
4571,5.5,42.721344087671234,62.721344087671234,82.72134408767124,102.72134408767124
4572,5.5,4.854698191780822,24.854698191780823,44.85469819178083,64.85469819178083
4573,5.6,4.854698191780822,24.854698191780823,44.85469819178083,64.85469819178083
4574,5.9,4.854698191780822,24.854698191780823,44.85469819178083,64.85469819178083
4575,5.2,4.854698191780822,24.854698191780823,44.85469819178083,64.85469819178083
4576,5.9,4.854698191780822,24.854698191780823,44.85469819178083,64.85469819178083
4577,5.7,4.854698191780822,24.854698191780823,44.85469819178083,64.85469819178083
4578,6.7,67.96577468493152,87.96577468493152,107.96577468493152,127.96577468493152
4579,6.2,4.854698191780822,24.854698191780823,44.85469819178083,64.85469819178083
4580,7.4,4.854698191780822,24.854698191780823,44.85469819178083,64.85469819178083
4581,7.5,4.854698191780822,24.854698191780823,44.85469819178083,64.85469819178083
4582,7.0,4.854698191780822,24.854698191780823,44.85469819178083,64.85469819178083
4583,8.0,4.854698191780822,24.854698191780823,44.85469819178083,64.85469819178083
4584,7.5,4.854698191780822,24.854698191780823,44.85469819178083,64.85469819178083
4585,8.0,4.854698191780822,24.854698191780823,44.85469819178083,64.85469819178083
4586,7.8,4.854698191780822,24.854698191780823,44.85469819178083,64.85469819178083
4587,7.7,4.854698191780822,24.854698191780823,44.85469819178083,64.85469819178083
4588,8.2,4.854698191780822,24.854698191780823,44.85469819178083,64.85469819178083
4589,7.1,4.854698191780822,24.854698191780823,44.85469819178083,64.85469819178083
4590,6.2,4.854698191780822,24.854698191780823,44.85469819178083,64.85469819178083
4591,6.6,30.0991287890411,50.0991287890411,70.0991287890411,90.0991287890411
4592,5.8,4.854698191780822,24.854698191780823,44.85469819178083,64.85469819178083
4593,5.5,4.854698191780822,24.854698191780823,44.85469819178083,64.85469819178083
4594,5.8,4.854698191780822,24.854698191780823,44.85469819178083,64.85469819178083
4595,5.3,42.721344087671234,62.721344087671234,82.72134408767124,102.72134408767124
4596,5.5,4.854698191780822,24.854698191780823,44.85469819178083,64.85469819178083
4597,5.4,4.854698191780822,24.854698191780823,44.85469819178083,64.85469819178083
4598,6.0,4.854698191780822,24.854698191780823,44.85469819178083,64.85469819178083
4599,5.1,4.854698191780822,24.854698191780823,44.85469819178083,64.85469819178083
4600,5.3,4.854698191780822,24.854698191780823,44.85469819178083,64.85469819178083
4601,5.6,4.854698191780822,24.854698191780823,44.85469819178083,64.85469819178083
4602,5.7,67.96577468493152,87.96577468493152,107.96577468493152,127.96577468493152
4603,5.4,4.854698191780822,24.854698191780823,44.85469819178083,64.85469819178083
4604,6.2,4.854698191780822,24.854698191780823,44.85469819178083,64.85469819178083
4605,6.6,4.854698191780822,24.854698191780823,44.85469819178083,64.85469819178083
4606,7.1,4.854698191780822,24.854698191780823,44.85469819178083,64.85469819178083
4607,6.5,4.854698191780822,24.854698191780823,44.85469819178083,64.85469819178083
4608,7.2,4.854698191780822,24.854698191780823,44.85469819178083,64.85469819178083
4609,7.0,4.854698191780822,24.854698191780823,44.85469819178083,64.85469819178083
4610,7.3,4.854698191780822,24.854698191780823,44.85469819178083,64.85469819178083
4611,6.8,4.854698191780822,24.854698191780823,44.85469819178083,64.85469819178083
4612,6.9,4.854698191780822,24.854698191780823,44.85469819178083,64.85469819178083
4613,6.0,4.854698191780822,24.854698191780823,44.85469819178083,64.85469819178083
4614,5.5,4.854698191780822,24.854698191780823,44.85469819178083,64.85469819178083
4615,4.9,30.0991287890411,50.0991287890411,70.0991287890411,90.0991287890411
4616,5.2,4.854698191780822,24.854698191780823,44.85469819178083,64.85469819178083
4617,4.8,4.854698191780822,24.854698191780823,44.85469819178083,64.85469819178083
4618,4.7,4.854698191780822,24.854698191780823,44.85469819178083,64.85469819178083
4619,4.7,42.721344087671234,62.721344087671234,82.72134408767124,102.72134408767124
4620,4.7,4.854698191780822,24.854698191780823,44.85469819178083,64.85469819178083
4621,4.6,4.854698191780822,24.854698191780823,44.85469819178083,64.85469819178083
4622,4.7,4.854698191780822,24.854698191780823,44.85469819178083,64.85469819178083
4623,4.7,4.854698191780822,24.854698191780823,44.85469819178083,64.85469819178083
4624,4.3,4.854698191780822,24.854698191780823,44.85469819178083,64.85469819178083
4625,4.2,4.854698191780822,24.854698191780823,44.85469819178083,64.85469819178083
4626,4.1,67.96577468493152,87.96577468493152,107.96577468493152,127.96577468493152
4627,4.2,4.854698191780822,24.854698191780823,44.85469819178083,64.85469819178083
4628,4.4,4.854698191780822,24.854698191780823,44.85469819178083,64.85469819178083
4629,4.6,4.854698191780822,24.854698191780823,44.85469819178083,64.85469819178083
4630,4.9,4.854698191780822,24.854698191780823,44.85469819178083,64.85469819178083
4631,4.5,4.854698191780822,24.854698191780823,44.85469819178083,64.85469819178083
4632,4.0,4.854698191780822,24.854698191780823,44.85469819178083,64.85469819178083
4633,4.4,4.854698191780822,24.854698191780823,44.85469819178083,64.85469819178083
4634,4.2,4.854698191780822,24.854698191780823,44.85469819178083,64.85469819178083
4635,4.2,4.854698191780822,24.854698191780823,44.85469819178083,64.85469819178083
4636,4.3,4.854698191780822,24.854698191780823,44.85469819178083,64.85469819178083
4637,4.2,4.854698191780822,24.854698191780823,44.85469819178083,64.85469819178083
4638,4.3,4.854698191780822,24.854698191780823,44.85469819178083,64.85469819178083
4639,4.3,30.0991287890411,50.0991287890411,70.0991287890411,90.0991287890411
4640,3.9,4.854698191780822,24.854698191780823,44.85469819178083,64.85469819178083
4641,4.2,4.854698191780822,24.854698191780823,44.85469819178083,64.85469819178083
4642,4.2,4.854698191780822,24.854698191780823,44.85469819178083,64.85469819178083
4643,4.2,42.721344087671234,62.721344087671234,82.72134408767124,102.72134408767124
4644,4.3,4.854698191780822,24.854698191780823,44.85469819178083,64.85469819178083
4645,4.3,4.854698191780822,24.854698191780823,44.85469819178083,64.85469819178083
4646,4.1,4.854698191780822,24.854698191780823,44.85469819178083,64.85469819178083
4647,4.2,4.854698191780822,24.854698191780823,44.85469819178083,64.85469819178083
4648,4.2,4.854698191780822,24.854698191780823,44.85469819178083,64.85469819178083
4649,4.1,4.854698191780822,24.854698191780823,44.85469819178083,64.85469819178083
4650,4.2,67.96577468493152,87.96577468493152,107.96577468493152,127.96577468493152
4651,4.2,4.854698191780822,24.854698191780823,44.85469819178083,64.85469819178083
4652,4.4,4.854698191780822,24.854698191780823,44.85469819178083,64.85469819178083
4653,4.3,4.854698191780822,24.854698191780823,44.85469819178083,64.85469819178083
4654,4.2,4.854698191780822,24.854698191780823,44.85469819178083,64.85469819178083
4655,4.4,4.854698191780822,24.854698191780823,44.85469819178083,64.85469819178083
4656,4.0,4.854698191780822,24.854698191780823,44.85469819178083,64.85469819178083
4657,4.1,4.854698191780822,24.854698191780823,44.85469819178083,64.85469819178083
4658,4.4,4.854698191780822,24.854698191780823,44.85469819178083,64.85469819178083
4659,4.4,4.854698191780822,24.854698191780823,44.85469819178083,64.85469819178083
4660,4.8,4.854698191780822,24.854698191780823,44.85469819178083,64.85469819178083
4661,4.7,4.854698191780822,24.854698191780823,44.85469819178083,64.85469819178083
4662,4.6,4.854698191780822,24.854698191780823,44.85469819178083,64.85469819178083
4663,4.3,30.0991287890411,50.0991287890411,70.0991287890411,90.0991287890411
4664,4.3,4.854698191780822,24.854698191780823,44.85469819178083,64.85469819178083
4665,4.4,4.854698191780822,24.854698191780823,44.85469819178083,64.85469819178083
4666,4.2,4.854698191780822,24.854698191780823,44.85469819178083,64.85469819178083
4667,4.3,42.721344087671234,62.721344087671234,82.72134408767124,102.72134408767124
4668,4.4,4.854698191780822,24.854698191780823,44.85469819178083,64.85469819178083
4669,4.4,4.854698191780822,24.854698191780823,44.85469819178083,64.85469819178083
4670,4.4,4.854698191780822,24.854698191780823,44.85469819178083,64.85469819178083
4671,4.4,4.854698191780822,24.854698191780823,44.85469819178083,64.85469819178083
4672,4.5,4.854698191780822,24.854698191780823,44.85469819178083,64.85469819178083
4673,4.4,4.854698191780822,24.854698191780823,44.85469819178083,64.85469819178083
4674,4.4,67.96577468493152,87.96577468493152,107.96577468493152,127.96577468493152
4675,4.6,4.854698191780822,24.854698191780823,44.85469819178083,64.85469819178083
4676,4.7,4.854698191780822,24.854698191780823,44.85469819178083,64.85469819178083
4677,5.0,4.854698191780822,24.854698191780823,44.85469819178083,64.85469819178083
4678,5.1,4.854698191780822,24.854698191780823,44.85469819178083,64.85469819178083
4679,4.9,4.854698191780822,24.854698191780823,44.85469819178083,64.85469819178083
4680,4.7,4.854698191780822,24.854698191780823,44.85469819178083,64.85469819178083
4681,4.8,4.854698191780822,24.854698191780823,44.85469819178083,64.85469819178083
4682,4.7,4.854698191780822,24.854698191780823,44.85469819178083,64.85469819178083
4683,5.3,4.854698191780822,24.854698191780823,44.85469819178083,64.85469819178083
4684,5.7,4.854698191780822,24.854698191780823,44.85469819178083,64.85469819178083
4685,5.9,4.854698191780822,24.854698191780823,44.85469819178083,64.85469819178083
4686,5.9,4.854698191780822,24.854698191780823,44.85469819178083,64.85469819178083
4687,5.4,30.0991287890411,50.0991287890411,70.0991287890411,90.0991287890411
4688,5.2,4.854698191780822,24.854698191780823,44.85469819178083,64.85469819178083
4689,5.1,4.854698191780822,24.854698191780823,44.85469819178083,64.85469819178083
4690,5.1,4.854698191780822,24.854698191780823,44.85469819178083,64.85469819178083
4691,4.9,42.721344087671234,62.721344087671234,82.72134408767124,102.72134408767124
4692,4.8,4.854698191780822,24.854698191780823,44.85469819178083,64.85469819178083
4693,4.7,4.854698191780822,24.854698191780823,44.85469819178083,64.85469819178083
4694,4.4,4.854698191780822,24.854698191780823,44.85469819178083,64.85469819178083
4695,4.4,4.854698191780822,24.854698191780823,44.85469819178083,64.85469819178083
4696,4.4,4.854698191780822,24.854698191780823,44.85469819178083,64.85469819178083
4697,4.4,4.854698191780822,24.854698191780823,44.85469819178083,64.85469819178083
4698,4.4,67.96577468493152,87.96577468493152,107.96577468493152,127.96577468493152
4699,4.5,4.854698191780822,24.854698191780823,44.85469819178083,64.85469819178083
4700,4.4,4.854698191780822,24.854698191780823,44.85469819178083,64.85469819178083
4701,4.5,4.854698191780822,24.854698191780823,44.85469819178083,64.85469819178083
4702,4.5,4.854698191780822,24.854698191780823,44.85469819178083,64.85469819178083
4703,4.7,4.854698191780822,24.854698191780823,44.85469819178083,64.85469819178083
4704,5.1,4.854698191780822,24.854698191780823,44.85469819178083,64.85469819178083
4705,5.2,4.854698191780822,24.854698191780823,44.85469819178083,64.85469819178083
4706,5.6,4.854698191780822,24.854698191780823,44.85469819178083,64.85469819178083
4707,6.2,4.854698191780822,24.854698191780823,44.85469819178083,64.85469819178083
4708,6.8,4.854698191780822,24.854698191780823,44.85469819178083,64.85469819178083
4709,6.7,4.854698191780822,24.854698191780823,44.85469819178083,64.85469819178083
4710,5.9,4.854698191780822,24.854698191780823,44.85469819178083,64.85469819178083
4711,5.3,30.0991287890411,50.0991287890411,70.0991287890411,90.0991287890411
4712,5.3,4.854698191780822,24.854698191780823,44.85469819178083,64.85469819178083
4713,5.2,4.854698191780822,24.854698191780823,44.85469819178083,64.85469819178083
4714,5.4,4.854698191780822,24.854698191780823,44.85469819178083,64.85469819178083
4715,5.3,42.721344087671234,62.721344087671234,82.72134408767124,102.72134408767124
4716,5.4,4.854698191780822,24.854698191780823,44.85469819178083,64.85469819178083
4717,5.8,4.854698191780822,24.854698191780823,44.85469819178083,64.85469819178083
4718,4.7,4.854698191780822,24.854698191780823,44.85469819178083,64.85469819178083
4719,5.1,4.854698191780822,24.854698191780823,44.85469819178083,64.85469819178083
4720,4.6,4.854698191780822,24.854698191780823,44.85469819178083,64.85469819178083
4721,4.4,4.854698191780822,24.854698191780823,44.85469819178083,64.85469819178083
4722,4.2,67.96577468493152,87.96577468493152,107.96577468493152,127.96577468493152
4723,4.4,4.854698191780822,24.854698191780823,44.85469819178083,64.85469819178083
4724,4.5,4.854698191780822,24.854698191780823,44.85469819178083,64.85469819178083
4725,4.5,4.854698191780822,24.854698191780823,44.85469819178083,64.85469819178083
4726,4.8,4.854698191780822,24.854698191780823,44.85469819178083,64.85469819178083
4727,5.0,4.854698191780822,24.854698191780823,44.85469819178083,64.85469819178083
4728,4.9,4.854698191780822,24.854698191780823,44.85469819178083,64.85469819178083
4729,5.4,4.854698191780822,24.854698191780823,44.85469819178083,64.85469819178083
4730,5.7,4.854698191780822,24.854698191780823,44.85469819178083,64.85469819178083
4731,6.0,4.854698191780822,24.854698191780823,44.85469819178083,64.85469819178083
4732,6.9,4.854698191780822,24.854698191780823,44.85469819178083,64.85469819178083
4733,6.7,4.854698191780822,24.854698191780823,44.85469819178083,64.85469819178083
4734,5.6,4.854698191780822,24.854698191780823,44.85469819178083,64.85469819178083
4735,5.1,30.0991287890411,50.0991287890411,70.0991287890411,90.0991287890411
4736,4.6,4.854698191780822,24.854698191780823,44.85469819178083,64.85469819178083
4737,4.5,4.854698191780822,24.854698191780823,44.85469819178083,64.85469819178083
4738,4.5,4.854698191780822,24.854698191780823,44.85469819178083,64.85469819178083
4739,4.6,42.721344087671234,62.721344087671234,82.72134408767124,102.72134408767124
4740,4.6,4.854698191780822,24.854698191780823,44.85469819178083,64.85469819178083
4741,4.5,4.854698191780822,24.854698191780823,44.85469819178083,64.85469819178083
4742,4.3,4.854698191780822,24.854698191780823,44.85469819178083,64.85469819178083
4743,4.3,4.854698191780822,24.854698191780823,44.85469819178083,64.85469819178083
4744,4.4,4.854698191780822,24.854698191780823,44.85469819178083,64.85469819178083
4745,4.5,4.854698191780822,24.854698191780823,44.85469819178083,64.85469819178083
4746,4.4,67.96577468493152,87.96577468493152,107.96577468493152,127.96577468493152
4747,4.2,4.854698191780822,24.854698191780823,44.85469819178083,64.85469819178083
4748,4.4,4.854698191780822,24.854698191780823,44.85469819178083,64.85469819178083
4749,4.3,4.854698191780822,24.854698191780823,44.85469819178083,64.85469819178083
4750,4.2,4.854698191780822,24.854698191780823,44.85469819178083,64.85469819178083
4751,4.1,4.854698191780822,24.854698191780823,44.85469819178083,64.85469819178083
4752,4.0,4.854698191780822,24.854698191780823,44.85469819178083,64.85469819178083
4753,3.9,4.854698191780822,24.854698191780823,44.85469819178083,64.85469819178083
4754,3.8,4.854698191780822,24.854698191780823,44.85469819178083,64.85469819178083
4755,3.9,4.854698191780822,24.854698191780823,44.85469819178083,64.85469819178083
4756,4.1,4.854698191780822,24.854698191780823,44.85469819178083,64.85469819178083
4757,4.1,4.854698191780822,24.854698191780823,44.85469819178083,64.85469819178083
4758,4.2,4.854698191780822,24.854698191780823,44.85469819178083,64.85469819178083
4759,4.3,30.0991287890411,50.0991287890411,70.0991287890411,90.0991287890411
4760,4.2,4.854698191780822,24.854698191780823,44.85469819178083,64.85469819178083
4761,4.3,4.854698191780822,24.854698191780823,44.85469819178083,64.85469819178083
4762,4.4,4.854698191780822,24.854698191780823,44.85469819178083,64.85469819178083
4763,4.4,42.721344087671234,62.721344087671234,82.72134408767124,102.72134408767124
4764,4.4,4.854698191780822,24.854698191780823,44.85469819178083,64.85469819178083
4765,4.4,4.854698191780822,24.854698191780823,44.85469819178083,64.85469819178083
4766,4.2,4.854698191780822,24.854698191780823,44.85469819178083,64.85469819178083
4767,4.3,4.854698191780822,24.854698191780823,44.85469819178083,64.85469819178083
4768,4.3,4.854698191780822,24.854698191780823,44.85469819178083,64.85469819178083
4769,4.4,4.854698191780822,24.854698191780823,44.85469819178083,64.85469819178083
4770,4.4,67.96577468493152,87.96577468493152,107.96577468493152,127.96577468493152
4771,4.5,4.854698191780822,24.854698191780823,44.85469819178083,64.85469819178083
4772,4.4,4.854698191780822,24.854698191780823,44.85469819178083,64.85469819178083
4773,4.5,4.854698191780822,24.854698191780823,44.85469819178083,64.85469819178083
4774,4.3,4.854698191780822,24.854698191780823,44.85469819178083,64.85469819178083
4775,4.1,4.854698191780822,24.854698191780823,44.85469819178083,64.85469819178083
4776,4.0,4.854698191780822,24.854698191780823,44.85469819178083,64.85469819178083
4777,3.9,5.19411595849872,25.19411595849872,45.19411595849872,65.19411595849871
4778,4.0,6.634703007983905,26.634703007983905,46.6347030079839,66.6347030079839
4779,4.4,7.210937827777981,27.210937827777983,47.21093782777798,67.21093782777798
4780,4.7,4.905998548601684,24.905998548601683,44.90599854860169,64.90599854860169
4781,4.4,4.854698191780822,24.854698191780823,44.85469819178083,64.85469819178083
4782,4.4,4.854698191780822,24.854698191780823,44.85469819178083,64.85469819178083
4783,4.1,30.0991287890411,50.0991287890411,70.0991287890411,90.0991287890411
4784,4.1,4.854698191780822,24.854698191780823,44.85469819178083,64.85469819178083
4785,4.1,4.854698191780822,24.854698191780823,44.85469819178083,64.85469819178083
4786,4.2,4.854698191780822,24.854698191780823,44.85469819178083,64.85469819178083
4787,4.2,42.721344087671234,62.721344087671234,82.72134408767124,102.72134408767124
4788,4.2,4.854698191780822,24.854698191780823,44.85469819178083,64.85469819178083
4789,4.1,4.854698191780822,24.854698191780823,44.85469819178083,64.85469819178083
4790,4.1,4.854698191780822,24.854698191780823,44.85469819178083,64.85469819178083
4791,4.2,4.854698191780822,24.854698191780823,44.85469819178083,64.85469819178083
4792,4.2,4.854698191780822,24.854698191780823,44.85469819178083,64.85469819178083
4793,4.2,4.854698191780822,24.854698191780823,44.85469819178083,64.85469819178083
4794,4.3,67.96577468493152,87.96577468493152,107.96577468493152,127.96577468493152
4795,4.3,4.854698191780822,24.854698191780823,44.85469819178083,64.85469819178083
4796,4.3,4.854698191780822,24.854698191780823,44.85469819178083,64.85469819178083
4797,4.3,4.854698191780822,24.854698191780823,44.85469819178083,64.85469819178083
4798,4.3,4.854698191780822,24.854698191780823,44.85469819178083,64.85469819178083
4799,4.0,4.854698191780822,24.854698191780823,44.85469819178083,64.85469819178083
4800,4.0,4.854698191780822,24.854698191780823,44.85469819178083,64.85469819178083
4801,3.9,4.854698191780822,24.854698191780823,44.85469819178083,64.85469819178083
4802,4.0,4.854698191780822,24.854698191780823,44.85469819178083,64.85469819178083
4803,4.1,4.854698191780822,24.854698191780823,44.85469819178083,64.85469819178083
4804,4.6,4.854698191780822,24.854698191780823,44.85469819178083,64.85469819178083
4805,4.4,4.854698191780822,24.854698191780823,44.85469819178083,64.85469819178083
4806,4.3,4.854698191780822,24.854698191780823,44.85469819178083,64.85469819178083
4807,4.2,30.0991287890411,50.0991287890411,70.0991287890411,90.0991287890411
4808,4.1,4.854698191780822,24.854698191780823,44.85469819178083,64.85469819178083
4809,4.0,4.854698191780822,24.854698191780823,44.85469819178083,64.85469819178083
4810,4.0,4.854698191780822,24.854698191780823,44.85469819178083,64.85469819178083
4811,4.1,42.721344087671234,62.721344087671234,82.72134408767124,102.72134408767124
4812,4.0,4.854698191780822,24.854698191780823,44.85469819178083,64.85469819178083
4813,4.0,4.854698191780822,24.854698191780823,44.85469819178083,64.85469819178083
4814,4.0,4.854698191780822,24.854698191780823,44.85469819178083,64.85469819178083
4815,4.0,4.854698191780822,24.854698191780823,44.85469819178083,64.85469819178083
4816,4.0,4.854698191780822,24.854698191780823,44.85469819178083,64.85469819178083
4817,4.0,4.854698191780822,24.854698191780823,44.85469819178083,64.85469819178083
4818,4.0,67.96577468493152,87.96577468493152,107.96577468493152,127.96577468493152
4819,3.9,4.854698191780822,24.854698191780823,44.85469819178083,64.85469819178083
4820,4.1,4.854698191780822,24.854698191780823,44.85469819178083,64.85469819178083
4821,4.1,4.854698191780822,24.854698191780823,44.85469819178083,64.85469819178083
4822,3.9,4.854698191780822,24.854698191780823,44.85469819178083,64.85469819178083
4823,3.7,4.854698191780822,24.854698191780823,44.85469819178083,64.85469819178083
4824,3.5,6.490644303035387,26.49064430303539,46.49064430303539,66.4906443030354
4825,3.6,7.787172647572055,27.787172647572056,47.787172647572056,67.78717264757205
4826,3.8,8.21934876241761,28.21934876241761,48.21934876241761,68.21934876241761
4827,3.9,8.075290057469092,28.07529005746909,48.07529005746909,68.07529005746909
4828,4.0,6.202526893138352,26.20252689313835,46.202526893138355,66.20252689313836
4829,4.1,4.854698191780822,24.854698191780823,44.85469819178083,64.85469819178083
4830,3.8,4.854698191780822,24.854698191780823,44.85469819178083,64.85469819178083
4831,3.8,30.0991287890411,50.0991287890411,70.0991287890411,90.0991287890411
4832,3.8,4.854698191780822,24.854698191780823,44.85469819178083,64.85469819178083
4833,3.8,4.854698191780822,24.854698191780823,44.85469819178083,64.85469819178083
4834,3.9,4.854698191780822,24.854698191780823,44.85469819178083,64.85469819178083
4835,3.8,42.721344087671234,62.721344087671234,82.72134408767124,102.72134408767124
4836,3.8,4.854698191780822,24.854698191780823,44.85469819178083,64.85469819178083
4837,3.6,4.854698191780822,24.854698191780823,44.85469819178083,64.85469819178083
4838,3.8,4.854698191780822,24.854698191780823,44.85469819178083,64.85469819178083
4839,3.7,4.854698191780822,24.854698191780823,44.85469819178083,64.85469819178083
4840,3.8,4.854698191780822,24.854698191780823,44.85469819178083,64.85469819178083
4841,3.8,4.854698191780822,24.854698191780823,44.85469819178083,64.85469819178083
4842,4.0,67.96577468493152,87.96577468493152,107.96577468493152,127.96577468493152
4843,3.9,4.854698191780822,24.854698191780823,44.85469819178083,64.85469819178083
4844,3.9,4.854698191780822,24.854698191780823,44.85469819178083,64.85469819178083
4845,4.1,4.854698191780822,24.854698191780823,44.85469819178083,64.85469819178083
4846,3.9,4.854698191780822,24.854698191780823,44.85469819178083,64.85469819178083
4847,3.7,5.914409483241313,25.914409483241315,45.914409483241315,65.91440948324131
4848,3.5,7.787172647572055,27.787172647572056,47.787172647572056,67.78717264757205
4849,3.5,7.787172647572055,27.787172647572056,47.787172647572056,67.78717264757205
4850,3.3,7.643113942623536,27.643113942623536,47.643113942623536,67.64311394262353
4851,3.3,6.778761712932424,26.778761712932422,46.77876171293242,66.77876171293242
4852,3.4,4.854698191780822,24.854698191780823,44.85469819178083,64.85469819178083
4853,3.3,4.854698191780822,24.854698191780823,44.85469819178083,64.85469819178083
4854,3.5,4.854698191780822,24.854698191780823,44.85469819178083,64.85469819178083
4855,3.6,30.0991287890411,50.0991287890411,70.0991287890411,90.0991287890411
4856,3.5,4.854698191780822,24.854698191780823,44.85469819178083,64.85469819178083
4857,3.6,4.854698191780822,24.854698191780823,44.85469819178083,64.85469819178083
4858,3.7,4.854698191780822,24.854698191780823,44.85469819178083,64.85469819178083
4859,3.6,42.721344087671234,62.721344087671234,82.72134408767124,102.72134408767124
4860,3.7,4.854698191780822,24.854698191780823,44.85469819178083,64.85469819178083
4861,3.5,4.854698191780822,24.854698191780823,44.85469819178083,64.85469819178083
4862,3.4,4.854698191780822,24.854698191780823,44.85469819178083,64.85469819178083
4863,3.4,4.854698191780822,24.854698191780823,44.85469819178083,64.85469819178083
4864,3.5,4.854698191780822,24.854698191780823,44.85469819178083,64.85469819178083
4865,3.5,4.854698191780822,24.854698191780823,44.85469819178083,64.85469819178083
4866,3.7,67.96577468493152,87.96577468493152,107.96577468493152,127.96577468493152
4867,3.7,4.854698191780822,24.854698191780823,44.85469819178083,64.85469819178083
4868,3.6,4.854698191780822,24.854698191780823,44.85469819178083,64.85469819178083
4869,3.5,4.854698191780822,24.854698191780823,44.85469819178083,64.85469819178083
4870,3.5,4.854698191780822,24.854698191780823,44.85469819178083,64.85469819178083
4871,3.4,4.854698191780822,24.854698191780823,44.85469819178083,64.85469819178083
4872,3.2,4.854698191780822,24.854698191780823,44.85469819178083,64.85469819178083
4873,3.2,4.854698191780822,24.854698191780823,44.85469819178083,64.85469819178083
4874,3.2,4.854698191780822,24.854698191780823,44.85469819178083,64.85469819178083
4875,3.1,5.050057253550202,25.0500572535502,45.0500572535502,65.0500572535502
4876,3.2,4.854698191780822,24.854698191780823,44.85469819178083,64.85469819178083
4877,3.1,4.854698191780822,24.854698191780823,44.85469819178083,64.85469819178083
4878,3.1,4.854698191780822,24.854698191780823,44.85469819178083,64.85469819178083
4879,3.2,30.0991287890411,50.0991287890411,70.0991287890411,90.0991287890411
4880,3.2,4.854698191780822,24.854698191780823,44.85469819178083,64.85469819178083
4881,3.4,4.854698191780822,24.854698191780823,44.85469819178083,64.85469819178083
4882,3.5,4.854698191780822,24.854698191780823,44.85469819178083,64.85469819178083
4883,3.6,42.721344087671234,62.721344087671234,82.72134408767124,102.72134408767124
4884,3.7,4.854698191780822,24.854698191780823,44.85469819178083,64.85469819178083
4885,3.6,4.854698191780822,24.854698191780823,44.85469819178083,64.85469819178083
4886,3.6,4.854698191780822,24.854698191780823,44.85469819178083,64.85469819178083
4887,3.5,4.854698191780822,24.854698191780823,44.85469819178083,64.85469819178083
4888,3.6,4.854698191780822,24.854698191780823,44.85469819178083,64.85469819178083
4889,3.9,4.854698191780822,24.854698191780823,44.85469819178083,64.85469819178083
4890,4.0,67.96577468493152,87.96577468493152,107.96577468493152,127.96577468493152
4891,3.9,4.854698191780822,24.854698191780823,44.85469819178083,64.85469819178083
4892,3.9,4.854698191780822,24.854698191780823,44.85469819178083,64.85469819178083
4893,3.9,4.854698191780822,24.854698191780823,44.85469819178083,64.85469819178083
4894,3.7,4.854698191780822,24.854698191780823,44.85469819178083,64.85469819178083
4895,3.7,5.914409483241313,25.914409483241315,45.914409483241315,65.91440948324131
4896,3.5,6.922820417880944,26.922820417880942,46.92282041788094,66.92282041788094
4897,3.4,7.499055237675016,27.499055237675016,47.499055237675016,67.49905523767501
4898,3.7,7.787172647572055,27.787172647572056,47.787172647572056,67.78717264757205
4899,3.6,7.499055237675016,27.499055237675016,47.499055237675016,67.49905523767501
4900,3.8,4.905998548601684,24.905998548601683,44.90599854860169,64.90599854860169
4901,3.8,4.854698191780822,24.854698191780823,44.85469819178083,64.85469819178083
4902,3.5,4.854698191780822,24.854698191780823,44.85469819178083,64.85469819178083
4903,3.5,30.0991287890411,50.0991287890411,70.0991287890411,90.0991287890411
4904,3.5,4.854698191780822,24.854698191780823,44.85469819178083,64.85469819178083
4905,3.6,4.854698191780822,24.854698191780823,44.85469819178083,64.85469819178083
4906,3.6,4.854698191780822,24.854698191780823,44.85469819178083,64.85469819178083
4907,3.7,42.721344087671234,62.721344087671234,82.72134408767124,102.72134408767124
4908,3.7,4.854698191780822,24.854698191780823,44.85469819178083,64.85469819178083
4909,3.7,4.854698191780822,24.854698191780823,44.85469819178083,64.85469819178083
4910,3.6,4.854698191780822,24.854698191780823,44.85469819178083,64.85469819178083
4911,3.5,4.854698191780822,24.854698191780823,44.85469819178083,64.85469819178083
4912,3.5,4.854698191780822,24.854698191780823,44.85469819178083,64.85469819178083
4913,3.5,4.854698191780822,24.854698191780823,44.85469819178083,64.85469819178083
4914,3.6,67.96577468493152,87.96577468493152,107.96577468493152,127.96577468493152
4915,3.7,4.854698191780822,24.854698191780823,44.85469819178083,64.85469819178083
4916,3.7,4.854698191780822,24.854698191780823,44.85469819178083,64.85469819178083
4917,3.6,4.854698191780822,24.854698191780823,44.85469819178083,64.85469819178083
4918,3.7,4.854698191780822,24.854698191780823,44.85469819178083,64.85469819178083
4919,3.5,4.854698191780822,24.854698191780823,44.85469819178083,64.85469819178083
4920,3.4,4.854698191780822,24.854698191780823,44.85469819178083,64.85469819178083
4921,3.4,4.854698191780822,24.854698191780823,44.85469819178083,64.85469819178083
4922,3.2,4.854698191780822,24.854698191780823,44.85469819178083,64.85469819178083
4923,3.3,4.854698191780822,24.854698191780823,44.85469819178083,64.85469819178083
4924,3.2,4.854698191780822,24.854698191780823,44.85469819178083,64.85469819178083
4925,3.0,4.854698191780822,24.854698191780823,44.85469819178083,64.85469819178083
4926,3.2,4.854698191780822,24.854698191780823,44.85469819178083,64.85469819178083
4927,3.3,30.0991287890411,50.0991287890411,70.0991287890411,90.0991287890411
4928,3.4,4.854698191780822,24.854698191780823,44.85469819178083,64.85469819178083
4929,3.4,4.854698191780822,24.854698191780823,44.85469819178083,64.85469819178083
4930,3.6,4.854698191780822,24.854698191780823,44.85469819178083,64.85469819178083
4931,3.6,42.721344087671234,62.721344087671234,82.72134408767124,102.72134408767124
4932,3.6,4.854698191780822,24.854698191780823,44.85469819178083,64.85469819178083
4933,3.5,4.854698191780822,24.854698191780823,44.85469819178083,64.85469819178083
4934,3.5,4.854698191780822,24.854698191780823,44.85469819178083,64.85469819178083
4935,3.6,4.854698191780822,24.854698191780823,44.85469819178083,64.85469819178083
4936,3.6,4.854698191780822,24.854698191780823,44.85469819178083,64.85469819178083
4937,3.6,4.854698191780822,24.854698191780823,44.85469819178083,64.85469819178083
4938,3.6,67.96577468493152,87.96577468493152,107.96577468493152,127.96577468493152
4939,3.8,4.854698191780822,24.854698191780823,44.85469819178083,64.85469819178083
4940,3.8,4.854698191780822,24.854698191780823,44.85469819178083,64.85469819178083
4941,3.9,4.854698191780822,24.854698191780823,44.85469819178083,64.85469819178083
4942,3.7,4.854698191780822,24.854698191780823,44.85469819178083,64.85469819178083
4943,3.5,4.854698191780822,24.854698191780823,44.85469819178083,64.85469819178083
4944,3.4,4.854698191780822,24.854698191780823,44.85469819178083,64.85469819178083
4945,3.3,4.854698191780822,24.854698191780823,44.85469819178083,64.85469819178083
4946,3.2,4.854698191780822,24.854698191780823,44.85469819178083,64.85469819178083
4947,3.3,4.854698191780822,24.854698191780823,44.85469819178083,64.85469819178083
4948,3.3,4.854698191780822,24.854698191780823,44.85469819178083,64.85469819178083
4949,3.2,4.854698191780822,24.854698191780823,44.85469819178083,64.85469819178083
4950,3.5,4.854698191780822,24.854698191780823,44.85469819178083,64.85469819178083
4951,3.6,30.0991287890411,50.0991287890411,70.0991287890411,90.0991287890411
4952,3.7,4.854698191780822,24.854698191780823,44.85469819178083,64.85469819178083
4953,3.7,4.854698191780822,24.854698191780823,44.85469819178083,64.85469819178083
4954,3.7,4.854698191780822,24.854698191780823,44.85469819178083,64.85469819178083
4955,3.7,42.721344087671234,62.721344087671234,82.72134408767124,102.72134408767124
4956,3.7,4.854698191780822,24.854698191780823,44.85469819178083,64.85469819178083
4957,3.6,4.854698191780822,24.854698191780823,44.85469819178083,64.85469819178083
4958,3.5,4.854698191780822,24.854698191780823,44.85469819178083,64.85469819178083
4959,3.6,4.854698191780822,24.854698191780823,44.85469819178083,64.85469819178083
4960,3.7,4.854698191780822,24.854698191780823,44.85469819178083,64.85469819178083
4961,3.7,4.854698191780822,24.854698191780823,44.85469819178083,64.85469819178083
4962,3.8,67.96577468493152,87.96577468493152,107.96577468493152,127.96577468493152
4963,3.9,4.854698191780822,24.854698191780823,44.85469819178083,64.85469819178083
4964,4.0,4.854698191780822,24.854698191780823,44.85469819178083,64.85469819178083
4965,4.0,4.854698191780822,24.854698191780823,44.85469819178083,64.85469819178083
4966,4.1,4.854698191780822,24.854698191780823,44.85469819178083,64.85469819178083
4967,4.5,4.854698191780822,24.854698191780823,44.85469819178083,64.85469819178083
4968,4.3,4.854698191780822,24.854698191780823,44.85469819178083,64.85469819178083
4969,4.4,4.854698191780822,24.854698191780823,44.85469819178083,64.85469819178083
4970,4.7,4.854698191780822,24.854698191780823,44.85469819178083,64.85469819178083
4971,4.9,4.854698191780822,24.854698191780823,44.85469819178083,64.85469819178083
4972,5.4,4.854698191780822,24.854698191780823,44.85469819178083,64.85469819178083
4973,5.7,4.854698191780822,24.854698191780823,44.85469819178083,64.85469819178083
4974,5.7,4.854698191780822,24.854698191780823,44.85469819178083,64.85469819178083
4975,4.8,30.0991287890411,50.0991287890411,70.0991287890411,90.0991287890411
4976,4.5,4.854698191780822,24.854698191780823,44.85469819178083,64.85469819178083
4977,4.3,4.854698191780822,24.854698191780823,44.85469819178083,64.85469819178083
4978,4.3,4.854698191780822,24.854698191780823,44.85469819178083,64.85469819178083
4979,4.2,42.721344087671234,62.721344087671234,82.72134408767124,102.72134408767124
4980,4.0,4.854698191780822,24.854698191780823,44.85469819178083,64.85469819178083
4981,3.9,4.854698191780822,24.854698191780823,44.85469819178083,64.85469819178083
4982,3.8,4.854698191780822,24.854698191780823,44.85469819178083,64.85469819178083
4983,3.6,4.854698191780822,24.854698191780823,44.85469819178083,64.85469819178083
4984,3.9,4.854698191780822,24.854698191780823,44.85469819178083,64.85469819178083
4985,4.5,4.854698191780822,24.854698191780823,44.85469819178083,64.85469819178083
4986,4.4,67.96577468493152,87.96577468493152,107.96577468493152,127.96577468493152
4987,4.3,4.854698191780822,24.854698191780823,44.85469819178083,64.85469819178083
4988,4.3,4.854698191780822,24.854698191780823,44.85469819178083,64.85469819178083
4989,4.4,4.854698191780822,24.854698191780823,44.85469819178083,64.85469819178083
4990,4.5,4.854698191780822,24.854698191780823,44.85469819178083,64.85469819178083
4991,4.5,4.854698191780822,24.854698191780823,44.85469819178083,64.85469819178083
4992,4.2,4.854698191780822,24.854698191780823,44.85469819178083,64.85469819178083
4993,4.3,4.854698191780822,24.854698191780823,44.85469819178083,64.85469819178083
4994,4.8,4.854698191780822,24.854698191780823,44.85469819178083,64.85469819178083
4995,4.9,4.854698191780822,24.854698191780823,44.85469819178083,64.85469819178083
4996,4.7,4.854698191780822,24.854698191780823,44.85469819178083,64.85469819178083
4997,4.8,4.854698191780822,24.854698191780823,44.85469819178083,64.85469819178083
4998,5.4,4.854698191780822,24.854698191780823,44.85469819178083,64.85469819178083
4999,5.1,30.0991287890411,50.0991287890411,70.0991287890411,90.0991287890411
5000,4.2,4.854698191780822,24.854698191780823,44.85469819178083,64.85469819178083
5001,4.1,4.854698191780822,24.854698191780823,44.85469819178083,64.85469819178083
5002,4.2,4.854698191780822,24.854698191780823,44.85469819178083,64.85469819178083
5003,4.0,42.721344087671234,62.721344087671234,82.72134408767124,102.72134408767124
5004,4.1,4.854698191780822,24.854698191780823,44.85469819178083,64.85469819178083
5005,4.3,4.854698191780822,24.854698191780823,44.85469819178083,64.85469819178083
5006,3.9,4.854698191780822,24.854698191780823,44.85469819178083,64.85469819178083
5007,4.0,4.854698191780822,24.854698191780823,44.85469819178083,64.85469819178083
5008,4.0,4.854698191780822,24.854698191780823,44.85469819178083,64.85469819178083
5009,4.0,4.854698191780822,24.854698191780823,44.85469819178083,64.85469819178083
5010,4.0,67.96577468493152,87.96577468493152,107.96577468493152,127.96577468493152
5011,3.9,4.854698191780822,24.854698191780823,44.85469819178083,64.85469819178083
5012,4.0,4.854698191780822,24.854698191780823,44.85469819178083,64.85469819178083
5013,4.2,4.854698191780822,24.854698191780823,44.85469819178083,64.85469819178083
5014,4.5,4.854698191780822,24.854698191780823,44.85469819178083,64.85469819178083
5015,4.8,4.854698191780822,24.854698191780823,44.85469819178083,64.85469819178083
5016,5.1,4.854698191780822,24.854698191780823,44.85469819178083,64.85469819178083
5017,5.8,4.854698191780822,24.854698191780823,44.85469819178083,64.85469819178083
5018,6.1,4.854698191780822,24.854698191780823,44.85469819178083,64.85469819178083
5019,6.4,4.854698191780822,24.854698191780823,44.85469819178083,64.85469819178083
5020,6.7,4.854698191780822,24.854698191780823,44.85469819178083,64.85469819178083
5021,6.3,4.854698191780822,24.854698191780823,44.85469819178083,64.85469819178083
5022,6.0,4.854698191780822,24.854698191780823,44.85469819178083,64.85469819178083
5023,5.2,30.0991287890411,50.0991287890411,70.0991287890411,90.0991287890411
5024,4.6,4.854698191780822,24.854698191780823,44.85469819178083,64.85469819178083
5025,4.3,4.854698191780822,24.854698191780823,44.85469819178083,64.85469819178083
5026,4.2,4.854698191780822,24.854698191780823,44.85469819178083,64.85469819178083
5027,4.3,42.721344087671234,62.721344087671234,82.72134408767124,102.72134408767124
5028,4.8,4.854698191780822,24.854698191780823,44.85469819178083,64.85469819178083
5029,4.9,4.854698191780822,24.854698191780823,44.85469819178083,64.85469819178083
5030,4.6,4.854698191780822,24.854698191780823,44.85469819178083,64.85469819178083
5031,4.4,4.854698191780822,24.854698191780823,44.85469819178083,64.85469819178083
5032,4.4,4.854698191780822,24.854698191780823,44.85469819178083,64.85469819178083
5033,4.4,4.854698191780822,24.854698191780823,44.85469819178083,64.85469819178083
5034,4.4,67.96577468493152,87.96577468493152,107.96577468493152,127.96577468493152
5035,4.2,4.854698191780822,24.854698191780823,44.85469819178083,64.85469819178083
5036,4.4,4.854698191780822,24.854698191780823,44.85469819178083,64.85469819178083
5037,4.5,4.854698191780822,24.854698191780823,44.85469819178083,64.85469819178083
5038,4.7,4.854698191780822,24.854698191780823,44.85469819178083,64.85469819178083
5039,4.8,4.854698191780822,24.854698191780823,44.85469819178083,64.85469819178083
5040,5.0,4.854698191780822,24.854698191780823,44.85469819178083,64.85469819178083
5041,5.2,4.854698191780822,24.854698191780823,44.85469819178083,64.85469819178083
5042,5.5,4.854698191780822,24.854698191780823,44.85469819178083,64.85469819178083
5043,5.5,4.854698191780822,24.854698191780823,44.85469819178083,64.85469819178083
5044,6.0,4.854698191780822,24.854698191780823,44.85469819178083,64.85469819178083
5045,6.2,4.854698191780822,24.854698191780823,44.85469819178083,64.85469819178083
5046,5.8,4.854698191780822,24.854698191780823,44.85469819178083,64.85469819178083
5047,5.2,30.0991287890411,50.0991287890411,70.0991287890411,90.0991287890411
5048,4.9,4.854698191780822,24.854698191780823,44.85469819178083,64.85469819178083
5049,4.7,4.854698191780822,24.854698191780823,44.85469819178083,64.85469819178083
5050,5.3,4.854698191780822,24.854698191780823,44.85469819178083,64.85469819178083
5051,5.1,42.721344087671234,62.721344087671234,82.72134408767124,102.72134408767124
5052,4.6,4.854698191780822,24.854698191780823,44.85469819178083,64.85469819178083
5053,4.5,4.854698191780822,24.854698191780823,44.85469819178083,64.85469819178083
5054,4.4,4.854698191780822,24.854698191780823,44.85469819178083,64.85469819178083
5055,4.2,4.854698191780822,24.854698191780823,44.85469819178083,64.85469819178083
5056,4.3,4.854698191780822,24.854698191780823,44.85469819178083,64.85469819178083
5057,4.3,4.854698191780822,24.854698191780823,44.85469819178083,64.85469819178083
5058,4.4,67.96577468493152,87.96577468493152,107.96577468493152,127.96577468493152
5059,4.4,4.854698191780822,24.854698191780823,44.85469819178083,64.85469819178083
5060,4.8,4.854698191780822,24.854698191780823,44.85469819178083,64.85469819178083
5061,5.2,4.854698191780822,24.854698191780823,44.85469819178083,64.85469819178083
5062,4.7,4.854698191780822,24.854698191780823,44.85469819178083,64.85469819178083
5063,4.8,4.854698191780822,24.854698191780823,44.85469819178083,64.85469819178083
5064,5.3,4.854698191780822,24.854698191780823,44.85469819178083,64.85469819178083
5065,5.6,4.854698191780822,24.854698191780823,44.85469819178083,64.85469819178083
5066,6.2,4.854698191780822,24.854698191780823,44.85469819178083,64.85469819178083
5067,6.3,4.854698191780822,24.854698191780823,44.85469819178083,64.85469819178083
5068,6.6,4.854698191780822,24.854698191780823,44.85469819178083,64.85469819178083
5069,7.3,4.854698191780822,24.854698191780823,44.85469819178083,64.85469819178083
5070,6.0,4.854698191780822,24.854698191780823,44.85469819178083,64.85469819178083
5071,5.1,30.0991287890411,50.0991287890411,70.0991287890411,90.0991287890411
5072,4.8,4.854698191780822,24.854698191780823,44.85469819178083,64.85469819178083
5073,4.6,4.854698191780822,24.854698191780823,44.85469819178083,64.85469819178083
5074,4.7,4.854698191780822,24.854698191780823,44.85469819178083,64.85469819178083
5075,4.6,42.721344087671234,62.721344087671234,82.72134408767124,102.72134408767124
5076,4.4,4.854698191780822,24.854698191780823,44.85469819178083,64.85469819178083
5077,4.4,4.854698191780822,24.854698191780823,44.85469819178083,64.85469819178083
5078,4.4,4.854698191780822,24.854698191780823,44.85469819178083,64.85469819178083
5079,4.8,4.854698191780822,24.854698191780823,44.85469819178083,64.85469819178083
5080,4.3,4.854698191780822,24.854698191780823,44.85469819178083,64.85469819178083
5081,4.0,4.854698191780822,24.854698191780823,44.85469819178083,64.85469819178083
5082,4.0,67.96577468493152,87.96577468493152,107.96577468493152,127.96577468493152
5083,4.0,4.854698191780822,24.854698191780823,44.85469819178083,64.85469819178083
5084,4.3,4.854698191780822,24.854698191780823,44.85469819178083,64.85469819178083
5085,4.9,4.854698191780822,24.854698191780823,44.85469819178083,64.85469819178083
5086,4.6,4.854698191780822,24.854698191780823,44.85469819178083,64.85469819178083
5087,4.5,4.854698191780822,24.854698191780823,44.85469819178083,64.85469819178083
5088,4.6,4.854698191780822,24.854698191780823,44.85469819178083,64.85469819178083
5089,5.1,4.854698191780822,24.854698191780823,44.85469819178083,64.85469819178083
5090,6.2,4.854698191780822,24.854698191780823,44.85469819178083,64.85469819178083
5091,5.9,4.854698191780822,24.854698191780823,44.85469819178083,64.85469819178083
5092,6.0,4.854698191780822,24.854698191780823,44.85469819178083,64.85469819178083
5093,6.0,4.854698191780822,24.854698191780823,44.85469819178083,64.85469819178083
5094,5.7,4.854698191780822,24.854698191780823,44.85469819178083,64.85469819178083
5095,5.1,30.0991287890411,50.0991287890411,70.0991287890411,90.0991287890411
5096,4.6,4.854698191780822,24.854698191780823,44.85469819178083,64.85469819178083
5097,4.3,4.854698191780822,24.854698191780823,44.85469819178083,64.85469819178083
5098,4.3,4.854698191780822,24.854698191780823,44.85469819178083,64.85469819178083
5099,4.0,42.721344087671234,62.721344087671234,82.72134408767124,102.72134408767124
5100,4.5,4.854698191780822,24.854698191780823,44.85469819178083,64.85469819178083
5101,4.6,4.854698191780822,24.854698191780823,44.85469819178083,64.85469819178083
5102,4.0,4.854698191780822,24.854698191780823,44.85469819178083,64.85469819178083
5103,3.9,4.854698191780822,24.854698191780823,44.85469819178083,64.85469819178083
5104,3.9,4.854698191780822,24.854698191780823,44.85469819178083,64.85469819178083
5105,3.9,4.854698191780822,24.854698191780823,44.85469819178083,64.85469819178083
5106,4.1,67.96577468493152,87.96577468493152,107.96577468493152,127.96577468493152
5107,4.0,4.854698191780822,24.854698191780823,44.85469819178083,64.85469819178083
5108,4.1,4.854698191780822,24.854698191780823,44.85469819178083,64.85469819178083
5109,4.2,4.854698191780822,24.854698191780823,44.85469819178083,64.85469819178083
5110,4.1,4.854698191780822,24.854698191780823,44.85469819178083,64.85469819178083
5111,4.5,4.854698191780822,24.854698191780823,44.85469819178083,64.85469819178083
5112,4.0,4.854698191780822,24.854698191780823,44.85469819178083,64.85469819178083
5113,4.7,4.854698191780822,24.854698191780823,44.85469819178083,64.85469819178083
5114,4.8,4.854698191780822,24.854698191780823,44.85469819178083,64.85469819178083
5115,5.1,4.854698191780822,24.854698191780823,44.85469819178083,64.85469819178083
5116,5.7,4.854698191780822,24.854698191780823,44.85469819178083,64.85469819178083
5117,6.5,4.854698191780822,24.854698191780823,44.85469819178083,64.85469819178083
5118,6.9,4.854698191780822,24.854698191780823,44.85469819178083,64.85469819178083
5119,6.3,30.0991287890411,50.0991287890411,70.0991287890411,90.0991287890411
5120,4.6,4.854698191780822,24.854698191780823,44.85469819178083,64.85469819178083
5121,4.3,4.854698191780822,24.854698191780823,44.85469819178083,64.85469819178083
5122,4.3,4.854698191780822,24.854698191780823,44.85469819178083,64.85469819178083
5123,4.1,42.721344087671234,62.721344087671234,82.72134408767124,102.72134408767124
5124,4.2,4.854698191780822,24.854698191780823,44.85469819178083,64.85469819178083
5125,4.1,4.854698191780822,24.854698191780823,44.85469819178083,64.85469819178083
5126,4.0,4.854698191780822,24.854698191780823,44.85469819178083,64.85469819178083
5127,3.8,4.854698191780822,24.854698191780823,44.85469819178083,64.85469819178083
5128,4.0,4.854698191780822,24.854698191780823,44.85469819178083,64.85469819178083
5129,4.1,4.854698191780822,24.854698191780823,44.85469819178083,64.85469819178083
5130,4.0,67.96577468493152,87.96577468493152,107.96577468493152,127.96577468493152
5131,4.1,4.854698191780822,24.854698191780823,44.85469819178083,64.85469819178083
5132,4.2,4.854698191780822,24.854698191780823,44.85469819178083,64.85469819178083
5133,4.0,5.050057253550202,25.0500572535502,45.0500572535502,65.0500572535502
5134,3.9,6.058468188189831,26.05846818818983,46.058468188189835,66.05846818818983
5135,4.1,6.202526893138352,26.20252689313835,46.202526893138355,66.20252689313836
5136,4.1,6.058468188189831,26.05846818818983,46.058468188189835,66.05846818818983
5137,3.5,6.922820417880944,26.922820417880942,46.92282041788094,66.92282041788094
5138,3.6,8.36340746736613,28.36340746736613,48.36340746736613,68.36340746736613
5139,3.7,9.227759697057241,29.22775969705724,49.22775969705724,69.22775969705724
5140,3.7,7.787172647572055,27.787172647572056,47.787172647572056,67.78717264757205
5141,3.8,4.905998548601684,24.905998548601683,44.90599854860169,64.90599854860169
5142,4.6,4.854698191780822,24.854698191780823,44.85469819178083,64.85469819178083
5143,4.3,30.0991287890411,50.0991287890411,70.0991287890411,90.0991287890411
5144,4.0,4.854698191780822,24.854698191780823,44.85469819178083,64.85469819178083
5145,4.1,4.854698191780822,24.854698191780823,44.85469819178083,64.85469819178083
5146,4.3,4.854698191780822,24.854698191780823,44.85469819178083,64.85469819178083
5147,4.2,42.721344087671234,62.721344087671234,82.72134408767124,102.72134408767124
5148,4.2,4.854698191780822,24.854698191780823,44.85469819178083,64.85469819178083
5149,4.0,4.854698191780822,24.854698191780823,44.85469819178083,64.85469819178083
5150,3.9,4.854698191780822,24.854698191780823,44.85469819178083,64.85469819178083
5151,4.3,4.854698191780822,24.854698191780823,44.85469819178083,64.85469819178083
5152,4.4,4.854698191780822,24.854698191780823,44.85469819178083,64.85469819178083
5153,4.4,4.854698191780822,24.854698191780823,44.85469819178083,64.85469819178083
5154,4.1,67.96577468493152,87.96577468493152,107.96577468493152,127.96577468493152
5155,4.1,4.854698191780822,24.854698191780823,44.85469819178083,64.85469819178083
5156,4.1,4.905998548601684,24.905998548601683,44.90599854860169,64.90599854860169
5157,4.1,5.770350778292794,25.770350778292794,45.770350778292794,65.7703507782928
5158,3.9,6.490644303035387,26.49064430303539,46.49064430303539,66.4906443030354
5159,3.8,7.066879122829462,27.066879122829462,47.06687912282946,67.06687912282946
5160,4.1,7.499055237675016,27.499055237675016,47.499055237675016,67.49905523767501
5161,3.5,7.066879122829462,27.066879122829462,47.06687912282946,67.06687912282946
5162,3.3,6.634703007983905,26.634703007983905,46.6347030079839,66.6347030079839
5163,3.6,7.354996532726499,27.3549965327265,47.3549965327265,67.3549965327265
5164,3.7,6.490644303035387,26.49064430303539,46.49064430303539,66.4906443030354
5165,4.4,4.854698191780822,24.854698191780823,44.85469819178083,64.85469819178083
5166,5.1,4.854698191780822,24.854698191780823,44.85469819178083,64.85469819178083
5167,4.8,30.0991287890411,50.0991287890411,70.0991287890411,90.0991287890411
5168,4.8,4.854698191780822,24.854698191780823,44.85469819178083,64.85469819178083
5169,4.5,4.854698191780822,24.854698191780823,44.85469819178083,64.85469819178083
5170,3.9,4.854698191780822,24.854698191780823,44.85469819178083,64.85469819178083
5171,4.0,42.721344087671234,62.721344087671234,82.72134408767124,102.72134408767124
5172,4.0,4.854698191780822,24.854698191780823,44.85469819178083,64.85469819178083
5173,4.0,4.854698191780822,24.854698191780823,44.85469819178083,64.85469819178083
5174,4.1,4.854698191780822,24.854698191780823,44.85469819178083,64.85469819178083
5175,4.0,4.854698191780822,24.854698191780823,44.85469819178083,64.85469819178083
5176,4.1,4.854698191780822,24.854698191780823,44.85469819178083,64.85469819178083
5177,3.9,4.854698191780822,24.854698191780823,44.85469819178083,64.85469819178083
5178,4.0,67.96577468493152,87.96577468493152,107.96577468493152,127.96577468493152
5179,4.1,4.854698191780822,24.854698191780823,44.85469819178083,64.85469819178083
5180,3.9,4.854698191780822,24.854698191780823,44.85469819178083,64.85469819178083
5181,3.9,4.854698191780822,24.854698191780823,44.85469819178083,64.85469819178083
5182,3.8,4.854698191780822,24.854698191780823,44.85469819178083,64.85469819178083
5183,4.1,5.48223336839576,25.48223336839576,45.48223336839576,65.48223336839575
5184,3.8,6.778761712932424,26.778761712932422,46.77876171293242,66.77876171293242
5185,3.6,7.787172647572055,27.787172647572056,47.787172647572056,67.78717264757205
5186,3.2,8.939642287160202,28.939642287160204,48.939642287160204,68.93964228716021
5187,3.3,9.948053221799833,29.94805322179983,49.94805322179983,69.94805322179982
5188,3.9,8.36340746736613,28.36340746736613,48.36340746736613,68.36340746736613
5189,3.5,4.854698191780822,24.854698191780823,44.85469819178083,64.85469819178083
5190,4.1,4.854698191780822,24.854698191780823,44.85469819178083,64.85469819178083
5191,4.4,30.0991287890411,50.0991287890411,70.0991287890411,90.0991287890411
5192,4.2,4.854698191780822,24.854698191780823,44.85469819178083,64.85469819178083
5193,4.3,4.854698191780822,24.854698191780823,44.85469819178083,64.85469819178083
5194,4.6,4.854698191780822,24.854698191780823,44.85469819178083,64.85469819178083
5195,4.9,42.721344087671234,62.721344087671234,82.72134408767124,102.72134408767124
5196,5.0,4.854698191780822,24.854698191780823,44.85469819178083,64.85469819178083
5197,4.9,4.854698191780822,24.854698191780823,44.85469819178083,64.85469819178083
5198,4.7,4.854698191780822,24.854698191780823,44.85469819178083,64.85469819178083
5199,4.4,4.854698191780822,24.854698191780823,44.85469819178083,64.85469819178083
5200,4.3,4.854698191780822,24.854698191780823,44.85469819178083,64.85469819178083
5201,4.2,4.854698191780822,24.854698191780823,44.85469819178083,64.85469819178083
5202,4.3,67.96577468493152,87.96577468493152,107.96577468493152,127.96577468493152
5203,4.5,4.854698191780822,24.854698191780823,44.85469819178083,64.85469819178083
5204,4.4,4.854698191780822,24.854698191780823,44.85469819178083,64.85469819178083
5205,4.3,4.854698191780822,24.854698191780823,44.85469819178083,64.85469819178083
5206,4.4,5.050057253550202,25.0500572535502,45.0500572535502,65.0500572535502
5207,4.3,6.778761712932424,26.778761712932422,46.77876171293242,66.77876171293242
5208,4.6,8.507466172314647,28.507466172314647,48.50746617231465,68.50746617231465
5209,4.7,9.948053221799833,29.94805322179983,49.94805322179983,69.94805322179982
5210,4.9,11.100522861387981,31.10052286138798,51.10052286138798,71.10052286138799
5211,5.1,11.820816386130574,31.820816386130574,51.82081638613057,71.82081638613057
5212,5.5,10.668346746542426,30.668346746542426,50.668346746542426,70.66834674654243
5213,5.6,5.914409483241313,25.914409483241315,45.914409483241315,65.91440948324131
5214,5.4,4.854698191780822,24.854698191780823,44.85469819178083,64.85469819178083
5215,5.1,30.0991287890411,50.0991287890411,70.0991287890411,90.0991287890411
5216,5.2,4.854698191780822,24.854698191780823,44.85469819178083,64.85469819178083
5217,5.1,4.854698191780822,24.854698191780823,44.85469819178083,64.85469819178083
5218,4.8,4.854698191780822,24.854698191780823,44.85469819178083,64.85469819178083
5219,4.7,42.721344087671234,62.721344087671234,82.72134408767124,102.72134408767124
5220,4.6,4.854698191780822,24.854698191780823,44.85469819178083,64.85469819178083
5221,4.4,4.854698191780822,24.854698191780823,44.85469819178083,64.85469819178083
5222,4.3,4.854698191780822,24.854698191780823,44.85469819178083,64.85469819178083
5223,4.3,4.854698191780822,24.854698191780823,44.85469819178083,64.85469819178083
5224,4.2,4.854698191780822,24.854698191780823,44.85469819178083,64.85469819178083
5225,4.2,4.854698191780822,24.854698191780823,44.85469819178083,64.85469819178083
5226,4.2,67.96577468493152,87.96577468493152,107.96577468493152,127.96577468493152
5227,4.1,4.854698191780822,24.854698191780823,44.85469819178083,64.85469819178083
5228,4.4,4.854698191780822,24.854698191780823,44.85469819178083,64.85469819178083
5229,4.5,4.854698191780822,24.854698191780823,44.85469819178083,64.85469819178083
5230,4.6,4.854698191780822,24.854698191780823,44.85469819178083,64.85469819178083
5231,4.5,4.854698191780822,24.854698191780823,44.85469819178083,64.85469819178083
5232,4.8,4.854698191780822,24.854698191780823,44.85469819178083,64.85469819178083
5233,5.0,4.854698191780822,24.854698191780823,44.85469819178083,64.85469819178083
5234,5.3,5.19411595849872,25.19411595849872,45.19411595849872,65.19411595849871
5235,5.8,5.626292073344276,25.626292073344274,45.626292073344274,65.62629207334427
5236,6.7,4.854698191780822,24.854698191780823,44.85469819178083,64.85469819178083
5237,7.0,4.854698191780822,24.854698191780823,44.85469819178083,64.85469819178083
5238,6.6,4.854698191780822,24.854698191780823,44.85469819178083,64.85469819178083
5239,5.4,30.0991287890411,50.0991287890411,70.0991287890411,90.0991287890411
5240,5.1,4.854698191780822,24.854698191780823,44.85469819178083,64.85469819178083
5241,5.0,4.854698191780822,24.854698191780823,44.85469819178083,64.85469819178083
5242,4.9,4.854698191780822,24.854698191780823,44.85469819178083,64.85469819178083
5243,5.0,42.721344087671234,62.721344087671234,82.72134408767124,102.72134408767124
5244,5.1,4.854698191780822,24.854698191780823,44.85469819178083,64.85469819178083
5245,4.9,4.854698191780822,24.854698191780823,44.85469819178083,64.85469819178083
5246,4.6,4.854698191780822,24.854698191780823,44.85469819178083,64.85469819178083
5247,4.7,4.854698191780822,24.854698191780823,44.85469819178083,64.85469819178083
5248,4.6,4.854698191780822,24.854698191780823,44.85469819178083,64.85469819178083
5249,4.6,4.854698191780822,24.854698191780823,44.85469819178083,64.85469819178083
5250,4.7,67.96577468493152,87.96577468493152,107.96577468493152,127.96577468493152
5251,4.9,4.854698191780822,24.854698191780823,44.85469819178083,64.85469819178083
5252,5.2,4.854698191780822,24.854698191780823,44.85469819178083,64.85469819178083
5253,5.1,4.854698191780822,24.854698191780823,44.85469819178083,64.85469819178083
5254,5.4,4.854698191780822,24.854698191780823,44.85469819178083,64.85469819178083
5255,5.5,4.854698191780822,24.854698191780823,44.85469819178083,64.85469819178083
5256,5.3,4.854698191780822,24.854698191780823,44.85469819178083,64.85469819178083
5257,5.2,4.854698191780822,24.854698191780823,44.85469819178083,64.85469819178083
5258,4.9,4.854698191780822,24.854698191780823,44.85469819178083,64.85469819178083
5259,5.1,4.854698191780822,24.854698191780823,44.85469819178083,64.85469819178083
5260,5.7,4.854698191780822,24.854698191780823,44.85469819178083,64.85469819178083
5261,6.5,4.854698191780822,24.854698191780823,44.85469819178083,64.85469819178083
5262,7.1,4.854698191780822,24.854698191780823,44.85469819178083,64.85469819178083
5263,6.0,30.0991287890411,50.0991287890411,70.0991287890411,90.0991287890411
5264,6.0,4.854698191780822,24.854698191780823,44.85469819178083,64.85469819178083
5265,5.3,4.854698191780822,24.854698191780823,44.85469819178083,64.85469819178083
5266,5.3,4.854698191780822,24.854698191780823,44.85469819178083,64.85469819178083
5267,5.1,42.721344087671234,62.721344087671234,82.72134408767124,102.72134408767124
5268,5.1,4.854698191780822,24.854698191780823,44.85469819178083,64.85469819178083
5269,5.0,4.854698191780822,24.854698191780823,44.85469819178083,64.85469819178083
5270,4.9,4.854698191780822,24.854698191780823,44.85469819178083,64.85469819178083
5271,4.7,4.854698191780822,24.854698191780823,44.85469819178083,64.85469819178083
5272,4.6,4.854698191780822,24.854698191780823,44.85469819178083,64.85469819178083
5273,4.8,4.854698191780822,24.854698191780823,44.85469819178083,64.85469819178083
5274,5.0,67.96577468493152,87.96577468493152,107.96577468493152,127.96577468493152
5275,4.8,4.854698191780822,24.854698191780823,44.85469819178083,64.85469819178083
5276,4.9,4.854698191780822,24.854698191780823,44.85469819178083,64.85469819178083
5277,5.2,4.854698191780822,24.854698191780823,44.85469819178083,64.85469819178083
5278,6.0,4.854698191780822,24.854698191780823,44.85469819178083,64.85469819178083
5279,6.4,4.854698191780822,24.854698191780823,44.85469819178083,64.85469819178083
5280,5.9,4.854698191780822,24.854698191780823,44.85469819178083,64.85469819178083
5281,5.9,4.854698191780822,24.854698191780823,44.85469819178083,64.85469819178083
5282,6.5,4.854698191780822,24.854698191780823,44.85469819178083,64.85469819178083
5283,7.2,4.854698191780822,24.854698191780823,44.85469819178083,64.85469819178083
5284,6.8,4.854698191780822,24.854698191780823,44.85469819178083,64.85469819178083
5285,6.9,4.854698191780822,24.854698191780823,44.85469819178083,64.85469819178083
5286,6.8,4.854698191780822,24.854698191780823,44.85469819178083,64.85469819178083
5287,6.6,30.0991287890411,50.0991287890411,70.0991287890411,90.0991287890411
5288,5.6,4.854698191780822,24.854698191780823,44.85469819178083,64.85469819178083
5289,5.3,4.854698191780822,24.854698191780823,44.85469819178083,64.85469819178083
5290,5.6,4.854698191780822,24.854698191780823,44.85469819178083,64.85469819178083
5291,5.3,42.721344087671234,62.721344087671234,82.72134408767124,102.72134408767124
5292,5.0,4.854698191780822,24.854698191780823,44.85469819178083,64.85469819178083
5293,4.8,4.854698191780822,24.854698191780823,44.85469819178083,64.85469819178083
5294,4.5,4.854698191780822,24.854698191780823,44.85469819178083,64.85469819178083
5295,4.5,4.854698191780822,24.854698191780823,44.85469819178083,64.85469819178083
5296,4.7,4.854698191780822,24.854698191780823,44.85469819178083,64.85469819178083
5297,5.0,4.854698191780822,24.854698191780823,44.85469819178083,64.85469819178083
5298,5.0,67.96577468493152,87.96577468493152,107.96577468493152,127.96577468493152
5299,4.5,4.854698191780822,24.854698191780823,44.85469819178083,64.85469819178083
5300,4.5,4.854698191780822,24.854698191780823,44.85469819178083,64.85469819178083
5301,4.6,4.854698191780822,24.854698191780823,44.85469819178083,64.85469819178083
5302,5.1,4.854698191780822,24.854698191780823,44.85469819178083,64.85469819178083
5303,5.4,4.854698191780822,24.854698191780823,44.85469819178083,64.85469819178083
5304,5.0,4.854698191780822,24.854698191780823,44.85469819178083,64.85469819178083
5305,5.0,4.854698191780822,24.854698191780823,44.85469819178083,64.85469819178083
5306,5.2,4.854698191780822,24.854698191780823,44.85469819178083,64.85469819178083
5307,5.1,4.854698191780822,24.854698191780823,44.85469819178083,64.85469819178083
5308,6.0,4.854698191780822,24.854698191780823,44.85469819178083,64.85469819178083
5309,5.8,4.854698191780822,24.854698191780823,44.85469819178083,64.85469819178083
5310,6.1,4.854698191780822,24.854698191780823,44.85469819178083,64.85469819178083
5311,5.8,30.0991287890411,50.0991287890411,70.0991287890411,90.0991287890411
5312,5.4,4.854698191780822,24.854698191780823,44.85469819178083,64.85469819178083
5313,4.7,4.854698191780822,24.854698191780823,44.85469819178083,64.85469819178083
5314,4.7,4.854698191780822,24.854698191780823,44.85469819178083,64.85469819178083
5315,5.4,42.721344087671234,62.721344087671234,82.72134408767124,102.72134408767124
5316,5.3,4.854698191780822,24.854698191780823,44.85469819178083,64.85469819178083
5317,4.9,4.854698191780822,24.854698191780823,44.85469819178083,64.85469819178083
5318,4.7,4.854698191780822,24.854698191780823,44.85469819178083,64.85469819178083
5319,4.8,4.854698191780822,24.854698191780823,44.85469819178083,64.85469819178083
5320,4.7,4.854698191780822,24.854698191780823,44.85469819178083,64.85469819178083
5321,5.0,4.854698191780822,24.854698191780823,44.85469819178083,64.85469819178083
5322,4.8,67.96577468493152,87.96577468493152,107.96577468493152,127.96577468493152
5323,4.7,4.854698191780822,24.854698191780823,44.85469819178083,64.85469819178083
5324,5.1,4.854698191780822,24.854698191780823,44.85469819178083,64.85469819178083
5325,5.1,4.854698191780822,24.854698191780823,44.85469819178083,64.85469819178083
5326,5.1,4.854698191780822,24.854698191780823,44.85469819178083,64.85469819178083
5327,4.7,4.854698191780822,24.854698191780823,44.85469819178083,64.85469819178083
5328,4.3,4.854698191780822,24.854698191780823,44.85469819178083,64.85469819178083
5329,4.3,4.854698191780822,24.854698191780823,44.85469819178083,64.85469819178083
5330,4.7,4.854698191780822,24.854698191780823,44.85469819178083,64.85469819178083
5331,4.7,4.854698191780822,24.854698191780823,44.85469819178083,64.85469819178083
5332,4.6,4.854698191780822,24.854698191780823,44.85469819178083,64.85469819178083
5333,4.8,4.854698191780822,24.854698191780823,44.85469819178083,64.85469819178083
5334,4.9,4.854698191780822,24.854698191780823,44.85469819178083,64.85469819178083
5335,4.5,30.0991287890411,50.0991287890411,70.0991287890411,90.0991287890411
5336,4.8,4.854698191780822,24.854698191780823,44.85469819178083,64.85469819178083
5337,5.3,4.854698191780822,24.854698191780823,44.85469819178083,64.85469819178083
5338,4.8,4.854698191780822,24.854698191780823,44.85469819178083,64.85469819178083
5339,4.7,42.721344087671234,62.721344087671234,82.72134408767124,102.72134408767124
5340,4.7,4.854698191780822,24.854698191780823,44.85469819178083,64.85469819178083
5341,4.6,4.854698191780822,24.854698191780823,44.85469819178083,64.85469819178083
5342,4.5,4.854698191780822,24.854698191780823,44.85469819178083,64.85469819178083
5343,4.4,4.854698191780822,24.854698191780823,44.85469819178083,64.85469819178083
5344,4.4,4.854698191780822,24.854698191780823,44.85469819178083,64.85469819178083
5345,4.5,4.854698191780822,24.854698191780823,44.85469819178083,64.85469819178083
5346,4.5,67.96577468493152,87.96577468493152,107.96577468493152,127.96577468493152
5347,4.4,4.854698191780822,24.854698191780823,44.85469819178083,64.85469819178083
5348,4.6,4.854698191780822,24.854698191780823,44.85469819178083,64.85469819178083
5349,4.6,4.854698191780822,24.854698191780823,44.85469819178083,64.85469819178083
5350,4.9,5.19411595849872,25.19411595849872,45.19411595849872,65.19411595849871
5351,4.0,5.770350778292794,25.770350778292794,45.770350778292794,65.7703507782928
5352,3.8,6.202526893138352,26.20252689313835,46.202526893138355,66.20252689313836
5353,3.9,6.490644303035387,26.49064430303539,46.49064430303539,66.4906443030354
5354,3.8,6.922820417880944,26.922820417880942,46.92282041788094,66.92282041788094
5355,4.0,7.643113942623536,27.643113942623536,47.643113942623536,67.64311394262353
5356,4.2,7.354996532726499,27.3549965327265,47.3549965327265,67.3549965327265
5357,4.2,4.854698191780822,24.854698191780823,44.85469819178083,64.85469819178083
5358,4.7,4.854698191780822,24.854698191780823,44.85469819178083,64.85469819178083
5359,4.8,30.0991287890411,50.0991287890411,70.0991287890411,90.0991287890411
5360,4.9,4.854698191780822,24.854698191780823,44.85469819178083,64.85469819178083
5361,4.6,4.854698191780822,24.854698191780823,44.85469819178083,64.85469819178083
5362,4.6,4.854698191780822,24.854698191780823,44.85469819178083,64.85469819178083
5363,4.7,42.721344087671234,62.721344087671234,82.72134408767124,102.72134408767124
5364,4.7,4.854698191780822,24.854698191780823,44.85469819178083,64.85469819178083
5365,4.5,4.854698191780822,24.854698191780823,44.85469819178083,64.85469819178083
5366,4.5,4.854698191780822,24.854698191780823,44.85469819178083,64.85469819178083
5367,4.5,4.854698191780822,24.854698191780823,44.85469819178083,64.85469819178083
5368,4.6,4.854698191780822,24.854698191780823,44.85469819178083,64.85469819178083
5369,4.6,4.854698191780822,24.854698191780823,44.85469819178083,64.85469819178083
5370,4.6,67.96577468493152,87.96577468493152,107.96577468493152,127.96577468493152
5371,4.8,4.854698191780822,24.854698191780823,44.85469819178083,64.85469819178083
5372,4.8,4.854698191780822,24.854698191780823,44.85469819178083,64.85469819178083
5373,4.9,4.854698191780822,24.854698191780823,44.85469819178083,64.85469819178083
5374,5.1,4.854698191780822,24.854698191780823,44.85469819178083,64.85469819178083
5375,5.0,4.854698191780822,24.854698191780823,44.85469819178083,64.85469819178083
5376,4.5,4.854698191780822,24.854698191780823,44.85469819178083,64.85469819178083
5377,4.5,4.854698191780822,24.854698191780823,44.85469819178083,64.85469819178083
5378,4.2,4.854698191780822,24.854698191780823,44.85469819178083,64.85469819178083
5379,4.6,4.854698191780822,24.854698191780823,44.85469819178083,64.85469819178083
5380,4.7,4.854698191780822,24.854698191780823,44.85469819178083,64.85469819178083
5381,4.8,4.854698191780822,24.854698191780823,44.85469819178083,64.85469819178083
5382,4.7,4.854698191780822,24.854698191780823,44.85469819178083,64.85469819178083
5383,4.6,30.0991287890411,50.0991287890411,70.0991287890411,90.0991287890411
5384,4.8,4.854698191780822,24.854698191780823,44.85469819178083,64.85469819178083
5385,6.0,4.854698191780822,24.854698191780823,44.85469819178083,64.85469819178083
5386,6.5,4.854698191780822,24.854698191780823,44.85469819178083,64.85469819178083
5387,7.1,42.721344087671234,62.721344087671234,82.72134408767124,102.72134408767124
5388,6.4,4.854698191780822,24.854698191780823,44.85469819178083,64.85469819178083
5389,5.2,4.854698191780822,24.854698191780823,44.85469819178083,64.85469819178083
5390,4.9,4.854698191780822,24.854698191780823,44.85469819178083,64.85469819178083
5391,5.0,4.854698191780822,24.854698191780823,44.85469819178083,64.85469819178083
5392,5.1,4.854698191780822,24.854698191780823,44.85469819178083,64.85469819178083
5393,5.7,4.854698191780822,24.854698191780823,44.85469819178083,64.85469819178083
5394,5.4,67.96577468493152,87.96577468493152,107.96577468493152,127.96577468493152
5395,5.0,4.854698191780822,24.854698191780823,44.85469819178083,64.85469819178083
5396,5.0,4.854698191780822,24.854698191780823,44.85469819178083,64.85469819178083
5397,5.0,4.854698191780822,24.854698191780823,44.85469819178083,64.85469819178083
5398,5.1,4.854698191780822,24.854698191780823,44.85469819178083,64.85469819178083
5399,4.7,4.854698191780822,24.854698191780823,44.85469819178083,64.85469819178083
5400,4.4,4.854698191780822,24.854698191780823,44.85469819178083,64.85469819178083
5401,4.3,4.854698191780822,24.854698191780823,44.85469819178083,64.85469819178083
5402,4.4,4.854698191780822,24.854698191780823,44.85469819178083,64.85469819178083
5403,4.7,4.854698191780822,24.854698191780823,44.85469819178083,64.85469819178083
5404,5.0,4.854698191780822,24.854698191780823,44.85469819178083,64.85469819178083
5405,5.3,4.854698191780822,24.854698191780823,44.85469819178083,64.85469819178083
5406,5.6,4.854698191780822,24.854698191780823,44.85469819178083,64.85469819178083
5407,4.8,30.0991287890411,50.0991287890411,70.0991287890411,90.0991287890411
5408,5.3,4.854698191780822,24.854698191780823,44.85469819178083,64.85469819178083
5409,5.3,4.854698191780822,24.854698191780823,44.85469819178083,64.85469819178083
5410,5.5,4.854698191780822,24.854698191780823,44.85469819178083,64.85469819178083
5411,5.6,42.721344087671234,62.721344087671234,82.72134408767124,102.72134408767124
5412,6.3,4.854698191780822,24.854698191780823,44.85469819178083,64.85469819178083
5413,7.0,4.854698191780822,24.854698191780823,44.85469819178083,64.85469819178083
5414,5.8,4.854698191780822,24.854698191780823,44.85469819178083,64.85469819178083
5415,5.7,4.854698191780822,24.854698191780823,44.85469819178083,64.85469819178083
5416,5.6,4.854698191780822,24.854698191780823,44.85469819178083,64.85469819178083
5417,5.4,4.854698191780822,24.854698191780823,44.85469819178083,64.85469819178083
5418,5.2,67.96577468493152,87.96577468493152,107.96577468493152,127.96577468493152
5419,5.5,4.854698191780822,24.854698191780823,44.85469819178083,64.85469819178083
5420,5.8,4.854698191780822,24.854698191780823,44.85469819178083,64.85469819178083
5421,6.0,4.854698191780822,24.854698191780823,44.85469819178083,64.85469819178083
5422,5.5,4.854698191780822,24.854698191780823,44.85469819178083,64.85469819178083
5423,5.5,4.854698191780822,24.854698191780823,44.85469819178083,64.85469819178083
5424,5.9,4.854698191780822,24.854698191780823,44.85469819178083,64.85469819178083
5425,5.5,4.854698191780822,24.854698191780823,44.85469819178083,64.85469819178083
5426,5.2,4.854698191780822,24.854698191780823,44.85469819178083,64.85469819178083
5427,5.0,4.854698191780822,24.854698191780823,44.85469819178083,64.85469819178083
5428,4.9,4.854698191780822,24.854698191780823,44.85469819178083,64.85469819178083
5429,4.7,4.854698191780822,24.854698191780823,44.85469819178083,64.85469819178083
5430,5.3,4.854698191780822,24.854698191780823,44.85469819178083,64.85469819178083
5431,5.2,30.0991287890411,50.0991287890411,70.0991287890411,90.0991287890411
5432,5.5,4.854698191780822,24.854698191780823,44.85469819178083,64.85469819178083
5433,5.1,4.854698191780822,24.854698191780823,44.85469819178083,64.85469819178083
5434,4.9,4.854698191780822,24.854698191780823,44.85469819178083,64.85469819178083
5435,4.7,42.721344087671234,62.721344087671234,82.72134408767124,102.72134408767124
5436,4.9,4.854698191780822,24.854698191780823,44.85469819178083,64.85469819178083
5437,5.1,4.854698191780822,24.854698191780823,44.85469819178083,64.85469819178083
5438,4.8,4.854698191780822,24.854698191780823,44.85469819178083,64.85469819178083
5439,5.1,4.854698191780822,24.854698191780823,44.85469819178083,64.85469819178083
5440,5.1,4.854698191780822,24.854698191780823,44.85469819178083,64.85469819178083
5441,5.7,4.854698191780822,24.854698191780823,44.85469819178083,64.85469819178083
5442,5.5,67.96577468493152,87.96577468493152,107.96577468493152,127.96577468493152
5443,5.7,4.854698191780822,24.854698191780823,44.85469819178083,64.85469819178083
5444,6.2,4.854698191780822,24.854698191780823,44.85469819178083,64.85469819178083
5445,5.5,4.854698191780822,24.854698191780823,44.85469819178083,64.85469819178083
5446,5.3,4.854698191780822,24.854698191780823,44.85469819178083,64.85469819178083
5447,5.5,4.854698191780822,24.854698191780823,44.85469819178083,64.85469819178083
5448,5.6,4.854698191780822,24.854698191780823,44.85469819178083,64.85469819178083
5449,5.1,4.854698191780822,24.854698191780823,44.85469819178083,64.85469819178083
5450,5.4,4.854698191780822,24.854698191780823,44.85469819178083,64.85469819178083
5451,4.8,5.626292073344276,25.626292073344274,45.626292073344274,65.62629207334427
5452,3.2,5.48223336839576,25.48223336839576,45.48223336839576,65.48223336839575
5453,3.3,4.854698191780822,24.854698191780823,44.85469819178083,64.85469819178083
5454,4.7,4.854698191780822,24.854698191780823,44.85469819178083,64.85469819178083
5455,4.6,30.0991287890411,50.0991287890411,70.0991287890411,90.0991287890411
5456,4.8,4.854698191780822,24.854698191780823,44.85469819178083,64.85469819178083
5457,4.9,4.854698191780822,24.854698191780823,44.85469819178083,64.85469819178083
5458,4.8,4.854698191780822,24.854698191780823,44.85469819178083,64.85469819178083
5459,4.8,42.721344087671234,62.721344087671234,82.72134408767124,102.72134408767124
5460,5.1,4.854698191780822,24.854698191780823,44.85469819178083,64.85469819178083
5461,5.3,4.854698191780822,24.854698191780823,44.85469819178083,64.85469819178083
5462,5.6,4.854698191780822,24.854698191780823,44.85469819178083,64.85469819178083
5463,5.6,4.854698191780822,24.854698191780823,44.85469819178083,64.85469819178083
5464,4.7,4.854698191780822,24.854698191780823,44.85469819178083,64.85469819178083
5465,4.7,4.854698191780822,24.854698191780823,44.85469819178083,64.85469819178083
5466,4.8,67.96577468493152,87.96577468493152,107.96577468493152,127.96577468493152
5467,4.9,4.854698191780822,24.854698191780823,44.85469819178083,64.85469819178083
5468,5.0,4.854698191780822,24.854698191780823,44.85469819178083,64.85469819178083
5469,5.1,4.854698191780822,24.854698191780823,44.85469819178083,64.85469819178083
5470,5.2,4.854698191780822,24.854698191780823,44.85469819178083,64.85469819178083
5471,4.7,4.854698191780822,24.854698191780823,44.85469819178083,64.85469819178083
5472,4.8,4.854698191780822,24.854698191780823,44.85469819178083,64.85469819178083
5473,4.7,4.854698191780822,24.854698191780823,44.85469819178083,64.85469819178083
5474,5.0,4.854698191780822,24.854698191780823,44.85469819178083,64.85469819178083
5475,5.1,4.854698191780822,24.854698191780823,44.85469819178083,64.85469819178083
5476,5.7,4.854698191780822,24.854698191780823,44.85469819178083,64.85469819178083
5477,5.8,4.854698191780822,24.854698191780823,44.85469819178083,64.85469819178083
5478,5.7,4.854698191780822,24.854698191780823,44.85469819178083,64.85469819178083
5479,4.9,30.0991287890411,50.0991287890411,70.0991287890411,90.0991287890411
5480,5.0,4.854698191780822,24.854698191780823,44.85469819178083,64.85469819178083
5481,4.8,4.854698191780822,24.854698191780823,44.85469819178083,64.85469819178083
5482,4.7,4.854698191780822,24.854698191780823,44.85469819178083,64.85469819178083
5483,4.7,42.721344087671234,62.721344087671234,82.72134408767124,102.72134408767124
5484,5.1,4.854698191780822,24.854698191780823,44.85469819178083,64.85469819178083
5485,5.0,4.854698191780822,24.854698191780823,44.85469819178083,64.85469819178083
5486,5.4,4.854698191780822,24.854698191780823,44.85469819178083,64.85469819178083
5487,5.6,4.854698191780822,24.854698191780823,44.85469819178083,64.85469819178083
5488,5.2,4.854698191780822,24.854698191780823,44.85469819178083,64.85469819178083
5489,5.4,4.854698191780822,24.854698191780823,44.85469819178083,64.85469819178083
5490,5.5,67.96577468493152,87.96577468493152,107.96577468493152,127.96577468493152
5491,5.6,4.854698191780822,24.854698191780823,44.85469819178083,64.85469819178083
5492,5.5,4.854698191780822,24.854698191780823,44.85469819178083,64.85469819178083
5493,5.5,4.854698191780822,24.854698191780823,44.85469819178083,64.85469819178083
5494,5.7,4.854698191780822,24.854698191780823,44.85469819178083,64.85469819178083
5495,5.4,4.854698191780822,24.854698191780823,44.85469819178083,64.85469819178083
5496,5.1,4.854698191780822,24.854698191780823,44.85469819178083,64.85469819178083
5497,5.0,4.854698191780822,24.854698191780823,44.85469819178083,64.85469819178083
5498,5.0,4.854698191780822,24.854698191780823,44.85469819178083,64.85469819178083
5499,4.9,4.854698191780822,24.854698191780823,44.85469819178083,64.85469819178083
5500,5.2,4.854698191780822,24.854698191780823,44.85469819178083,64.85469819178083
5501,5.5,4.854698191780822,24.854698191780823,44.85469819178083,64.85469819178083
5502,5.9,4.854698191780822,24.854698191780823,44.85469819178083,64.85469819178083
5503,5.1,30.0991287890411,50.0991287890411,70.0991287890411,90.0991287890411
5504,4.5,4.854698191780822,24.854698191780823,44.85469819178083,64.85469819178083
5505,4.5,4.854698191780822,24.854698191780823,44.85469819178083,64.85469819178083
5506,4.8,4.854698191780822,24.854698191780823,44.85469819178083,64.85469819178083
5507,5.1,42.721344087671234,62.721344087671234,82.72134408767124,102.72134408767124
5508,5.3,4.854698191780822,24.854698191780823,44.85469819178083,64.85469819178083
5509,5.4,4.854698191780822,24.854698191780823,44.85469819178083,64.85469819178083
5510,5.6,4.854698191780822,24.854698191780823,44.85469819178083,64.85469819178083
5511,5.9,4.854698191780822,24.854698191780823,44.85469819178083,64.85469819178083
5512,5.8,4.854698191780822,24.854698191780823,44.85469819178083,64.85469819178083
5513,5.5,4.854698191780822,24.854698191780823,44.85469819178083,64.85469819178083
5514,5.2,67.96577468493152,87.96577468493152,107.96577468493152,127.96577468493152
5515,5.4,4.854698191780822,24.854698191780823,44.85469819178083,64.85469819178083
5516,5.1,4.854698191780822,24.854698191780823,44.85469819178083,64.85469819178083
5517,5.3,4.854698191780822,24.854698191780823,44.85469819178083,64.85469819178083
5518,5.7,5.19411595849872,25.19411595849872,45.19411595849872,65.19411595849871
5519,5.4,5.338174663447239,25.33817466344724,45.33817466344724,65.33817466344723
5520,5.0,5.914409483241313,25.914409483241315,45.914409483241315,65.91440948324131
5521,5.3,6.058468188189831,26.05846818818983,46.058468188189835,66.05846818818983
5522,4.9,6.058468188189831,26.05846818818983,46.058468188189835,66.05846818818983
5523,5.2,5.770350778292794,25.770350778292794,45.770350778292794,65.7703507782928
5524,5.1,6.202526893138352,26.20252689313835,46.202526893138355,66.20252689313836
5525,5.1,6.634703007983905,26.634703007983905,46.6347030079839,66.6347030079839
5526,5.5,6.778761712932424,26.778761712932422,46.77876171293242,66.77876171293242
5527,5.0,31.591016195347148,51.59101619534715,71.59101619534715,91.59101619534715
5528,5.4,4.905998548601684,24.905998548601683,44.90599854860169,64.90599854860169
5529,5.8,4.854698191780822,24.854698191780823,44.85469819178083,64.85469819178083
5530,5.7,4.854698191780822,24.854698191780823,44.85469819178083,64.85469819178083
5531,6.1,42.721344087671234,62.721344087671234,82.72134408767124,102.72134408767124
5532,6.3,4.854698191780822,24.854698191780823,44.85469819178083,64.85469819178083
5533,5.8,4.854698191780822,24.854698191780823,44.85469819178083,64.85469819178083
5534,5.7,4.854698191780822,24.854698191780823,44.85469819178083,64.85469819178083
5535,5.5,4.854698191780822,24.854698191780823,44.85469819178083,64.85469819178083
5536,5.6,4.854698191780822,24.854698191780823,44.85469819178083,64.85469819178083
5537,5.3,4.854698191780822,24.854698191780823,44.85469819178083,64.85469819178083
5538,5.2,67.96577468493152,87.96577468493152,107.96577468493152,127.96577468493152
5539,5.9,4.854698191780822,24.854698191780823,44.85469819178083,64.85469819178083
5540,5.3,4.854698191780822,24.854698191780823,44.85469819178083,64.85469819178083
5541,4.9,4.854698191780822,24.854698191780823,44.85469819178083,64.85469819178083
5542,4.7,4.854698191780822,24.854698191780823,44.85469819178083,64.85469819178083
5543,4.4,4.854698191780822,24.854698191780823,44.85469819178083,64.85469819178083
5544,4.4,4.854698191780822,24.854698191780823,44.85469819178083,64.85469819178083
5545,4.5,5.19411595849872,25.19411595849872,45.19411595849872,65.19411595849871
5546,4.3,5.770350778292794,25.770350778292794,45.770350778292794,65.7703507782928
5547,4.0,6.922820417880944,26.922820417880942,46.92282041788094,66.92282041788094
5548,4.0,7.066879122829462,27.066879122829462,47.06687912282946,67.06687912282946
5549,3.7,6.202526893138352,26.20252689313835,46.202526893138355,66.20252689313836
5550,4.3,4.854698191780822,24.854698191780823,44.85469819178083,64.85469819178083
5551,4.5,30.0991287890411,50.0991287890411,70.0991287890411,90.0991287890411
5552,4.3,4.854698191780822,24.854698191780823,44.85469819178083,64.85469819178083
5553,4.9,4.854698191780822,24.854698191780823,44.85469819178083,64.85469819178083
5554,5.3,4.854698191780822,24.854698191780823,44.85469819178083,64.85469819178083
5555,5.2,42.721344087671234,62.721344087671234,82.72134408767124,102.72134408767124
5556,5.1,4.854698191780822,24.854698191780823,44.85469819178083,64.85469819178083
5557,5.3,4.854698191780822,24.854698191780823,44.85469819178083,64.85469819178083
5558,5.6,4.854698191780822,24.854698191780823,44.85469819178083,64.85469819178083
5559,5.3,4.854698191780822,24.854698191780823,44.85469819178083,64.85469819178083
5560,5.1,4.854698191780822,24.854698191780823,44.85469819178083,64.85469819178083
5561,5.3,4.854698191780822,24.854698191780823,44.85469819178083,64.85469819178083
5562,5.0,67.96577468493152,87.96577468493152,107.96577468493152,127.96577468493152
5563,5.2,4.854698191780822,24.854698191780823,44.85469819178083,64.85469819178083
5564,5.0,4.854698191780822,24.854698191780823,44.85469819178083,64.85469819178083
5565,5.0,4.854698191780822,24.854698191780823,44.85469819178083,64.85469819178083
5566,5.5,5.914409483241313,25.914409483241315,45.914409483241315,65.91440948324131
5567,4.8,7.787172647572055,27.787172647572056,47.787172647572056,67.78717264757205
5568,4.5,8.075290057469092,28.07529005746909,48.07529005746909,68.07529005746909
5569,4.3,7.066879122829462,27.066879122829462,47.06687912282946,67.06687912282946
5570,4.5,6.34658559808687,26.346585598086868,46.34658559808687,66.34658559808688
5571,4.6,7.499055237675016,27.499055237675016,47.499055237675016,67.49905523767501
5572,4.5,8.939642287160202,28.939642287160204,48.939642287160204,68.93964228716021
5573,4.3,6.922820417880944,26.922820417880942,46.92282041788094,66.92282041788094
5574,4.3,4.854698191780822,24.854698191780823,44.85469819178083,64.85469819178083
5575,4.8,30.0991287890411,50.0991287890411,70.0991287890411,90.0991287890411
5576,5.3,4.854698191780822,24.854698191780823,44.85469819178083,64.85469819178083
5577,5.2,4.854698191780822,24.854698191780823,44.85469819178083,64.85469819178083
5578,5.3,4.854698191780822,24.854698191780823,44.85469819178083,64.85469819178083
5579,5.7,42.721344087671234,62.721344087671234,82.72134408767124,102.72134408767124
5580,6.4,4.854698191780822,24.854698191780823,44.85469819178083,64.85469819178083
5581,6.6,4.854698191780822,24.854698191780823,44.85469819178083,64.85469819178083
5582,5.5,4.854698191780822,24.854698191780823,44.85469819178083,64.85469819178083
5583,5.9,4.854698191780822,24.854698191780823,44.85469819178083,64.85469819178083
5584,6.2,4.854698191780822,24.854698191780823,44.85469819178083,64.85469819178083
5585,6.3,4.854698191780822,24.854698191780823,44.85469819178083,64.85469819178083
5586,6.2,67.96577468493152,87.96577468493152,107.96577468493152,127.96577468493152
5587,6.2,4.854698191780822,24.854698191780823,44.85469819178083,64.85469819178083
5588,6.1,7.210937827777981,27.210937827777983,47.21093782777798,67.21093782777798
5589,6.4,8.651524877263165,28.651524877263164,48.651524877263164,68.65152487726317
5590,6.4,9.227759697057241,29.22775969705724,49.22775969705724,69.22775969705724
5591,5.2,8.939642287160202,28.939642287160204,48.939642287160204,68.93964228716021
5592,5.5,10.380229336645385,30.380229336645385,50.380229336645385,70.38022933664539
5593,5.5,11.532698976233537,31.532698976233537,51.53269897623353,71.53269897623353
5594,6.1,11.964875091079092,31.964875091079094,51.964875091079094,71.9648750910791
5595,6.2,12.108933796027612,32.108933796027614,52.108933796027614,72.10893379602761
5596,6.2,12.685168615821684,32.68516861582168,52.68516861582168,72.68516861582168
5597,5.9,10.092111926748352,30.092111926748352,50.09211192674835,70.09211192674834
5598,6.1,7.210937827777981,27.210937827777983,47.21093782777798,67.21093782777798
5599,6.8,30.0991287890411,50.0991287890411,70.0991287890411,90.0991287890411
5600,5.9,4.854698191780822,24.854698191780823,44.85469819178083,64.85469819178083
5601,6.2,4.854698191780822,24.854698191780823,44.85469819178083,64.85469819178083
5602,5.9,4.854698191780822,24.854698191780823,44.85469819178083,64.85469819178083
5603,6.2,42.721344087671234,62.721344087671234,82.72134408767124,102.72134408767124
5604,5.9,4.854698191780822,24.854698191780823,44.85469819178083,64.85469819178083
5605,5.8,4.854698191780822,24.854698191780823,44.85469819178083,64.85469819178083
5606,5.7,4.854698191780822,24.854698191780823,44.85469819178083,64.85469819178083
5607,5.9,4.854698191780822,24.854698191780823,44.85469819178083,64.85469819178083
5608,5.9,4.854698191780822,24.854698191780823,44.85469819178083,64.85469819178083
5609,6.4,4.854698191780822,24.854698191780823,44.85469819178083,64.85469819178083
5610,6.0,67.96577468493152,87.96577468493152,107.96577468493152,127.96577468493152
5611,5.8,4.854698191780822,24.854698191780823,44.85469819178083,64.85469819178083
5612,5.9,4.854698191780822,24.854698191780823,44.85469819178083,64.85469819178083
5613,5.5,4.854698191780822,24.854698191780823,44.85469819178083,64.85469819178083
5614,5.2,4.905998548601684,24.905998548601683,44.90599854860169,64.90599854860169
5615,5.2,5.338174663447239,25.33817466344724,45.33817466344724,65.33817466344723
5616,5.9,6.634703007983905,26.634703007983905,46.6347030079839,66.6347030079839
5617,5.7,7.643113942623536,27.643113942623536,47.643113942623536,67.64311394262353
5618,5.9,8.507466172314647,28.507466172314647,48.50746617231465,68.50746617231465
5619,5.4,10.236170631696872,30.236170631696872,50.23617063169687,70.23617063169687
5620,5.7,10.668346746542426,30.668346746542426,50.668346746542426,70.66834674654243
5621,5.6,9.227759697057241,29.22775969705724,49.22775969705724,69.22775969705724
5622,5.7,7.210937827777981,27.210937827777983,47.21093782777798,67.21093782777798
5623,6.1,30.29448785081048,50.294487850810484,70.29448785081048,90.29448785081048
5624,5.2,4.854698191780822,24.854698191780823,44.85469819178083,64.85469819178083
5625,5.3,4.854698191780822,24.854698191780823,44.85469819178083,64.85469819178083
5626,5.0,4.854698191780822,24.854698191780823,44.85469819178083,64.85469819178083
5627,5.2,42.721344087671234,62.721344087671234,82.72134408767124,102.72134408767124
5628,5.2,4.854698191780822,24.854698191780823,44.85469819178083,64.85469819178083
5629,5.4,4.854698191780822,24.854698191780823,44.85469819178083,64.85469819178083
5630,5.0,4.854698191780822,24.854698191780823,44.85469819178083,64.85469819178083
5631,5.3,4.854698191780822,24.854698191780823,44.85469819178083,64.85469819178083
5632,5.4,4.854698191780822,24.854698191780823,44.85469819178083,64.85469819178083
5633,5.7,4.854698191780822,24.854698191780823,44.85469819178083,64.85469819178083
5634,5.4,67.96577468493152,87.96577468493152,107.96577468493152,127.96577468493152
5635,5.4,4.905998548601684,24.905998548601683,44.90599854860169,64.90599854860169
5636,5.6,6.058468188189831,26.05846818818983,46.058468188189835,66.05846818818983
5637,5.4,7.354996532726499,27.3549965327265,47.3549965327265,67.3549965327265
5638,5.5,9.227759697057241,29.22775969705724,49.22775969705724,69.22775969705724
5639,5.9,10.956464156439463,30.956464156439463,50.956464156439466,70.95646415643947
5640,6.3,11.676757681182053,31.676757681182053,51.67675768118205,71.67675768118205
5641,6.3,11.964875091079092,31.964875091079094,51.964875091079094,71.9648750910791
5642,6.6,12.397051205924647,32.39705120592465,52.39705120592465,72.39705120592464
5643,6.4,13.405462140564278,33.40546214056428,53.40546214056428,73.40546214056428
5644,6.7,13.693579550461315,33.693579550461315,53.693579550461315,73.69357955046132
5645,6.3,11.388640271285018,31.38864027128502,51.38864027128502,71.38864027128503
5646,6.8,6.922820417880944,26.922820417880942,46.92282041788094,66.92282041788094
5647,6.6,30.0991287890411,50.0991287890411,70.0991287890411,90.0991287890411
5648,6.6,4.854698191780822,24.854698191780823,44.85469819178083,64.85469819178083
5649,5.5,4.854698191780822,24.854698191780823,44.85469819178083,64.85469819178083
5650,5.8,4.854698191780822,24.854698191780823,44.85469819178083,64.85469819178083
5651,6.0,42.721344087671234,62.721344087671234,82.72134408767124,102.72134408767124
5652,5.4,4.854698191780822,24.854698191780823,44.85469819178083,64.85469819178083
5653,5.3,4.854698191780822,24.854698191780823,44.85469819178083,64.85469819178083
5654,5.3,4.854698191780822,24.854698191780823,44.85469819178083,64.85469819178083
5655,5.9,4.854698191780822,24.854698191780823,44.85469819178083,64.85469819178083
5656,5.8,4.854698191780822,24.854698191780823,44.85469819178083,64.85469819178083
5657,5.5,4.854698191780822,24.854698191780823,44.85469819178083,64.85469819178083
5658,5.5,67.96577468493152,87.96577468493152,107.96577468493152,127.96577468493152
5659,5.8,4.854698191780822,24.854698191780823,44.85469819178083,64.85469819178083
5660,6.1,4.854698191780822,24.854698191780823,44.85469819178083,64.85469819178083
5661,6.3,4.854698191780822,24.854698191780823,44.85469819178083,64.85469819178083
5662,6.4,4.854698191780822,24.854698191780823,44.85469819178083,64.85469819178083
5663,6.3,4.854698191780822,24.854698191780823,44.85469819178083,64.85469819178083
5664,6.6,4.854698191780822,24.854698191780823,44.85469819178083,64.85469819178083
5665,7.1,4.854698191780822,24.854698191780823,44.85469819178083,64.85469819178083
5666,7.0,4.854698191780822,24.854698191780823,44.85469819178083,64.85469819178083
5667,6.9,4.854698191780822,24.854698191780823,44.85469819178083,64.85469819178083
5668,6.9,4.854698191780822,24.854698191780823,44.85469819178083,64.85469819178083
5669,6.7,4.854698191780822,24.854698191780823,44.85469819178083,64.85469819178083
5670,7.5,4.854698191780822,24.854698191780823,44.85469819178083,64.85469819178083
5671,7.4,30.0991287890411,50.0991287890411,70.0991287890411,90.0991287890411
5672,6.1,4.854698191780822,24.854698191780823,44.85469819178083,64.85469819178083
5673,5.5,4.854698191780822,24.854698191780823,44.85469819178083,64.85469819178083
5674,5.8,4.854698191780822,24.854698191780823,44.85469819178083,64.85469819178083
5675,6.2,42.721344087671234,62.721344087671234,82.72134408767124,102.72134408767124
5676,6.0,4.854698191780822,24.854698191780823,44.85469819178083,64.85469819178083
5677,5.8,4.854698191780822,24.854698191780823,44.85469819178083,64.85469819178083
5678,6.3,4.854698191780822,24.854698191780823,44.85469819178083,64.85469819178083
5679,6.6,4.854698191780822,24.854698191780823,44.85469819178083,64.85469819178083
5680,6.2,5.19411595849872,25.19411595849872,45.19411595849872,65.19411595849871
5681,5.7,5.770350778292794,25.770350778292794,45.770350778292794,65.7703507782928
5682,5.7,69.88983820608311,89.88983820608311,109.88983820608311,129.8898382060831
5683,5.7,7.643113942623536,27.643113942623536,47.643113942623536,67.64311394262353
5684,5.8,7.354996532726499,27.3549965327265,47.3549965327265,67.3549965327265
5685,5.9,7.066879122829462,27.066879122829462,47.06687912282946,67.06687912282946
5686,6.1,6.778761712932424,26.778761712932422,46.77876171293242,66.77876171293242
5687,6.0,6.634703007983905,26.634703007983905,46.6347030079839,66.6347030079839
5688,6.8,6.634703007983905,26.634703007983905,46.6347030079839,66.6347030079839
5689,6.2,6.34658559808687,26.346585598086868,46.34658559808687,66.34658559808688
5690,6.3,5.770350778292794,25.770350778292794,45.770350778292794,65.7703507782928
5691,6.2,5.338174663447239,25.33817466344724,45.33817466344724,65.33817466344723
5692,6.1,4.854698191780822,24.854698191780823,44.85469819178083,64.85469819178083
5693,5.9,4.854698191780822,24.854698191780823,44.85469819178083,64.85469819178083
5694,5.5,4.854698191780822,24.854698191780823,44.85469819178083,64.85469819178083
5695,5.8,30.0991287890411,50.0991287890411,70.0991287890411,90.0991287890411
5696,5.6,4.854698191780822,24.854698191780823,44.85469819178083,64.85469819178083
5697,5.6,4.854698191780822,24.854698191780823,44.85469819178083,64.85469819178083
5698,6.0,4.854698191780822,24.854698191780823,44.85469819178083,64.85469819178083
5699,6.3,42.721344087671234,62.721344087671234,82.72134408767124,102.72134408767124
5700,5.6,4.854698191780822,24.854698191780823,44.85469819178083,64.85469819178083
5701,5.8,4.854698191780822,24.854698191780823,44.85469819178083,64.85469819178083
5702,6.0,4.854698191780822,24.854698191780823,44.85469819178083,64.85469819178083
5703,5.6,4.854698191780822,24.854698191780823,44.85469819178083,64.85469819178083
5704,5.3,4.854698191780822,24.854698191780823,44.85469819178083,64.85469819178083
5705,5.5,4.854698191780822,24.854698191780823,44.85469819178083,64.85469819178083
5706,5.4,67.96577468493152,87.96577468493152,107.96577468493152,127.96577468493152
5707,5.6,4.854698191780822,24.854698191780823,44.85469819178083,64.85469819178083
5708,5.5,4.854698191780822,24.854698191780823,44.85469819178083,64.85469819178083
5709,5.8,4.854698191780822,24.854698191780823,44.85469819178083,64.85469819178083
5710,5.3,4.854698191780822,24.854698191780823,44.85469819178083,64.85469819178083
5711,5.3,4.854698191780822,24.854698191780823,44.85469819178083,64.85469819178083
5712,5.0,4.854698191780822,24.854698191780823,44.85469819178083,64.85469819178083
5713,5.0,4.854698191780822,24.854698191780823,44.85469819178083,64.85469819178083
5714,4.9,4.854698191780822,24.854698191780823,44.85469819178083,64.85469819178083
5715,4.8,4.854698191780822,24.854698191780823,44.85469819178083,64.85469819178083
5716,4.7,4.854698191780822,24.854698191780823,44.85469819178083,64.85469819178083
5717,4.4,4.854698191780822,24.854698191780823,44.85469819178083,64.85469819178083
5718,4.4,4.854698191780822,24.854698191780823,44.85469819178083,64.85469819178083
5719,4.6,30.0991287890411,50.0991287890411,70.0991287890411,90.0991287890411
5720,5.1,4.854698191780822,24.854698191780823,44.85469819178083,64.85469819178083
5721,6.0,4.854698191780822,24.854698191780823,44.85469819178083,64.85469819178083
5722,5.6,4.854698191780822,24.854698191780823,44.85469819178083,64.85469819178083
5723,5.7,42.721344087671234,62.721344087671234,82.72134408767124,102.72134408767124
5724,5.8,4.854698191780822,24.854698191780823,44.85469819178083,64.85469819178083
5725,5.7,4.854698191780822,24.854698191780823,44.85469819178083,64.85469819178083
5726,5.6,4.854698191780822,24.854698191780823,44.85469819178083,64.85469819178083
5727,5.5,4.854698191780822,24.854698191780823,44.85469819178083,64.85469819178083
5728,5.4,4.854698191780822,24.854698191780823,44.85469819178083,64.85469819178083
5729,5.9,4.854698191780822,24.854698191780823,44.85469819178083,64.85469819178083
5730,5.2,67.96577468493152,87.96577468493152,107.96577468493152,127.96577468493152
5731,5.3,4.854698191780822,24.854698191780823,44.85469819178083,64.85469819178083
5732,5.6,4.854698191780822,24.854698191780823,44.85469819178083,64.85469819178083
5733,5.5,4.854698191780822,24.854698191780823,44.85469819178083,64.85469819178083
5734,5.1,4.854698191780822,24.854698191780823,44.85469819178083,64.85469819178083
5735,4.9,4.854698191780822,24.854698191780823,44.85469819178083,64.85469819178083
5736,4.6,4.854698191780822,24.854698191780823,44.85469819178083,64.85469819178083
5737,4.5,4.854698191780822,24.854698191780823,44.85469819178083,64.85469819178083
5738,4.6,4.854698191780822,24.854698191780823,44.85469819178083,64.85469819178083
5739,4.5,4.854698191780822,24.854698191780823,44.85469819178083,64.85469819178083
5740,4.7,4.854698191780822,24.854698191780823,44.85469819178083,64.85469819178083
5741,4.9,4.854698191780822,24.854698191780823,44.85469819178083,64.85469819178083
5742,4.6,4.854698191780822,24.854698191780823,44.85469819178083,64.85469819178083
5743,4.7,30.0991287890411,50.0991287890411,70.0991287890411,90.0991287890411
5744,5.1,4.854698191780822,24.854698191780823,44.85469819178083,64.85469819178083
5745,5.6,4.854698191780822,24.854698191780823,44.85469819178083,64.85469819178083
5746,5.7,4.854698191780822,24.854698191780823,44.85469819178083,64.85469819178083
5747,5.4,42.721344087671234,62.721344087671234,82.72134408767124,102.72134408767124
5748,5.6,4.854698191780822,24.854698191780823,44.85469819178083,64.85469819178083
5749,5.7,4.854698191780822,24.854698191780823,44.85469819178083,64.85469819178083
5750,5.3,4.854698191780822,24.854698191780823,44.85469819178083,64.85469819178083
5751,5.2,4.854698191780822,24.854698191780823,44.85469819178083,64.85469819178083
5752,5.4,4.854698191780822,24.854698191780823,44.85469819178083,64.85469819178083
5753,5.8,4.854698191780822,24.854698191780823,44.85469819178083,64.85469819178083
5754,6.4,67.96577468493152,87.96577468493152,107.96577468493152,127.96577468493152
5755,6.4,4.854698191780822,24.854698191780823,44.85469819178083,64.85469819178083
5756,6.8,4.854698191780822,24.854698191780823,44.85469819178083,64.85469819178083
5757,6.2,4.854698191780822,24.854698191780823,44.85469819178083,64.85469819178083
5758,7.1,4.854698191780822,24.854698191780823,44.85469819178083,64.85469819178083
5759,6.2,4.854698191780822,24.854698191780823,44.85469819178083,64.85469819178083
5760,6.0,4.854698191780822,24.854698191780823,44.85469819178083,64.85469819178083
5761,6.2,4.854698191780822,24.854698191780823,44.85469819178083,64.85469819178083
5762,6.1,4.854698191780822,24.854698191780823,44.85469819178083,64.85469819178083
5763,5.9,4.854698191780822,24.854698191780823,44.85469819178083,64.85469819178083
5764,5.8,4.854698191780822,24.854698191780823,44.85469819178083,64.85469819178083
5765,6.4,4.854698191780822,24.854698191780823,44.85469819178083,64.85469819178083
5766,6.5,4.854698191780822,24.854698191780823,44.85469819178083,64.85469819178083
5767,6.6,30.0991287890411,50.0991287890411,70.0991287890411,90.0991287890411
5768,6.7,4.854698191780822,24.854698191780823,44.85469819178083,64.85469819178083
5769,7.0,4.854698191780822,24.854698191780823,44.85469819178083,64.85469819178083
5770,7.7,4.854698191780822,24.854698191780823,44.85469819178083,64.85469819178083
5771,7.8,42.721344087671234,62.721344087671234,82.72134408767124,102.72134408767124
5772,8.1,4.854698191780822,24.854698191780823,44.85469819178083,64.85469819178083
5773,7.8,4.854698191780822,24.854698191780823,44.85469819178083,64.85469819178083
5774,7.5,4.854698191780822,24.854698191780823,44.85469819178083,64.85469819178083
5775,7.4,4.854698191780822,24.854698191780823,44.85469819178083,64.85469819178083
5776,7.4,4.854698191780822,24.854698191780823,44.85469819178083,64.85469819178083
5777,7.7,4.854698191780822,24.854698191780823,44.85469819178083,64.85469819178083
5778,7.6,67.96577468493152,87.96577468493152,107.96577468493152,127.96577468493152
5779,7.0,4.854698191780822,24.854698191780823,44.85469819178083,64.85469819178083
5780,7.0,4.854698191780822,24.854698191780823,44.85469819178083,64.85469819178083
5781,7.6,6.34658559808687,26.346585598086868,46.34658559808687,66.34658559808688
5782,7.9,6.634703007983905,26.634703007983905,46.6347030079839,66.6347030079839
5783,8.9,7.499055237675016,27.499055237675016,47.499055237675016,67.49905523767501
5784,8.6,8.21934876241761,28.21934876241761,48.21934876241761,68.21934876241761
5785,8.8,8.795583582211684,28.795583582211684,48.795583582211684,68.79558358221169
5786,9.0,8.939642287160202,28.939642287160204,48.939642287160204,68.93964228716021
5787,9.5,9.37181840200576,29.371818402005758,49.37181840200576,69.37181840200576
5788,9.8,9.515877106954274,29.515877106954274,49.51587710695428,69.51587710695428
5789,10.1,8.21934876241761,28.21934876241761,48.21934876241761,68.21934876241761
5790,10.7,5.19411595849872,25.19411595849872,45.19411595849872,65.19411595849871
5791,9.9,30.0991287890411,50.0991287890411,70.0991287890411,90.0991287890411
5792,8.9,4.854698191780822,24.854698191780823,44.85469819178083,64.85469819178083
5793,8.1,4.854698191780822,24.854698191780823,44.85469819178083,64.85469819178083
5794,7.5,4.854698191780822,24.854698191780823,44.85469819178083,64.85469819178083
5795,6.9,42.721344087671234,62.721344087671234,82.72134408767124,102.72134408767124
5796,6.2,4.854698191780822,24.854698191780823,44.85469819178083,64.85469819178083
5797,6.0,4.854698191780822,24.854698191780823,44.85469819178083,64.85469819178083
5798,6.4,4.854698191780822,24.854698191780823,44.85469819178083,64.85469819178083
5799,7.0,4.854698191780822,24.854698191780823,44.85469819178083,64.85469819178083
5800,6.7,4.854698191780822,24.854698191780823,44.85469819178083,64.85469819178083
5801,6.5,4.854698191780822,24.854698191780823,44.85469819178083,64.85469819178083
5802,6.7,67.96577468493152,87.96577468493152,107.96577468493152,127.96577468493152
5803,6.8,4.854698191780822,24.854698191780823,44.85469819178083,64.85469819178083
5804,7.0,5.770350778292794,25.770350778292794,45.770350778292794,65.7703507782928
5805,7.0,7.931231352520573,27.931231352520573,47.93123135252057,67.93123135252057
5806,7.3,9.37181840200576,29.371818402005758,49.37181840200576,69.37181840200576
5807,7.8,10.380229336645385,30.380229336645385,50.380229336645385,70.38022933664539
5808,7.8,10.524288041593906,30.524288041593906,50.524288041593906,70.5242880415939
5809,7.8,10.668346746542426,30.668346746542426,50.668346746542426,70.66834674654243
5810,8.0,10.956464156439463,30.956464156439463,50.956464156439466,70.95646415643947
5811,8.2,10.524288041593906,30.524288041593906,50.524288041593906,70.5242880415939
5812,8.3,10.092111926748352,30.092111926748352,50.09211192674835,70.09211192674834
5813,8.8,8.21934876241761,28.21934876241761,48.21934876241761,68.21934876241761
5814,10.3,5.338174663447239,25.33817466344724,45.33817466344724,65.33817466344723
5815,11.1,30.0991287890411,50.0991287890411,70.0991287890411,90.0991287890411
5816,9.2,4.854698191780822,24.854698191780823,44.85469819178083,64.85469819178083
5817,8.7,4.854698191780822,24.854698191780823,44.85469819178083,64.85469819178083
5818,8.5,4.854698191780822,24.854698191780823,44.85469819178083,64.85469819178083
5819,7.8,42.721344087671234,62.721344087671234,82.72134408767124,102.72134408767124
5820,7.8,4.854698191780822,24.854698191780823,44.85469819178083,64.85469819178083
5821,7.4,4.854698191780822,24.854698191780823,44.85469819178083,64.85469819178083
5822,7.5,4.854698191780822,24.854698191780823,44.85469819178083,64.85469819178083
5823,7.7,4.854698191780822,24.854698191780823,44.85469819178083,64.85469819178083
5824,7.1,4.854698191780822,24.854698191780823,44.85469819178083,64.85469819178083
5825,7.1,4.854698191780822,24.854698191780823,44.85469819178083,64.85469819178083
5826,7.0,67.96577468493152,87.96577468493152,107.96577468493152,127.96577468493152
5827,7.1,5.19411595849872,25.19411595849872,45.19411595849872,65.19411595849871
5828,7.7,6.634703007983905,26.634703007983905,46.6347030079839,66.6347030079839
5829,8.1,7.499055237675016,27.499055237675016,47.499055237675016,67.49905523767501
5830,8.7,6.202526893138352,26.20252689313835,46.202526893138355,66.20252689313836
5831,8.7,5.338174663447239,25.33817466344724,45.33817466344724,65.33817466344723
5832,8.5,5.19411595849872,25.19411595849872,45.19411595849872,65.19411595849871
5833,8.7,5.19411595849872,25.19411595849872,45.19411595849872,65.19411595849871
5834,9.6,6.778761712932424,26.778761712932422,46.77876171293242,66.77876171293242
5835,10.5,7.787172647572055,27.787172647572056,47.787172647572056,67.78717264757205
5836,11.0,8.36340746736613,28.36340746736613,48.36340746736613,68.36340746736613
5837,11.5,8.075290057469092,28.07529005746909,48.07529005746909,68.07529005746909
5838,13.0,5.48223336839576,25.48223336839576,45.48223336839576,65.48223336839575
5839,12.1,30.0991287890411,50.0991287890411,70.0991287890411,90.0991287890411
5840,9.5,4.854698191780822,24.854698191780823,44.85469819178083,64.85469819178083
5841,9.6,4.854698191780822,24.854698191780823,44.85469819178083,64.85469819178083
5842,9.4,4.854698191780822,24.854698191780823,44.85469819178083,64.85469819178083
5843,9.2,42.721344087671234,62.721344087671234,82.72134408767124,102.72134408767124
5844,8.3,4.854698191780822,24.854698191780823,44.85469819178083,64.85469819178083
5845,7.6,4.854698191780822,24.854698191780823,44.85469819178083,64.85469819178083
5846,7.5,4.854698191780822,24.854698191780823,44.85469819178083,64.85469819178083
5847,7.4,4.854698191780822,24.854698191780823,44.85469819178083,64.85469819178083
5848,7.6,4.854698191780822,24.854698191780823,44.85469819178083,64.85469819178083
5849,7.8,4.854698191780822,24.854698191780823,44.85469819178083,64.85469819178083
5850,8.0,67.96577468493152,87.96577468493152,107.96577468493152,127.96577468493152
5851,8.3,4.854698191780822,24.854698191780823,44.85469819178083,64.85469819178083
5852,9.0,6.058468188189831,26.05846818818983,46.058468188189835,66.05846818818983
5853,9.5,7.210937827777981,27.210937827777983,47.21093782777798,67.21093782777798
5854,10.1,8.507466172314647,28.507466172314647,48.50746617231465,68.50746617231465
5855,9.2,9.803994516851315,29.803994516851315,49.80399451685132,69.80399451685132
5856,9.0,10.236170631696872,30.236170631696872,50.23617063169687,70.23617063169687
5857,8.9,11.2445815663365,31.2445815663365,51.2445815663365,71.2445815663365
5858,8.5,12.829227320770205,32.8292273207702,52.8292273207702,72.8292273207702
5859,8.5,13.405462140564278,33.40546214056428,53.40546214056428,73.40546214056428
5860,8.9,14.26981437025539,34.26981437025539,54.26981437025539,74.26981437025539
5861,9.5,12.685168615821684,32.68516861582168,52.68516861582168,72.68516861582168
5862,9.2,9.803994516851315,29.803994516851315,49.80399451685132,69.80399451685132
5863,10.4,31.446957490398628,51.44695749039863,71.44695749039863,91.44695749039863
5864,10.2,4.854698191780822,24.854698191780823,44.85469819178083,64.85469819178083
5865,9.6,4.854698191780822,24.854698191780823,44.85469819178083,64.85469819178083
5866,9.2,4.854698191780822,24.854698191780823,44.85469819178083,64.85469819178083
5867,9.3,42.721344087671234,62.721344087671234,82.72134408767124,102.72134408767124
5868,8.6,4.854698191780822,24.854698191780823,44.85469819178083,64.85469819178083
5869,8.4,4.854698191780822,24.854698191780823,44.85469819178083,64.85469819178083
5870,8.3,4.854698191780822,24.854698191780823,44.85469819178083,64.85469819178083
5871,8.2,4.854698191780822,24.854698191780823,44.85469819178083,64.85469819178083
5872,7.9,4.854698191780822,24.854698191780823,44.85469819178083,64.85469819178083
5873,8.1,4.854698191780822,24.854698191780823,44.85469819178083,64.85469819178083
5874,7.3,67.96577468493152,87.96577468493152,107.96577468493152,127.96577468493152
5875,7.7,4.854698191780822,24.854698191780823,44.85469819178083,64.85469819178083
5876,8.6,4.854698191780822,24.854698191780823,44.85469819178083,64.85469819178083
5877,9.7,4.854698191780822,24.854698191780823,44.85469819178083,64.85469819178083
5878,10.8,4.854698191780822,24.854698191780823,44.85469819178083,64.85469819178083
5879,13.0,4.854698191780822,24.854698191780823,44.85469819178083,64.85469819178083
5880,11.0,4.854698191780822,24.854698191780823,44.85469819178083,64.85469819178083
5881,12.1,5.050057253550202,25.0500572535502,45.0500572535502,65.0500572535502
5882,12.0,5.770350778292794,25.770350778292794,45.770350778292794,65.7703507782928
5883,12.1,5.48223336839576,25.48223336839576,45.48223336839576,65.48223336839575
5884,12.3,6.490644303035387,26.49064430303539,46.49064430303539,66.4906443030354
5885,12.6,7.210937827777981,27.210937827777983,47.21093782777798,67.21093782777798
5886,12.8,6.922820417880944,26.922820417880942,46.92282041788094,66.92282041788094
5887,12.3,31.446957490398628,51.44695749039863,71.44695749039863,91.44695749039863
5888,10.0,5.626292073344276,25.626292073344274,45.626292073344274,65.62629207334427
5889,8.4,4.854698191780822,24.854698191780823,44.85469819178083,64.85469819178083
5890,7.1,4.854698191780822,24.854698191780823,44.85469819178083,64.85469819178083
5891,6.9,42.721344087671234,62.721344087671234,82.72134408767124,102.72134408767124
5892,6.7,4.854698191780822,24.854698191780823,44.85469819178083,64.85469819178083
5893,6.9,4.854698191780822,24.854698191780823,44.85469819178083,64.85469819178083
5894,7.2,4.854698191780822,24.854698191780823,44.85469819178083,64.85469819178083
5895,7.0,4.854698191780822,24.854698191780823,44.85469819178083,64.85469819178083
5896,6.7,4.854698191780822,24.854698191780823,44.85469819178083,64.85469819178083
5897,6.8,4.854698191780822,24.854698191780823,44.85469819178083,64.85469819178083
5898,6.9,70.89824914072275,90.89824914072275,110.89824914072275,130.89824914072275
5899,7.4,11.676757681182053,31.676757681182053,51.67675768118205,71.67675768118205
5900,7.8,13.405462140564278,33.40546214056428,53.40546214056428,73.40546214056428
5901,8.1,14.990107894997983,34.99010789499798,54.99010789499798,74.99010789499798
5902,8.0,15.99851882963761,35.99851882963761,55.99851882963761,75.99851882963762
5903,8.6,16.430694944483168,36.430694944483164,56.430694944483164,76.43069494448316
5904,8.7,15.99851882963761,35.99851882963761,55.99851882963761,75.99851882963762
5905,9.2,15.710401419740574,35.71040141974058,55.71040141974058,75.71040141974058
5906,9.3,15.710401419740574,35.71040141974058,55.71040141974058,75.71040141974058
5907,9.4,15.99851882963761,35.99851882963761,55.99851882963761,75.99851882963762
5908,9.4,16.430694944483168,36.430694944483164,56.430694944483164,76.43069494448316
5909,10.1,15.27822530489502,35.27822530489502,55.27822530489502,75.27822530489502
5910,11.0,12.541109910873166,32.54110991087317,52.54110991087317,72.54110991087316
5911,10.3,34.904366409163075,54.904366409163075,74.90436640916307,94.90436640916307
5912,9.7,7.066879122829462,27.066879122829462,47.06687912282946,67.06687912282946
5913,8.3,5.050057253550202,25.0500572535502,45.0500572535502,65.0500572535502
5914,7.5,4.854698191780822,24.854698191780823,44.85469819178083,64.85469819178083
5915,7.3,42.721344087671234,62.721344087671234,82.72134408767124,102.72134408767124
5916,7.6,4.854698191780822,24.854698191780823,44.85469819178083,64.85469819178083
5917,6.8,4.854698191780822,24.854698191780823,44.85469819178083,64.85469819178083
5918,6.6,4.854698191780822,24.854698191780823,44.85469819178083,64.85469819178083
5919,6.9,4.854698191780822,24.854698191780823,44.85469819178083,64.85469819178083
5920,7.5,4.854698191780822,24.854698191780823,44.85469819178083,64.85469819178083
5921,8.7,5.770350778292794,25.770350778292794,45.770350778292794,65.7703507782928
5922,8.6,72.77101230505349,92.77101230505349,112.77101230505349,132.7710123050535
5923,9.0,13.117344730667241,33.11734473066724,53.11734473066724,73.11734473066724
5924,8.7,15.134166599946504,35.134166599946504,55.134166599946504,75.1341665999465
5925,9.0,16.718812354380205,36.718812354380205,56.718812354380205,76.7188123543802
5926,9.8,18.01534069891687,38.01534069891687,58.01534069891687,78.01534069891687
5927,10.3,19.311869043453537,39.31186904345354,59.31186904345354,79.31186904345354
5928,11.9,20.32027997809317,40.32027997809317,60.32027997809317,80.32027997809317
5929,11.6,21.18463220778428,41.184632207784276,61.184632207784276,81.18463220778428
5930,11.6,21.904925732526873,41.90492573252688,61.90492573252688,81.90492573252688
5931,11.4,22.337101847372427,42.33710184737242,62.33710184737242,82.33710184737242
5932,12.1,21.904925732526873,41.90492573252688,61.90492573252688,81.90492573252688
5933,13.0,19.88810386324761,39.88810386324761,59.88810386324761,79.88810386324761
5934,13.9,16.86287105932872,36.862871059328725,56.862871059328725,76.86287105932873
5935,14.4,37.20930568833937,57.20930568833937,77.20930568833937,97.20930568833937
5936,12.2,7.931231352520573,27.931231352520573,47.93123135252057,67.93123135252057
5937,10.8,4.905998548601684,24.905998548601683,44.90599854860169,64.90599854860169
5938,10.0,4.854698191780822,24.854698191780823,44.85469819178083,64.85469819178083
5939,8.8,42.721344087671234,62.721344087671234,82.72134408767124,102.72134408767124
5940,8.0,4.854698191780822,24.854698191780823,44.85469819178083,64.85469819178083
5941,7.7,4.854698191780822,24.854698191780823,44.85469819178083,64.85469819178083
5942,8.0,4.854698191780822,24.854698191780823,44.85469819178083,64.85469819178083
5943,8.5,4.854698191780822,24.854698191780823,44.85469819178083,64.85469819178083
5944,9.0,4.854698191780822,24.854698191780823,44.85469819178083,64.85469819178083
5945,9.5,4.854698191780822,24.854698191780823,44.85469819178083,64.85469819178083
5946,9.3,67.96577468493152,87.96577468493152,107.96577468493152,127.96577468493152
5947,9.8,6.34658559808687,26.346585598086868,46.34658559808687,66.34658559808688
5948,10.4,7.066879122829462,27.066879122829462,47.06687912282946,67.06687912282946
5949,12.0,7.787172647572055,27.787172647572056,47.787172647572056,67.78717264757205
5950,12.8,8.507466172314647,28.507466172314647,48.50746617231465,68.50746617231465
5951,13.6,9.227759697057241,29.22775969705724,49.22775969705724,69.22775969705724
5952,14.1,8.651524877263165,28.651524877263164,48.651524877263164,68.65152487726317
5953,14.2,7.787172647572055,27.787172647572056,47.787172647572056,67.78717264757205
5954,14.5,8.36340746736613,28.36340746736613,48.36340746736613,68.36340746736613
5955,15.8,8.651524877263165,28.651524877263164,48.651524877263164,68.65152487726317
5956,16.4,9.515877106954274,29.515877106954274,49.51587710695428,69.51587710695428
5957,17.4,9.948053221799833,29.94805322179983,49.94805322179983,69.94805322179982
5958,18.9,7.066879122829462,27.066879122829462,47.06687912282946,67.06687912282946
5959,18.3,30.0991287890411,50.0991287890411,70.0991287890411,90.0991287890411
5960,15.7,4.854698191780822,24.854698191780823,44.85469819178083,64.85469819178083
5961,11.8,4.854698191780822,24.854698191780823,44.85469819178083,64.85469819178083
5962,10.2,4.854698191780822,24.854698191780823,44.85469819178083,64.85469819178083
5963,9.6,42.721344087671234,62.721344087671234,82.72134408767124,102.72134408767124
5964,9.0,4.854698191780822,24.854698191780823,44.85469819178083,64.85469819178083
5965,9.3,4.854698191780822,24.854698191780823,44.85469819178083,64.85469819178083
5966,8.6,4.854698191780822,24.854698191780823,44.85469819178083,64.85469819178083
5967,8.9,4.854698191780822,24.854698191780823,44.85469819178083,64.85469819178083
5968,8.8,4.854698191780822,24.854698191780823,44.85469819178083,64.85469819178083
5969,8.3,4.854698191780822,24.854698191780823,44.85469819178083,64.85469819178083
5970,8.4,67.96577468493152,87.96577468493152,107.96577468493152,127.96577468493152
5971,8.8,5.338174663447239,25.33817466344724,45.33817466344724,65.33817466344723
5972,10.0,6.922820417880944,26.922820417880942,46.92282041788094,66.92282041788094
5973,11.3,8.075290057469092,28.07529005746909,48.07529005746909,68.07529005746909
5974,12.3,8.507466172314647,28.507466172314647,48.50746617231465,68.50746617231465
5975,12.1,8.651524877263165,28.651524877263164,48.651524877263164,68.65152487726317
5976,12.3,8.507466172314647,28.507466172314647,48.50746617231465,68.50746617231465
5977,13.3,8.651524877263165,28.651524877263164,48.651524877263164,68.65152487726317
5978,14.1,8.651524877263165,28.651524877263164,48.651524877263164,68.65152487726317
5979,14.1,8.939642287160202,28.939642287160204,48.939642287160204,68.93964228716021
5980,15.0,8.795583582211684,28.795583582211684,48.795583582211684,68.79558358221169
5981,15.1,8.21934876241761,28.21934876241761,48.21934876241761,68.21934876241761
5982,14.7,6.490644303035387,26.49064430303539,46.49064430303539,66.4906443030354
5983,15.4,30.15042914586196,50.15042914586196,70.15042914586196,90.15042914586196
5984,11.8,4.854698191780822,24.854698191780823,44.85469819178083,64.85469819178083
5985,9.8,4.854698191780822,24.854698191780823,44.85469819178083,64.85469819178083
5986,8.7,4.854698191780822,24.854698191780823,44.85469819178083,64.85469819178083
5987,8.3,42.721344087671234,62.721344087671234,82.72134408767124,102.72134408767124
5988,7.8,4.854698191780822,24.854698191780823,44.85469819178083,64.85469819178083
5989,6.7,4.854698191780822,24.854698191780823,44.85469819178083,64.85469819178083
5990,6.9,4.854698191780822,24.854698191780823,44.85469819178083,64.85469819178083
5991,7.2,4.854698191780822,24.854698191780823,44.85469819178083,64.85469819178083
5992,7.1,4.854698191780822,24.854698191780823,44.85469819178083,64.85469819178083
5993,8.2,4.854698191780822,24.854698191780823,44.85469819178083,64.85469819178083
5994,8.3,67.96577468493152,87.96577468493152,107.96577468493152,127.96577468493152
5995,8.6,4.854698191780822,24.854698191780823,44.85469819178083,64.85469819178083
5996,8.8,4.854698191780822,24.854698191780823,44.85469819178083,64.85469819178083
5997,8.3,4.854698191780822,24.854698191780823,44.85469819178083,64.85469819178083
5998,8.2,4.854698191780822,24.854698191780823,44.85469819178083,64.85469819178083
5999,8.2,4.854698191780822,24.854698191780823,44.85469819178083,64.85469819178083
6000,9.3,4.854698191780822,24.854698191780823,44.85469819178083,64.85469819178083
6001,8.7,4.854698191780822,24.854698191780823,44.85469819178083,64.85469819178083
6002,9.3,4.854698191780822,24.854698191780823,44.85469819178083,64.85469819178083
6003,8.9,4.854698191780822,24.854698191780823,44.85469819178083,64.85469819178083
6004,9.4,4.854698191780822,24.854698191780823,44.85469819178083,64.85469819178083
6005,10.4,4.854698191780822,24.854698191780823,44.85469819178083,64.85469819178083
6006,12.2,4.854698191780822,24.854698191780823,44.85469819178083,64.85469819178083
6007,11.2,30.0991287890411,50.0991287890411,70.0991287890411,90.0991287890411
6008,9.8,4.854698191780822,24.854698191780823,44.85469819178083,64.85469819178083
6009,9.0,4.854698191780822,24.854698191780823,44.85469819178083,64.85469819178083
6010,8.8,4.854698191780822,24.854698191780823,44.85469819178083,64.85469819178083
6011,9.0,42.721344087671234,62.721344087671234,82.72134408767124,102.72134408767124
6012,8.2,4.854698191780822,24.854698191780823,44.85469819178083,64.85469819178083
6013,8.3,4.854698191780822,24.854698191780823,44.85469819178083,64.85469819178083
6014,8.9,4.854698191780822,24.854698191780823,44.85469819178083,64.85469819178083
6015,8.0,4.854698191780822,24.854698191780823,44.85469819178083,64.85469819178083
6016,8.5,4.854698191780822,24.854698191780823,44.85469819178083,64.85469819178083
6017,8.3,4.854698191780822,24.854698191780823,44.85469819178083,64.85469819178083
6018,8.6,67.96577468493152,87.96577468493152,107.96577468493152,127.96577468493152
6019,8.8,4.854698191780822,24.854698191780823,44.85469819178083,64.85469819178083
6020,9.0,4.854698191780822,24.854698191780823,44.85469819178083,64.85469819178083
6021,8.8,4.854698191780822,24.854698191780823,44.85469819178083,64.85469819178083
6022,8.7,4.854698191780822,24.854698191780823,44.85469819178083,64.85469819178083
6023,8.9,4.854698191780822,24.854698191780823,44.85469819178083,64.85469819178083
6024,7.9,4.854698191780822,24.854698191780823,44.85469819178083,64.85469819178083
6025,7.9,4.854698191780822,24.854698191780823,44.85469819178083,64.85469819178083
6026,7.4,4.854698191780822,24.854698191780823,44.85469819178083,64.85469819178083
6027,7.2,4.854698191780822,24.854698191780823,44.85469819178083,64.85469819178083
6028,7.3,4.854698191780822,24.854698191780823,44.85469819178083,64.85469819178083
6029,7.6,4.854698191780822,24.854698191780823,44.85469819178083,64.85469819178083
6030,8.4,4.854698191780822,24.854698191780823,44.85469819178083,64.85469819178083
6031,9.6,30.0991287890411,50.0991287890411,70.0991287890411,90.0991287890411
6032,8.4,4.854698191780822,24.854698191780823,44.85469819178083,64.85469819178083
6033,8.4,4.854698191780822,24.854698191780823,44.85469819178083,64.85469819178083
6034,8.3,4.854698191780822,24.854698191780823,44.85469819178083,64.85469819178083
6035,8.2,42.721344087671234,62.721344087671234,82.72134408767124,102.72134408767124
6036,8.1,4.854698191780822,24.854698191780823,44.85469819178083,64.85469819178083
6037,7.7,4.854698191780822,24.854698191780823,44.85469819178083,64.85469819178083
6038,8.1,4.854698191780822,24.854698191780823,44.85469819178083,64.85469819178083
6039,8.0,4.854698191780822,24.854698191780823,44.85469819178083,64.85469819178083
6040,8.0,4.854698191780822,24.854698191780823,44.85469819178083,64.85469819178083
6041,8.2,4.854698191780822,24.854698191780823,44.85469819178083,64.85469819178083
6042,8.9,67.96577468493152,87.96577468493152,107.96577468493152,127.96577468493152
6043,8.7,4.854698191780822,24.854698191780823,44.85469819178083,64.85469819178083
6044,8.8,4.854698191780822,24.854698191780823,44.85469819178083,64.85469819178083
6045,8.3,4.854698191780822,24.854698191780823,44.85469819178083,64.85469819178083
6046,8.2,4.854698191780822,24.854698191780823,44.85469819178083,64.85469819178083
6047,7.9,4.854698191780822,24.854698191780823,44.85469819178083,64.85469819178083
6048,7.8,4.854698191780822,24.854698191780823,44.85469819178083,64.85469819178083
6049,7.6,4.854698191780822,24.854698191780823,44.85469819178083,64.85469819178083
6050,7.6,4.854698191780822,24.854698191780823,44.85469819178083,64.85469819178083
6051,7.6,4.905998548601684,24.905998548601683,44.90599854860169,64.90599854860169
6052,7.5,5.19411595849872,25.19411595849872,45.19411595849872,65.19411595849871
6053,7.7,4.854698191780822,24.854698191780823,44.85469819178083,64.85469819178083
6054,8.3,4.854698191780822,24.854698191780823,44.85469819178083,64.85469819178083
6055,9.2,30.0991287890411,50.0991287890411,70.0991287890411,90.0991287890411
6056,8.8,4.854698191780822,24.854698191780823,44.85469819178083,64.85469819178083
6057,8.6,4.854698191780822,24.854698191780823,44.85469819178083,64.85469819178083
6058,8.9,4.854698191780822,24.854698191780823,44.85469819178083,64.85469819178083
6059,8.3,42.721344087671234,62.721344087671234,82.72134408767124,102.72134408767124
6060,7.6,4.854698191780822,24.854698191780823,44.85469819178083,64.85469819178083
6061,7.8,4.854698191780822,24.854698191780823,44.85469819178083,64.85469819178083
6062,8.1,4.854698191780822,24.854698191780823,44.85469819178083,64.85469819178083
6063,8.4,4.854698191780822,24.854698191780823,44.85469819178083,64.85469819178083
6064,8.2,4.854698191780822,24.854698191780823,44.85469819178083,64.85469819178083
6065,8.2,4.854698191780822,24.854698191780823,44.85469819178083,64.85469819178083
6066,7.9,67.96577468493152,87.96577468493152,107.96577468493152,127.96577468493152
6067,7.8,4.854698191780822,24.854698191780823,44.85469819178083,64.85469819178083
6068,8.0,4.854698191780822,24.854698191780823,44.85469819178083,64.85469819178083
6069,7.8,4.854698191780822,24.854698191780823,44.85469819178083,64.85469819178083
6070,7.6,4.854698191780822,24.854698191780823,44.85469819178083,64.85469819178083
6071,7.1,4.854698191780822,24.854698191780823,44.85469819178083,64.85469819178083
6072,7.0,4.854698191780822,24.854698191780823,44.85469819178083,64.85469819178083
6073,7.3,4.854698191780822,24.854698191780823,44.85469819178083,64.85469819178083
6074,7.5,4.854698191780822,24.854698191780823,44.85469819178083,64.85469819178083
6075,7.5,4.854698191780822,24.854698191780823,44.85469819178083,64.85469819178083
6076,7.6,4.854698191780822,24.854698191780823,44.85469819178083,64.85469819178083
6077,8.0,4.854698191780822,24.854698191780823,44.85469819178083,64.85469819178083
6078,8.1,4.854698191780822,24.854698191780823,44.85469819178083,64.85469819178083
6079,8.4,30.0991287890411,50.0991287890411,70.0991287890411,90.0991287890411
6080,8.8,4.854698191780822,24.854698191780823,44.85469819178083,64.85469819178083
6081,8.1,4.854698191780822,24.854698191780823,44.85469819178083,64.85469819178083
6082,7.6,4.854698191780822,24.854698191780823,44.85469819178083,64.85469819178083
6083,7.7,42.721344087671234,62.721344087671234,82.72134408767124,102.72134408767124
6084,7.7,4.854698191780822,24.854698191780823,44.85469819178083,64.85469819178083
6085,7.7,4.854698191780822,24.854698191780823,44.85469819178083,64.85469819178083
6086,7.6,4.854698191780822,24.854698191780823,44.85469819178083,64.85469819178083
6087,7.6,4.854698191780822,24.854698191780823,44.85469819178083,64.85469819178083
6088,7.3,4.854698191780822,24.854698191780823,44.85469819178083,64.85469819178083
6089,7.3,4.854698191780822,24.854698191780823,44.85469819178083,64.85469819178083
6090,7.9,67.96577468493152,87.96577468493152,107.96577468493152,127.96577468493152
6091,8.5,4.854698191780822,24.854698191780823,44.85469819178083,64.85469819178083
6092,9.0,4.854698191780822,24.854698191780823,44.85469819178083,64.85469819178083
6093,9.0,4.854698191780822,24.854698191780823,44.85469819178083,64.85469819178083
6094,9.0,4.854698191780822,24.854698191780823,44.85469819178083,64.85469819178083
6095,8.7,4.854698191780822,24.854698191780823,44.85469819178083,64.85469819178083
6096,9.1,4.854698191780822,24.854698191780823,44.85469819178083,64.85469819178083
6097,9.6,4.854698191780822,24.854698191780823,44.85469819178083,64.85469819178083
6098,10.8,4.854698191780822,24.854698191780823,44.85469819178083,64.85469819178083
6099,10.8,4.854698191780822,24.854698191780823,44.85469819178083,64.85469819178083
6100,11.5,4.854698191780822,24.854698191780823,44.85469819178083,64.85469819178083
6101,13.1,4.854698191780822,24.854698191780823,44.85469819178083,64.85469819178083
6102,14.0,4.854698191780822,24.854698191780823,44.85469819178083,64.85469819178083
6103,13.6,30.0991287890411,50.0991287890411,70.0991287890411,90.0991287890411
6104,12.5,4.854698191780822,24.854698191780823,44.85469819178083,64.85469819178083
6105,10.3,4.854698191780822,24.854698191780823,44.85469819178083,64.85469819178083
6106,8.7,4.854698191780822,24.854698191780823,44.85469819178083,64.85469819178083
6107,8.3,42.721344087671234,62.721344087671234,82.72134408767124,102.72134408767124
6108,7.6,4.854698191780822,24.854698191780823,44.85469819178083,64.85469819178083
6109,7.6,4.854698191780822,24.854698191780823,44.85469819178083,64.85469819178083
6110,7.1,4.854698191780822,24.854698191780823,44.85469819178083,64.85469819178083
6111,7.5,4.854698191780822,24.854698191780823,44.85469819178083,64.85469819178083
6112,7.0,4.854698191780822,24.854698191780823,44.85469819178083,64.85469819178083
6113,7.4,4.854698191780822,24.854698191780823,44.85469819178083,64.85469819178083
6114,7.7,67.96577468493152,87.96577468493152,107.96577468493152,127.96577468493152
6115,8.4,4.854698191780822,24.854698191780823,44.85469819178083,64.85469819178083
6116,9.4,4.854698191780822,24.854698191780823,44.85469819178083,64.85469819178083
6117,8.9,4.854698191780822,24.854698191780823,44.85469819178083,64.85469819178083
6118,8.9,4.854698191780822,24.854698191780823,44.85469819178083,64.85469819178083
6119,8.9,4.854698191780822,24.854698191780823,44.85469819178083,64.85469819178083
6120,9.5,4.854698191780822,24.854698191780823,44.85469819178083,64.85469819178083
6121,9.4,5.626292073344276,25.626292073344274,45.626292073344274,65.62629207334427
6122,9.6,7.499055237675016,27.499055237675016,47.499055237675016,67.49905523767501
6123,9.2,8.507466172314647,28.507466172314647,48.50746617231465,68.50746617231465
6124,9.1,9.227759697057241,29.22775969705724,49.22775969705724,69.22775969705724
6125,8.7,10.236170631696872,30.236170631696872,50.23617063169687,70.23617063169687
6126,9.7,10.092111926748352,30.092111926748352,50.09211192674835,70.09211192674834
6127,10.0,33.319720654729366,53.319720654729366,73.31972065472937,93.31972065472937
6128,9.4,5.914409483241313,25.914409483241315,45.914409483241315,65.91440948324131
6129,8.9,4.854698191780822,24.854698191780823,44.85469819178083,64.85469819178083
6130,8.8,4.854698191780822,24.854698191780823,44.85469819178083,64.85469819178083
6131,8.9,42.721344087671234,62.721344087671234,82.72134408767124,102.72134408767124
6132,8.1,4.854698191780822,24.854698191780823,44.85469819178083,64.85469819178083
6133,7.8,4.854698191780822,24.854698191780823,44.85469819178083,64.85469819178083
6134,7.8,4.854698191780822,24.854698191780823,44.85469819178083,64.85469819178083
6135,8.0,4.854698191780822,24.854698191780823,44.85469819178083,64.85469819178083
6136,8.0,4.854698191780822,24.854698191780823,44.85469819178083,64.85469819178083
6137,7.6,4.854698191780822,24.854698191780823,44.85469819178083,64.85469819178083
6138,8.0,71.47448396051682,91.47448396051682,111.47448396051682,131.4744839605168
6139,8.7,10.812405451490944,30.812405451490946,50.812405451490946,70.81240545149095
6140,9.2,12.685168615821684,32.68516861582168,52.68516861582168,72.68516861582168
6141,9.2,14.413873075203906,34.41387307520391,54.41387307520391,74.41387307520391
6142,9.6,15.134166599946504,35.134166599946504,55.134166599946504,75.1341665999465
6143,9.4,15.27822530489502,35.27822530489502,55.27822530489502,75.27822530489502
6144,8.6,15.566342714792057,35.56634271479206,55.56634271479206,75.56634271479206
6145,9.1,15.854460124689094,35.8544601246891,55.8544601246891,75.8544601246891
6146,8.9,16.430694944483168,36.430694944483164,56.430694944483164,76.43069494448316
6147,10.0,16.430694944483168,36.430694944483164,56.430694944483164,76.43069494448316
6148,10.7,15.99851882963761,35.99851882963761,55.99851882963761,75.99851882963762
6149,11.3,15.710401419740574,35.71040141974058,55.71040141974058,75.71040141974058
6150,12.4,13.693579550461315,33.693579550461315,53.693579550461315,73.69357955046132
6151,11.4,35.19248381906011,55.19248381906011,75.1924838190601,95.1924838190601
6152,10.5,6.778761712932424,26.778761712932422,46.77876171293242,66.77876171293242
6153,9.6,4.854698191780822,24.854698191780823,44.85469819178083,64.85469819178083
6154,8.9,4.854698191780822,24.854698191780823,44.85469819178083,64.85469819178083
6155,8.0,42.721344087671234,62.721344087671234,82.72134408767124,102.72134408767124
6156,7.1,4.854698191780822,24.854698191780823,44.85469819178083,64.85469819178083
6157,6.3,4.854698191780822,24.854698191780823,44.85469819178083,64.85469819178083
6158,6.4,4.854698191780822,24.854698191780823,44.85469819178083,64.85469819178083
6159,6.7,4.854698191780822,24.854698191780823,44.85469819178083,64.85469819178083
6160,7.5,4.854698191780822,24.854698191780823,44.85469819178083,64.85469819178083
6161,7.2,4.854698191780822,24.854698191780823,44.85469819178083,64.85469819178083
6162,7.5,69.16954468134053,89.16954468134053,109.16954468134053,129.16954468134054
6163,8.1,6.634703007983905,26.634703007983905,46.6347030079839,66.6347030079839
6164,9.1,6.634703007983905,26.634703007983905,46.6347030079839,66.6347030079839
6165,9.4,6.922820417880944,26.922820417880942,46.92282041788094,66.92282041788094
6166,9.3,7.066879122829462,27.066879122829462,47.06687912282946,67.06687912282946
6167,8.5,7.354996532726499,27.3549965327265,47.3549965327265,67.3549965327265
6168,9.2,7.931231352520573,27.931231352520573,47.93123135252057,67.93123135252057
6169,9.1,9.37181840200576,29.371818402005758,49.37181840200576,69.37181840200576
6170,9.2,11.100522861387981,31.10052286138798,51.10052286138798,71.10052286138799
6171,9.7,12.397051205924647,32.39705120592465,52.39705120592465,72.39705120592464
6172,10.1,13.549520845512799,33.5495208455128,53.5495208455128,73.5495208455128
6173,11.5,13.981696960358352,33.98169696035835,53.98169696035835,73.98169696035835
6174,13.7,11.388640271285018,31.38864027128502,51.38864027128502,71.38864027128503
6175,12.4,32.59942712998678,52.59942712998678,72.59942712998678,92.59942712998678
6176,11.1,4.854698191780822,24.854698191780823,44.85469819178083,64.85469819178083
6177,9.8,4.854698191780822,24.854698191780823,44.85469819178083,64.85469819178083
6178,9.0,4.854698191780822,24.854698191780823,44.85469819178083,64.85469819178083
6179,8.9,42.721344087671234,62.721344087671234,82.72134408767124,102.72134408767124
6180,8.1,4.854698191780822,24.854698191780823,44.85469819178083,64.85469819178083
6181,8.7,4.854698191780822,24.854698191780823,44.85469819178083,64.85469819178083
6182,8.7,4.854698191780822,24.854698191780823,44.85469819178083,64.85469819178083
6183,10.1,4.854698191780822,24.854698191780823,44.85469819178083,64.85469819178083
6184,10.0,4.854698191780822,24.854698191780823,44.85469819178083,64.85469819178083
6185,10.1,6.058468188189831,26.05846818818983,46.058468188189835,66.05846818818983
6186,10.3,72.0507187803109,92.0507187803109,112.0507187803109,132.0507187803109
6187,11.7,10.956464156439463,30.956464156439463,50.956464156439466,70.95646415643947
6188,12.2,12.973286025718725,32.97328602571872,52.97328602571872,72.97328602571872
6189,12.8,14.125755665306873,34.12575566530687,54.12575566530687,74.12575566530687
6190,13.3,15.99851882963761,35.99851882963761,55.99851882963761,75.99851882963762
6191,12.7,16.718812354380205,36.718812354380205,56.718812354380205,76.7188123543802
6192,12.4,17.15098846922576,37.15098846922576,57.15098846922576,77.15098846922575
6193,13.0,17.727223289019836,37.72722328901983,57.72722328901983,77.72722328901983
6194,12.5,18.159399403865386,38.159399403865386,58.159399403865386,78.1593994038654
6195,12.0,18.30345810881391,38.30345810881391,58.30345810881391,78.30345810881391
6196,12.0,17.15098846922576,37.15098846922576,57.15098846922576,77.15098846922575
6197,11.9,14.846049190049467,34.84604919004947,54.84604919004947,74.84604919004947
6198,13.3,12.685168615821684,32.68516861582168,52.68516861582168,72.68516861582168
6199,13.4,36.05683604875122,56.05683604875122,76.05683604875122,96.05683604875122
6200,12.0,9.227759697057241,29.22775969705724,49.22775969705724,69.22775969705724
6201,10.9,7.931231352520573,27.931231352520573,47.93123135252057,67.93123135252057
6202,10.6,6.922820417880944,26.922820417880942,46.92282041788094,66.92282041788094
6203,10.8,44.21323149397728,64.21323149397728,84.21323149397728,104.21323149397728
6204,10.5,5.914409483241313,25.914409483241315,45.914409483241315,65.91440948324131
6205,10.4,6.490644303035387,26.49064430303539,46.49064430303539,66.4906443030354
6206,8.9,6.34658559808687,26.346585598086868,46.34658559808687,66.34658559808688
6207,8.1,6.490644303035387,26.49064430303539,46.49064430303539,66.4906443030354
6208,7.9,7.354996532726499,27.3549965327265,47.3549965327265,67.3549965327265
6209,8.6,8.36340746736613,28.36340746736613,48.36340746736613,68.36340746736613
6210,9.4,72.33883619020794,92.33883619020794,112.33883619020794,132.33883619020793
6211,10.2,9.659935811902795,29.659935811902795,49.6599358119028,69.6599358119028
6212,10.4,9.515877106954274,29.515877106954274,49.51587710695428,69.51587710695428
6213,10.3,9.37181840200576,29.371818402005758,49.37181840200576,69.37181840200576
6214,10.7,8.939642287160202,28.939642287160204,48.939642287160204,68.93964228716021
6215,10.5,8.939642287160202,28.939642287160204,48.939642287160204,68.93964228716021
6216,10.4,9.227759697057241,29.22775969705724,49.22775969705724,69.22775969705724
6217,10.3,9.37181840200576,29.371818402005758,49.37181840200576,69.37181840200576
6218,9.8,9.659935811902795,29.659935811902795,49.6599358119028,69.6599358119028
6219,10.2,9.803994516851315,29.803994516851315,49.80399451685132,69.80399451685132
6220,10.7,10.380229336645385,30.380229336645385,50.380229336645385,70.38022933664539
6221,11.8,10.956464156439463,30.956464156439463,50.956464156439466,70.95646415643947
6222,12.4,10.380229336645385,30.380229336645385,50.380229336645385,70.38022933664539
6223,12.4,34.904366409163075,54.904366409163075,74.90436640916307,94.90436640916307
6224,11.5,8.507466172314647,28.507466172314647,48.50746617231465,68.50746617231465
6225,11.0,7.643113942623536,27.643113942623536,47.643113942623536,67.64311394262353
6226,9.5,7.354996532726499,27.3549965327265,47.3549965327265,67.3549965327265
6227,8.8,46.230053363256545,66.23005336325654,86.23005336325654,106.23005336325654
6228,8.4,7.787172647572055,27.787172647572056,47.787172647572056,67.78717264757205
6229,8.2,7.210937827777981,27.210937827777983,47.21093782777798,67.21093782777798
6230,8.1,7.931231352520573,27.931231352520573,47.93123135252057,67.93123135252057
6231,8.0,7.066879122829462,27.066879122829462,47.06687912282946,67.06687912282946
6232,8.0,7.210937827777981,27.210937827777983,47.21093782777798,67.21093782777798
6233,7.6,8.651524877263165,28.651524877263164,48.651524877263164,68.65152487726317
6234,7.6,72.48289489515645,92.48289489515645,112.48289489515645,132.48289489515645
6235,7.9,9.515877106954274,29.515877106954274,49.51587710695428,69.51587710695428
6236,8.1,9.659935811902795,29.659935811902795,49.6599358119028,69.6599358119028
6237,8.3,9.803994516851315,29.803994516851315,49.80399451685132,69.80399451685132
6238,8.4,9.948053221799833,29.94805322179983,49.94805322179983,69.94805322179982
6239,8.2,10.092111926748352,30.092111926748352,50.09211192674835,70.09211192674834
6240,8.9,9.948053221799833,29.94805322179983,49.94805322179983,69.94805322179982
6241,8.9,9.659935811902795,29.659935811902795,49.6599358119028,69.6599358119028
6242,8.7,9.948053221799833,29.94805322179983,49.94805322179983,69.94805322179982
6243,9.1,10.236170631696872,30.236170631696872,50.23617063169687,70.23617063169687
6244,9.7,10.092111926748352,30.092111926748352,50.09211192674835,70.09211192674834
6245,9.8,10.236170631696872,30.236170631696872,50.23617063169687,70.23617063169687
6246,10.1,9.803994516851315,29.803994516851315,49.80399451685132,69.80399451685132
6247,10.9,33.89595547452344,53.89595547452344,73.89595547452345,93.89595547452345
6248,11.2,7.499055237675016,27.499055237675016,47.499055237675016,67.49905523767501
6249,10.2,6.058468188189831,26.05846818818983,46.058468188189835,66.05846818818983
6250,9.4,6.058468188189831,26.05846818818983,46.058468188189835,66.05846818818983
6251,8.8,44.357290198925796,64.3572901989258,84.3572901989258,104.3572901989258
6252,8.6,6.634703007983905,26.634703007983905,46.6347030079839,66.6347030079839
6253,8.4,5.914409483241313,25.914409483241315,45.914409483241315,65.91440948324131
6254,8.0,6.202526893138352,26.20252689313835,46.202526893138355,66.20252689313836
6255,8.9,6.490644303035387,26.49064430303539,46.49064430303539,66.4906443030354
6256,9.7,6.922820417880944,26.922820417880942,46.92282041788094,66.92282041788094
6257,9.0,8.075290057469092,28.07529005746909,48.07529005746909,68.07529005746909
6258,9.6,72.19477748525942,92.19477748525942,112.19477748525942,132.1947774852594
6259,11.1,9.515877106954274,29.515877106954274,49.51587710695428,69.51587710695428
6260,11.8,9.515877106954274,29.515877106954274,49.51587710695428,69.51587710695428
6261,11.3,9.803994516851315,29.803994516851315,49.80399451685132,69.80399451685132
6262,11.9,10.092111926748352,30.092111926748352,50.09211192674835,70.09211192674834
6263,12.8,10.380229336645385,30.380229336645385,50.380229336645385,70.38022933664539
6264,13.5,11.2445815663365,31.2445815663365,51.2445815663365,71.2445815663365
6265,13.4,12.108933796027612,32.108933796027614,52.108933796027614,72.10893379602761
6266,13.4,12.252992500976127,32.25299250097613,52.25299250097613,72.25299250097612
6267,12.1,12.252992500976127,32.25299250097613,52.25299250097613,72.25299250097612
6268,12.8,12.973286025718725,32.97328602571872,52.97328602571872,72.97328602571872
6269,13.4,13.261403435615758,33.26140343561576,53.26140343561576,73.26140343561576
6270,14.7,11.676757681182053,31.676757681182053,51.67675768118205,71.67675768118205
6271,14.8,34.18407288442048,54.18407288442048,74.18407288442049,94.18407288442049
6272,12.5,7.210937827777981,27.210937827777983,47.21093782777798,67.21093782777798
6273,11.5,6.202526893138352,26.20252689313835,46.202526893138355,66.20252689313836
6274,11.3,5.626292073344276,25.626292073344274,45.626292073344274,65.62629207334427
6275,10.9,43.20482055933765,63.20482055933765,83.20482055933765,103.20482055933765
6276,9.9,5.48223336839576,25.48223336839576,45.48223336839576,65.48223336839575
6277,9.4,5.770350778292794,25.770350778292794,45.770350778292794,65.7703507782928
6278,10.3,6.202526893138352,26.20252689313835,46.202526893138355,66.20252689313836
6279,11.0,6.922820417880944,26.922820417880942,46.92282041788094,66.92282041788094
6280,10.3,7.643113942623536,27.643113942623536,47.643113942623536,67.64311394262353
6281,10.5,8.507466172314647,28.507466172314647,48.50746617231465,68.50746617231465
6282,11.3,72.33883619020794,92.33883619020794,112.33883619020794,132.33883619020793
6283,11.5,10.236170631696872,30.236170631696872,50.23617063169687,70.23617063169687
6284,11.6,10.956464156439463,30.956464156439463,50.956464156439466,70.95646415643947
6285,12.2,10.956464156439463,30.956464156439463,50.956464156439466,70.95646415643947
6286,11.7,11.2445815663365,31.2445815663365,51.2445815663365,71.2445815663365
6287,11.9,11.532698976233537,31.532698976233537,51.53269897623353,71.53269897623353
6288,12.2,11.532698976233537,31.532698976233537,51.53269897623353,71.53269897623353
6289,13.0,11.532698976233537,31.532698976233537,51.53269897623353,71.53269897623353
6290,14.0,11.532698976233537,31.532698976233537,51.53269897623353,71.53269897623353
6291,13.3,11.676757681182053,31.676757681182053,51.67675768118205,71.67675768118205
6292,13.0,11.820816386130574,31.820816386130574,51.82081638613057,71.82081638613057
6293,13.4,11.820816386130574,31.820816386130574,51.82081638613057,71.82081638613057
6294,14.5,11.388640271285018,31.38864027128502,51.38864027128502,71.38864027128503
6295,14.6,35.76871863885418,55.76871863885418,75.76871863885418,95.76871863885418
6296,14.3,9.948053221799833,29.94805322179983,49.94805322179983,69.94805322179982
6297,12.9,9.37181840200576,29.371818402005758,49.37181840200576,69.37181840200576
6298,11.6,8.36340746736613,28.36340746736613,48.36340746736613,68.36340746736613
6299,10.8,45.50975983851395,65.50975983851396,85.50975983851396,105.50975983851396
6300,11.0,7.210937827777981,27.210937827777983,47.21093782777798,67.21093782777798
6301,11.6,6.634703007983905,26.634703007983905,46.6347030079839,66.6347030079839
6302,10.9,6.634703007983905,26.634703007983905,46.6347030079839,66.6347030079839
6303,10.6,6.922820417880944,26.922820417880942,46.92282041788094,66.92282041788094
6304,11.2,8.075290057469092,28.07529005746909,48.07529005746909,68.07529005746909
6305,12.3,10.668346746542426,30.668346746542426,50.668346746542426,70.66834674654243
6306,11.8,75.07595158422978,95.07595158422978,115.07595158422978,135.07595158422978
6307,13.5,12.108933796027612,32.108933796027614,52.108933796027614,72.10893379602761
6308,13.3,12.685168615821684,32.68516861582168,52.68516861582168,72.68516861582168
6309,13.5,14.125755665306873,34.12575566530687,54.12575566530687,74.12575566530687
6310,14.4,16.14257753458613,36.14257753458613,56.14257753458613,76.14257753458614
6311,14.9,17.727223289019836,37.72722328901983,57.72722328901983,77.72722328901983
6312,14.5,18.879692928607984,38.87969292860798,58.87969292860798,78.87969292860798
6313,15.2,19.311869043453537,39.31186904345354,59.31186904345354,79.31186904345354
6314,16.1,19.744045158299095,39.744045158299095,59.744045158299095,79.74404515829909
6315,17.0,19.744045158299095,39.744045158299095,59.744045158299095,79.74404515829909
6316,17.8,19.311869043453537,39.31186904345354,59.31186904345354,79.31186904345354
6317,17.8,17.87128199396835,37.87128199396835,57.87128199396835,77.87128199396835
6318,19.7,15.566342714792057,35.56634271479206,55.56634271479206,75.56634271479206
6319,19.9,38.64989273782456,58.64989273782456,78.64989273782456,98.64989273782456
6320,17.4,11.820816386130574,31.820816386130574,51.82081638613057,71.82081638613057
6321,15.0,10.668346746542426,30.668346746542426,50.668346746542426,70.66834674654243
6322,13.5,9.948053221799833,29.94805322179983,49.94805322179983,69.94805322179982
6323,11.8,46.51817077315358,66.51817077315357,86.51817077315357,106.51817077315357
6324,11.4,7.066879122829462,27.066879122829462,47.06687912282946,67.06687912282946
6325,10.4,6.634703007983905,26.634703007983905,46.6347030079839,66.6347030079839
6326,11.4,6.922820417880944,26.922820417880942,46.92282041788094,66.92282041788094
6327,11.7,7.499055237675016,27.499055237675016,47.499055237675016,67.49905523767501
6328,12.0,8.651524877263165,28.651524877263164,48.651524877263164,68.65152487726317
6329,11.1,9.37181840200576,29.371818402005758,49.37181840200576,69.37181840200576
6330,11.7,72.91507101000201,92.91507101000201,112.91507101000201,132.915071010002
6331,14.1,10.524288041593906,30.524288041593906,50.524288041593906,70.5242880415939
6332,16.1,10.812405451490944,30.812405451490946,50.812405451490946,70.81240545149095
6333,17.4,10.812405451490944,30.812405451490946,50.812405451490946,70.81240545149095
6334,19.1,10.668346746542426,30.668346746542426,50.668346746542426,70.66834674654243
6335,19.6,10.380229336645385,30.380229336645385,50.380229336645385,70.38022933664539
6336,19.0,10.380229336645385,30.380229336645385,50.380229336645385,70.38022933664539
6337,19.0,10.236170631696872,30.236170631696872,50.23617063169687,70.23617063169687
6338,20.2,10.236170631696872,30.236170631696872,50.23617063169687,70.23617063169687
6339,19.7,10.236170631696872,30.236170631696872,50.23617063169687,70.23617063169687
6340,20.0,10.236170631696872,30.236170631696872,50.23617063169687,70.23617063169687
6341,21.7,10.092111926748352,30.092111926748352,50.09211192674835,70.09211192674834
6342,24.4,9.37181840200576,29.371818402005758,49.37181840200576,69.37181840200576
6343,25.2,33.463779359677886,53.463779359677886,73.46377935967789,93.46377935967789
6344,20.3,6.490644303035387,26.49064430303539,46.49064430303539,66.4906443030354
6345,17.0,5.19411595849872,25.19411595849872,45.19411595849872,65.19411595849871
6346,13.9,4.854698191780822,24.854698191780823,44.85469819178083,64.85469819178083
6347,11.6,42.721344087671234,62.721344087671234,82.72134408767124,102.72134408767124
6348,10.6,4.854698191780822,24.854698191780823,44.85469819178083,64.85469819178083
6349,10.0,4.854698191780822,24.854698191780823,44.85469819178083,64.85469819178083
6350,9.9,4.854698191780822,24.854698191780823,44.85469819178083,64.85469819178083
6351,10.0,4.854698191780822,24.854698191780823,44.85469819178083,64.85469819178083
6352,9.5,4.854698191780822,24.854698191780823,44.85469819178083,64.85469819178083
6353,9.5,5.914409483241313,25.914409483241315,45.914409483241315,65.91440948324131
6354,10.5,69.45766209123757,89.45766209123757,109.45766209123757,129.45766209123758
6355,12.1,6.202526893138352,26.20252689313835,46.202526893138355,66.20252689313836
6356,13.5,6.058468188189831,26.05846818818983,46.058468188189835,66.05846818818983
6357,14.6,5.770350778292794,25.770350778292794,45.770350778292794,65.7703507782928
6358,15.2,5.48223336839576,25.48223336839576,45.48223336839576,65.48223336839575
6359,15.2,5.19411595849872,25.19411595849872,45.19411595849872,65.19411595849871
6360,14.8,5.19411595849872,25.19411595849872,45.19411595849872,65.19411595849871
6361,13.7,5.050057253550202,25.0500572535502,45.0500572535502,65.0500572535502
6362,13.3,4.854698191780822,24.854698191780823,44.85469819178083,64.85469819178083
6363,13.2,5.050057253550202,25.0500572535502,45.0500572535502,65.0500572535502
6364,13.2,4.905998548601684,24.905998548601683,44.90599854860169,64.90599854860169
6365,13.8,4.854698191780822,24.854698191780823,44.85469819178083,64.85469819178083
6366,14.9,4.854698191780822,24.854698191780823,44.85469819178083,64.85469819178083
6367,17.1,30.0991287890411,50.0991287890411,70.0991287890411,90.0991287890411
6368,16.6,4.854698191780822,24.854698191780823,44.85469819178083,64.85469819178083
6369,13.7,4.854698191780822,24.854698191780823,44.85469819178083,64.85469819178083
6370,12.5,4.854698191780822,24.854698191780823,44.85469819178083,64.85469819178083
6371,11.2,42.721344087671234,62.721344087671234,82.72134408767124,102.72134408767124
6372,9.1,4.905998548601684,24.905998548601683,44.90599854860169,64.90599854860169
6373,8.2,5.626292073344276,25.626292073344274,45.626292073344274,65.62629207334427
6374,8.7,6.058468188189831,26.05846818818983,46.058468188189835,66.05846818818983
6375,8.7,6.058468188189831,26.05846818818983,46.058468188189835,66.05846818818983
6376,9.0,6.490644303035387,26.49064430303539,46.49064430303539,66.4906443030354
6377,9.3,7.931231352520573,27.931231352520573,47.93123135252057,67.93123135252057
6378,9.2,71.47448396051682,91.47448396051682,111.47448396051682,131.4744839605168
6379,9.9,9.37181840200576,29.371818402005758,49.37181840200576,69.37181840200576
6380,10.1,10.380229336645385,30.380229336645385,50.380229336645385,70.38022933664539
6381,10.1,11.676757681182053,31.676757681182053,51.67675768118205,71.67675768118205
6382,10.2,11.820816386130574,31.820816386130574,51.82081638613057,71.82081638613057
6383,10.1,11.820816386130574,31.820816386130574,51.82081638613057,71.82081638613057
6384,10.6,11.676757681182053,31.676757681182053,51.67675768118205,71.67675768118205
6385,11.4,11.2445815663365,31.2445815663365,51.2445815663365,71.2445815663365
6386,12.1,10.956464156439463,30.956464156439463,50.956464156439466,70.95646415643947
6387,12.8,10.668346746542426,30.668346746542426,50.668346746542426,70.66834674654243
6388,13.4,10.524288041593906,30.524288041593906,50.524288041593906,70.5242880415939
6389,13.5,10.524288041593906,30.524288041593906,50.524288041593906,70.5242880415939
6390,13.9,10.380229336645385,30.380229336645385,50.380229336645385,70.38022933664539
6391,14.9,35.33654252400863,55.33654252400863,75.33654252400862,95.33654252400862
6392,14.0,9.083700992108723,29.083700992108724,49.083700992108724,69.08370099210873
6393,12.4,8.21934876241761,28.21934876241761,48.21934876241761,68.21934876241761
6394,11.3,7.931231352520573,27.931231352520573,47.93123135252057,67.93123135252057
6395,10.1,45.07758372366839,65.0775837236684,85.0775837236684,105.0775837236684
6396,9.0,6.778761712932424,26.778761712932422,46.77876171293242,66.77876171293242
6397,9.0,6.202526893138352,26.20252689313835,46.202526893138355,66.20252689313836
6398,9.4,5.914409483241313,25.914409483241315,45.914409483241315,65.91440948324131
6399,10.0,6.490644303035387,26.49064430303539,46.49064430303539,66.4906443030354
6400,9.6,8.36340746736613,28.36340746736613,48.36340746736613,68.36340746736613
6401,10.0,9.803994516851315,29.803994516851315,49.80399451685132,69.80399451685132
6402,10.3,73.20318841989905,93.20318841989905,113.20318841989905,133.20318841989905
6403,10.5,10.524288041593906,30.524288041593906,50.524288041593906,70.5242880415939
6404,10.3,10.380229336645385,30.380229336645385,50.380229336645385,70.38022933664539
6405,11.4,9.948053221799833,29.94805322179983,49.94805322179983,69.94805322179982
6406,11.7,9.515877106954274,29.515877106954274,49.51587710695428,69.51587710695428
6407,11.8,9.083700992108723,29.083700992108724,49.083700992108724,69.08370099210873
6408,11.3,8.795583582211684,28.795583582211684,48.795583582211684,68.79558358221169
6409,11.1,8.21934876241761,28.21934876241761,48.21934876241761,68.21934876241761
6410,11.4,8.075290057469092,28.07529005746909,48.07529005746909,68.07529005746909
6411,11.3,8.21934876241761,28.21934876241761,48.21934876241761,68.21934876241761
6412,11.3,8.795583582211684,28.795583582211684,48.795583582211684,68.79558358221169
6413,10.6,9.515877106954274,29.515877106954274,49.51587710695428,69.51587710695428
6414,11.0,9.083700992108723,29.083700992108724,49.083700992108724,69.08370099210873
6415,11.7,32.16725101514122,52.16725101514122,72.16725101514122,92.16725101514122
6416,12.1,5.19411595849872,25.19411595849872,45.19411595849872,65.19411595849871
6417,12.9,4.854698191780822,24.854698191780823,44.85469819178083,64.85469819178083
6418,13.2,4.854698191780822,24.854698191780823,44.85469819178083,64.85469819178083
6419,12.3,42.721344087671234,62.721344087671234,82.72134408767124,102.72134408767124
6420,11.1,4.854698191780822,24.854698191780823,44.85469819178083,64.85469819178083
6421,10.1,4.854698191780822,24.854698191780823,44.85469819178083,64.85469819178083
6422,9.2,4.854698191780822,24.854698191780823,44.85469819178083,64.85469819178083
6423,9.1,4.854698191780822,24.854698191780823,44.85469819178083,64.85469819178083
6424,9.0,4.854698191780822,24.854698191780823,44.85469819178083,64.85469819178083
6425,9.6,4.854698191780822,24.854698191780823,44.85469819178083,64.85469819178083
6426,10.9,70.17795561598015,90.17795561598015,110.17795561598015,130.17795561598015
6427,12.4,9.227759697057241,29.22775969705724,49.22775969705724,69.22775969705724
6428,12.0,11.532698976233537,31.532698976233537,51.53269897623353,71.53269897623353
6429,13.6,13.261403435615758,33.26140343561576,53.26140343561576,73.26140343561576
6430,14.0,14.413873075203906,34.41387307520391,54.41387307520391,74.41387307520391
6431,16.2,15.710401419740574,35.71040141974058,55.71040141974058,75.71040141974058
6432,16.4,16.86287105932872,36.862871059328725,56.862871059328725,76.86287105932873
6433,15.8,17.583164584071316,37.58316458407131,57.58316458407131,77.58316458407131
6434,14.7,18.30345810881391,38.30345810881391,58.30345810881391,78.30345810881391
6435,13.6,18.735634223659464,38.73563422365946,58.73563422365946,78.73563422365946
6436,13.2,19.16781033850502,39.16781033850502,59.16781033850502,79.16781033850502
6437,12.9,19.311869043453537,39.31186904345354,59.31186904345354,79.31186904345354
6438,15.1,17.006929764277242,37.006929764277245,57.006929764277245,77.00692976427725
6439,15.5,36.92118827844233,56.92118827844233,76.92118827844233,96.92118827844233
6440,15.0,6.058468188189831,26.05846818818983,46.058468188189835,66.05846818818983
6441,14.3,4.854698191780822,24.854698191780823,44.85469819178083,64.85469819178083
6442,13.1,4.854698191780822,24.854698191780823,44.85469819178083,64.85469819178083
6443,12.1,42.721344087671234,62.721344087671234,82.72134408767124,102.72134408767124
6444,11.7,4.854698191780822,24.854698191780823,44.85469819178083,64.85469819178083
6445,10.6,4.854698191780822,24.854698191780823,44.85469819178083,64.85469819178083
6446,10.3,4.854698191780822,24.854698191780823,44.85469819178083,64.85469819178083
6447,10.5,4.854698191780822,24.854698191780823,44.85469819178083,64.85469819178083
6448,11.1,4.854698191780822,24.854698191780823,44.85469819178083,64.85469819178083
6449,11.0,4.854698191780822,24.854698191780823,44.85469819178083,64.85469819178083
6450,11.4,68.1611337467009,88.1611337467009,108.1611337467009,128.1611337467009
6451,11.8,6.634703007983905,26.634703007983905,46.6347030079839,66.6347030079839
6452,12.0,7.643113942623536,27.643113942623536,47.643113942623536,67.64311394262353
6453,12.8,8.651524877263165,28.651524877263164,48.651524877263164,68.65152487726317
6454,12.5,8.795583582211684,28.795583582211684,48.795583582211684,68.79558358221169
6455,10.9,9.515877106954274,29.515877106954274,49.51587710695428,69.51587710695428
6456,11.0,10.236170631696872,30.236170631696872,50.23617063169687,70.23617063169687
6457,12.2,10.956464156439463,30.956464156439463,50.956464156439466,70.95646415643947
6458,12.2,11.964875091079092,31.964875091079094,51.964875091079094,71.9648750910791
6459,10.9,12.397051205924647,32.39705120592465,52.39705120592465,72.39705120592464
6460,11.5,12.397051205924647,32.39705120592465,52.39705120592465,72.39705120592464
6461,11.3,11.820816386130574,31.820816386130574,51.82081638613057,71.82081638613057
6462,12.2,9.948053221799833,29.94805322179983,49.94805322179983,69.94805322179982
6463,13.1,31.446957490398628,51.44695749039863,71.44695749039863,91.44695749039863
6464,11.9,4.854698191780822,24.854698191780823,44.85469819178083,64.85469819178083
6465,11.1,4.854698191780822,24.854698191780823,44.85469819178083,64.85469819178083
6466,10.0,4.854698191780822,24.854698191780823,44.85469819178083,64.85469819178083
6467,9.7,42.721344087671234,62.721344087671234,82.72134408767124,102.72134408767124
6468,9.5,4.854698191780822,24.854698191780823,44.85469819178083,64.85469819178083
6469,9.6,4.854698191780822,24.854698191780823,44.85469819178083,64.85469819178083
6470,9.5,4.854698191780822,24.854698191780823,44.85469819178083,64.85469819178083
6471,10.1,4.854698191780822,24.854698191780823,44.85469819178083,64.85469819178083
6472,9.9,4.854698191780822,24.854698191780823,44.85469819178083,64.85469819178083
6473,10.4,5.338174663447239,25.33817466344724,45.33817466344724,65.33817466344723
6474,9.8,70.32201432092867,90.32201432092867,110.32201432092867,130.32201432092867
6475,10.5,8.36340746736613,28.36340746736613,48.36340746736613,68.36340746736613
6476,10.1,9.37181840200576,29.371818402005758,49.37181840200576,69.37181840200576
6477,10.1,9.659935811902795,29.659935811902795,49.6599358119028,69.6599358119028
6478,9.8,9.659935811902795,29.659935811902795,49.6599358119028,69.6599358119028
6479,9.5,10.092111926748352,30.092111926748352,50.09211192674835,70.09211192674834
6480,8.4,8.651524877263165,28.651524877263164,48.651524877263164,68.65152487726317
6481,8.1,7.499055237675016,27.499055237675016,47.499055237675016,67.49905523767501
6482,9.3,7.210937827777981,27.210937827777983,47.21093782777798,67.21093782777798
6483,8.7,6.778761712932424,26.778761712932422,46.77876171293242,66.77876171293242
6484,9.0,6.778761712932424,26.778761712932422,46.77876171293242,66.77876171293242
6485,9.3,6.34658559808687,26.346585598086868,46.34658559808687,66.34658559808688
6486,9.9,5.914409483241313,25.914409483241315,45.914409483241315,65.91440948324131
6487,10.6,30.582605260707517,50.58260526070752,70.58260526070751,90.58260526070751
6488,10.2,4.854698191780822,24.854698191780823,44.85469819178083,64.85469819178083
6489,10.7,4.854698191780822,24.854698191780823,44.85469819178083,64.85469819178083
6490,10.2,4.854698191780822,24.854698191780823,44.85469819178083,64.85469819178083
6491,10.2,42.721344087671234,62.721344087671234,82.72134408767124,102.72134408767124
6492,9.9,4.854698191780822,24.854698191780823,44.85469819178083,64.85469819178083
6493,10.2,4.854698191780822,24.854698191780823,44.85469819178083,64.85469819178083
6494,11.1,4.854698191780822,24.854698191780823,44.85469819178083,64.85469819178083
6495,11.7,4.854698191780822,24.854698191780823,44.85469819178083,64.85469819178083
6496,11.7,4.854698191780822,24.854698191780823,44.85469819178083,64.85469819178083
6497,11.5,4.854698191780822,24.854698191780823,44.85469819178083,64.85469819178083
6498,12.4,68.1611337467009,88.1611337467009,108.1611337467009,128.1611337467009
6499,12.3,5.48223336839576,25.48223336839576,45.48223336839576,65.48223336839575
6500,12.0,6.058468188189831,26.05846818818983,46.058468188189835,66.05846818818983
6501,11.7,6.34658559808687,26.346585598086868,46.34658559808687,66.34658559808688
6502,10.9,6.634703007983905,26.634703007983905,46.6347030079839,66.6347030079839
6503,9.5,7.066879122829462,27.066879122829462,47.06687912282946,67.06687912282946
6504,10.5,7.499055237675016,27.499055237675016,47.499055237675016,67.49905523767501
6505,10.3,7.787172647572055,27.787172647572056,47.787172647572056,67.78717264757205
6506,10.5,7.931231352520573,27.931231352520573,47.93123135252057,67.93123135252057
6507,10.8,8.36340746736613,28.36340746736613,48.36340746736613,68.36340746736613
6508,10.8,8.651524877263165,28.651524877263164,48.651524877263164,68.65152487726317
6509,10.0,8.507466172314647,28.507466172314647,48.50746617231465,68.50746617231465
6510,11.3,7.787172647572055,27.787172647572056,47.787172647572056,67.78717264757205
6511,13.6,31.15884008050159,51.15884008050159,71.15884008050159,91.15884008050159
6512,14.0,4.854698191780822,24.854698191780823,44.85469819178083,64.85469819178083
6513,12.7,4.854698191780822,24.854698191780823,44.85469819178083,64.85469819178083
6514,11.7,4.854698191780822,24.854698191780823,44.85469819178083,64.85469819178083
6515,11.2,42.721344087671234,62.721344087671234,82.72134408767124,102.72134408767124
6516,11.9,4.854698191780822,24.854698191780823,44.85469819178083,64.85469819178083
6517,10.1,4.854698191780822,24.854698191780823,44.85469819178083,64.85469819178083
6518,10.1,4.854698191780822,24.854698191780823,44.85469819178083,64.85469819178083
6519,11.5,4.854698191780822,24.854698191780823,44.85469819178083,64.85469819178083
6520,13.3,4.854698191780822,24.854698191780823,44.85469819178083,64.85469819178083
6521,13.3,5.914409483241313,25.914409483241315,45.914409483241315,65.91440948324131
6522,13.7,70.32201432092867,90.32201432092867,110.32201432092867,130.32201432092867
6523,14.7,8.36340746736613,28.36340746736613,48.36340746736613,68.36340746736613
6524,14.4,9.659935811902795,29.659935811902795,49.6599358119028,69.6599358119028
6525,13.9,10.524288041593906,30.524288041593906,50.524288041593906,70.5242880415939
6526,14.1,10.812405451490944,30.812405451490946,50.812405451490946,70.81240545149095
6527,14.3,10.812405451490944,30.812405451490946,50.812405451490946,70.81240545149095
6528,15.8,10.812405451490944,30.812405451490946,50.812405451490946,70.81240545149095
6529,15.4,10.524288041593906,30.524288041593906,50.524288041593906,70.5242880415939
6530,15.9,9.37181840200576,29.371818402005758,49.37181840200576,69.37181840200576
6531,16.6,8.651524877263165,28.651524877263164,48.651524877263164,68.65152487726317
6532,16.6,8.21934876241761,28.21934876241761,48.21934876241761,68.21934876241761
6533,17.7,8.21934876241761,28.21934876241761,48.21934876241761,68.21934876241761
6534,20.7,8.21934876241761,28.21934876241761,48.21934876241761,68.21934876241761
6535,23.6,32.59942712998678,52.59942712998678,72.59942712998678,92.59942712998678
6536,20.6,6.490644303035387,26.49064430303539,46.49064430303539,66.4906443030354
6537,18.3,5.48223336839576,25.48223336839576,45.48223336839576,65.48223336839575
6538,14.7,4.905998548601684,24.905998548601683,44.90599854860169,64.90599854860169
6539,12.4,42.772644444492094,62.772644444492094,82.7726444444921,102.7726444444921
6540,12.3,5.050057253550202,25.0500572535502,45.0500572535502,65.0500572535502
6541,12.3,5.338174663447239,25.33817466344724,45.33817466344724,65.33817466344723
6542,11.3,6.058468188189831,26.05846818818983,46.058468188189835,66.05846818818983
6543,11.2,6.778761712932424,26.778761712932422,46.77876171293242,66.77876171293242
6544,11.7,7.499055237675016,27.499055237675016,47.499055237675016,67.49905523767501
6545,13.2,7.354996532726499,27.3549965327265,47.3549965327265,67.3549965327265
6546,13.3,70.03389691103163,90.03389691103163,110.03389691103163,130.03389691103163
6547,13.4,6.778761712932424,26.778761712932422,46.77876171293242,66.77876171293242
6548,12.6,6.778761712932424,26.778761712932422,46.77876171293242,66.77876171293242
6549,13.0,6.922820417880944,26.922820417880942,46.92282041788094,66.92282041788094
6550,13.0,6.922820417880944,26.922820417880942,46.92282041788094,66.92282041788094
6551,12.8,6.778761712932424,26.778761712932422,46.77876171293242,66.77876171293242
6552,12.6,6.778761712932424,26.778761712932422,46.77876171293242,66.77876171293242
6553,12.8,6.634703007983905,26.634703007983905,46.6347030079839,66.6347030079839
6554,12.6,6.34658559808687,26.346585598086868,46.34658559808687,66.34658559808688
6555,12.7,6.34658559808687,26.346585598086868,46.34658559808687,66.34658559808688
6556,12.1,6.634703007983905,26.634703007983905,46.6347030079839,66.6347030079839
6557,12.1,7.066879122829462,27.066879122829462,47.06687912282946,67.06687912282946
6558,12.8,7.354996532726499,27.3549965327265,47.3549965327265,67.3549965327265
6559,13.4,31.446957490398628,51.44695749039863,71.44695749039863,91.44695749039863
6560,14.2,4.854698191780822,24.854698191780823,44.85469819178083,64.85469819178083
6561,12.5,4.854698191780822,24.854698191780823,44.85469819178083,64.85469819178083
6562,11.0,4.854698191780822,24.854698191780823,44.85469819178083,64.85469819178083
6563,10.9,42.721344087671234,62.721344087671234,82.72134408767124,102.72134408767124
6564,11.5,4.854698191780822,24.854698191780823,44.85469819178083,64.85469819178083
6565,10.2,4.854698191780822,24.854698191780823,44.85469819178083,64.85469819178083
6566,10.1,4.854698191780822,24.854698191780823,44.85469819178083,64.85469819178083
6567,9.9,4.854698191780822,24.854698191780823,44.85469819178083,64.85469819178083
6568,10.2,4.854698191780822,24.854698191780823,44.85469819178083,64.85469819178083
6569,10.8,5.19411595849872,25.19411595849872,45.19411595849872,65.19411595849871
6570,10.7,68.30519245164942,88.30519245164942,108.30519245164942,128.30519245164942
6571,10.8,4.854698191780822,24.854698191780823,44.85469819178083,64.85469819178083
6572,11.0,4.854698191780822,24.854698191780823,44.85469819178083,64.85469819178083
6573,12.2,4.854698191780822,24.854698191780823,44.85469819178083,64.85469819178083
6574,12.7,4.854698191780822,24.854698191780823,44.85469819178083,64.85469819178083
6575,11.4,4.854698191780822,24.854698191780823,44.85469819178083,64.85469819178083
6576,11.0,4.905998548601684,24.905998548601683,44.90599854860169,64.90599854860169
6577,11.0,5.19411595849872,25.19411595849872,45.19411595849872,65.19411595849871
6578,10.7,5.48223336839576,25.48223336839576,45.48223336839576,65.48223336839575
6579,10.8,5.19411595849872,25.19411595849872,45.19411595849872,65.19411595849871
6580,10.8,4.905998548601684,24.905998548601683,44.90599854860169,64.90599854860169
6581,10.5,4.905998548601684,24.905998548601683,44.90599854860169,64.90599854860169
6582,10.5,4.905998548601684,24.905998548601683,44.90599854860169,64.90599854860169
6583,11.3,30.0991287890411,50.0991287890411,70.0991287890411,90.0991287890411
6584,12.3,4.854698191780822,24.854698191780823,44.85469819178083,64.85469819178083
6585,12.7,4.854698191780822,24.854698191780823,44.85469819178083,64.85469819178083
6586,13.0,4.854698191780822,24.854698191780823,44.85469819178083,64.85469819178083
6587,11.9,42.721344087671234,62.721344087671234,82.72134408767124,102.72134408767124
6588,12.5,4.854698191780822,24.854698191780823,44.85469819178083,64.85469819178083
6589,12.1,4.854698191780822,24.854698191780823,44.85469819178083,64.85469819178083
6590,11.9,4.854698191780822,24.854698191780823,44.85469819178083,64.85469819178083
6591,11.2,4.854698191780822,24.854698191780823,44.85469819178083,64.85469819178083
6592,11.0,4.854698191780822,24.854698191780823,44.85469819178083,64.85469819178083
6593,11.5,5.050057253550202,25.0500572535502,45.0500572535502,65.0500572535502
6594,12.1,68.30519245164942,88.30519245164942,108.30519245164942,128.30519245164942
6595,12.9,5.19411595849872,25.19411595849872,45.19411595849872,65.19411595849871
6596,13.0,4.905998548601684,24.905998548601683,44.90599854860169,64.90599854860169
6597,12.9,4.854698191780822,24.854698191780823,44.85469819178083,64.85469819178083
6598,13.5,4.854698191780822,24.854698191780823,44.85469819178083,64.85469819178083
6599,13.6,4.854698191780822,24.854698191780823,44.85469819178083,64.85469819178083
6600,14.0,4.854698191780822,24.854698191780823,44.85469819178083,64.85469819178083
6601,13.1,5.050057253550202,25.0500572535502,45.0500572535502,65.0500572535502
6602,13.4,5.19411595849872,25.19411595849872,45.19411595849872,65.19411595849871
6603,12.9,5.050057253550202,25.0500572535502,45.0500572535502,65.0500572535502
6604,13.0,4.854698191780822,24.854698191780823,44.85469819178083,64.85469819178083
6605,12.8,4.854698191780822,24.854698191780823,44.85469819178083,64.85469819178083
6606,13.9,4.854698191780822,24.854698191780823,44.85469819178083,64.85469819178083
6607,15.9,30.0991287890411,50.0991287890411,70.0991287890411,90.0991287890411
6608,15.8,4.854698191780822,24.854698191780823,44.85469819178083,64.85469819178083
6609,15.3,4.854698191780822,24.854698191780823,44.85469819178083,64.85469819178083
6610,15.9,4.854698191780822,24.854698191780823,44.85469819178083,64.85469819178083
6611,14.1,42.721344087671234,62.721344087671234,82.72134408767124,102.72134408767124
6612,11.8,4.854698191780822,24.854698191780823,44.85469819178083,64.85469819178083
6613,10.8,4.854698191780822,24.854698191780823,44.85469819178083,64.85469819178083
6614,10.2,4.854698191780822,24.854698191780823,44.85469819178083,64.85469819178083
6615,11.0,4.854698191780822,24.854698191780823,44.85469819178083,64.85469819178083
6616,11.0,4.854698191780822,24.854698191780823,44.85469819178083,64.85469819178083
6617,10.9,4.854698191780822,24.854698191780823,44.85469819178083,64.85469819178083
6618,11.4,67.96577468493152,87.96577468493152,107.96577468493152,127.96577468493152
6619,13.0,4.854698191780822,24.854698191780823,44.85469819178083,64.85469819178083
6620,13.9,4.854698191780822,24.854698191780823,44.85469819178083,64.85469819178083
6621,15.2,4.854698191780822,24.854698191780823,44.85469819178083,64.85469819178083
6622,15.6,4.854698191780822,24.854698191780823,44.85469819178083,64.85469819178083
6623,14.3,4.854698191780822,24.854698191780823,44.85469819178083,64.85469819178083
6624,13.7,4.854698191780822,24.854698191780823,44.85469819178083,64.85469819178083
6625,13.9,4.854698191780822,24.854698191780823,44.85469819178083,64.85469819178083
6626,14.3,4.854698191780822,24.854698191780823,44.85469819178083,64.85469819178083
6627,15.5,4.854698191780822,24.854698191780823,44.85469819178083,64.85469819178083
6628,16.5,4.854698191780822,24.854698191780823,44.85469819178083,64.85469819178083
6629,18.0,4.854698191780822,24.854698191780823,44.85469819178083,64.85469819178083
6630,18.7,4.854698191780822,24.854698191780823,44.85469819178083,64.85469819178083
6631,20.0,30.0991287890411,50.0991287890411,70.0991287890411,90.0991287890411
6632,18.4,4.854698191780822,24.854698191780823,44.85469819178083,64.85469819178083
6633,17.7,4.854698191780822,24.854698191780823,44.85469819178083,64.85469819178083
6634,15.9,4.854698191780822,24.854698191780823,44.85469819178083,64.85469819178083
6635,13.0,42.721344087671234,62.721344087671234,82.72134408767124,102.72134408767124
6636,10.6,4.854698191780822,24.854698191780823,44.85469819178083,64.85469819178083
6637,9.8,4.854698191780822,24.854698191780823,44.85469819178083,64.85469819178083
6638,9.4,4.854698191780822,24.854698191780823,44.85469819178083,64.85469819178083
6639,10.0,4.854698191780822,24.854698191780823,44.85469819178083,64.85469819178083
6640,9.6,4.854698191780822,24.854698191780823,44.85469819178083,64.85469819178083
6641,10.7,4.854698191780822,24.854698191780823,44.85469819178083,64.85469819178083
6642,11.0,67.96577468493152,87.96577468493152,107.96577468493152,127.96577468493152
6643,11.1,4.854698191780822,24.854698191780823,44.85469819178083,64.85469819178083
6644,11.0,4.854698191780822,24.854698191780823,44.85469819178083,64.85469819178083
6645,10.9,4.854698191780822,24.854698191780823,44.85469819178083,64.85469819178083
6646,10.7,4.905998548601684,24.905998548601683,44.90599854860169,64.90599854860169
6647,11.9,5.914409483241313,25.914409483241315,45.914409483241315,65.91440948324131
6648,10.8,6.922820417880944,26.922820417880942,46.92282041788094,66.92282041788094
6649,10.5,7.787172647572055,27.787172647572056,47.787172647572056,67.78717264757205
6650,10.6,8.939642287160202,28.939642287160204,48.939642287160204,68.93964228716021
6651,9.7,9.515877106954274,29.515877106954274,49.51587710695428,69.51587710695428
6652,10.5,9.227759697057241,29.22775969705724,49.22775969705724,69.22775969705724
6653,11.0,9.659935811902795,29.659935811902795,49.6599358119028,69.6599358119028
6654,11.5,8.795583582211684,28.795583582211684,48.795583582211684,68.79558358221169
6655,11.7,33.03160324483233,53.03160324483233,73.03160324483233,93.03160324483233
6656,11.6,6.490644303035387,26.49064430303539,46.49064430303539,66.4906443030354
6657,11.7,5.19411595849872,25.19411595849872,45.19411595849872,65.19411595849871
6658,11.1,4.854698191780822,24.854698191780823,44.85469819178083,64.85469819178083
6659,9.9,42.721344087671234,62.721344087671234,82.72134408767124,102.72134408767124
6660,9.0,4.854698191780822,24.854698191780823,44.85469819178083,64.85469819178083
6661,8.4,4.854698191780822,24.854698191780823,44.85469819178083,64.85469819178083
6662,8.0,4.854698191780822,24.854698191780823,44.85469819178083,64.85469819178083
6663,8.5,4.854698191780822,24.854698191780823,44.85469819178083,64.85469819178083
6664,8.7,4.854698191780822,24.854698191780823,44.85469819178083,64.85469819178083
6665,8.8,5.050057253550202,25.0500572535502,45.0500572535502,65.0500572535502
6666,8.8,68.59330986154646,88.59330986154646,108.59330986154646,128.59330986154646
6667,8.9,6.34658559808687,26.346585598086868,46.34658559808687,66.34658559808688
6668,9.0,6.634703007983905,26.634703007983905,46.6347030079839,66.6347030079839
6669,9.7,6.490644303035387,26.49064430303539,46.49064430303539,66.4906443030354
6670,8.8,6.634703007983905,26.634703007983905,46.6347030079839,66.6347030079839
6671,8.7,6.490644303035387,26.49064430303539,46.49064430303539,66.4906443030354
6672,9.4,6.202526893138352,26.20252689313835,46.202526893138355,66.20252689313836
6673,10.8,5.914409483241313,25.914409483241315,45.914409483241315,65.91440948324131
6674,10.5,5.770350778292794,25.770350778292794,45.770350778292794,65.7703507782928
6675,9.1,5.48223336839576,25.48223336839576,45.48223336839576,65.48223336839575
6676,9.2,5.050057253550202,25.0500572535502,45.0500572535502,65.0500572535502
6677,8.9,5.48223336839576,25.48223336839576,45.48223336839576,65.48223336839575
6678,10.0,5.338174663447239,25.33817466344724,45.33817466344724,65.33817466344723
6679,11.1,30.582605260707517,50.58260526070752,70.58260526070751,90.58260526070751
6680,10.9,4.905998548601684,24.905998548601683,44.90599854860169,64.90599854860169
6681,11.4,4.854698191780822,24.854698191780823,44.85469819178083,64.85469819178083
6682,11.5,4.854698191780822,24.854698191780823,44.85469819178083,64.85469819178083
6683,10.6,42.721344087671234,62.721344087671234,82.72134408767124,102.72134408767124
6684,9.5,4.854698191780822,24.854698191780823,44.85469819178083,64.85469819178083
6685,9.1,4.854698191780822,24.854698191780823,44.85469819178083,64.85469819178083
6686,8.9,4.854698191780822,24.854698191780823,44.85469819178083,64.85469819178083
6687,10.1,4.854698191780822,24.854698191780823,44.85469819178083,64.85469819178083
6688,10.0,4.854698191780822,24.854698191780823,44.85469819178083,64.85469819178083
6689,10.1,4.854698191780822,24.854698191780823,44.85469819178083,64.85469819178083
6690,10.7,67.96577468493152,87.96577468493152,107.96577468493152,127.96577468493152
6691,10.6,4.854698191780822,24.854698191780823,44.85469819178083,64.85469819178083
6692,11.2,4.854698191780822,24.854698191780823,44.85469819178083,64.85469819178083
6693,11.7,4.905998548601684,24.905998548601683,44.90599854860169,64.90599854860169
6694,11.5,4.854698191780822,24.854698191780823,44.85469819178083,64.85469819178083
6695,11.4,4.854698191780822,24.854698191780823,44.85469819178083,64.85469819178083
6696,11.3,4.854698191780822,24.854698191780823,44.85469819178083,64.85469819178083
6697,11.3,4.854698191780822,24.854698191780823,44.85469819178083,64.85469819178083
6698,11.1,5.338174663447239,25.33817466344724,45.33817466344724,65.33817466344723
6699,11.4,5.626292073344276,25.626292073344274,45.626292073344274,65.62629207334427
6700,11.3,6.778761712932424,26.778761712932422,46.77876171293242,66.77876171293242
6701,11.5,6.922820417880944,26.922820417880942,46.92282041788094,66.92282041788094
6702,12.8,5.914409483241313,25.914409483241315,45.914409483241315,65.91440948324131
6703,14.3,31.15884008050159,51.15884008050159,71.15884008050159,91.15884008050159
6704,13.5,5.48223336839576,25.48223336839576,45.48223336839576,65.48223336839575
6705,11.7,4.905998548601684,24.905998548601683,44.90599854860169,64.90599854860169
6706,10.7,4.854698191780822,24.854698191780823,44.85469819178083,64.85469819178083
6707,10.6,42.721344087671234,62.721344087671234,82.72134408767124,102.72134408767124
6708,9.7,4.854698191780822,24.854698191780823,44.85469819178083,64.85469819178083
6709,8.9,4.854698191780822,24.854698191780823,44.85469819178083,64.85469819178083
6710,8.4,4.854698191780822,24.854698191780823,44.85469819178083,64.85469819178083
6711,8.2,4.854698191780822,24.854698191780823,44.85469819178083,64.85469819178083
6712,8.4,4.854698191780822,24.854698191780823,44.85469819178083,64.85469819178083
6713,8.6,4.854698191780822,24.854698191780823,44.85469819178083,64.85469819178083
6714,9.3,68.1611337467009,88.1611337467009,108.1611337467009,128.1611337467009
6715,10.3,5.770350778292794,25.770350778292794,45.770350778292794,65.7703507782928
6716,10.3,6.202526893138352,26.20252689313835,46.202526893138355,66.20252689313836
6717,10.7,6.490644303035387,26.49064430303539,46.49064430303539,66.4906443030354
6718,9.7,7.354996532726499,27.3549965327265,47.3549965327265,67.3549965327265
6719,9.0,8.075290057469092,28.07529005746909,48.07529005746909,68.07529005746909
6720,9.0,8.507466172314647,28.507466172314647,48.50746617231465,68.50746617231465
6721,8.7,8.795583582211684,28.795583582211684,48.795583582211684,68.79558358221169
6722,8.9,9.083700992108723,29.083700992108724,49.083700992108724,69.08370099210873
6723,10.1,9.803994516851315,29.803994516851315,49.80399451685132,69.80399451685132
6724,10.2,10.092111926748352,30.092111926748352,50.09211192674835,70.09211192674834
6725,9.7,9.948053221799833,29.94805322179983,49.94805322179983,69.94805322179982
6726,9.5,9.803994516851315,29.803994516851315,49.80399451685132,69.80399451685132
6727,10.1,33.60783806462641,53.60783806462641,73.6078380646264,93.6078380646264
6728,10.8,6.922820417880944,26.922820417880942,46.92282041788094,66.92282041788094
6729,11.2,4.854698191780822,24.854698191780823,44.85469819178083,64.85469819178083
6730,11.1,4.854698191780822,24.854698191780823,44.85469819178083,64.85469819178083
6731,10.2,42.721344087671234,62.721344087671234,82.72134408767124,102.72134408767124
6732,9.8,4.854698191780822,24.854698191780823,44.85469819178083,64.85469819178083
6733,8.9,4.854698191780822,24.854698191780823,44.85469819178083,64.85469819178083
6734,9.0,4.854698191780822,24.854698191780823,44.85469819178083,64.85469819178083
6735,9.8,4.854698191780822,24.854698191780823,44.85469819178083,64.85469819178083
6736,10.3,4.854698191780822,24.854698191780823,44.85469819178083,64.85469819178083
6737,10.9,4.854698191780822,24.854698191780823,44.85469819178083,64.85469819178083
6738,12.0,67.96577468493152,87.96577468493152,107.96577468493152,127.96577468493152
6739,13.0,4.854698191780822,24.854698191780823,44.85469819178083,64.85469819178083
6740,13.4,4.854698191780822,24.854698191780823,44.85469819178083,64.85469819178083
6741,14.0,4.854698191780822,24.854698191780823,44.85469819178083,64.85469819178083
6742,13.6,4.854698191780822,24.854698191780823,44.85469819178083,64.85469819178083
6743,14.3,4.854698191780822,24.854698191780823,44.85469819178083,64.85469819178083
6744,14.8,4.854698191780822,24.854698191780823,44.85469819178083,64.85469819178083
6745,15.1,4.854698191780822,24.854698191780823,44.85469819178083,64.85469819178083
6746,16.4,4.854698191780822,24.854698191780823,44.85469819178083,64.85469819178083
6747,16.7,4.854698191780822,24.854698191780823,44.85469819178083,64.85469819178083
6748,15.8,4.905998548601684,24.905998548601683,44.90599854860169,64.90599854860169
6749,15.8,5.19411595849872,25.19411595849872,45.19411595849872,65.19411595849871
6750,15.7,5.19411595849872,25.19411595849872,45.19411595849872,65.19411595849871
6751,15.4,30.0991287890411,50.0991287890411,70.0991287890411,90.0991287890411
6752,16.1,4.854698191780822,24.854698191780823,44.85469819178083,64.85469819178083
6753,16.2,4.854698191780822,24.854698191780823,44.85469819178083,64.85469819178083
6754,15.5,4.854698191780822,24.854698191780823,44.85469819178083,64.85469819178083
6755,13.1,42.721344087671234,62.721344087671234,82.72134408767124,102.72134408767124
6756,11.8,4.854698191780822,24.854698191780823,44.85469819178083,64.85469819178083
6757,10.5,4.854698191780822,24.854698191780823,44.85469819178083,64.85469819178083
6758,9.8,4.854698191780822,24.854698191780823,44.85469819178083,64.85469819178083
6759,9.3,4.854698191780822,24.854698191780823,44.85469819178083,64.85469819178083
6760,10.4,4.854698191780822,24.854698191780823,44.85469819178083,64.85469819178083
6761,11.0,4.854698191780822,24.854698191780823,44.85469819178083,64.85469819178083
6762,13.6,67.96577468493152,87.96577468493152,107.96577468493152,127.96577468493152
6763,15.5,4.854698191780822,24.854698191780823,44.85469819178083,64.85469819178083
6764,16.1,5.050057253550202,25.0500572535502,45.0500572535502,65.0500572535502
6765,15.8,5.626292073344276,25.626292073344274,45.626292073344274,65.62629207334427
6766,16.8,5.914409483241313,25.914409483241315,45.914409483241315,65.91440948324131
6767,17.6,6.202526893138352,26.20252689313835,46.202526893138355,66.20252689313836
6768,18.0,6.634703007983905,26.634703007983905,46.6347030079839,66.6347030079839
6769,17.9,6.778761712932424,26.778761712932422,46.77876171293242,66.77876171293242
6770,18.6,6.922820417880944,26.922820417880942,46.92282041788094,66.92282041788094
6771,19.2,6.922820417880944,26.922820417880942,46.92282041788094,66.92282041788094
6772,19.6,6.778761712932424,26.778761712932422,46.77876171293242,66.77876171293242
6773,19.4,7.066879122829462,27.066879122829462,47.06687912282946,67.06687912282946
6774,19.9,7.066879122829462,27.066879122829462,47.06687912282946,67.06687912282946
6775,20.7,32.0231923101927,52.0231923101927,72.0231923101927,92.0231923101927
6776,21.2,6.634703007983905,26.634703007983905,46.6347030079839,66.6347030079839
6777,18.4,6.058468188189831,26.05846818818983,46.058468188189835,66.05846818818983
6778,14.1,5.338174663447239,25.33817466344724,45.33817466344724,65.33817466344723
6779,12.8,43.060761854389135,63.060761854389135,83.06076185438914,103.06076185438914
6780,11.2,4.854698191780822,24.854698191780823,44.85469819178083,64.85469819178083
6781,10.4,4.854698191780822,24.854698191780823,44.85469819178083,64.85469819178083
6782,10.2,4.854698191780822,24.854698191780823,44.85469819178083,64.85469819178083
6783,10.7,5.338174663447239,25.33817466344724,45.33817466344724,65.33817466344723
6784,12.0,6.202526893138352,26.20252689313835,46.202526893138355,66.20252689313836
6785,12.5,6.634703007983905,26.634703007983905,46.6347030079839,66.6347030079839
6786,12.9,69.88983820608311,89.88983820608311,109.88983820608311,129.8898382060831
6787,13.8,7.066879122829462,27.066879122829462,47.06687912282946,67.06687912282946
6788,13.7,7.354996532726499,27.3549965327265,47.3549965327265,67.3549965327265
6789,12.7,7.499055237675016,27.499055237675016,47.499055237675016,67.49905523767501
6790,12.2,7.931231352520573,27.931231352520573,47.93123135252057,67.93123135252057
6791,12.2,8.939642287160202,28.939642287160204,48.939642287160204,68.93964228716021
6792,12.7,9.37181840200576,29.371818402005758,49.37181840200576,69.37181840200576
6793,12.9,9.37181840200576,29.371818402005758,49.37181840200576,69.37181840200576
6794,12.4,10.524288041593906,30.524288041593906,50.524288041593906,70.5242880415939
6795,12.5,11.100522861387981,31.10052286138798,51.10052286138798,71.10052286138799
6796,13.0,11.2445815663365,31.2445815663365,51.2445815663365,71.2445815663365
6797,14.6,11.2445815663365,31.2445815663365,51.2445815663365,71.2445815663365
6798,16.1,11.100522861387981,31.10052286138798,51.10052286138798,71.10052286138799
6799,17.2,36.05683604875122,56.05683604875122,76.05683604875122,96.05683604875122
6800,16.5,10.236170631696872,30.236170631696872,50.23617063169687,70.23617063169687
6801,15.5,9.227759697057241,29.22775969705724,49.22775969705724,69.22775969705724
6802,14.7,8.651524877263165,28.651524877263164,48.651524877263164,68.65152487726317
6803,13.7,45.22164242861691,65.22164242861692,85.22164242861692,105.22164242861692
6804,12.8,5.626292073344276,25.626292073344274,45.626292073344274,65.62629207334427
6805,11.9,5.626292073344276,25.626292073344274,45.626292073344274,65.62629207334427
6806,11.5,6.634703007983905,26.634703007983905,46.6347030079839,66.6347030079839
6807,11.9,8.21934876241761,28.21934876241761,48.21934876241761,68.21934876241761
6808,12.4,9.659935811902795,29.659935811902795,49.6599358119028,69.6599358119028
6809,13.5,11.388640271285018,31.38864027128502,51.38864027128502,71.38864027128503
6810,14.1,76.37247992876645,96.37247992876645,116.37247992876645,136.37247992876644
6811,15.9,14.990107894997983,34.99010789499798,54.99010789499798,74.99010789499798
6812,17.1,14.557931780152426,34.55793178015243,54.55793178015243,74.55793178015243
6813,17.1,13.693579550461315,33.693579550461315,53.693579550461315,73.69357955046132
6814,17.7,14.125755665306873,34.12575566530687,54.12575566530687,74.12575566530687
6815,18.2,14.846049190049467,34.84604919004947,54.84604919004947,74.84604919004947
6816,20.1,15.566342714792057,35.56634271479206,55.56634271479206,75.56634271479206
6817,20.2,15.710401419740574,35.71040141974058,55.71040141974058,75.71040141974058
6818,20.1,16.430694944483168,36.430694944483164,56.430694944483164,76.43069494448316
6819,20.2,17.15098846922576,37.15098846922576,57.15098846922576,77.15098846922575
6820,20.4,16.430694944483168,36.430694944483164,56.430694944483164,76.43069494448316
6821,20.3,15.99851882963761,35.99851882963761,55.99851882963761,75.99851882963762
6822,20.6,15.566342714792057,35.56634271479206,55.56634271479206,75.56634271479206
6823,23.7,40.23453849225826,60.23453849225826,80.23453849225825,100.23453849225825
6824,21.6,13.549520845512799,33.5495208455128,53.5495208455128,73.5495208455128
6825,18.7,12.108933796027612,32.108933796027614,52.108933796027614,72.10893379602761
6826,18.3,10.668346746542426,30.668346746542426,50.668346746542426,70.66834674654243
6827,17.5,47.814699117690246,67.81469911769025,87.81469911769025,107.81469911769025
6828,14.2,9.515877106954274,29.515877106954274,49.51587710695428,69.51587710695428
6829,12.0,9.659935811902795,29.659935811902795,49.6599358119028,69.6599358119028
6830,12.2,9.37181840200576,29.371818402005758,49.37181840200576,69.37181840200576
6831,13.1,9.515877106954274,29.515877106954274,49.51587710695428,69.51587710695428
6832,13.3,11.676757681182053,31.676757681182053,51.67675768118205,71.67675768118205
6833,13.6,12.108933796027612,32.108933796027614,52.108933796027614,72.10893379602761
6834,15.3,75.2200102891783,95.2200102891783,115.2200102891783,135.2200102891783
6835,16.2,12.252992500976127,32.25299250097613,52.25299250097613,72.25299250097612
6836,15.8,12.829227320770205,32.8292273207702,52.8292273207702,72.8292273207702
6837,15.2,13.261403435615758,33.26140343561576,53.26140343561576,73.26140343561576
6838,14.4,13.693579550461315,33.693579550461315,53.693579550461315,73.69357955046132
6839,15.6,14.701990485100946,34.70199048510095,54.70199048510095,74.70199048510095
6840,16.6,16.718812354380205,36.718812354380205,56.718812354380205,76.7188123543802
6841,16.5,18.159399403865386,38.159399403865386,58.159399403865386,78.1593994038654
6842,16.1,19.311869043453537,39.31186904345354,59.31186904345354,79.31186904345354
6843,15.8,20.032162568196128,40.03216256819613,60.03216256819613,80.03216256819613
6844,14.9,20.464338683041685,40.46433868304169,60.46433868304169,80.46433868304169
6845,14.4,20.896514797887242,40.89651479788724,60.89651479788724,80.89651479788725
6846,15.6,20.896514797887242,40.89651479788724,60.89651479788724,80.89651479788725
6847,16.9,44.70035834566234,64.70035834566234,84.70035834566234,104.70035834566234
6848,16.2,17.15098846922576,37.15098846922576,57.15098846922576,77.15098846922575
6849,15.6,15.27822530489502,35.27822530489502,55.27822530489502,75.27822530489502
6850,15.0,13.549520845512799,33.5495208455128,53.5495208455128,73.5495208455128
6851,13.4,50.407755806763575,70.40775580676357,90.40775580676357,110.40775580676357
6852,12.2,11.676757681182053,31.676757681182053,51.67675768118205,71.67675768118205
6853,11.1,11.388640271285018,31.38864027128502,51.38864027128502,71.38864027128503
6854,10.3,11.532698976233537,31.532698976233537,51.53269897623353,71.53269897623353
6855,11.1,12.541109910873166,32.54110991087317,52.54110991087317,72.54110991087316
6856,12.6,16.28663623953465,36.28663623953465,56.28663623953465,76.28663623953466
6857,12.8,19.16781033850502,39.16781033850502,59.16781033850502,79.16781033850502
6858,12.9,83.14323906134682,103.14323906134682,123.14323906134682,143.14323906134683
6859,13.1,20.464338683041685,40.46433868304169,60.46433868304169,80.46433868304169
6860,13.7,20.464338683041685,40.46433868304169,60.46433868304169,80.46433868304169
6861,13.3,20.752456092938722,40.75245609293872,60.75245609293872,80.75245609293873
6862,12.7,21.18463220778428,41.184632207784276,61.184632207784276,81.18463220778428
6863,13.0,21.3286909127328,41.328690912732796,61.328690912732796,81.3286909127328
6864,13.7,21.18463220778428,41.184632207784276,61.184632207784276,81.18463220778428
6865,13.9,19.0237516335565,39.0237516335565,59.0237516335565,79.0237516335565
6866,14.7,17.15098846922576,37.15098846922576,57.15098846922576,77.15098846922575
6867,14.5,16.574753649431685,36.574753649431685,56.574753649431685,76.57475364943168
6868,13.2,15.566342714792057,35.56634271479206,55.56634271479206,75.56634271479206
6869,13.4,14.846049190049467,34.84604919004947,54.84604919004947,74.84604919004947
6870,15.0,14.125755665306873,34.12575566530687,54.12575566530687,74.12575566530687
6871,17.4,38.36177532792752,58.36177532792752,78.36177532792752,98.36177532792752
6872,16.4,12.108933796027612,32.108933796027614,52.108933796027614,72.10893379602761
6873,16.0,11.100522861387981,31.10052286138798,51.10052286138798,71.10052286138799
6874,15.4,10.380229336645385,30.380229336645385,50.380229336645385,70.38022933664539
6875,15.2,47.814699117690246,67.81469911769025,87.81469911769025,107.81469911769025
6876,14.1,9.659935811902795,29.659935811902795,49.6599358119028,69.6599358119028
6877,11.8,9.37181840200576,29.371818402005758,49.37181840200576,69.37181840200576
6878,10.9,8.939642287160202,28.939642287160204,48.939642287160204,68.93964228716021
6879,10.4,8.651524877263165,28.651524877263164,48.651524877263164,68.65152487726317
6880,10.6,8.507466172314647,28.507466172314647,48.50746617231465,68.50746617231465
6881,11.9,8.507466172314647,28.507466172314647,48.50746617231465,68.50746617231465
6882,13.4,72.0507187803109,92.0507187803109,112.0507187803109,132.0507187803109
6883,14.6,9.37181840200576,29.371818402005758,49.37181840200576,69.37181840200576
6884,14.7,9.37181840200576,29.371818402005758,49.37181840200576,69.37181840200576
6885,15.1,9.083700992108723,29.083700992108724,49.083700992108724,69.08370099210873
6886,13.9,8.507466172314647,28.507466172314647,48.50746617231465,68.50746617231465
6887,13.3,8.21934876241761,28.21934876241761,48.21934876241761,68.21934876241761
6888,13.7,8.21934876241761,28.21934876241761,48.21934876241761,68.21934876241761
6889,13.1,8.21934876241761,28.21934876241761,48.21934876241761,68.21934876241761
6890,12.6,8.075290057469092,28.07529005746909,48.07529005746909,68.07529005746909
6891,11.4,7.354996532726499,27.3549965327265,47.3549965327265,67.3549965327265
6892,11.4,7.066879122829462,27.066879122829462,47.06687912282946,67.06687912282946
6893,11.1,8.075290057469092,28.07529005746909,48.07529005746909,68.07529005746909
6894,11.2,8.507466172314647,28.507466172314647,48.50746617231465,68.50746617231465
6895,12.4,33.319720654729366,53.319720654729366,73.31972065472937,93.31972065472937
6896,12.4,7.931231352520573,27.931231352520573,47.93123135252057,67.93123135252057
6897,12.6,7.354996532726499,27.3549965327265,47.3549965327265,67.3549965327265
6898,12.0,7.787172647572055,27.787172647572056,47.787172647572056,67.78717264757205
6899,11.1,49.39934487212395,69.39934487212395,89.39934487212395,109.39934487212395
6900,12.4,12.829227320770205,32.8292273207702,52.8292273207702,72.8292273207702
6901,11.2,12.685168615821684,32.68516861582168,52.68516861582168,72.68516861582168
6902,11.2,12.829227320770205,32.8292273207702,52.8292273207702,72.8292273207702
6903,10.8,12.973286025718725,32.97328602571872,52.97328602571872,72.97328602571872
6904,11.1,14.413873075203906,34.41387307520391,54.41387307520391,74.41387307520391
6905,10.9,13.549520845512799,33.5495208455128,53.5495208455128,73.5495208455128
6906,10.6,76.6605973386635,96.6605973386635,116.6605973386635,136.66059733866348
6907,10.2,13.117344730667241,33.11734473066724,53.11734473066724,73.11734473066724
6908,10.7,13.693579550461315,33.693579550461315,53.693579550461315,73.69357955046132
6909,10.7,14.990107894997983,34.99010789499798,54.99010789499798,74.99010789499798
6910,10.4,16.28663623953465,36.28663623953465,56.28663623953465,76.28663623953466
6911,10.4,17.006929764277242,37.006929764277245,57.006929764277245,77.00692976427725
6912,10.2,17.87128199396835,37.87128199396835,57.87128199396835,77.87128199396835
6913,9.7,19.0237516335565,39.0237516335565,59.0237516335565,79.0237516335565
6914,9.9,19.599986453350578,39.59998645335058,59.59998645335058,79.59998645335058
6915,10.1,19.455927748402058,39.45592774840206,59.45592774840206,79.45592774840206
6916,9.9,19.744045158299095,39.744045158299095,59.744045158299095,79.74404515829909
6917,9.6,19.744045158299095,39.744045158299095,59.744045158299095,79.74404515829909
6918,10.0,19.311869043453537,39.31186904345354,59.31186904345354,79.31186904345354
6919,10.0,42.539477771434555,62.539477771434555,82.53947777143455,102.53947777143455
6920,10.7,15.134166599946504,35.134166599946504,55.134166599946504,75.1341665999465
6921,10.9,13.405462140564278,33.40546214056428,53.40546214056428,73.40546214056428
6922,10.9,11.388640271285018,31.38864027128502,51.38864027128502,71.38864027128503
6923,10.5,47.526581707793206,67.52658170779321,87.52658170779321,107.52658170779321
6924,9.7,8.21934876241761,28.21934876241761,48.21934876241761,68.21934876241761
6925,9.2,7.210937827777981,27.210937827777983,47.21093782777798,67.21093782777798
6926,8.5,7.354996532726499,27.3549965327265,47.3549965327265,67.3549965327265
6927,8.7,8.651524877263165,28.651524877263164,48.651524877263164,68.65152487726317
6928,8.9,11.2445815663365,31.2445815663365,51.2445815663365,71.2445815663365
6929,10.8,12.397051205924647,32.39705120592465,52.39705120592465,72.39705120592464
6930,13.5,76.22842122381793,96.22842122381793,116.22842122381793,136.22842122381792
6931,13.8,13.837638255409832,33.83763825540983,53.83763825540983,73.83763825540983
6932,14.8,14.413873075203906,34.41387307520391,54.41387307520391,74.41387307520391
6933,15.5,15.134166599946504,35.134166599946504,55.134166599946504,75.1341665999465
6934,14.3,16.86287105932872,36.862871059328725,56.862871059328725,76.86287105932873
6935,12.9,18.01534069891687,38.01534069891687,58.01534069891687,78.01534069891687
6936,12.9,19.0237516335565,39.0237516335565,59.0237516335565,79.0237516335565
6937,12.9,20.032162568196128,40.03216256819613,60.03216256819613,80.03216256819613
6938,13.3,21.18463220778428,41.184632207784276,61.184632207784276,81.18463220778428
6939,13.3,21.040573502835763,41.04057350283576,61.04057350283576,81.04057350283577
6940,13.3,20.752456092938722,40.75245609293872,60.75245609293872,80.75245609293873
6941,13.0,21.616808322629836,41.616808322629836,61.616808322629836,81.61680832262984
6942,15.1,22.769277962217984,42.769277962217984,62.769277962217984,82.76927796221798
6943,17.5,44.98847575555937,64.98847575555936,84.98847575555936,104.98847575555936
6944,17.0,17.15098846922576,37.15098846922576,57.15098846922576,77.15098846922575
6945,15.6,14.701990485100946,34.70199048510095,54.70199048510095,74.70199048510095
6946,14.9,12.829227320770205,32.8292273207702,52.8292273207702,72.8292273207702
6947,13.4,49.11122746222691,69.1112274622269,89.1112274622269,109.1112274622269
6948,12.6,10.380229336645385,30.380229336645385,50.380229336645385,70.38022933664539
6949,12.0,10.092111926748352,30.092111926748352,50.09211192674835,70.09211192674834
6950,11.9,10.524288041593906,30.524288041593906,50.524288041593906,70.5242880415939
6951,12.9,11.820816386130574,31.820816386130574,51.82081638613057,71.82081638613057
6952,13.3,14.557931780152426,34.55793178015243,54.55793178015243,74.55793178015243
6953,13.2,16.28663623953465,36.28663623953465,56.28663623953465,76.28663623953466
6954,12.8,79.97394755247942,99.97394755247942,119.97394755247942,139.97394755247942
6955,13.4,16.86287105932872,36.862871059328725,56.862871059328725,76.86287105932873
6956,12.2,16.86287105932872,36.862871059328725,56.862871059328725,76.86287105932873
6957,12.1,17.727223289019836,37.72722328901983,57.72722328901983,77.72722328901983
6958,11.7,18.30345810881391,38.30345810881391,58.30345810881391,78.30345810881391
6959,10.7,18.879692928607984,38.87969292860798,58.87969292860798,78.87969292860798
6960,11.3,19.599986453350578,39.59998645335058,59.59998645335058,79.59998645335058
6961,11.4,20.464338683041685,40.46433868304169,60.46433868304169,80.46433868304169
6962,10.8,20.464338683041685,40.46433868304169,60.46433868304169,80.46433868304169
6963,11.0,20.464338683041685,40.46433868304169,60.46433868304169,80.46433868304169
6964,11.4,20.896514797887242,40.89651479788724,60.89651479788724,80.89651479788725
6965,11.8,21.18463220778428,41.184632207784276,61.184632207784276,81.18463220778428
6966,13.2,21.18463220778428,41.184632207784276,61.184632207784276,81.18463220778428
6967,15.2,44.98847575555937,64.98847575555936,84.98847575555936,104.98847575555936
6968,15.6,17.006929764277242,37.006929764277245,57.006929764277245,77.00692976427725
6969,14.6,14.990107894997983,34.99010789499798,54.99010789499798,74.99010789499798
6970,12.9,13.261403435615758,33.26140343561576,53.26140343561576,73.26140343561576
6971,11.9,49.68746228202099,69.68746228202099,89.68746228202099,109.68746228202099
6972,11.3,11.100522861387981,31.10052286138798,51.10052286138798,71.10052286138799
6973,10.5,10.956464156439463,30.956464156439463,50.956464156439466,70.95646415643947
6974,10.6,11.388640271285018,31.38864027128502,51.38864027128502,71.38864027128503
6975,11.1,12.829227320770205,32.8292273207702,52.8292273207702,72.8292273207702
6976,12.3,16.718812354380205,36.718812354380205,56.718812354380205,76.7188123543802
6977,13.3,19.744045158299095,39.744045158299095,59.744045158299095,79.74404515829909
6978,13.8,85.16006093062609,105.16006093062609,125.16006093062609,145.1600609306261
6979,14.1,23.20145407706354,43.201454077063545,63.201454077063545,83.20145407706354
6980,14.1,24.20986501170317,44.20986501170317,64.20986501170317,84.20986501170317
6981,13.8,24.786099831497243,44.78609983149724,64.78609983149724,84.78609983149724
6982,14.7,25.794510766136877,45.79451076613688,65.79451076613688,85.79451076613688
6983,14.7,25.794510766136877,45.79451076613688,65.79451076613688,85.79451076613688
6984,16.0,25.36233465129132,45.36233465129132,65.36233465129132,85.36233465129132
6985,17.5,25.36233465129132,45.36233465129132,65.36233465129132,85.36233465129132
6986,17.6,25.650452061188354,45.65045206118835,65.65045206118836,85.65045206118836
6987,18.2,25.218275946342796,45.2182759463428,65.2182759463428,85.2182759463428
6988,20.4,24.93015853644576,44.93015853644576,64.93015853644576,84.93015853644576
6989,20.1,24.353923716651693,44.35392371665169,64.35392371665169,84.35392371665169
6990,25.8,23.921747601806135,43.92174760180613,63.92174760180613,83.92174760180613
6991,30.2,47.86964985452974,67.86964985452974,87.86964985452974,107.86964985452974
6992,28.2,20.608397387990205,40.60839738799021,60.60839738799021,80.60839738799021
6993,23.7,17.583164584071316,37.58316458407131,57.58316458407131,77.58316458407131
6994,23.2,15.566342714792057,35.56634271479206,55.56634271479206,75.56634271479206
6995,21.9,52.56863638099136,72.56863638099136,92.56863638099136,112.56863638099136
6996,18.8,14.701990485100946,34.70199048510095,54.70199048510095,74.70199048510095
6997,17.6,15.134166599946504,35.134166599946504,55.134166599946504,75.1341665999465
6998,17.2,15.27822530489502,35.27822530489502,55.27822530489502,75.27822530489502
6999,17.2,15.27822530489502,35.27822530489502,55.27822530489502,75.27822530489502
7000,17.6,14.990107894997983,34.99010789499798,54.99010789499798,74.99010789499798
7001,19.7,14.26981437025539,34.26981437025539,54.26981437025539,74.26981437025539
7002,22.8,76.6605973386635,96.6605973386635,116.6605973386635,136.66059733866348
7003,24.7,13.117344730667241,33.11734473066724,53.11734473066724,73.11734473066724
7004,25.5,12.252992500976127,32.25299250097613,52.25299250097613,72.25299250097612
7005,24.2,11.100522861387981,31.10052286138798,51.10052286138798,71.10052286138799
7006,25.5,9.803994516851315,29.803994516851315,49.80399451685132,69.80399451685132
7007,25.6,8.939642287160202,28.939642287160204,48.939642287160204,68.93964228716021
7008,26.7,8.651524877263165,28.651524877263164,48.651524877263164,68.65152487726317
7009,28.2,8.36340746736613,28.36340746736613,48.36340746736613,68.36340746736613
7010,27.6,8.21934876241761,28.21934876241761,48.21934876241761,68.21934876241761
7011,28.5,8.21934876241761,28.21934876241761,48.21934876241761,68.21934876241761
7012,27.4,8.075290057469092,28.07529005746909,48.07529005746909,68.07529005746909
7013,26.8,7.787172647572055,27.787172647572056,47.787172647572056,67.78717264757205
7014,30.4,7.354996532726499,27.3549965327265,47.3549965327265,67.3549965327265
7015,34.6,31.735074900295665,51.735074900295665,71.73507490029567,91.73507490029567
7016,32.0,4.905998548601684,24.905998548601683,44.90599854860169,64.90599854860169
7017,29.5,4.854698191780822,24.854698191780823,44.85469819178083,64.85469819178083
7018,26.4,4.854698191780822,24.854698191780823,44.85469819178083,64.85469819178083
7019,19.5,42.721344087671234,62.721344087671234,82.72134408767124,102.72134408767124
7020,18.1,4.854698191780822,24.854698191780823,44.85469819178083,64.85469819178083
7021,16.2,4.854698191780822,24.854698191780823,44.85469819178083,64.85469819178083
7022,15.8,4.854698191780822,24.854698191780823,44.85469819178083,64.85469819178083
7023,16.5,4.854698191780822,24.854698191780823,44.85469819178083,64.85469819178083
7024,17.5,4.854698191780822,24.854698191780823,44.85469819178083,64.85469819178083
7025,19.0,4.854698191780822,24.854698191780823,44.85469819178083,64.85469819178083
7026,22.1,67.96577468493152,87.96577468493152,107.96577468493152,127.96577468493152
7027,24.6,4.854698191780822,24.854698191780823,44.85469819178083,64.85469819178083
7028,27.7,4.905998548601684,24.905998548601683,44.90599854860169,64.90599854860169
7029,29.5,5.338174663447239,25.33817466344724,45.33817466344724,65.33817466344723
7030,28.4,5.914409483241313,25.914409483241315,45.914409483241315,65.91440948324131
7031,29.8,6.202526893138352,26.20252689313835,46.202526893138355,66.20252689313836
7032,30.7,6.778761712932424,26.778761712932422,46.77876171293242,66.77876171293242
7033,31.0,7.354996532726499,27.3549965327265,47.3549965327265,67.3549965327265
7034,28.9,7.643113942623536,27.643113942623536,47.643113942623536,67.64311394262353
7035,22.3,7.931231352520573,27.931231352520573,47.93123135252057,67.93123135252057
7036,22.1,8.795583582211684,28.795583582211684,48.795583582211684,68.79558358221169
7037,21.9,8.939642287160202,28.939642287160204,48.939642287160204,68.93964228716021
7038,24.1,9.948053221799833,29.94805322179983,49.94805322179983,69.94805322179982
7039,25.3,35.19248381906011,55.19248381906011,75.1924838190601,95.1924838190601
7040,23.6,8.21934876241761,28.21934876241761,48.21934876241761,68.21934876241761
7041,19.3,7.066879122829462,27.066879122829462,47.06687912282946,67.06687912282946
7042,18.3,6.490644303035387,26.49064430303539,46.49064430303539,66.4906443030354
7043,17.5,44.645407608822836,64.64540760882284,84.64540760882284,104.64540760882284
7044,17.1,6.922820417880944,26.922820417880942,46.92282041788094,66.92282041788094
7045,16.2,7.787172647572055,27.787172647572056,47.787172647572056,67.78717264757205
7046,15.9,8.795583582211684,28.795583582211684,48.795583582211684,68.79558358221169
7047,15.8,9.37181840200576,29.371818402005758,49.37181840200576,69.37181840200576
7048,15.7,9.948053221799833,29.94805322179983,49.94805322179983,69.94805322179982
7049,16.1,10.524288041593906,30.524288041593906,50.524288041593906,70.5242880415939
7050,16.2,74.64377546938424,94.64377546938424,114.64377546938424,134.64377546938425
7051,16.0,11.820816386130574,31.820816386130574,51.82081638613057,71.82081638613057
7052,15.9,13.549520845512799,33.5495208455128,53.5495208455128,73.5495208455128
7053,15.5,14.990107894997983,34.99010789499798,54.99010789499798,74.99010789499798
7054,14.3,15.710401419740574,35.71040141974058,55.71040141974058,75.71040141974058
7055,13.7,16.430694944483168,36.430694944483164,56.430694944483164,76.43069494448316
7056,13.5,16.86287105932872,36.862871059328725,56.862871059328725,76.86287105932873
7057,13.6,17.583164584071316,37.58316458407131,57.58316458407131,77.58316458407131
7058,13.3,18.159399403865386,38.159399403865386,58.159399403865386,78.1593994038654
7059,13.3,18.735634223659464,38.73563422365946,58.73563422365946,78.73563422365946
7060,13.5,18.735634223659464,38.73563422365946,58.73563422365946,78.73563422365946
7061,13.4,18.735634223659464,38.73563422365946,58.73563422365946,78.73563422365946
7062,13.8,19.16781033850502,39.16781033850502,59.16781033850502,79.16781033850502
7063,15.2,43.98006482091974,63.98006482091974,83.98006482091975,103.98006482091975
7064,15.8,17.439105879122796,37.43910587912279,57.43910587912279,77.43910587912279
7065,15.8,15.710401419740574,35.71040141974058,55.71040141974058,75.71040141974058
7066,16.5,13.549520845512799,33.5495208455128,53.5495208455128,73.5495208455128
7067,16.6,49.8315209869695,69.83152098696951,89.83152098696951,109.83152098696951
7068,15.1,11.100522861387981,31.10052286138798,51.10052286138798,71.10052286138799
7069,14.3,10.812405451490944,30.812405451490946,50.812405451490946,70.81240545149095
7070,14.6,11.100522861387981,31.10052286138798,51.10052286138798,71.10052286138799
7071,14.0,12.685168615821684,32.68516861582168,52.68516861582168,72.68516861582168
7072,13.4,14.846049190049467,34.84604919004947,54.84604919004947,74.84604919004947
7073,14.4,14.846049190049467,34.84604919004947,54.84604919004947,74.84604919004947
7074,13.7,78.96553661783979,98.96553661783979,118.96553661783979,138.9655366178398
7075,14.2,15.854460124689094,35.8544601246891,55.8544601246891,75.8544601246891
7076,13.8,17.439105879122796,37.43910587912279,57.43910587912279,77.43910587912279
7077,13.7,18.591575518710947,38.59157551871095,58.59157551871095,78.59157551871095
7078,13.5,18.447516813762427,38.44751681376243,58.44751681376243,78.44751681376243
7079,13.6,18.591575518710947,38.59157551871095,58.59157551871095,78.59157551871095
7080,13.8,19.311869043453537,39.31186904345354,59.31186904345354,79.31186904345354
7081,13.4,20.176221273144648,40.17622127314465,60.17622127314465,80.17622127314465
7082,13.0,20.464338683041685,40.46433868304169,60.46433868304169,80.46433868304169
7083,13.0,21.040573502835763,41.04057350283576,61.04057350283576,81.04057350283577
7084,13.0,21.18463220778428,41.184632207784276,61.184632207784276,81.18463220778428
7085,13.2,21.3286909127328,41.328690912732796,61.328690912732796,81.3286909127328
7086,13.4,21.47274961768132,41.472749617681316,61.472749617681316,81.47274961768132
7087,13.9,45.996886690199,65.996886690199,85.996886690199,105.996886690199
7088,14.7,19.311869043453537,39.31186904345354,59.31186904345354,79.31186904345354
7089,15.8,18.30345810881391,38.30345810881391,58.30345810881391,78.30345810881391
7090,16.1,17.583164584071316,37.58316458407131,57.58316458407131,77.58316458407131
7091,15.2,55.59386918491025,75.59386918491025,95.59386918491025,115.59386918491025
7092,15.1,17.15098846922576,37.15098846922576,57.15098846922576,77.15098846922575
7093,14.4,16.28663623953465,36.28663623953465,56.28663623953465,76.28663623953466
7094,13.4,15.99851882963761,35.99851882963761,55.99851882963761,75.99851882963762
7095,12.9,17.29504717417428,37.29504717417428,57.29504717417428,77.29504717417427
7096,13.1,20.32027997809317,40.32027997809317,60.32027997809317,80.32027997809317
7097,13.5,22.337101847372427,42.33710184737242,62.33710184737242,82.33710184737242
7098,14.4,86.45658927516274,106.45658927516274,126.45658927516274,146.45658927516274
7099,14.7,24.353923716651693,44.35392371665169,64.35392371665169,84.35392371665169
7100,14.7,24.786099831497243,44.78609983149724,64.78609983149724,84.78609983149724
7101,15.1,25.074217241394283,45.07421724139428,65.07421724139428,85.07421724139428
7102,14.3,25.074217241394283,45.07421724139428,65.07421724139428,85.07421724139428
7103,15.4,24.93015853644576,44.93015853644576,64.93015853644576,84.93015853644576
7104,15.8,23.20145407706354,43.201454077063545,63.201454077063545,83.20145407706354
7105,15.5,21.904925732526873,41.90492573252688,61.90492573252688,81.90492573252688
7106,15.3,20.896514797887242,40.89651479788724,60.89651479788724,80.89651479788725
7107,15.4,20.32027997809317,40.32027997809317,60.32027997809317,80.32027997809317
7108,15.7,19.311869043453537,39.31186904345354,59.31186904345354,79.31186904345354
7109,16.6,18.01534069891687,38.01534069891687,58.01534069891687,78.01534069891687
7110,17.7,16.718812354380205,36.718812354380205,56.718812354380205,76.7188123543802
7111,17.7,40.81077331205233,60.81077331205233,80.81077331205233,100.81077331205233
7112,17.3,15.566342714792057,35.56634271479206,55.56634271479206,75.56634271479206
7113,16.7,14.701990485100946,34.70199048510095,54.70199048510095,74.70199048510095
7114,16.5,12.541109910873166,32.54110991087317,52.54110991087317,72.54110991087316
7115,16.4,49.39934487212395,69.39934487212395,89.39934487212395,109.39934487212395
7116,15.6,10.380229336645385,30.380229336645385,50.380229336645385,70.38022933664539
7117,14.1,9.227759697057241,29.22775969705724,49.22775969705724,69.22775969705724
7118,13.9,8.651524877263165,28.651524877263164,48.651524877263164,68.65152487726317
7119,14.6,9.083700992108723,29.083700992108724,49.083700992108724,69.08370099210873
7120,14.9,9.37181840200576,29.371818402005758,49.37181840200576,69.37181840200576
7121,14.4,9.37181840200576,29.371818402005758,49.37181840200576,69.37181840200576
7122,13.6,72.19477748525942,92.19477748525942,112.19477748525942,132.1947774852594
7123,13.5,8.939642287160202,28.939642287160204,48.939642287160204,68.93964228716021
7124,13.3,8.21934876241761,28.21934876241761,48.21934876241761,68.21934876241761
7125,13.7,8.075290057469092,28.07529005746909,48.07529005746909,68.07529005746909
7126,13.0,8.21934876241761,28.21934876241761,48.21934876241761,68.21934876241761
7127,12.4,8.075290057469092,28.07529005746909,48.07529005746909,68.07529005746909
7128,12.6,8.36340746736613,28.36340746736613,48.36340746736613,68.36340746736613
7129,12.5,8.651524877263165,28.651524877263164,48.651524877263164,68.65152487726317
7130,13.3,9.659935811902795,29.659935811902795,49.6599358119028,69.6599358119028
7131,12.7,11.2445815663365,31.2445815663365,51.2445815663365,71.2445815663365
7132,12.4,12.829227320770205,32.8292273207702,52.8292273207702,72.8292273207702
7133,11.9,13.693579550461315,33.693579550461315,53.693579550461315,73.69357955046132
7134,13.4,14.26981437025539,34.26981437025539,54.26981437025539,74.26981437025539
7135,15.3,39.226127557618625,59.226127557618625,79.22612755761863,99.22612755761863
7136,15.5,12.685168615821684,32.68516861582168,52.68516861582168,72.68516861582168
7137,15.2,11.388640271285018,31.38864027128502,51.38864027128502,71.38864027128503
7138,13.9,9.803994516851315,29.803994516851315,49.80399451685132,69.80399451685132
7139,13.0,47.526581707793206,67.52658170779321,87.52658170779321,107.52658170779321
7140,12.8,9.803994516851315,29.803994516851315,49.80399451685132,69.80399451685132
7141,12.5,10.236170631696872,30.236170631696872,50.23617063169687,70.23617063169687
7142,11.3,10.092111926748352,30.092111926748352,50.09211192674835,70.09211192674834
7143,11.8,10.524288041593906,30.524288041593906,50.524288041593906,70.5242880415939
7144,13.1,11.100522861387981,31.10052286138798,51.10052286138798,71.10052286138799
7145,13.5,12.397051205924647,32.39705120592465,52.39705120592465,72.39705120592464
7146,14.0,75.9403038139209,95.9403038139209,115.9403038139209,135.9403038139209
7147,14.4,12.252992500976127,32.25299250097613,52.25299250097613,72.25299250097612
7148,14.5,11.676757681182053,31.676757681182053,51.67675768118205,71.67675768118205
7149,14.7,12.397051205924647,32.39705120592465,52.39705120592465,72.39705120592464
7150,14.8,13.117344730667241,33.11734473066724,53.11734473066724,73.11734473066724
7151,14.4,12.108933796027612,32.108933796027614,52.108933796027614,72.10893379602761
7152,14.0,11.964875091079092,31.964875091079094,51.964875091079094,71.9648750910791
7153,13.2,11.676757681182053,31.676757681182053,51.67675768118205,71.67675768118205
7154,12.7,11.964875091079092,31.964875091079094,51.964875091079094,71.9648750910791
7155,12.4,11.820816386130574,31.820816386130574,51.82081638613057,71.82081638613057
7156,12.2,11.676757681182053,31.676757681182053,51.67675768118205,71.67675768118205
7157,13.0,11.2445815663365,31.2445815663365,51.2445815663365,71.2445815663365
7158,15.0,10.812405451490944,30.812405451490946,50.812405451490946,70.81240545149095
7159,15.5,35.62465993390566,55.62465993390566,75.62465993390566,95.62465993390566
7160,14.9,9.803994516851315,29.803994516851315,49.80399451685132,69.80399451685132
7161,14.6,9.083700992108723,29.083700992108724,49.083700992108724,69.08370099210873
7162,14.7,7.210937827777981,27.210937827777983,47.21093782777798,67.21093782777798
7163,13.8,43.92511408408024,63.92511408408024,83.92511408408023,103.92511408408023
7164,13.3,6.34658559808687,26.346585598086868,46.34658559808687,66.34658559808688
7165,12.6,6.634703007983905,26.634703007983905,46.6347030079839,66.6347030079839
7166,12.8,6.634703007983905,26.634703007983905,46.6347030079839,66.6347030079839
7167,13.8,7.787172647572055,27.787172647572056,47.787172647572056,67.78717264757205
7168,13.6,9.803994516851315,29.803994516851315,49.80399451685132,69.80399451685132
7169,13.7,11.100522861387981,31.10052286138798,51.10052286138798,71.10052286138799
7170,13.8,74.78783417433274,94.78783417433274,114.78783417433274,134.78783417433274
7171,13.6,11.2445815663365,31.2445815663365,51.2445815663365,71.2445815663365
7172,13.7,12.397051205924647,32.39705120592465,52.39705120592465,72.39705120592464
7173,13.5,13.117344730667241,33.11734473066724,53.11734473066724,73.11734473066724
7174,13.5,13.837638255409832,33.83763825540983,53.83763825540983,73.83763825540983
7175,13.8,14.413873075203906,34.41387307520391,54.41387307520391,74.41387307520391
7176,15.4,15.134166599946504,35.134166599946504,55.134166599946504,75.1341665999465
7177,15.2,15.99851882963761,35.99851882963761,55.99851882963761,75.99851882963762
7178,15.2,16.28663623953465,36.28663623953465,56.28663623953465,76.28663623953466
7179,16.5,15.134166599946504,35.134166599946504,55.134166599946504,75.1341665999465
7180,16.2,14.125755665306873,34.12575566530687,54.12575566530687,74.12575566530687
7181,16.2,13.837638255409832,33.83763825540983,53.83763825540983,73.83763825540983
7182,16.0,12.685168615821684,32.68516861582168,52.68516861582168,72.68516861582168
7183,14.6,37.35336439328789,57.35336439328789,77.35336439328789,97.35336439328789
7184,14.8,11.820816386130574,31.820816386130574,51.82081638613057,71.82081638613057
7185,13.1,11.388640271285018,31.38864027128502,51.38864027128502,71.38864027128503
7186,12.7,10.380229336645385,30.380229336645385,50.380229336645385,70.38022933664539
7187,12.8,46.95034688799913,66.95034688799913,86.95034688799913,106.95034688799913
7188,11.4,7.499055237675016,27.499055237675016,47.499055237675016,67.49905523767501
7189,10.2,5.914409483241313,25.914409483241315,45.914409483241315,65.91440948324131
7190,9.6,5.19411595849872,25.19411595849872,45.19411595849872,65.19411595849871
7191,10.3,6.202526893138352,26.20252689313835,46.202526893138355,66.20252689313836
7192,11.1,7.643113942623536,27.643113942623536,47.643113942623536,67.64311394262353
7193,12.0,9.083700992108723,29.083700992108724,49.083700992108724,69.08370099210873
7194,12.2,73.05912971495053,93.05912971495053,113.05912971495053,133.05912971495053
7195,12.4,10.524288041593906,30.524288041593906,50.524288041593906,70.5242880415939
7196,12.7,11.100522861387981,31.10052286138798,51.10052286138798,71.10052286138799
7197,13.1,10.524288041593906,30.524288041593906,50.524288041593906,70.5242880415939
7198,13.1,9.515877106954274,29.515877106954274,49.51587710695428,69.51587710695428
7199,13.1,9.659935811902795,29.659935811902795,49.6599358119028,69.6599358119028
7200,13.4,10.668346746542426,30.668346746542426,50.668346746542426,70.66834674654243
7201,13.4,10.812405451490944,30.812405451490946,50.812405451490946,70.81240545149095
7202,12.3,10.092111926748352,30.092111926748352,50.09211192674835,70.09211192674834
7203,12.5,9.803994516851315,29.803994516851315,49.80399451685132,69.80399451685132
7204,12.2,9.083700992108723,29.083700992108724,49.083700992108724,69.08370099210873
7205,12.1,9.803994516851315,29.803994516851315,49.80399451685132,69.80399451685132
7206,12.8,9.37181840200576,29.371818402005758,49.37181840200576,69.37181840200576
7207,14.3,32.74348583493529,52.74348583493529,72.74348583493529,92.74348583493529
7208,14.0,6.058468188189831,26.05846818818983,46.058468188189835,66.05846818818983
7209,14.0,5.19411595849872,25.19411595849872,45.19411595849872,65.19411595849871
7210,13.5,4.854698191780822,24.854698191780823,44.85469819178083,64.85469819178083
7211,12.4,42.721344087671234,62.721344087671234,82.72134408767124,102.72134408767124
7212,11.5,4.854698191780822,24.854698191780823,44.85469819178083,64.85469819178083
7213,10.7,4.854698191780822,24.854698191780823,44.85469819178083,64.85469819178083
7214,10.9,4.854698191780822,24.854698191780823,44.85469819178083,64.85469819178083
7215,10.2,4.854698191780822,24.854698191780823,44.85469819178083,64.85469819178083
7216,9.6,4.854698191780822,24.854698191780823,44.85469819178083,64.85469819178083
7217,9.9,4.854698191780822,24.854698191780823,44.85469819178083,64.85469819178083
7218,10.0,67.96577468493152,87.96577468493152,107.96577468493152,127.96577468493152
7219,10.4,4.854698191780822,24.854698191780823,44.85469819178083,64.85469819178083
7220,10.7,4.854698191780822,24.854698191780823,44.85469819178083,64.85469819178083
7221,10.6,4.854698191780822,24.854698191780823,44.85469819178083,64.85469819178083
7222,10.1,5.19411595849872,25.19411595849872,45.19411595849872,65.19411595849871
7223,9.9,7.066879122829462,27.066879122829462,47.06687912282946,67.06687912282946
7224,10.1,8.36340746736613,28.36340746736613,48.36340746736613,68.36340746736613
7225,10.1,7.931231352520573,27.931231352520573,47.93123135252057,67.93123135252057
7226,10.4,8.939642287160202,28.939642287160204,48.939642287160204,68.93964228716021
7227,10.6,10.380229336645385,30.380229336645385,50.380229336645385,70.38022933664539
7228,10.0,10.956464156439463,30.956464156439463,50.956464156439466,70.95646415643947
7229,9.3,11.100522861387981,31.10052286138798,51.10052286138798,71.10052286138799
7230,9.5,10.236170631696872,30.236170631696872,50.23617063169687,70.23617063169687
7231,10.6,35.19248381906011,55.19248381906011,75.1924838190601,95.1924838190601
7232,12.0,9.083700992108723,29.083700992108724,49.083700992108724,69.08370099210873
7233,12.6,8.21934876241761,28.21934876241761,48.21934876241761,68.21934876241761
7234,12.6,7.931231352520573,27.931231352520573,47.93123135252057,67.93123135252057
7235,12.7,45.941935953359504,65.9419359533595,85.9419359533595,105.9419359533595
7236,11.5,8.075290057469092,28.07529005746909,48.07529005746909,68.07529005746909
7237,10.9,8.21934876241761,28.21934876241761,48.21934876241761,68.21934876241761
7238,10.7,8.507466172314647,28.507466172314647,48.50746617231465,68.50746617231465
7239,10.9,8.795583582211684,28.795583582211684,48.795583582211684,68.79558358221169
7240,11.1,8.939642287160202,28.939642287160204,48.939642287160204,68.93964228716021
7241,11.5,9.659935811902795,29.659935811902795,49.6599358119028,69.6599358119028
7242,11.9,74.49971676443572,94.49971676443572,114.49971676443572,134.49971676443573
7243,12.2,12.397051205924647,32.39705120592465,52.39705120592465,72.39705120592464
7244,12.2,12.829227320770205,32.8292273207702,52.8292273207702,72.8292273207702
7245,12.4,12.829227320770205,32.8292273207702,52.8292273207702,72.8292273207702
7246,12.5,12.252992500976127,32.25299250097613,52.25299250097613,72.25299250097612
7247,12.8,12.252992500976127,32.25299250097613,52.25299250097613,72.25299250097612
7248,12.7,12.685168615821684,32.68516861582168,52.68516861582168,72.68516861582168
7249,12.9,13.261403435615758,33.26140343561576,53.26140343561576,73.26140343561576
7250,13.1,12.973286025718725,32.97328602571872,52.97328602571872,72.97328602571872
7251,12.7,12.108933796027612,32.108933796027614,52.108933796027614,72.10893379602761
7252,13.4,12.397051205924647,32.39705120592465,52.39705120592465,72.39705120592464
7253,13.9,13.405462140564278,33.40546214056428,53.40546214056428,73.40546214056428
7254,14.5,13.837638255409832,33.83763825540983,53.83763825540983,73.83763825540983
7255,15.4,38.79395144277308,58.79395144277308,78.79395144277308,98.79395144277308
7256,16.1,12.397051205924647,32.39705120592465,52.39705120592465,72.39705120592464
7257,16.2,11.2445815663365,31.2445815663365,51.2445815663365,71.2445815663365
7258,16.3,9.227759697057241,29.22775969705724,49.22775969705724,69.22775969705724
7259,14.5,45.797877248410984,65.79787724841098,85.79787724841098,105.79787724841098
7260,13.2,8.795583582211684,28.795583582211684,48.795583582211684,68.79558358221169
7261,13.6,9.515877106954274,29.515877106954274,49.51587710695428,69.51587710695428
7262,13.2,10.668346746542426,30.668346746542426,50.668346746542426,70.66834674654243
7263,13.9,11.388640271285018,31.38864027128502,51.38864027128502,71.38864027128503
7264,14.0,11.388640271285018,31.38864027128502,51.38864027128502,71.38864027128503
7265,14.8,11.676757681182053,31.676757681182053,51.67675768118205,71.67675768118205
7266,15.2,74.78783417433274,94.78783417433274,114.78783417433274,134.78783417433274
7267,15.6,11.820816386130574,31.820816386130574,51.82081638613057,71.82081638613057
7268,16.5,12.252992500976127,32.25299250097613,52.25299250097613,72.25299250097612
7269,17.1,12.541109910873166,32.54110991087317,52.54110991087317,72.54110991087316
7270,17.1,12.829227320770205,32.8292273207702,52.8292273207702,72.8292273207702
7271,18.2,11.820816386130574,31.820816386130574,51.82081638613057,71.82081638613057
7272,18.2,12.108933796027612,32.108933796027614,52.108933796027614,72.10893379602761
7273,17.1,13.405462140564278,33.40546214056428,53.40546214056428,73.40546214056428
7274,16.5,13.261403435615758,33.26140343561576,53.26140343561576,73.26140343561576
7275,16.0,12.829227320770205,32.8292273207702,52.8292273207702,72.8292273207702
7276,15.5,12.397051205924647,32.39705120592465,52.39705120592465,72.39705120592464
7277,15.6,11.820816386130574,31.820816386130574,51.82081638613057,71.82081638613057
7278,15.9,11.532698976233537,31.532698976233537,51.53269897623353,71.53269897623353
7279,16.3,36.344953458648256,56.344953458648256,76.34495345864826,96.34495345864826
7280,17.0,10.668346746542426,30.668346746542426,50.668346746542426,70.66834674654243
7281,16.2,9.803994516851315,29.803994516851315,49.80399451685132,69.80399451685132
7282,15.2,9.37181840200576,29.371818402005758,49.37181840200576,69.37181840200576
7283,14.3,46.80628818305061,66.80628818305061,86.80628818305061,106.80628818305061
7284,13.2,8.075290057469092,28.07529005746909,48.07529005746909,68.07529005746909
7285,12.0,7.210937827777981,27.210937827777983,47.21093782777798,67.21093782777798
7286,11.7,7.499055237675016,27.499055237675016,47.499055237675016,67.49905523767501
7287,11.4,8.795583582211684,28.795583582211684,48.795583582211684,68.79558358221169
7288,11.9,10.092111926748352,30.092111926748352,50.09211192674835,70.09211192674834
7289,13.7,10.524288041593906,30.524288041593906,50.524288041593906,70.5242880415939
7290,16.1,74.21159935453868,94.21159935453868,114.21159935453868,134.2115993545387
7291,16.5,11.964875091079092,31.964875091079094,51.964875091079094,71.9648750910791
7292,16.0,12.685168615821684,32.68516861582168,52.68516861582168,72.68516861582168
7293,16.0,13.117344730667241,33.11734473066724,53.11734473066724,73.11734473066724
7294,14.9,13.981696960358352,33.98169696035835,53.98169696035835,73.98169696035835
7295,14.1,15.42228400984354,35.42228400984354,55.42228400984354,75.42228400984354
7296,14.3,16.14257753458613,36.14257753458613,56.14257753458613,76.14257753458614
7297,15.9,14.701990485100946,34.70199048510095,54.70199048510095,74.70199048510095
7298,16.6,13.117344730667241,33.11734473066724,53.11734473066724,73.11734473066724
7299,17.1,12.108933796027612,32.108933796027614,52.108933796027614,72.10893379602761
7300,17.7,11.100522861387981,31.10052286138798,51.10052286138798,71.10052286138799
7301,17.3,10.236170631696872,30.236170631696872,50.23617063169687,70.23617063169687
7302,16.9,9.515877106954274,29.515877106954274,49.51587710695428,69.51587710695428
7303,18.1,34.18407288442048,54.18407288442048,74.18407288442049,94.18407288442049
7304,18.6,8.075290057469092,28.07529005746909,48.07529005746909,68.07529005746909
7305,18.5,6.922820417880944,26.922820417880942,46.92282041788094,66.92282041788094
7306,18.6,4.854698191780822,24.854698191780823,44.85469819178083,64.85469819178083
7307,17.8,42.721344087671234,62.721344087671234,82.72134408767124,102.72134408767124
7308,17.6,4.854698191780822,24.854698191780823,44.85469819178083,64.85469819178083
7309,16.3,5.19411595849872,25.19411595849872,45.19411595849872,65.19411595849871
7310,15.9,6.490644303035387,26.49064430303539,46.49064430303539,66.4906443030354
7311,16.0,7.354996532726499,27.3549965327265,47.3549965327265,67.3549965327265
7312,16.9,7.787172647572055,27.787172647572056,47.787172647572056,67.78717264757205
7313,16.5,8.075290057469092,28.07529005746909,48.07529005746909,68.07529005746909
7314,16.2,71.3304252555683,91.3304252555683,111.3304252555683,131.3304252555683
7315,16.0,8.36340746736613,28.36340746736613,48.36340746736613,68.36340746736613
7316,15.1,8.507466172314647,28.507466172314647,48.50746617231465,68.50746617231465
7317,14.7,8.507466172314647,28.507466172314647,48.50746617231465,68.50746617231465
7318,14.2,8.651524877263165,28.651524877263164,48.651524877263164,68.65152487726317
7319,14.4,8.939642287160202,28.939642287160204,48.939642287160204,68.93964228716021
7320,14.5,9.659935811902795,29.659935811902795,49.6599358119028,69.6599358119028
7321,14.6,10.092111926748352,30.092111926748352,50.09211192674835,70.09211192674834
7322,14.8,10.380229336645385,30.380229336645385,50.380229336645385,70.38022933664539
7323,15.7,11.532698976233537,31.532698976233537,51.53269897623353,71.53269897623353
7324,15.6,11.820816386130574,31.820816386130574,51.82081638613057,71.82081638613057
7325,16.5,11.2445815663365,31.2445815663365,51.2445815663365,71.2445815663365
7326,17.4,11.100522861387981,31.10052286138798,51.10052286138798,71.10052286138799
7327,18.3,35.9127773438027,55.9127773438027,75.9127773438027,95.9127773438027
7328,19.4,9.803994516851315,29.803994516851315,49.80399451685132,69.80399451685132
7329,19.5,9.227759697057241,29.22775969705724,49.22775969705724,69.22775969705724
7330,18.2,9.083700992108723,29.083700992108724,49.083700992108724,69.08370099210873
7331,17.3,46.37411206820506,66.37411206820505,86.37411206820505,106.37411206820505
7332,15.6,8.651524877263165,28.651524877263164,48.651524877263164,68.65152487726317
7333,13.9,9.083700992108723,29.083700992108724,49.083700992108724,69.08370099210873
7334,13.0,9.803994516851315,29.803994516851315,49.80399451685132,69.80399451685132
7335,13.7,10.236170631696872,30.236170631696872,50.23617063169687,70.23617063169687
7336,15.3,10.524288041593906,30.524288041593906,50.524288041593906,70.5242880415939
7337,15.9,10.812405451490944,30.812405451490946,50.812405451490946,70.81240545149095
7338,17.2,74.21159935453868,94.21159935453868,114.21159935453868,134.2115993545387
7339,17.5,11.388640271285018,31.38864027128502,51.38864027128502,71.38864027128503
7340,18.1,11.820816386130574,31.820816386130574,51.82081638613057,71.82081638613057
7341,17.7,11.964875091079092,31.964875091079094,51.964875091079094,71.9648750910791
7342,18.3,12.108933796027612,32.108933796027614,52.108933796027614,72.10893379602761
7343,18.6,12.108933796027612,32.108933796027614,52.108933796027614,72.10893379602761
7344,19.0,11.820816386130574,31.820816386130574,51.82081638613057,71.82081638613057
7345,19.3,11.676757681182053,31.676757681182053,51.67675768118205,71.67675768118205
7346,20.1,11.820816386130574,31.820816386130574,51.82081638613057,71.82081638613057
7347,20.3,11.820816386130574,31.820816386130574,51.82081638613057,71.82081638613057
7348,20.2,12.108933796027612,32.108933796027614,52.108933796027614,72.10893379602761
7349,22.6,11.676757681182053,31.676757681182053,51.67675768118205,71.67675768118205
7350,23.6,11.388640271285018,31.38864027128502,51.38864027128502,71.38864027128503
7351,26.0,36.344953458648256,56.344953458648256,76.34495345864826,96.34495345864826
7352,26.0,11.100522861387981,31.10052286138798,51.10052286138798,71.10052286138799
7353,24.2,11.100522861387981,31.10052286138798,51.10052286138798,71.10052286138799
7354,21.1,11.100522861387981,31.10052286138798,51.10052286138798,71.10052286138799
7355,20.0,49.25528616717543,69.25528616717543,89.25528616717543,109.25528616717543
7356,19.4,11.388640271285018,31.38864027128502,51.38864027128502,71.38864027128503
7357,18.8,11.388640271285018,31.38864027128502,51.38864027128502,71.38864027128503
7358,17.5,11.532698976233537,31.532698976233537,51.53269897623353,71.53269897623353
7359,17.1,11.532698976233537,31.532698976233537,51.53269897623353,71.53269897623353
7360,17.7,11.676757681182053,31.676757681182053,51.67675768118205,71.67675768118205
7361,17.9,11.676757681182053,31.676757681182053,51.67675768118205,71.67675768118205
7362,18.7,74.78783417433274,94.78783417433274,114.78783417433274,134.78783417433274
7363,18.7,11.820816386130574,31.820816386130574,51.82081638613057,71.82081638613057
7364,19.8,11.820816386130574,31.820816386130574,51.82081638613057,71.82081638613057
7365,19.1,11.820816386130574,31.820816386130574,51.82081638613057,71.82081638613057
7366,18.0,11.820816386130574,31.820816386130574,51.82081638613057,71.82081638613057
7367,17.4,11.676757681182053,31.676757681182053,51.67675768118205,71.67675768118205
7368,17.6,11.532698976233537,31.532698976233537,51.53269897623353,71.53269897623353
7369,17.5,11.532698976233537,31.532698976233537,51.53269897623353,71.53269897623353
7370,17.2,11.676757681182053,31.676757681182053,51.67675768118205,71.67675768118205
7371,16.2,11.964875091079092,31.964875091079094,51.964875091079094,71.9648750910791
7372,16.2,12.397051205924647,32.39705120592465,52.39705120592465,72.39705120592464
7373,15.8,12.685168615821684,32.68516861582168,52.68516861582168,72.68516861582168
7374,15.8,12.829227320770205,32.8292273207702,52.8292273207702,72.8292273207702
7375,16.5,38.50583403287604,58.50583403287604,78.50583403287604,98.50583403287604
7376,17.1,13.549520845512799,33.5495208455128,53.5495208455128,73.5495208455128
7377,16.6,13.837638255409832,33.83763825540983,53.83763825540983,73.83763825540983
7378,16.6,13.837638255409832,33.83763825540983,53.83763825540983,73.83763825540983
7379,15.9,51.41616674140321,71.4161667414032,91.4161667414032,111.4161667414032
7380,16.9,13.261403435615758,33.26140343561576,53.26140343561576,73.26140343561576
7381,16.3,13.117344730667241,33.11734473066724,53.11734473066724,73.11734473066724
7382,15.7,13.117344730667241,33.11734473066724,53.11734473066724,73.11734473066724
7383,15.4,13.261403435615758,33.26140343561576,53.26140343561576,73.26140343561576
7384,15.6,13.549520845512799,33.5495208455128,53.5495208455128,73.5495208455128
7385,15.8,13.693579550461315,33.693579550461315,53.693579550461315,73.69357955046132
7386,15.7,77.09277345350904,97.09277345350904,117.09277345350904,137.09277345350904
7387,15.4,14.26981437025539,34.26981437025539,54.26981437025539,74.26981437025539
7388,15.5,14.413873075203906,34.41387307520391,54.41387307520391,74.41387307520391
7389,15.0,14.26981437025539,34.26981437025539,54.26981437025539,74.26981437025539
7390,15.0,14.413873075203906,34.41387307520391,54.41387307520391,74.41387307520391
7391,14.0,14.701990485100946,34.70199048510095,54.70199048510095,74.70199048510095
7392,12.8,15.99851882963761,35.99851882963761,55.99851882963761,75.99851882963762
7393,12.7,16.574753649431685,36.574753649431685,56.574753649431685,76.57475364943168
7394,13.2,17.15098846922576,37.15098846922576,57.15098846922576,77.15098846922575
7395,12.8,16.86287105932872,36.862871059328725,56.862871059328725,76.86287105932873
7396,12.7,16.14257753458613,36.14257753458613,56.14257753458613,76.14257753458614
7397,13.0,15.27822530489502,35.27822530489502,55.27822530489502,75.27822530489502
7398,13.5,14.701990485100946,34.70199048510095,54.70199048510095,74.70199048510095
7399,13.4,39.946421082361226,59.946421082361226,79.94642108236123,99.94642108236123
7400,13.6,14.413873075203906,34.41387307520391,54.41387307520391,74.41387307520391
7401,14.2,14.125755665306873,34.12575566530687,54.12575566530687,74.12575566530687
7402,14.9,13.693579550461315,33.693579550461315,53.693579550461315,73.69357955046132
7403,16.6,51.41616674140321,71.4161667414032,91.4161667414032,111.4161667414032
7404,16.6,13.405462140564278,33.40546214056428,53.40546214056428,73.40546214056428
7405,15.7,13.405462140564278,33.40546214056428,53.40546214056428,73.40546214056428
7406,14.0,13.405462140564278,33.40546214056428,53.40546214056428,73.40546214056428
7407,14.1,14.701990485100946,34.70199048510095,54.70199048510095,74.70199048510095
7408,14.8,15.854460124689094,35.8544601246891,55.8544601246891,75.8544601246891
7409,16.6,15.710401419740574,35.71040141974058,55.71040141974058,75.71040141974058
7410,17.2,79.39771273268535,99.39771273268535,119.39771273268535,139.39771273268536
7411,18.1,16.718812354380205,36.718812354380205,56.718812354380205,76.7188123543802
7412,18.2,17.006929764277242,37.006929764277245,57.006929764277245,77.00692976427725
7413,18.1,17.439105879122796,37.43910587912279,57.43910587912279,77.43910587912279
7414,17.9,18.30345810881391,38.30345810881391,58.30345810881391,78.30345810881391
7415,17.7,19.455927748402058,39.45592774840206,59.45592774840206,79.45592774840206
7416,17.7,20.176221273144648,40.17622127314465,60.17622127314465,80.17622127314465
7417,17.6,20.752456092938722,40.75245609293872,60.75245609293872,80.75245609293873
7418,17.4,21.18463220778428,41.184632207784276,61.184632207784276,81.18463220778428
7419,18.0,21.47274961768132,41.472749617681316,61.472749617681316,81.47274961768132
7420,18.0,21.040573502835763,41.04057350283576,61.04057350283576,81.04057350283577
7421,17.8,21.47274961768132,41.472749617681316,61.472749617681316,81.47274961768132
7422,17.7,20.896514797887242,40.89651479788724,60.89651479788724,80.89651479788725
7423,17.1,46.14094539514752,66.14094539514753,86.14094539514753,106.14094539514753
7424,17.4,19.88810386324761,39.88810386324761,59.88810386324761,79.88810386324761
7425,17.4,17.583164584071316,37.58316458407131,57.58316458407131,77.58316458407131
7426,17.6,17.583164584071316,37.58316458407131,57.58316458407131,77.58316458407131
7427,17.6,53.00081249583691,73.00081249583691,93.00081249583691,113.00081249583691
7428,17.2,13.837638255409832,33.83763825540983,53.83763825540983,73.83763825540983
7429,16.0,13.405462140564278,33.40546214056428,53.40546214056428,73.40546214056428
7430,15.7,14.26981437025539,34.26981437025539,54.26981437025539,74.26981437025539
7431,15.1,16.718812354380205,36.718812354380205,56.718812354380205,76.7188123543802
7432,15.5,17.87128199396835,37.87128199396835,57.87128199396835,77.87128199396835
7433,16.5,18.591575518710947,38.59157551871095,58.59157551871095,78.59157551871095
7434,16.5,82.42294553660423,102.42294553660423,122.42294553660423,142.42294553660423
7435,16.2,20.176221273144648,40.17622127314465,60.17622127314465,80.17622127314465
7436,16.6,21.040573502835763,41.04057350283576,61.04057350283576,81.04057350283577
7437,16.3,21.616808322629836,41.616808322629836,61.616808322629836,81.61680832262984
7438,15.9,21.904925732526873,41.90492573252688,61.90492573252688,81.90492573252688
7439,16.6,21.47274961768132,41.472749617681316,61.472749617681316,81.47274961768132
7440,15.3,21.47274961768132,41.472749617681316,61.472749617681316,81.47274961768132
7441,14.3,21.47274961768132,41.472749617681316,61.472749617681316,81.47274961768132
7442,14.5,21.040573502835763,41.04057350283576,61.04057350283576,81.04057350283577
7443,15.4,20.608397387990205,40.60839738799021,60.60839738799021,80.60839738799021
7444,15.5,20.032162568196128,40.03216256819613,60.03216256819613,80.03216256819613
7445,15.9,19.0237516335565,39.0237516335565,59.0237516335565,79.0237516335565
7446,15.6,18.159399403865386,38.159399403865386,58.159399403865386,78.1593994038654
7447,16.3,43.40383000112566,63.40383000112566,83.40383000112567,103.40383000112567
7448,17.4,18.159399403865386,38.159399403865386,58.159399403865386,78.1593994038654
7449,17.2,17.87128199396835,37.87128199396835,57.87128199396835,77.87128199396835
7450,17.1,17.29504717417428,37.29504717417428,57.29504717417428,77.29504717417427
7451,16.9,54.87357566016765,74.87357566016766,94.87357566016766,114.87357566016766
7452,16.8,16.718812354380205,36.718812354380205,56.718812354380205,76.7188123543802
7453,15.6,16.574753649431685,36.574753649431685,56.574753649431685,76.57475364943168
7454,14.3,16.430694944483168,36.430694944483164,56.430694944483164,76.43069494448316
7455,15.2,16.718812354380205,36.718812354380205,56.718812354380205,76.7188123543802
7456,16.4,17.006929764277242,37.006929764277245,57.006929764277245,77.00692976427725
7457,16.5,17.006929764277242,37.006929764277245,57.006929764277245,77.00692976427725
7458,17.2,80.11800625742794,100.11800625742794,120.11800625742794,140.11800625742794
7459,17.2,17.15098846922576,37.15098846922576,57.15098846922576,77.15098846922575
7460,16.7,17.439105879122796,37.43910587912279,57.43910587912279,77.43910587912279
7461,16.4,18.447516813762427,38.44751681376243,58.44751681376243,78.44751681376243
7462,16.2,19.455927748402058,39.45592774840206,59.45592774840206,79.45592774840206
7463,16.0,20.032162568196128,40.03216256819613,60.03216256819613,80.03216256819613
7464,15.9,20.752456092938722,40.75245609293872,60.75245609293872,80.75245609293873
7465,16.0,21.18463220778428,41.184632207784276,61.184632207784276,81.18463220778428
7466,15.9,21.616808322629836,41.616808322629836,61.616808322629836,81.61680832262984
7467,16.1,22.048984437475394,42.0489844374754,62.0489844374754,82.0489844374754
7468,15.9,22.481160552320947,42.481160552320944,62.481160552320944,82.48116055232094
7469,16.3,22.769277962217984,42.769277962217984,62.769277962217984,82.76927796221798
7470,16.1,22.913336667166504,42.913336667166504,62.913336667166504,82.9133366671665
7471,16.1,48.01370855947826,68.01370855947826,88.01370855947826,108.01370855947826
7472,16.5,22.625219257269464,42.625219257269464,62.625219257269464,82.62521925726946
7473,15.8,22.19304314242391,42.19304314242391,62.19304314242391,82.1930431424239
7474,15.1,21.616808322629836,41.616808322629836,61.616808322629836,81.61680832262984
7475,14.9,59.05127810367469,79.05127810367469,99.05127810367469,119.05127810367469
7476,14.8,20.608397387990205,40.60839738799021,60.60839738799021,80.60839738799021
7477,14.1,20.176221273144648,40.17622127314465,60.17622127314465,80.17622127314465
7478,13.4,20.896514797887242,40.89651479788724,60.89651479788724,80.89651479788725
7479,13.1,22.481160552320947,42.481160552320944,62.481160552320944,82.48116055232094
7480,14.3,23.345512782012054,43.34551278201205,63.34551278201205,83.34551278201205
7481,14.7,24.06580630675465,44.06580630675465,64.06580630675465,84.06580630675465
7482,14.7,88.04123502959645,108.04123502959645,128.04123502959646,148.04123502959646
7483,14.4,25.50639335623984,45.50639335623984,65.50639335623984,85.50639335623984
7484,14.7,26.08262817603391,46.08262817603391,66.08262817603391,86.08262817603391
7485,14.7,26.946980405725025,46.94698040572503,66.94698040572503,86.94698040572503
7486,14.5,28.099450045313173,48.099450045313176,68.09945004531318,88.09945004531318
7487,14.4,28.81974357005576,48.81974357005576,68.81974357005576,88.81974357005576
7488,14.8,29.1078609799528,49.107860979952804,69.1078609799528,89.1078609799528
7489,14.6,29.540037094798354,49.54003709479835,69.54003709479835,89.54003709479835
7490,13.8,28.675684865107243,48.67568486510724,68.67568486510724,88.67568486510724
7491,14.1,27.23509781562206,47.235097815622055,67.23509781562205,87.23509781562205
7492,14.4,25.50639335623984,45.50639335623984,65.50639335623984,85.50639335623984
7493,15.2,24.786099831497243,44.78609983149724,64.78609983149724,84.78609983149724
7494,15.7,23.489571486960575,43.48957148696057,63.48957148696057,83.48957148696057
7495,17.3,47.5815324446327,67.5815324446327,87.5815324446327,107.5815324446327
7496,17.9,21.616808322629836,41.616808322629836,61.616808322629836,81.61680832262984
7497,16.8,22.048984437475394,42.0489844374754,62.0489844374754,82.0489844374754
7498,16.6,21.760867027578357,41.76086702757836,61.76086702757836,81.76086702757836
7499,16.3,59.05127810367469,79.05127810367469,99.05127810367469,119.05127810367469
7500,15.5,20.032162568196128,40.03216256819613,60.03216256819613,80.03216256819613
7501,15.0,18.447516813762427,38.44751681376243,58.44751681376243,78.44751681376243
7502,13.3,17.29504717417428,37.29504717417428,57.29504717417428,77.29504717417427
7503,13.8,16.430694944483168,36.430694944483164,56.430694944483164,76.43069494448316
7504,14.7,15.854460124689094,35.8544601246891,55.8544601246891,75.8544601246891
7505,15.9,15.134166599946504,35.134166599946504,55.134166599946504,75.1341665999465
7506,16.3,77.81306697825164,97.81306697825164,117.81306697825164,137.81306697825164
7507,15.9,13.837638255409832,33.83763825540983,53.83763825540983,73.83763825540983
7508,16.0,13.405462140564278,33.40546214056428,53.40546214056428,73.40546214056428
7509,16.3,12.541109910873166,32.54110991087317,52.54110991087317,72.54110991087316
7510,16.5,11.820816386130574,31.820816386130574,51.82081638613057,71.82081638613057
7511,16.3,10.956464156439463,30.956464156439463,50.956464156439466,70.95646415643947
7512,16.7,10.236170631696872,30.236170631696872,50.23617063169687,70.23617063169687
7513,16.5,9.227759697057241,29.22775969705724,49.22775969705724,69.22775969705724
7514,16.5,8.507466172314647,28.507466172314647,48.50746617231465,68.50746617231465
7515,17.2,8.075290057469092,28.07529005746909,48.07529005746909,68.07529005746909
7516,17.4,7.643113942623536,27.643113942623536,47.643113942623536,67.64311394262353
7517,18.2,7.354996532726499,27.3549965327265,47.3549965327265,67.3549965327265
7518,17.4,7.210937827777981,27.210937827777983,47.21093782777798,67.21093782777798
7519,18.0,32.31130972008974,52.31130972008974,72.31130972008974,92.31130972008974
7520,19.2,7.066879122829462,27.066879122829462,47.06687912282946,67.06687912282946
7521,18.3,6.778761712932424,26.778761712932422,46.77876171293242,66.77876171293242
7522,17.5,6.34658559808687,26.346585598086868,46.34658559808687,66.34658559808688
7523,16.5,44.357290198925796,64.3572901989258,84.3572901989258,104.3572901989258
7524,15.0,6.778761712932424,26.778761712932422,46.77876171293242,66.77876171293242
7525,15.0,7.066879122829462,27.066879122829462,47.06687912282946,67.06687912282946
7526,14.3,8.075290057469092,28.07529005746909,48.07529005746909,68.07529005746909
7527,14.6,9.083700992108723,29.083700992108724,49.083700992108724,69.08370099210873
7528,15.6,9.803994516851315,29.803994516851315,49.80399451685132,69.80399451685132
7529,17.2,10.236170631696872,30.236170631696872,50.23617063169687,70.23617063169687
7530,17.1,73.77942323969312,93.77942323969312,113.77942323969312,133.77942323969313
7531,16.4,11.820816386130574,31.820816386130574,51.82081638613057,71.82081638613057
7532,16.2,12.829227320770205,32.8292273207702,52.8292273207702,72.8292273207702
7533,15.8,13.837638255409832,33.83763825540983,53.83763825540983,73.83763825540983
7534,14.7,14.413873075203906,34.41387307520391,54.41387307520391,74.41387307520391
7535,14.0,14.990107894997983,34.99010789499798,54.99010789499798,74.99010789499798
7536,13.0,16.28663623953465,36.28663623953465,56.28663623953465,76.28663623953466
7537,12.2,17.006929764277242,37.006929764277245,57.006929764277245,77.00692976427725
7538,11.6,18.01534069891687,38.01534069891687,58.01534069891687,78.01534069891687
7539,11.6,18.735634223659464,38.73563422365946,58.73563422365946,78.73563422365946
7540,11.5,19.599986453350578,39.59998645335058,59.59998645335058,79.59998645335058
7541,11.0,19.0237516335565,39.0237516335565,59.0237516335565,79.0237516335565
7542,11.1,18.447516813762427,38.44751681376243,58.44751681376243,78.44751681376243
7543,12.0,42.539477771434555,62.539477771434555,82.53947777143455,102.53947777143455
7544,12.5,16.28663623953465,36.28663623953465,56.28663623953465,76.28663623953466
7545,12.1,14.990107894997983,34.99010789499798,54.99010789499798,74.99010789499798
7546,11.9,13.981696960358352,33.98169696035835,53.98169696035835,73.98169696035835
7547,12.5,50.983990626557656,70.98399062655766,90.98399062655766,110.98399062655766
7548,12.7,12.397051205924647,32.39705120592465,52.39705120592465,72.39705120592464
7549,12.5,11.820816386130574,31.820816386130574,51.82081638613057,71.82081638613057
7550,12.2,11.532698976233537,31.532698976233537,51.53269897623353,71.53269897623353
7551,12.6,12.397051205924647,32.39705120592465,52.39705120592465,72.39705120592464
7552,12.1,11.388640271285018,31.38864027128502,51.38864027128502,71.38864027128503
7553,12.0,11.676757681182053,31.676757681182053,51.67675768118205,71.67675768118205
7554,11.6,76.08436251886943,96.08436251886943,116.08436251886943,136.08436251886943
7555,11.4,14.26981437025539,34.26981437025539,54.26981437025539,74.26981437025539
7556,11.3,15.27822530489502,35.27822530489502,55.27822530489502,75.27822530489502
7557,11.3,15.99851882963761,35.99851882963761,55.99851882963761,75.99851882963762
7558,11.4,16.14257753458613,36.14257753458613,56.14257753458613,76.14257753458614
7559,10.8,15.99851882963761,35.99851882963761,55.99851882963761,75.99851882963762
7560,10.2,17.29504717417428,37.29504717417428,57.29504717417428,77.29504717417427
7561,9.8,18.30345810881391,38.30345810881391,58.30345810881391,78.30345810881391
7562,9.7,18.735634223659464,38.73563422365946,58.73563422365946,78.73563422365946
7563,9.5,18.879692928607984,38.87969292860798,58.87969292860798,78.87969292860798
7564,9.6,19.0237516335565,39.0237516335565,59.0237516335565,79.0237516335565
7565,9.4,19.0237516335565,39.0237516335565,59.0237516335565,79.0237516335565
7566,9.2,19.455927748402058,39.45592774840206,59.45592774840206,79.45592774840206
7567,9.2,45.420651870404924,65.42065187040492,85.42065187040492,105.42065187040492
7568,9.4,19.16781033850502,39.16781033850502,59.16781033850502,79.16781033850502
7569,9.4,17.006929764277242,37.006929764277245,57.006929764277245,77.00692976427725
7570,9.6,14.557931780152426,34.55793178015243,54.55793178015243,74.55793178015243
7571,10.0,50.839931921609136,70.83993192160914,90.83993192160914,110.83993192160914
7572,10.2,12.541109910873166,32.54110991087317,52.54110991087317,72.54110991087316
7573,10.1,12.829227320770205,32.8292273207702,52.8292273207702,72.8292273207702
7574,9.4,14.846049190049467,34.84604919004947,54.84604919004947,74.84604919004947
7575,9.7,18.447516813762427,38.44751681376243,58.44751681376243,78.44751681376243
7576,10.3,20.032162568196128,40.03216256819613,60.03216256819613,80.03216256819613
7577,11.4,21.760867027578357,41.76086702757836,61.76086702757836,81.76086702757836
7578,12.5,86.16847186526572,106.16847186526572,126.16847186526572,146.1684718652657
7579,13.1,23.633630191909095,43.63363019190909,63.63363019190909,83.63363019190909
7580,13.9,24.20986501170317,44.20986501170317,64.20986501170317,84.20986501170317
7581,13.9,24.642041126548726,44.642041126548726,64.64204112654872,84.64204112654872
7582,14.1,24.93015853644576,44.93015853644576,64.93015853644576,84.93015853644576
7583,14.0,24.93015853644576,44.93015853644576,64.93015853644576,84.93015853644576
7584,13.9,24.93015853644576,44.93015853644576,64.93015853644576,84.93015853644576
7585,14.8,24.93015853644576,44.93015853644576,64.93015853644576,84.93015853644576
7586,15.6,25.218275946342796,45.2182759463428,65.2182759463428,85.2182759463428
7587,16.2,24.93015853644576,44.93015853644576,64.93015853644576,84.93015853644576
7588,16.9,24.93015853644576,44.93015853644576,64.93015853644576,84.93015853644576
7589,17.5,25.218275946342796,45.2182759463428,65.2182759463428,85.2182759463428
7590,16.9,25.074217241394283,45.07421724139428,65.07421724139428,85.07421724139428
7591,17.3,50.030530428757515,70.03053042875752,90.03053042875752,110.03053042875752
7592,17.9,24.353923716651693,44.35392371665169,64.35392371665169,84.35392371665169
7593,18.4,22.913336667166504,42.913336667166504,62.913336667166504,82.9133366671665
7594,18.6,21.18463220778428,41.184632207784276,61.184632207784276,81.18463220778428
7595,18.4,57.034456234395435,77.03445623439544,97.03445623439544,117.03445623439544
7596,19.4,17.439105879122796,37.43910587912279,57.43910587912279,77.43910587912279
7597,19.0,17.006929764277242,37.006929764277245,57.006929764277245,77.00692976427725
7598,18.5,16.86287105932872,36.862871059328725,56.862871059328725,76.86287105932873
7599,17.9,17.29504717417428,37.29504717417428,57.29504717417428,77.29504717417427
7600,18.5,17.29504717417428,37.29504717417428,57.29504717417428,77.29504717417427
7601,18.2,17.727223289019836,37.72722328901983,57.72722328901983,77.72722328901983
7602,17.5,81.4145346019646,101.4145346019646,121.4145346019646,141.4145346019646
7603,17.7,19.311869043453537,39.31186904345354,59.31186904345354,79.31186904345354
7604,17.3,19.455927748402058,39.45592774840206,59.45592774840206,79.45592774840206
7605,18.1,19.599986453350578,39.59998645335058,59.59998645335058,79.59998645335058
7606,18.4,19.599986453350578,39.59998645335058,59.59998645335058,79.59998645335058
7607,18.1,19.599986453350578,39.59998645335058,59.59998645335058,79.59998645335058
7608,16.2,19.599986453350578,39.59998645335058,59.59998645335058,79.59998645335058
7609,17.1,20.32027997809317,40.32027997809317,60.32027997809317,80.32027997809317
7610,17.1,19.88810386324761,39.88810386324761,59.88810386324761,79.88810386324761
7611,16.5,19.455927748402058,39.45592774840206,59.45592774840206,79.45592774840206
7612,15.9,19.311869043453537,39.31186904345354,59.31186904345354,79.31186904345354
7613,16.2,18.879692928607984,38.87969292860798,58.87969292860798,78.87969292860798
7614,15.9,18.879692928607984,38.87969292860798,58.87969292860798,78.87969292860798
7615,16.6,44.12412352586826,64.12412352586826,84.12412352586826,104.12412352586826
7616,18.0,18.30345810881391,38.30345810881391,58.30345810881391,78.30345810881391
7617,17.8,17.583164584071316,37.58316458407131,57.58316458407131,77.58316458407131
7618,17.3,17.15098846922576,37.15098846922576,57.15098846922576,77.15098846922575
7619,16.7,54.58545825027062,74.58545825027062,94.58545825027062,114.58545825027062
7620,17.5,16.86287105932872,36.862871059328725,56.862871059328725,76.86287105932873
7621,17.0,17.006929764277242,37.006929764277245,57.006929764277245,77.00692976427725
7622,15.7,17.29504717417428,37.29504717417428,57.29504717417428,77.29504717417427
7623,16.0,17.727223289019836,37.72722328901983,57.72722328901983,77.72722328901983
7624,17.1,18.01534069891687,38.01534069891687,58.01534069891687,78.01534069891687
7625,17.0,18.447516813762427,38.44751681376243,58.44751681376243,78.44751681376243
7626,16.7,81.70265201186164,101.70265201186164,121.70265201186164,141.70265201186163
7627,16.3,18.735634223659464,38.73563422365946,58.73563422365946,78.73563422365946
7628,16.7,19.0237516335565,39.0237516335565,59.0237516335565,79.0237516335565
7629,15.9,19.0237516335565,39.0237516335565,59.0237516335565,79.0237516335565
7630,15.1,19.16781033850502,39.16781033850502,59.16781033850502,79.16781033850502
7631,14.3,19.16781033850502,39.16781033850502,59.16781033850502,79.16781033850502
7632,14.4,19.16781033850502,39.16781033850502,59.16781033850502,79.16781033850502
7633,15.8,18.879692928607984,38.87969292860798,58.87969292860798,78.87969292860798
7634,15.3,18.735634223659464,38.73563422365946,58.73563422365946,78.73563422365946
7635,14.6,18.591575518710947,38.59157551871095,58.59157551871095,78.59157551871095
7636,14.6,18.30345810881391,38.30345810881391,58.30345810881391,78.30345810881391
7637,15.1,17.87128199396835,37.87128199396835,57.87128199396835,77.87128199396835
7638,15.2,17.006929764277242,37.006929764277245,57.006929764277245,77.00692976427725
7639,15.7,41.53106683679493,61.53106683679493,81.53106683679493,101.53106683679493
7640,17.0,15.42228400984354,35.42228400984354,55.42228400984354,75.42228400984354
7641,17.1,14.557931780152426,34.55793178015243,54.55793178015243,74.55793178015243
7642,19.1,14.701990485100946,34.70199048510095,54.70199048510095,74.70199048510095
7643,19.5,52.8567537908884,72.8567537908884,92.8567537908884,112.8567537908884
7644,19.7,15.134166599946504,35.134166599946504,55.134166599946504,75.1341665999465
7645,19.0,15.27822530489502,35.27822530489502,55.27822530489502,75.27822530489502
7646,19.2,15.42228400984354,35.42228400984354,55.42228400984354,75.42228400984354
7647,19.0,15.710401419740574,35.71040141974058,55.71040141974058,75.71040141974058
7648,19.7,15.566342714792057,35.56634271479206,55.56634271479206,75.56634271479206
7649,19.1,15.710401419740574,35.71040141974058,55.71040141974058,75.71040141974058
7650,19.2,78.67741920794275,98.67741920794275,118.67741920794275,138.67741920794276
7651,19.0,15.99851882963761,35.99851882963761,55.99851882963761,75.99851882963762
7652,18.5,15.854460124689094,35.8544601246891,55.8544601246891,75.8544601246891
7653,18.2,15.99851882963761,35.99851882963761,55.99851882963761,75.99851882963762
7654,18.9,16.718812354380205,36.718812354380205,56.718812354380205,76.7188123543802
7655,17.8,17.29504717417428,37.29504717417428,57.29504717417428,77.29504717417427
7656,16.4,17.583164584071316,37.58316458407131,57.58316458407131,77.58316458407131
7657,16.5,17.29504717417428,37.29504717417428,57.29504717417428,77.29504717417427
7658,16.4,16.574753649431685,36.574753649431685,56.574753649431685,76.57475364943168
7659,16.1,15.854460124689094,35.8544601246891,55.8544601246891,75.8544601246891
7660,16.0,15.566342714792057,35.56634271479206,55.56634271479206,75.56634271479206
7661,16.5,15.27822530489502,35.27822530489502,55.27822530489502,75.27822530489502
7662,17.1,15.134166599946504,35.134166599946504,55.134166599946504,75.1341665999465
7663,18.7,40.37859719720678,60.37859719720678,80.37859719720677,100.37859719720677
7664,19.4,14.701990485100946,34.70199048510095,54.70199048510095,74.70199048510095
7665,19.8,14.26981437025539,34.26981437025539,54.26981437025539,74.26981437025539
7666,20.3,13.693579550461315,33.693579550461315,53.693579550461315,73.69357955046132
7667,21.0,51.12804933150617,71.12804933150616,91.12804933150616,111.12804933150616
7668,20.6,12.973286025718725,32.97328602571872,52.97328602571872,72.97328602571872
7669,20.4,13.261403435615758,33.26140343561576,53.26140343561576,73.26140343561576
7670,20.0,13.549520845512799,33.5495208455128,53.5495208455128,73.5495208455128
7671,20.4,13.837638255409832,33.83763825540983,53.83763825540983,73.83763825540983
7672,21.3,13.981696960358352,33.98169696035835,53.98169696035835,73.98169696035835
7673,21.7,14.125755665306873,34.12575566530687,54.12575566530687,74.12575566530687
7674,22.2,77.23683215845756,97.23683215845756,117.23683215845756,137.23683215845756
7675,21.9,14.26981437025539,34.26981437025539,54.26981437025539,74.26981437025539
7676,21.4,14.26981437025539,34.26981437025539,54.26981437025539,74.26981437025539
7677,21.0,14.413873075203906,34.41387307520391,54.41387307520391,74.41387307520391
7678,20.6,14.413873075203906,34.41387307520391,54.41387307520391,74.41387307520391
7679,19.6,14.557931780152426,34.55793178015243,54.55793178015243,74.55793178015243
7680,19.2,14.557931780152426,34.55793178015243,54.55793178015243,74.55793178015243
7681,19.4,14.701990485100946,34.70199048510095,54.70199048510095,74.70199048510095
7682,19.6,14.701990485100946,34.70199048510095,54.70199048510095,74.70199048510095
7683,19.1,15.42228400984354,35.42228400984354,55.42228400984354,75.42228400984354
7684,19.0,16.28663623953465,36.28663623953465,56.28663623953465,76.28663623953466
7685,19.5,16.86287105932872,36.862871059328725,56.862871059328725,76.86287105932873
7686,19.4,17.29504717417428,37.29504717417428,57.29504717417428,77.29504717417427
7687,20.3,42.683536476383075,62.683536476383075,82.68353647638307,102.68353647638307
7688,21.3,17.15098846922576,37.15098846922576,57.15098846922576,77.15098846922575
7689,22.1,16.574753649431685,36.574753649431685,56.574753649431685,76.57475364943168
7690,22.9,16.14257753458613,36.14257753458613,56.14257753458613,76.14257753458614
7691,22.4,53.577047315630985,73.57704731563098,93.57704731563098,113.57704731563098
7692,22.8,15.42228400984354,35.42228400984354,55.42228400984354,75.42228400984354
7693,22.8,15.27822530489502,35.27822530489502,55.27822530489502,75.27822530489502
7694,23.1,15.134166599946504,35.134166599946504,55.134166599946504,75.1341665999465
7695,23.5,15.27822530489502,35.27822530489502,55.27822530489502,75.27822530489502
7696,23.6,15.42228400984354,35.42228400984354,55.42228400984354,75.42228400984354
7697,23.9,15.27822530489502,35.27822530489502,55.27822530489502,75.27822530489502
7698,23.3,78.82147791289127,98.82147791289127,118.82147791289127,138.82147791289128
7699,22.6,15.854460124689094,35.8544601246891,55.8544601246891,75.8544601246891
7700,22.1,15.710401419740574,35.71040141974058,55.71040141974058,75.71040141974058
7701,22.0,15.42228400984354,35.42228400984354,55.42228400984354,75.42228400984354
7702,22.4,14.990107894997983,34.99010789499798,54.99010789499798,74.99010789499798
7703,21.6,14.557931780152426,34.55793178015243,54.55793178015243,74.55793178015243
7704,21.4,14.413873075203906,34.41387307520391,54.41387307520391,74.41387307520391
7705,20.8,15.27822530489502,35.27822530489502,55.27822530489502,75.27822530489502
7706,20.3,17.29504717417428,37.29504717417428,57.29504717417428,77.29504717417427
7707,19.9,19.0237516335565,39.0237516335565,59.0237516335565,79.0237516335565
7708,19.9,20.032162568196128,40.03216256819613,60.03216256819613,80.03216256819613
7709,20.9,20.32027997809317,40.32027997809317,60.32027997809317,80.32027997809317
7710,20.6,20.896514797887242,40.89651479788724,60.89651479788724,80.89651479788725
7711,21.4,46.86123891989011,66.86123891989011,86.86123891989011,106.86123891989011
7712,22.1,21.904925732526873,41.90492573252688,61.90492573252688,81.90492573252688
7713,24.2,20.896514797887242,40.89651479788724,60.89651479788724,80.89651479788725
7714,25.7,19.88810386324761,39.88810386324761,59.88810386324761,79.88810386324761
7715,25.1,57.034456234395435,77.03445623439544,97.03445623439544,117.03445623439544
7716,26.2,19.0237516335565,39.0237516335565,59.0237516335565,79.0237516335565
7717,25.8,19.311869043453537,39.31186904345354,59.31186904345354,79.31186904345354
7718,26.4,20.464338683041685,40.46433868304169,60.46433868304169,80.46433868304169
7719,25.6,21.040573502835763,41.04057350283576,61.04057350283576,81.04057350283577
7720,25.7,20.32027997809317,40.32027997809317,60.32027997809317,80.32027997809317
7721,25.2,20.032162568196128,40.03216256819613,60.03216256819613,80.03216256819613
7722,25.4,82.99918035639831,102.99918035639831,122.99918035639831,142.9991803563983
7723,24.3,20.176221273144648,40.17622127314465,60.17622127314465,80.17622127314465
7724,24.0,21.18463220778428,41.184632207784276,61.184632207784276,81.18463220778428
7725,24.3,21.18463220778428,41.184632207784276,61.184632207784276,81.18463220778428
7726,24.6,20.608397387990205,40.60839738799021,60.60839738799021,80.60839738799021
7727,23.8,20.176221273144648,40.17622127314465,60.17622127314465,80.17622127314465
7728,23.6,19.88810386324761,39.88810386324761,59.88810386324761,79.88810386324761
7729,23.1,19.744045158299095,39.744045158299095,59.744045158299095,79.74404515829909
7730,23.3,19.311869043453537,39.31186904345354,59.31186904345354,79.31186904345354
7731,23.8,19.16781033850502,39.16781033850502,59.16781033850502,79.16781033850502
7732,23.9,19.311869043453537,39.31186904345354,59.31186904345354,79.31186904345354
7733,24.5,19.88810386324761,39.88810386324761,59.88810386324761,79.88810386324761
7734,23.6,20.176221273144648,40.17622127314465,60.17622127314465,80.17622127314465
7735,23.4,45.13253446050789,65.13253446050788,85.13253446050788,105.13253446050788
7736,23.8,19.16781033850502,39.16781033850502,59.16781033850502,79.16781033850502
7737,24.7,18.01534069891687,38.01534069891687,58.01534069891687,78.01534069891687
7738,25.9,16.430694944483168,36.430694944483164,56.430694944483164,76.43069494448316
7739,28.2,53.00081249583691,73.00081249583691,93.00081249583691,113.00081249583691
7740,28.3,12.973286025718725,32.97328602571872,52.97328602571872,72.97328602571872
7741,29.3,9.948053221799833,29.94805322179983,49.94805322179983,69.94805322179982
7742,27.3,8.21934876241761,28.21934876241761,48.21934876241761,68.21934876241761
7743,26.0,7.354996532726499,27.3549965327265,47.3549965327265,67.3549965327265
7744,26.9,7.643113942623536,27.643113942623536,47.643113942623536,67.64311394262353
7745,26.4,8.075290057469092,28.07529005746909,48.07529005746909,68.07529005746909
7746,25.7,71.47448396051682,91.47448396051682,111.47448396051682,131.4744839605168
7747,26.9,9.083700992108723,29.083700992108724,49.083700992108724,69.08370099210873
7748,26.0,9.37181840200576,29.371818402005758,49.37181840200576,69.37181840200576
7749,25.3,9.37181840200576,29.371818402005758,49.37181840200576,69.37181840200576
7750,25.5,9.948053221799833,29.94805322179983,49.94805322179983,69.94805322179982
7751,24.8,11.676757681182053,31.676757681182053,51.67675768118205,71.67675768118205
7752,24.2,13.981696960358352,33.98169696035835,53.98169696035835,73.98169696035835
7753,24.5,15.27822530489502,35.27822530489502,55.27822530489502,75.27822530489502
7754,24.5,15.42228400984354,35.42228400984354,55.42228400984354,75.42228400984354
7755,24.6,15.566342714792057,35.56634271479206,55.56634271479206,75.56634271479206
7756,25.1,15.566342714792057,35.56634271479206,55.56634271479206,75.56634271479206
7757,25.3,15.566342714792057,35.56634271479206,55.56634271479206,75.56634271479206
7758,25.3,15.99851882963761,35.99851882963761,55.99851882963761,75.99851882963762
7759,25.0,41.96324295164048,61.96324295164048,81.96324295164048,101.96324295164048
7760,27.3,17.15098846922576,37.15098846922576,57.15098846922576,77.15098846922575
7761,29.1,16.86287105932872,36.862871059328725,56.862871059328725,76.86287105932873
7762,27.1,15.99851882963761,35.99851882963761,55.99851882963761,75.99851882963762
7763,27.3,52.8567537908884,72.8567537908884,92.8567537908884,112.8567537908884
7764,28.6,14.846049190049467,34.84604919004947,54.84604919004947,74.84604919004947
7765,30.1,14.701990485100946,34.70199048510095,54.70199048510095,74.70199048510095
7766,28.4,15.134166599946504,35.134166599946504,55.134166599946504,75.1341665999465
7767,27.6,16.28663623953465,36.28663623953465,56.28663623953465,76.28663623953466
7768,27.5,17.87128199396835,37.87128199396835,57.87128199396835,77.87128199396835
7769,28.5,18.879692928607984,38.87969292860798,58.87969292860798,78.87969292860798
7770,28.9,82.99918035639831,102.99918035639831,122.99918035639831,142.9991803563983
7771,28.1,20.752456092938722,40.75245609293872,60.75245609293872,80.75245609293873
7772,28.0,21.18463220778428,41.184632207784276,61.184632207784276,81.18463220778428
7773,27.9,21.47274961768132,41.472749617681316,61.472749617681316,81.47274961768132
7774,27.8,22.625219257269464,42.625219257269464,62.625219257269464,82.62521925726946
7775,26.5,22.913336667166504,42.913336667166504,62.913336667166504,82.9133366671665
7776,27.1,23.633630191909095,43.63363019190909,63.63363019190909,83.63363019190909
7777,27.8,24.353923716651693,44.35392371665169,64.35392371665169,84.35392371665169
7778,28.8,25.50639335623984,45.50639335623984,65.50639335623984,85.50639335623984
7779,29.9,25.794510766136877,45.79451076613688,65.79451076613688,85.79451076613688
7780,29.8,26.370745585930948,46.37074558593095,66.37074558593095,86.37074558593095
7781,30.3,25.794510766136877,45.79451076613688,65.79451076613688,85.79451076613688
7782,32.2,25.218275946342796,45.2182759463428,65.2182759463428,85.2182759463428
7783,33.3,50.462706543603076,70.46270654360308,90.46270654360308,110.46270654360308
7784,36.9,24.93015853644576,44.93015853644576,64.93015853644576,84.93015853644576
7785,40.2,23.05739537211502,43.057395372115025,63.057395372115025,83.05739537211502
7786,33.9,21.47274961768132,41.472749617681316,61.472749617681316,81.47274961768132
7787,33.3,57.89880846408654,77.89880846408654,97.89880846408654,117.89880846408654
7788,32.7,20.032162568196128,40.03216256819613,60.03216256819613,80.03216256819613
7789,31.3,20.896514797887242,40.89651479788724,60.89651479788724,80.89651479788725
7790,29.7,21.3286909127328,41.328690912732796,61.328690912732796,81.3286909127328
7791,28.7,21.904925732526873,41.90492573252688,61.90492573252688,81.90492573252688
7792,28.8,22.769277962217984,42.769277962217984,62.769277962217984,82.76927796221798
7793,29.5,23.633630191909095,43.63363019190909,63.63363019190909,83.63363019190909
7794,29.7,87.6090589147509,107.6090589147509,127.6090589147509,147.6090589147509
7795,29.4,25.218275946342796,45.2182759463428,65.2182759463428,85.2182759463428
7796,30.1,25.794510766136877,45.79451076613688,65.79451076613688,85.79451076613688
7797,28.7,26.514804290879468,46.51480429087947,66.51480429087947,86.51480429087947
7798,26.9,27.23509781562206,47.235097815622055,67.23509781562205,87.23509781562205
7799,25.6,28.387567455210206,48.3875674552102,68.3875674552102,88.3875674552102
7800,26.4,29.1078609799528,49.107860979952804,69.1078609799528,89.1078609799528
7801,26.3,29.97221320964391,49.97221320964391,69.97221320964391,89.97221320964391
7802,26.4,30.548448029437985,50.548448029437985,70.54844802943799,90.54844802943799
7803,26.4,30.980624144283546,50.980624144283546,70.98062414428355,90.98062414428355
7804,26.4,31.412800259129092,51.41280025912909,71.41280025912909,91.41280025912909
7805,26.7,31.268741554180583,51.26874155418058,71.26874155418058,91.26874155418058
7806,26.3,30.980624144283546,50.980624144283546,70.98062414428355,90.98062414428355
7807,28.1,56.22505474154382,76.22505474154383,96.22505474154383,116.22505474154383
7808,30.4,30.11627191459243,50.11627191459243,70.11627191459243,90.11627191459243
7809,32.8,28.531626160158723,48.53162616015872,68.53162616015872,88.53162616015872
7810,31.5,26.658862995827985,46.65886299582799,66.65886299582799,86.65886299582799
7811,29.8,63.08492184223321,83.0849218422332,103.0849218422332,123.0849218422332
7812,28.6,23.633630191909095,43.63363019190909,63.63363019190909,83.63363019190909
7813,27.0,22.769277962217984,42.769277962217984,62.769277962217984,82.76927796221798
7814,25.8,22.337101847372427,42.33710184737242,62.33710184737242,82.33710184737242
7815,26.8,21.3286909127328,41.328690912732796,61.328690912732796,81.3286909127328
7816,28.2,21.040573502835763,41.04057350283576,61.04057350283576,81.04057350283577
7817,27.4,21.904925732526873,41.90492573252688,61.90492573252688,81.90492573252688
7818,26.4,84.72788481578053,104.72788481578053,124.72788481578053,144.72788481578053
7819,25.6,21.3286909127328,41.328690912732796,61.328690912732796,81.3286909127328
7820,26.4,22.048984437475394,42.0489844374754,62.0489844374754,82.0489844374754
7821,25.8,22.048984437475394,42.0489844374754,62.0489844374754,82.0489844374754
7822,25.1,21.47274961768132,41.472749617681316,61.472749617681316,81.47274961768132
7823,26.0,20.608397387990205,40.60839738799021,60.60839738799021,80.60839738799021
7824,25.4,20.464338683041685,40.46433868304169,60.46433868304169,80.46433868304169
7825,24.0,20.608397387990205,40.60839738799021,60.60839738799021,80.60839738799021
7826,23.8,21.760867027578357,41.76086702757836,61.76086702757836,81.76086702757836
7827,24.2,23.05739537211502,43.057395372115025,63.057395372115025,83.05739537211502
7828,24.1,24.06580630675465,44.06580630675465,64.06580630675465,84.06580630675465
7829,24.0,25.074217241394283,45.07421724139428,65.07421724139428,85.07421724139428
7830,25.7,25.36233465129132,45.36233465129132,65.36233465129132,85.36233465129132
7831,25.4,50.606765248551596,70.6067652485516,90.6067652485516,110.6067652485516
7832,26.8,25.218275946342796,45.2182759463428,65.2182759463428,85.2182759463428
7833,26.9,23.921747601806135,43.92174760180613,63.92174760180613,83.92174760180613
7834,27.1,22.481160552320947,42.481160552320944,62.481160552320944,82.48116055232094
7835,28.2,59.33939551357173,79.33939551357173,99.33939551357173,119.33939551357173
7836,28.2,20.176221273144648,40.17622127314465,60.17622127314465,80.17622127314465
7837,27.1,19.599986453350578,39.59998645335058,59.59998645335058,79.59998645335058
7838,27.6,20.32027997809317,40.32027997809317,60.32027997809317,80.32027997809317
7839,29.8,21.47274961768132,41.472749617681316,61.472749617681316,81.47274961768132
7840,29.0,21.616808322629836,41.616808322629836,61.616808322629836,81.61680832262984
7841,28.1,20.896514797887242,40.89651479788724,60.89651479788724,80.89651479788725
7842,27.2,82.85512165144979,102.85512165144979,122.85512165144979,142.8551216514498
7843,26.7,19.0237516335565,39.0237516335565,59.0237516335565,79.0237516335565
7844,26.0,18.879692928607984,38.87969292860798,58.87969292860798,78.87969292860798
7845,25.8,18.879692928607984,38.87969292860798,58.87969292860798,78.87969292860798
7846,24.4,18.879692928607984,38.87969292860798,58.87969292860798,78.87969292860798
7847,23.9,19.0237516335565,39.0237516335565,59.0237516335565,79.0237516335565
7848,23.4,18.447516813762427,38.44751681376243,58.44751681376243,78.44751681376243
7849,23.1,18.735634223659464,38.73563422365946,58.73563422365946,78.73563422365946
7850,24.1,19.0237516335565,39.0237516335565,59.0237516335565,79.0237516335565
7851,23.5,18.735634223659464,38.73563422365946,58.73563422365946,78.73563422365946
7852,23.0,19.16781033850502,39.16781033850502,59.16781033850502,79.16781033850502
7853,24.1,20.464338683041685,40.46433868304169,60.46433868304169,80.46433868304169
7854,23.8,21.040573502835763,41.04057350283576,61.04057350283576,81.04057350283577
7855,24.4,46.28500410009604,66.28500410009605,86.28500410009605,106.28500410009605
7856,26.7,21.040573502835763,41.04057350283576,61.04057350283576,81.04057350283577
7857,26.0,19.744045158299095,39.744045158299095,59.744045158299095,79.74404515829909
7858,27.2,17.87128199396835,37.87128199396835,57.87128199396835,77.87128199396835
7859,27.8,55.88198659480728,75.88198659480727,95.88198659480727,115.88198659480727
7860,29.0,18.159399403865386,38.159399403865386,58.159399403865386,78.1593994038654
7861,28.2,19.311869043453537,39.31186904345354,59.31186904345354,79.31186904345354
7862,26.8,20.464338683041685,40.46433868304169,60.46433868304169,80.46433868304169
7863,27.4,20.608397387990205,40.60839738799021,60.60839738799021,80.60839738799021
7864,27.6,20.464338683041685,40.46433868304169,60.46433868304169,80.46433868304169
7865,27.8,18.447516813762427,38.44751681376243,58.44751681376243,78.44751681376243
7866,27.5,80.40612366732498,100.40612366732498,120.40612366732498,140.40612366732498
7867,26.2,17.29504717417428,37.29504717417428,57.29504717417428,77.29504717417427
7868,26.0,15.854460124689094,35.8544601246891,55.8544601246891,75.8544601246891
7869,25.6,14.846049190049467,34.84604919004947,54.84604919004947,74.84604919004947
7870,24.9,14.413873075203906,34.41387307520391,54.41387307520391,74.41387307520391
7871,24.6,14.26981437025539,34.26981437025539,54.26981437025539,74.26981437025539
7872,24.2,13.981696960358352,33.98169696035835,53.98169696035835,73.98169696035835
7873,23.1,13.693579550461315,33.693579550461315,53.693579550461315,73.69357955046132
7874,22.8,13.693579550461315,33.693579550461315,53.693579550461315,73.69357955046132
7875,23.1,13.549520845512799,33.5495208455128,53.5495208455128,73.5495208455128
7876,22.2,13.405462140564278,33.40546214056428,53.40546214056428,73.40546214056428
7877,22.9,13.981696960358352,33.98169696035835,53.98169696035835,73.98169696035835
7878,22.9,14.125755665306873,34.12575566530687,54.12575566530687,74.12575566530687
7879,24.3,39.946421082361226,59.946421082361226,79.94642108236123,99.94642108236123
7880,26.0,15.27822530489502,35.27822530489502,55.27822530489502,75.27822530489502
7881,26.1,15.566342714792057,35.56634271479206,55.56634271479206,75.56634271479206
7882,26.5,15.854460124689094,35.8544601246891,55.8544601246891,75.8544601246891
7883,26.3,54.4413995453221,74.4413995453221,94.4413995453221,114.4413995453221
7884,26.3,17.727223289019836,37.72722328901983,57.72722328901983,77.72722328901983
7885,27.3,18.591575518710947,38.59157551871095,58.59157551871095,78.59157551871095
7886,27.6,19.599986453350578,39.59998645335058,59.59998645335058,79.59998645335058
7887,26.5,20.32027997809317,40.32027997809317,60.32027997809317,80.32027997809317
7888,26.3,21.760867027578357,41.76086702757836,61.76086702757836,81.76086702757836
7889,26.4,22.913336667166504,42.913336667166504,62.913336667166504,82.9133366671665
7890,26.6,87.03282409495682,107.03282409495682,127.03282409495682,147.03282409495682
7891,25.9,25.074217241394283,45.07421724139428,65.07421724139428,85.07421724139428
7892,25.4,26.08262817603391,46.08262817603391,66.08262817603391,86.08262817603391
7893,24.4,27.09103911067354,47.09103911067354,67.09103911067353,87.09103911067353
7894,24.7,28.099450045313173,48.099450045313176,68.09945004531318,88.09945004531318
7895,23.3,28.531626160158723,48.53162616015872,68.53162616015872,88.53162616015872
7896,22.8,29.1078609799528,49.107860979952804,69.1078609799528,89.1078609799528
7897,23.3,29.1078609799528,49.107860979952804,69.1078609799528,89.1078609799528
7898,23.0,29.251919684901317,49.25191968490132,69.25191968490131,89.25191968490131
7899,22.8,29.97221320964391,49.97221320964391,69.97221320964391,89.97221320964391
7900,22.4,30.548448029437985,50.548448029437985,70.54844802943799,90.54844802943799
7901,22.9,30.980624144283546,50.980624144283546,70.98062414428355,90.98062414428355
7902,22.7,31.268741554180583,51.26874155418058,71.26874155418058,91.26874155418058
7903,22.5,56.801289561337896,76.8012895613379,96.8012895613379,116.8012895613379
7904,23.1,30.980624144283546,50.980624144283546,70.98062414428355,90.98062414428355
7905,25.1,29.97221320964391,49.97221320964391,69.97221320964391,89.97221320964391
7906,26.9,28.96380227500428,48.963802275004284,68.96380227500428,88.96380227500428
7907,27.6,65.82203723625506,85.82203723625506,105.82203723625506,125.82203723625506
7908,27.4,27.23509781562206,47.235097815622055,67.23509781562205,87.23509781562205
7909,27.9,28.099450045313173,48.099450045313176,68.09945004531318,88.09945004531318
7910,26.6,28.675684865107243,48.67568486510724,68.67568486510724,88.67568486510724
7911,26.8,29.828154504695394,49.82815450469539,69.82815450469539,89.82815450469539
7912,26.8,30.83656543933502,50.83656543933502,70.83656543933502,90.83656543933502
7913,26.6,31.844976373974653,51.84497637397465,71.84497637397465,91.84497637397465
7914,26.9,95.3882289819709,115.3882289819709,135.38822898197088,155.38822898197088
7915,26.7,32.9974460135628,52.9974460135628,72.99744601356281,92.99744601356281
7916,26.4,33.285563423459834,53.285563423459834,73.28556342345983,93.28556342345983
7917,26.3,33.14150471851132,53.14150471851132,73.14150471851133,93.14150471851133
7918,26.1,32.9974460135628,52.9974460135628,72.99744601356281,92.99744601356281
7919,25.9,33.429622128408354,53.429622128408354,73.42962212840835,93.42962212840835
7920,25.9,33.573680833356875,53.573680833356875,73.57368083335687,93.57368083335687
7921,25.5,33.573680833356875,53.573680833356875,73.57368083335687,93.57368083335687
7922,25.2,33.429622128408354,53.429622128408354,73.42962212840835,93.42962212840835
7923,25.8,32.9974460135628,52.9974460135628,72.99744601356281,92.99744601356281
7924,26.2,32.85338730861428,52.85338730861428,72.85338730861429,92.85338730861429
7925,26.4,32.42121119376873,52.42121119376873,72.42121119376873,92.42121119376873
7926,26.0,31.98903507892317,51.989035078923166,71.98903507892317,91.98903507892317
7927,26.5,56.801289561337896,76.8012895613379,96.8012895613379,116.8012895613379
7928,27.7,30.980624144283546,50.980624144283546,70.98062414428355,90.98062414428355
7929,28.9,29.97221320964391,49.97221320964391,69.97221320964391,89.97221320964391
7930,32.4,28.81974357005576,48.81974357005576,68.81974357005576,88.81974357005576
7931,31.5,65.10174371151247,85.10174371151247,105.10174371151247,125.10174371151247
7932,31.5,26.514804290879468,46.51480429087947,66.51480429087947,86.51480429087947
7933,30.5,26.514804290879468,46.51480429087947,66.51480429087947,86.51480429087947
7934,30.2,26.946980405725025,46.94698040572503,66.94698040572503,86.94698040572503
7935,29.7,27.523215225519095,47.523215225519095,67.5232152255191,87.5232152255191
7936,28.6,28.387567455210206,48.3875674552102,68.3875674552102,88.3875674552102
7937,28.3,28.81974357005576,48.81974357005576,68.81974357005576,88.81974357005576
7938,28.7,92.07487876815497,112.07487876815497,132.07487876815497,152.07487876815497
7939,28.9,29.1078609799528,49.107860979952804,69.1078609799528,89.1078609799528
7940,29.3,29.540037094798354,49.54003709479835,69.54003709479835,89.54003709479835
7941,29.5,29.828154504695394,49.82815450469539,69.82815450469539,89.82815450469539
7942,30.3,29.251919684901317,49.25191968490132,69.25191968490131,89.25191968490131
7943,28.5,29.1078609799528,49.107860979952804,69.1078609799528,89.1078609799528
7944,27.6,29.1078609799528,49.107860979952804,69.1078609799528,89.1078609799528
7945,26.5,28.387567455210206,48.3875674552102,68.3875674552102,88.3875674552102
7946,26.9,28.531626160158723,48.53162616015872,68.53162616015872,88.53162616015872
7947,25.7,28.81974357005576,48.81974357005576,68.81974357005576,88.81974357005576
7948,24.6,28.96380227500428,48.963802275004284,68.96380227500428,88.96380227500428
7949,24.4,29.251919684901317,49.25191968490132,69.25191968490131,89.25191968490131
7950,23.7,28.675684865107243,48.67568486510724,68.67568486510724,88.67568486510724
7951,24.7,53.05576323267641,73.05576323267641,93.05576323267641,113.05576323267641
7952,27.1,27.66727393046762,47.667273930467616,67.66727393046762,87.66727393046762
7953,27.1,27.09103911067354,47.09103911067354,67.09103911067353,87.09103911067353
7954,27.3,26.658862995827985,46.65886299582799,66.65886299582799,86.65886299582799
7955,26.7,63.66115666202729,83.66115666202728,103.66115666202728,123.66115666202728
7956,25.8,25.218275946342796,45.2182759463428,65.2182759463428,85.2182759463428
7957,24.6,25.218275946342796,45.2182759463428,65.2182759463428,85.2182759463428
7958,24.7,26.802921700776505,46.80292170077651,66.80292170077651,86.80292170077651
7959,24.9,28.96380227500428,48.963802275004284,68.96380227500428,88.96380227500428
7960,24.9,30.404389324489465,50.404389324489465,70.40438932448947,90.40438932448947
7961,26.3,31.268741554180583,51.26874155418058,71.26874155418058,91.26874155418058
7962,25.5,95.24417027702239,115.24417027702239,135.2441702770224,155.2441702770224
7963,24.6,32.70932860366576,52.70932860366576,72.70932860366577,92.70932860366577
7964,24.7,33.285563423459834,53.285563423459834,73.28556342345983,93.28556342345983
7965,24.9,34.43803306304798,54.43803306304798,74.43803306304798,94.43803306304798
7966,23.7,35.15832658779058,55.15832658779058,75.15832658779058,95.15832658779058
7967,22.7,35.87862011253317,55.87862011253317,75.87862011253317,95.87862011253317
7968,21.8,36.1667375224302,56.1667375224302,76.1667375224302,96.1667375224302
7969,21.7,36.454854932327244,56.454854932327244,76.45485493232724,96.45485493232724
7970,21.2,36.454854932327244,56.454854932327244,76.45485493232724,96.45485493232724
7971,21.1,36.1667375224302,56.1667375224302,76.1667375224302,96.1667375224302
7972,21.0,35.302385292739096,55.302385292739096,75.3023852927391,95.3023852927391
7973,21.7,35.302385292739096,55.302385292739096,75.3023852927391,95.3023852927391
7974,22.1,34.5820917679965,54.5820917679965,74.5820917679965,94.5820917679965
7975,22.8,58.3859353157716,78.3859353157716,98.3859353157716,118.3859353157716
7976,25.6,31.98903507892317,51.989035078923166,71.98903507892317,91.98903507892317
7977,26.6,30.692506734386505,50.692506734386505,70.69250673438651,90.69250673438651
7978,26.6,29.395978389849837,49.39597838984984,69.39597838984983,89.39597838984983
7979,26.2,66.39827205604914,86.39827205604914,106.39827205604914,126.39827205604914
7980,26.0,27.811332635416132,47.811332635416136,67.81133263541614,87.81133263541614
7981,25.7,27.955391340364653,47.955391340364656,67.95539134036466,87.95539134036466
7982,24.9,28.81974357005576,48.81974357005576,68.81974357005576,88.81974357005576
7983,24.4,30.260330619540948,50.26033061954095,70.26033061954095,90.26033061954095
7984,25.5,30.404389324489465,50.404389324489465,70.40438932448947,90.40438932448947
7985,25.8,30.260330619540948,50.26033061954095,70.26033061954095,90.26033061954095
7986,24.9,93.94764193248571,113.94764193248571,133.9476419324857,153.9476419324857
7987,24.8,30.980624144283546,50.980624144283546,70.98062414428355,90.98062414428355
7988,24.5,31.98903507892317,51.989035078923166,71.98903507892317,91.98903507892317
7989,23.7,32.9974460135628,52.9974460135628,72.99744601356281,92.99744601356281
7990,24.4,34.43803306304798,54.43803306304798,74.43803306304798,94.43803306304798
7991,23.6,35.15832658779058,55.15832658779058,75.15832658779058,95.15832658779058
7992,23.6,35.44644399768761,55.44644399768761,75.44644399768761,95.44644399768761
7993,22.8,36.1667375224302,56.1667375224302,76.1667375224302,96.1667375224302
7994,22.7,36.598913637275764,56.598913637275764,76.59891363727576,96.59891363727576
7995,22.5,37.03108975212131,57.03108975212131,77.03108975212132,97.03108975212132
7996,22.5,36.74297234222428,56.74297234222428,76.74297234222428,96.74297234222428
7997,22.9,36.454854932327244,56.454854932327244,76.45485493232724,96.45485493232724
7998,23.0,36.454854932327244,56.454854932327244,76.45485493232724,96.45485493232724
7999,23.4,61.69928552958753,81.69928552958753,101.69928552958753,121.69928552958753
8000,26.0,35.87862011253317,55.87862011253317,75.87862011253317,95.87862011253317
8001,28.1,34.726150472945015,54.726150472945015,74.72615047294502,94.72615047294502
8002,28.4,32.70932860366576,52.70932860366576,72.70932860366577,92.70932860366577
8003,27.4,68.84727004017395,88.84727004017395,108.84727004017395,128.84727004017395
8004,26.7,30.11627191459243,50.11627191459243,70.11627191459243,90.11627191459243
8005,26.4,29.684095799746874,49.68409579974687,69.68409579974687,89.68409579974687
8006,26.0,30.260330619540948,50.26033061954095,70.26033061954095,90.26033061954095
8007,26.4,30.83656543933502,50.83656543933502,70.83656543933502,90.83656543933502
8008,27.0,32.133093783871686,52.133093783871686,72.13309378387169,92.13309378387169
8009,27.8,33.429622128408354,53.429622128408354,73.42962212840835,93.42962212840835
8010,26.7,98.4134617858898,118.4134617858898,138.4134617858898,158.4134617858898
8011,26.1,36.598913637275764,56.598913637275764,76.59891363727576,96.59891363727576
8012,25.8,37.89544198181243,57.89544198181243,77.89544198181244,97.89544198181244
8013,25.0,38.90385291645206,58.90385291645206,78.90385291645205,98.90385291645205
8014,25.1,39.62414644119465,59.62414644119465,79.62414644119465,99.62414644119465
8015,25.7,38.90385291645206,58.90385291645206,78.90385291645205,98.90385291645205
8016,24.7,37.75138327686391,57.75138327686391,77.75138327686392,97.75138327686392
8017,23.3,36.8870310471728,56.8870310471728,76.8870310471728,96.8870310471728
8018,22.9,36.310796227378724,56.310796227378724,76.31079622737872,96.31079622737872
8019,22.9,35.73456140758466,55.73456140758466,75.73456140758466,95.73456140758466
8020,22.8,36.310796227378724,56.310796227378724,76.31079622737872,96.31079622737872
8021,23.0,37.89544198181243,57.89544198181243,77.89544198181244,97.89544198181244
8022,24.5,38.4716768016065,58.4716768016065,78.47167680160649,98.47167680160649
8023,26.2,64.43640092360937,84.43640092360937,104.43640092360937,124.43640092360937
8024,27.7,39.48008773624613,59.48008773624613,79.48008773624613,99.48008773624613
8025,28.6,39.04791162140057,59.04791162140057,79.04791162140057,99.04791162140057
8026,28.9,37.60732457191539,57.60732457191539,77.6073245719154,97.6073245719154
8027,27.0,74.32150082821767,94.32150082821767,114.32150082821767,134.32150082821767
8028,26.8,35.15832658779058,55.15832658779058,75.15832658779058,95.15832658779058
8029,27.1,35.59050270263613,55.59050270263613,75.59050270263613,95.59050270263613
8030,26.3,37.17514845706984,57.17514845706984,77.17514845706984,97.17514845706984
8031,26.5,38.183559391709466,58.183559391709466,78.18355939170947,98.18355939170947
8032,26.8,38.327618096657986,58.327618096657986,78.32761809665799,98.32761809665799
8033,27.0,38.183559391709466,58.183559391709466,78.18355939170947,98.18355939170947
8034,26.7,100.71840106506609,120.71840106506609,140.71840106506608,160.71840106506608
8035,26.2,37.03108975212131,57.03108975212131,77.03108975212132,97.03108975212132
8036,25.3,36.454854932327244,56.454854932327244,76.45485493232724,96.45485493232724
8037,25.4,35.87862011253317,55.87862011253317,75.87862011253317,95.87862011253317
8038,25.3,35.014267882842056,55.014267882842056,75.01426788284206,95.01426788284206
8039,24.8,34.29397435809947,54.29397435809947,74.29397435809946,94.29397435809946
8040,24.2,33.573680833356875,53.573680833356875,73.57368083335687,93.57368083335687
8041,24.6,33.573680833356875,53.573680833356875,73.57368083335687,93.57368083335687
8042,24.6,33.14150471851132,53.14150471851132,73.14150471851133,93.14150471851133
8043,23.9,32.27715248882021,52.27715248882021,72.2771524888202,92.2771524888202
8044,24.1,31.70091766902613,51.700917669026126,71.70091766902613,91.70091766902613
8045,23.3,30.83656543933502,50.83656543933502,70.83656543933502,90.83656543933502
8046,24.0,30.548448029437985,50.548448029437985,70.54844802943799,90.54844802943799
8047,25.2,56.080996036595295,76.0809960365953,96.0809960365953,116.0809960365953
8048,28.1,31.98903507892317,51.989035078923166,71.98903507892317,91.98903507892317
8049,29.7,32.133093783871686,52.133093783871686,72.13309378387169,92.13309378387169
8050,29.2,30.980624144283546,50.980624144283546,70.98062414428355,90.98062414428355
8051,28.6,68.41509392532839,88.41509392532839,108.41509392532839,128.4150939253284
8052,28.3,29.540037094798354,49.54003709479835,69.54003709479835,89.54003709479835
8053,28.3,29.1078609799528,49.107860979952804,69.1078609799528,89.1078609799528
8054,27.6,29.251919684901317,49.25191968490132,69.25191968490131,89.25191968490131
8055,28.1,29.828154504695394,49.82815450469539,69.82815450469539,89.82815450469539
8056,28.4,30.260330619540948,50.26033061954095,70.26033061954095,90.26033061954095
8057,28.3,30.548448029437985,50.548448029437985,70.54844802943799,90.54844802943799
8058,28.6,93.94764193248571,113.94764193248571,133.9476419324857,153.9476419324857
8059,27.2,30.83656543933502,50.83656543933502,70.83656543933502,90.83656543933502
8060,26.4,30.404389324489465,50.404389324489465,70.40438932448947,90.40438932448947
8061,25.3,30.11627191459243,50.11627191459243,70.11627191459243,90.11627191459243
8062,24.2,30.404389324489465,50.404389324489465,70.40438932448947,90.40438932448947
8063,24.6,30.548448029437985,50.548448029437985,70.54844802943799,90.54844802943799
8064,24.4,29.97221320964391,49.97221320964391,69.97221320964391,89.97221320964391
8065,24.3,30.260330619540948,50.26033061954095,70.26033061954095,90.26033061954095
8066,23.8,30.548448029437985,50.548448029437985,70.54844802943799,90.54844802943799
8067,23.8,30.980624144283546,50.980624144283546,70.98062414428355,90.98062414428355
8068,22.3,31.268741554180583,51.26874155418058,71.26874155418058,91.26874155418058
8069,22.2,31.844976373974653,51.84497637397465,71.84497637397465,91.84497637397465
8070,22.8,32.56526989871724,52.56526989871724,72.56526989871725,92.56526989871725
8071,23.7,58.097817905874564,78.09781790587456,98.09781790587456,118.09781790587456
8072,24.8,33.285563423459834,53.285563423459834,73.28556342345983,93.28556342345983
8073,24.5,32.133093783871686,52.133093783871686,72.13309378387169,92.13309378387169
8074,25.3,31.268741554180583,51.26874155418058,71.26874155418058,91.26874155418058
8075,27.7,68.41509392532839,88.41509392532839,108.41509392532839,128.4150939253284
8076,27.5,30.11627191459243,50.11627191459243,70.11627191459243,90.11627191459243
8077,26.6,31.124682849232055,51.12468284923206,71.12468284923206,91.12468284923206
8078,26.6,32.9974460135628,52.9974460135628,72.99744601356281,92.99744601356281
8079,26.3,34.43803306304798,54.43803306304798,74.43803306304798,94.43803306304798
8080,26.0,35.87862011253317,55.87862011253317,75.87862011253317,95.87862011253317
8081,26.1,36.8870310471728,56.8870310471728,76.8870310471728,96.8870310471728
8082,25.9,101.15057717991165,121.15057717991165,141.15057717991164,161.15057717991164
8083,25.2,37.60732457191539,57.60732457191539,77.6073245719154,97.6073245719154
8084,25.1,35.44644399768761,55.44644399768761,75.44644399768761,95.44644399768761
8085,24.5,34.29397435809947,54.29397435809947,74.29397435809946,94.29397435809946
8086,25.0,33.573680833356875,53.573680833356875,73.57368083335687,93.57368083335687
8087,24.5,33.14150471851132,53.14150471851132,73.14150471851133,93.14150471851133
8088,25.3,33.285563423459834,53.285563423459834,73.28556342345983,93.28556342345983
8089,26.6,35.73456140758466,55.73456140758466,75.73456140758466,95.73456140758466
8090,25.6,37.17514845706984,57.17514845706984,77.17514845706984,97.17514845706984
8091,25.0,38.03950068676095,58.03950068676095,78.03950068676096,98.03950068676096
8092,22.8,38.183559391709466,58.183559391709466,78.18355939170947,98.18355939170947
8093,24.2,38.4716768016065,58.4716768016065,78.47167680160649,98.47167680160649
8094,24.1,38.03950068676095,58.03950068676095,78.03950068676096,98.03950068676096
8095,24.1,62.131461644433074,82.13146164443307,102.13146164443307,122.13146164443307
8096,24.8,36.454854932327244,56.454854932327244,76.45485493232724,96.45485493232724
8097,25.8,35.87862011253317,55.87862011253317,75.87862011253317,95.87862011253317
8098,26.9,34.29397435809947,54.29397435809947,74.29397435809946,94.29397435809946
8099,26.8,70.57597449955617,90.57597449955617,110.57597449955617,130.57597449955617
8100,27.1,31.98903507892317,51.989035078923166,71.98903507892317,91.98903507892317
8101,27.0,32.42121119376873,52.42121119376873,72.42121119376873,92.42121119376873
8102,26.9,33.717739538305395,53.717739538305395,73.7177395383054,93.7177395383054
8103,26.4,34.5820917679965,54.5820917679965,74.5820917679965,94.5820917679965
8104,27.1,33.573680833356875,53.573680833356875,73.57368083335687,93.57368083335687
8105,26.3,32.42121119376873,52.42121119376873,72.42121119376873,92.42121119376873
8106,26.6,95.10011157207387,115.10011157207387,135.10011157207387,155.10011157207387
8107,26.6,32.9974460135628,52.9974460135628,72.99744601356281,92.99744601356281
8108,26.3,31.844976373974653,51.84497637397465,71.84497637397465,91.84497637397465
8109,27.1,31.124682849232055,51.12468284923206,71.12468284923206,91.12468284923206
8110,27.7,30.404389324489465,50.404389324489465,70.40438932448947,90.40438932448947
8111,25.9,30.548448029437985,50.548448029437985,70.54844802943799,90.54844802943799
8112,25.8,29.97221320964391,49.97221320964391,69.97221320964391,89.97221320964391
8113,25.1,30.692506734386505,50.692506734386505,70.69250673438651,90.69250673438651
8114,25.3,30.980624144283546,50.980624144283546,70.98062414428355,90.98062414428355
8115,25.7,30.980624144283546,50.980624144283546,70.98062414428355,90.98062414428355
8116,25.5,30.980624144283546,50.980624144283546,70.98062414428355,90.98062414428355
8117,25.9,30.980624144283546,50.980624144283546,70.98062414428355,90.98062414428355
8118,26.5,30.692506734386505,50.692506734386505,70.69250673438651,90.69250673438651
8119,26.7,55.79287862669826,75.79287862669827,95.79287862669827,115.79287862669827
8120,28.9,30.404389324489465,50.404389324489465,70.40438932448947,90.40438932448947
8121,30.1,30.980624144283546,50.980624144283546,70.98062414428355,90.98062414428355
8122,29.6,31.124682849232055,51.12468284923206,71.12468284923206,91.12468284923206
8123,30.4,68.70321133522543,88.70321133522543,108.70321133522543,128.70321133522543
8124,29.8,30.548448029437985,50.548448029437985,70.54844802943799,90.54844802943799
8125,28.3,30.83656543933502,50.83656543933502,70.83656543933502,90.83656543933502
8126,28.6,31.70091766902613,51.700917669026126,71.70091766902613,91.70091766902613
8127,29.0,32.56526989871724,52.56526989871724,72.56526989871725,92.56526989871725
8128,29.8,33.14150471851132,53.14150471851132,73.14150471851133,93.14150471851133
8129,30.5,33.86179824325391,53.86179824325391,73.8617982432539,93.8617982432539
8130,29.2,97.98128567104423,117.98128567104423,137.98128567104425,157.98128567104425
8131,27.4,34.870209177893535,54.870209177893535,74.87020917789354,94.87020917789354
8132,27.2,35.302385292739096,55.302385292739096,75.3023852927391,95.3023852927391
8133,26.8,37.17514845706984,57.17514845706984,77.17514845706984,97.17514845706984
8134,27.0,39.33602903129761,59.33602903129761,79.33602903129761,99.33602903129761
8135,27.4,40.92067478573132,60.92067478573132,80.92067478573132,100.92067478573132
8136,29.3,42.07314442531947,62.07314442531947,82.07314442531947,102.07314442531947
8137,29.7,43.22561406490762,63.22561406490762,83.22561406490762,103.22561406490762
8138,28.6,43.80184888470169,63.80184888470169,83.80184888470168,103.80184888470168
8139,27.9,43.80184888470169,63.80184888470169,83.80184888470168,103.80184888470168
8140,27.8,44.81025981934131,64.81025981934131,84.81025981934131,104.81025981934131
8141,29.0,45.674612049032426,65.67461204903242,85.67461204903242,105.67461204903242
8142,30.1,46.39490557377502,66.39490557377502,86.39490557377502,106.39490557377502
8143,32.3,72.07151228588086,92.07151228588086,112.07151228588086,132.07151228588086
8144,33.4,46.827081688620574,66.82708168862058,86.82708168862058,106.82708168862058
8145,34.1,45.3864946391354,65.3864946391354,85.3864946391354,105.3864946391354
8146,33.6,42.93749665501058,62.93749665501058,82.93749665501058,102.93749665501058
8147,33.7,78.78732068162174,98.78732068162174,118.78732068162174,138.78732068162174
8148,33.1,39.62414644119465,59.62414644119465,79.62414644119465,99.62414644119465
8149,32.1,40.34443996593725,60.34443996593725,80.34443996593726,100.34443996593726
8150,32.1,41.92908572037095,61.92908572037095,81.92908572037095,101.92908572037095
8151,33.1,42.649379245113536,62.649379245113536,82.64937924511354,102.64937924511354
8152,33.7,43.94590758965021,63.94590758965021,83.9459075896502,103.9459075896502
8153,34.2,44.234024999547245,64.23402499954724,84.23402499954724,104.23402499954724
8154,33.9,108.6416298372346,128.6416298372346,148.6416298372346,168.6416298372346
8155,33.4,46.25084686882651,66.2508468688265,86.2508468688265,106.2508468688265
8156,32.4,46.827081688620574,66.82708168862058,86.82708168862058,106.82708168862058
8157,32.1,47.115199098517614,67.11519909851762,87.11519909851762,107.11519909851762
8158,31.1,47.547375213363175,67.54737521336318,87.54737521336318,107.54737521336318
8159,30.0,47.8354926232602,67.8354926232602,87.8354926232602,107.8354926232602
8160,29.8,48.41172744305428,68.41172744305427,88.41172744305427,108.41172744305427
8161,30.5,48.41172744305428,68.41172744305427,88.41172744305427,108.41172744305427
8162,29.8,48.555786148002795,68.5557861480028,88.5557861480028,108.5557861480028
8163,29.7,48.843903557899836,68.84390355789984,88.84390355789984,108.84390355789984
8164,30.6,48.843903557899836,68.84390355789984,88.84390355789984,108.84390355789984
8165,32.0,48.98796226284836,68.98796226284836,88.98796226284836,108.98796226284836
8166,32.2,48.843903557899836,68.84390355789984,88.84390355789984,108.84390355789984
8167,33.7,74.08833415516011,94.08833415516011,114.08833415516011,134.0883341551601
8168,36.3,48.555786148002795,68.5557861480028,88.5557861480028,108.5557861480028
8169,36.8,46.68302298367205,66.68302298367206,86.68302298367206,106.68302298367206
8170,36.8,43.94590758965021,63.94590758965021,83.9459075896502,103.9459075896502
8171,36.4,79.50761420636434,99.50761420636434,119.50761420636434,139.50761420636434
8172,35.3,40.48849867088576,60.48849867088576,80.48849867088576,100.48849867088576
8173,34.8,40.632557375834274,60.632557375834274,80.63255737583427,100.63255737583427
8174,35.5,42.07314442531947,62.07314442531947,82.07314442531947,102.07314442531947
8175,35.4,43.65779017975317,63.65779017975317,83.65779017975316,103.65779017975316
8176,37.0,44.522142409444285,64.52214240944429,84.52214240944429,104.52214240944429
8177,37.1,45.3864946391354,65.3864946391354,85.3864946391354,105.3864946391354
8178,36.5,108.92974724713164,128.92974724713164,148.92974724713164,168.92974724713164
8179,35.9,44.81025981934131,64.81025981934131,84.81025981934131,104.81025981934131
8180,37.5,44.08996629459872,64.08996629459872,84.08996629459872,104.08996629459872
8181,36.7,44.522142409444285,64.52214240944429,84.52214240944429,104.52214240944429
8182,34.9,44.81025981934131,64.81025981934131,84.81025981934131,104.81025981934131
8183,34.9,45.530553344083906,65.5305533440839,85.5305533440839,105.5305533440839
8184,34.9,45.962729458929466,65.96272945892946,85.96272945892946,105.96272945892946
8185,35.9,44.81025981934131,64.81025981934131,84.81025981934131,104.81025981934131
8186,36.2,43.0815553599591,63.0815553599591,83.0815553599591,103.0815553599591
8187,36.2,41.064733490679835,61.064733490679835,81.06473349067983,101.06473349067983
8188,35.7,38.327618096657986,58.327618096657986,78.32761809665799,98.32761809665799
8189,36.0,36.598913637275764,56.598913637275764,76.59891363727576,96.59891363727576
8190,36.0,35.302385292739096,55.302385292739096,75.3023852927391,95.3023852927391
8191,37.2,59.10622884051419,79.10622884051419,99.10622884051419,119.10622884051419
8192,39.8,31.844976373974653,51.84497637397465,71.84497637397465,91.84497637397465
8193,40.5,30.260330619540948,50.26033061954095,70.26033061954095,90.26033061954095
8194,42.4,28.96380227500428,48.963802275004284,68.96380227500428,88.96380227500428
8195,41.8,65.24580241646099,85.24580241646099,105.24580241646099,125.24580241646099
8196,38.8,26.370745585930948,46.37074558593095,66.37074558593095,86.37074558593095
8197,37.3,25.794510766136877,45.79451076613688,65.79451076613688,85.79451076613688
8198,38.9,25.650452061188354,45.65045206118835,65.65045206118836,85.65045206118836
8199,39.1,26.08262817603391,46.08262817603391,66.08262817603391,86.08262817603391
8200,40.2,26.802921700776505,46.80292170077651,66.80292170077651,86.80292170077651
8201,42.5,26.514804290879468,46.51480429087947,66.51480429087947,86.51480429087947
8202,42.6,89.48182207908164,109.48182207908164,129.48182207908164,149.48182207908164
8203,41.2,26.514804290879468,46.51480429087947,66.51480429087947,86.51480429087947
8204,40.1,27.23509781562206,47.235097815622055,67.23509781562205,87.23509781562205
8205,39.3,28.531626160158723,48.53162616015872,68.53162616015872,88.53162616015872
8206,38.9,28.531626160158723,48.53162616015872,68.53162616015872,88.53162616015872
8207,37.0,28.099450045313173,48.099450045313176,68.09945004531318,88.09945004531318
8208,36.2,27.811332635416132,47.811332635416136,67.81133263541614,87.81133263541614
8209,37.3,27.811332635416132,47.811332635416136,67.81133263541614,87.81133263541614
8210,36.1,28.675684865107243,48.67568486510724,68.67568486510724,88.67568486510724
8211,34.9,28.96380227500428,48.963802275004284,68.96380227500428,88.96380227500428
8212,35.9,30.260330619540948,50.26033061954095,70.26033061954095,90.26033061954095
8213,35.2,28.96380227500428,48.963802275004284,68.96380227500428,88.96380227500428
8214,35.8,27.811332635416132,47.811332635416136,67.81133263541614,87.81133263541614
8215,37.5,51.03894136339716,71.03894136339716,91.03894136339716,111.03894136339716
8216,38.2,24.786099831497243,44.78609983149724,64.78609983149724,84.78609983149724
8217,36.6,24.353923716651693,44.35392371665169,64.35392371665169,84.35392371665169
8218,37.7,23.921747601806135,43.92174760180613,63.92174760180613,83.92174760180613
8219,37.5,61.212158677902465,81.21215867790247,101.21215867790247,121.21215867790247
8220,37.4,23.489571486960575,43.48957148696057,63.48957148696057,83.48957148696057
8221,36.8,23.345512782012054,43.34551278201205,63.34551278201205,83.34551278201205
8222,36.4,23.633630191909095,43.63363019190909,63.63363019190909,83.63363019190909
8223,35.4,23.489571486960575,43.48957148696057,63.48957148696057,83.48957148696057
8224,35.8,23.489571486960575,43.48957148696057,63.48957148696057,83.48957148696057
8225,35.4,23.20145407706354,43.201454077063545,63.201454077063545,83.20145407706354
8226,33.8,85.88035445536867,105.88035445536867,125.88035445536867,145.88035445536866
8227,34.4,23.05739537211502,43.057395372115025,63.057395372115025,83.05739537211502
8228,33.9,22.481160552320947,42.481160552320944,62.481160552320944,82.48116055232094
8229,32.2,22.625219257269464,42.625219257269464,62.625219257269464,82.62521925726946
8230,30.6,22.769277962217984,42.769277962217984,62.769277962217984,82.76927796221798
8231,29.6,22.481160552320947,42.481160552320944,62.481160552320944,82.48116055232094
8232,29.4,22.337101847372427,42.33710184737242,62.33710184737242,82.33710184737242
8233,28.2,22.048984437475394,42.0489844374754,62.0489844374754,82.0489844374754
8234,28.1,21.904925732526873,41.90492573252688,61.90492573252688,81.90492573252688
8235,27.9,21.904925732526873,41.90492573252688,61.90492573252688,81.90492573252688
8236,28.3,21.616808322629836,41.616808322629836,61.616808322629836,81.61680832262984
8237,29.4,21.616808322629836,41.616808322629836,61.616808322629836,81.61680832262984
8238,30.1,21.3286909127328,41.328690912732796,61.328690912732796,81.3286909127328
8239,31.6,46.57312150999307,66.57312150999307,86.57312150999307,106.57312150999307
8240,32.0,21.18463220778428,41.184632207784276,61.184632207784276,81.18463220778428
8241,35.2,21.040573502835763,41.04057350283576,61.04057350283576,81.04057350283577
8242,36.0,21.040573502835763,41.04057350283576,61.04057350283576,81.04057350283577
8243,35.2,58.76316069377765,78.76316069377765,98.76316069377765,118.76316069377765
8244,33.5,20.752456092938722,40.75245609293872,60.75245609293872,80.75245609293873
8245,32.7,20.608397387990205,40.60839738799021,60.60839738799021,80.60839738799021
8246,33.5,20.32027997809317,40.32027997809317,60.32027997809317,80.32027997809317
8247,33.4,19.88810386324761,39.88810386324761,59.88810386324761,79.88810386324761
8248,33.5,19.744045158299095,39.744045158299095,59.744045158299095,79.74404515829909
8249,33.4,19.455927748402058,39.45592774840206,59.45592774840206,79.45592774840206
8250,33.1,82.56700424155275,102.56700424155275,122.56700424155275,142.56700424155275
8251,32.8,19.744045158299095,39.744045158299095,59.744045158299095,79.74404515829909
8252,32.8,20.032162568196128,40.03216256819613,60.03216256819613,80.03216256819613
8253,31.8,20.32027997809317,40.32027997809317,60.32027997809317,80.32027997809317
8254,31.5,20.464338683041685,40.46433868304169,60.46433868304169,80.46433868304169
8255,31.3,20.608397387990205,40.60839738799021,60.60839738799021,80.60839738799021
8256,30.4,20.464338683041685,40.46433868304169,60.46433868304169,80.46433868304169
8257,30.7,20.608397387990205,40.60839738799021,60.60839738799021,80.60839738799021
8258,30.4,21.040573502835763,41.04057350283576,61.04057350283576,81.04057350283577
8259,30.5,21.760867027578357,41.76086702757836,61.76086702757836,81.76086702757836
8260,31.3,21.904925732526873,41.90492573252688,61.90492573252688,81.90492573252688
8261,31.9,21.904925732526873,41.90492573252688,61.90492573252688,81.90492573252688
8262,32.5,22.048984437475394,42.0489844374754,62.0489844374754,82.0489844374754
8263,32.4,47.29341503473567,67.29341503473567,87.29341503473567,107.29341503473567
8264,32.6,21.904925732526873,41.90492573252688,61.90492573252688,81.90492573252688
8265,33.7,21.904925732526873,41.90492573252688,61.90492573252688,81.90492573252688
8266,35.2,21.47274961768132,41.472749617681316,61.472749617681316,81.47274961768132
8267,35.7,58.61910198882913,78.61910198882913,98.61910198882913,118.61910198882913
8268,36.2,20.608397387990205,40.60839738799021,60.60839738799021,80.60839738799021
8269,35.1,20.608397387990205,40.60839738799021,60.60839738799021,80.60839738799021
8270,34.7,20.752456092938722,40.75245609293872,60.75245609293872,80.75245609293873
8271,35.6,20.752456092938722,40.75245609293872,60.75245609293872,80.75245609293873
8272,35.3,20.896514797887242,40.89651479788724,60.89651479788724,80.89651479788725
8273,36.9,20.896514797887242,40.89651479788724,60.89651479788724,80.89651479788725
8274,36.4,83.7194738811409,103.7194738811409,123.7194738811409,143.7194738811409
8275,35.6,20.608397387990205,40.60839738799021,60.60839738799021,80.60839738799021
8276,35.1,21.47274961768132,41.472749617681316,61.472749617681316,81.47274961768132
8277,34.3,22.481160552320947,42.481160552320944,62.481160552320944,82.48116055232094
8278,34.9,23.20145407706354,43.201454077063545,63.201454077063545,83.20145407706354
8279,34.0,23.921747601806135,43.92174760180613,63.92174760180613,83.92174760180613
8280,33.2,24.20986501170317,44.20986501170317,64.20986501170317,84.20986501170317
8281,32.8,24.20986501170317,44.20986501170317,64.20986501170317,84.20986501170317
8282,32.6,24.06580630675465,44.06580630675465,64.06580630675465,84.06580630675465
8283,31.9,23.921747601806135,43.92174760180613,63.92174760180613,83.92174760180613
8284,32.2,24.06580630675465,44.06580630675465,64.06580630675465,84.06580630675465
8285,33.2,24.06580630675465,44.06580630675465,64.06580630675465,84.06580630675465
8286,33.4,24.49798242160021,44.49798242160021,64.49798242160021,84.49798242160021
8287,34.2,50.030530428757515,70.03053042875752,90.03053042875752,110.03053042875752
8288,38.4,25.36233465129132,45.36233465129132,65.36233465129132,85.36233465129132
8289,38.2,24.642041126548726,44.642041126548726,64.64204112654872,84.64204112654872
8290,38.9,23.633630191909095,43.63363019190909,63.63363019190909,83.63363019190909
8291,39.2,60.92404126800543,80.92404126800542,100.92404126800542,120.92404126800542
8292,38.1,22.625219257269464,42.625219257269464,62.625219257269464,82.62521925726946
8293,38.6,22.481160552320947,42.481160552320944,62.481160552320944,82.48116055232094
8294,38.7,22.337101847372427,42.33710184737242,62.33710184737242,82.33710184737242
8295,39.6,22.481160552320947,42.481160552320944,62.481160552320944,82.48116055232094
8296,39.5,22.481160552320947,42.481160552320944,62.481160552320944,82.48116055232094
8297,38.2,22.337101847372427,42.33710184737242,62.33710184737242,82.33710184737242
8298,37.3,85.59223704547165,105.59223704547165,125.59223704547165,145.59223704547165
8299,36.0,22.337101847372427,42.33710184737242,62.33710184737242,82.33710184737242
8300,36.4,22.769277962217984,42.769277962217984,62.769277962217984,82.76927796221798
8301,38.8,23.20145407706354,43.201454077063545,63.201454077063545,83.20145407706354
8302,38.1,23.345512782012054,43.34551278201205,63.34551278201205,83.34551278201205
8303,35.4,23.345512782012054,43.34551278201205,63.34551278201205,83.34551278201205
8304,35.9,23.633630191909095,43.63363019190909,63.63363019190909,83.63363019190909
8305,35.8,24.06580630675465,44.06580630675465,64.06580630675465,84.06580630675465
8306,35.3,24.20986501170317,44.20986501170317,64.20986501170317,84.20986501170317
8307,35.1,24.06580630675465,44.06580630675465,64.06580630675465,84.06580630675465
8308,36.0,23.921747601806135,43.92174760180613,63.92174760180613,83.92174760180613
8309,35.5,23.77768889685761,43.77768889685761,63.77768889685761,83.77768889685761
8310,37.6,23.633630191909095,43.63363019190909,63.63363019190909,83.63363019190909
8311,40.0,48.87806078916937,68.87806078916937,88.87806078916937,108.87806078916937
8312,42.0,23.345512782012054,43.34551278201205,63.34551278201205,83.34551278201205
8313,43.2,22.913336667166504,42.913336667166504,62.913336667166504,82.9133366671665
8314,43.3,22.481160552320947,42.481160552320944,62.481160552320944,82.48116055232094
8315,41.9,59.915630333365804,79.91563033336581,99.91563033336581,119.91563033336581
8316,41.4,21.904925732526873,41.90492573252688,61.90492573252688,81.90492573252688
8317,41.0,21.760867027578357,41.76086702757836,61.76086702757836,81.76086702757836
8318,42.1,21.616808322629836,41.616808322629836,61.616808322629836,81.61680832262984
8319,42.7,21.47274961768132,41.472749617681316,61.472749617681316,81.47274961768132
8320,43.0,21.040573502835763,41.04057350283576,61.04057350283576,81.04057350283577
8321,43.7,20.752456092938722,40.75245609293872,60.75245609293872,80.75245609293873
8322,44.2,83.57541517619238,103.57541517619238,123.57541517619238,143.5754151761924
8323,43.7,20.464338683041685,40.46433868304169,60.46433868304169,80.46433868304169
8324,43.5,20.464338683041685,40.46433868304169,60.46433868304169,80.46433868304169
8325,42.5,20.464338683041685,40.46433868304169,60.46433868304169,80.46433868304169
8326,42.3,20.32027997809317,40.32027997809317,60.32027997809317,80.32027997809317
8327,41.7,20.176221273144648,40.17622127314465,60.17622127314465,80.17622127314465
8328,41.2,20.032162568196128,40.03216256819613,60.03216256819613,80.03216256819613
8329,42.6,19.744045158299095,39.744045158299095,59.744045158299095,79.74404515829909
8330,42.0,19.455927748402058,39.45592774840206,59.45592774840206,79.45592774840206
8331,38.6,19.311869043453537,39.31186904345354,59.31186904345354,79.31186904345354
8332,37.6,19.0237516335565,39.0237516335565,59.0237516335565,79.0237516335565
8333,37.8,18.735634223659464,38.73563422365946,58.73563422365946,78.73563422365946
8334,37.1,18.591575518710947,38.59157551871095,58.59157551871095,78.59157551871095
8335,35.2,43.6919474110227,63.6919474110227,83.69194741102271,103.69194741102271
8336,38.2,18.591575518710947,38.59157551871095,58.59157551871095,78.59157551871095
8337,37.1,18.591575518710947,38.59157551871095,58.59157551871095,78.59157551871095
8338,36.1,18.735634223659464,38.73563422365946,58.73563422365946,78.73563422365946
8339,34.8,56.602280119549874,76.60228011954987,96.60228011954987,116.60228011954987
8340,34.5,19.0237516335565,39.0237516335565,59.0237516335565,79.0237516335565
8341,34.9,19.311869043453537,39.31186904345354,59.31186904345354,79.31186904345354
8342,36.0,19.599986453350578,39.59998645335058,59.59998645335058,79.59998645335058
8343,34.9,20.176221273144648,40.17622127314465,60.17622127314465,80.17622127314465
8344,35.4,20.608397387990205,40.60839738799021,60.60839738799021,80.60839738799021
8345,37.7,21.040573502835763,41.04057350283576,61.04057350283576,81.04057350283577
8346,37.8,84.43976740588349,104.43976740588349,124.43976740588349,144.4397674058835
8347,36.4,21.3286909127328,41.328690912732796,61.328690912732796,81.3286909127328
8348,35.3,21.18463220778428,41.184632207784276,61.184632207784276,81.18463220778428
8349,35.0,20.32027997809317,40.32027997809317,60.32027997809317,80.32027997809317
8350,35.6,19.744045158299095,39.744045158299095,59.744045158299095,79.74404515829909
8351,36.7,18.879692928607984,38.87969292860798,58.87969292860798,78.87969292860798
8352,38.3,18.01534069891687,38.01534069891687,58.01534069891687,78.01534069891687
8353,35.2,17.583164584071316,37.58316458407131,57.58316458407131,77.58316458407131
8354,34.8,17.15098846922576,37.15098846922576,57.15098846922576,77.15098846922575
8355,35.0,16.86287105932872,36.862871059328725,56.862871059328725,76.86287105932873
8356,35.1,16.574753649431685,36.574753649431685,56.574753649431685,76.57475364943168
8357,34.0,16.28663623953465,36.28663623953465,56.28663623953465,76.28663623953466
8358,35.9,16.14257753458613,36.14257753458613,56.14257753458613,76.14257753458614
8359,37.0,40.66671460710381,60.66671460710381,80.66671460710381,100.66671460710381
8360,39.6,14.701990485100946,34.70199048510095,54.70199048510095,74.70199048510095
8361,38.9,13.981696960358352,33.98169696035835,53.98169696035835,73.98169696035835
8362,39.5,13.405462140564278,33.40546214056428,53.40546214056428,73.40546214056428
8363,40.6,51.12804933150617,71.12804933150616,91.12804933150616,111.12804933150616
8364,38.2,13.117344730667241,33.11734473066724,53.11734473066724,73.11734473066724
8365,38.0,13.117344730667241,33.11734473066724,53.11734473066724,73.11734473066724
8366,39.2,12.973286025718725,32.97328602571872,52.97328602571872,72.97328602571872
8367,39.9,13.117344730667241,33.11734473066724,53.11734473066724,73.11734473066724
8368,40.7,13.837638255409832,33.83763825540983,53.83763825540983,73.83763825540983
8369,40.8,14.413873075203906,34.41387307520391,54.41387307520391,74.41387307520391
8370,40.5,77.95712568320016,97.95712568320016,117.95712568320016,137.95712568320016
8371,38.9,14.701990485100946,34.70199048510095,54.70199048510095,74.70199048510095
8372,40.0,14.125755665306873,34.12575566530687,54.12575566530687,74.12575566530687
8373,40.6,13.549520845512799,33.5495208455128,53.5495208455128,73.5495208455128
8374,40.1,13.117344730667241,33.11734473066724,53.11734473066724,73.11734473066724
8375,40.8,13.405462140564278,33.40546214056428,53.40546214056428,73.40546214056428
8376,40.4,13.837638255409832,33.83763825540983,53.83763825540983,73.83763825540983
8377,39.9,14.701990485100946,34.70199048510095,54.70199048510095,74.70199048510095
8378,39.6,15.99851882963761,35.99851882963761,55.99851882963761,75.99851882963762
8379,42.2,16.574753649431685,36.574753649431685,56.574753649431685,76.57475364943168
8380,42.7,16.574753649431685,36.574753649431685,56.574753649431685,76.57475364943168
8381,44.7,17.29504717417428,37.29504717417428,57.29504717417428,77.29504717417427
8382,45.1,18.447516813762427,38.44751681376243,58.44751681376243,78.44751681376243
8383,46.5,44.4122409357653,64.4122409357653,84.4122409357653,104.4122409357653
8384,48.7,19.599986453350578,39.59998645335058,59.59998645335058,79.59998645335058
8385,50.5,18.879692928607984,38.87969292860798,58.87969292860798,78.87969292860798
8386,49.1,18.01534069891687,38.01534069891687,58.01534069891687,78.01534069891687
8387,45.9,54.58545825027062,74.58545825027062,94.58545825027062,114.58545825027062
8388,44.0,15.710401419740574,35.71040141974058,55.71040141974058,75.71040141974058
8389,47.0,15.854460124689094,35.8544601246891,55.8544601246891,75.8544601246891
8390,43.2,16.718812354380205,36.718812354380205,56.718812354380205,76.7188123543802
8391,45.6,17.87128199396835,37.87128199396835,57.87128199396835,77.87128199396835
8392,48.1,18.591575518710947,38.59157551871095,58.59157551871095,78.59157551871095
8393,49.1,19.599986453350578,39.59998645335058,59.59998645335058,79.59998645335058
8394,47.0,82.56700424155275,102.56700424155275,122.56700424155275,142.56700424155275
8395,44.5,19.455927748402058,39.45592774840206,59.45592774840206,79.45592774840206
8396,44.2,19.455927748402058,39.45592774840206,59.45592774840206,79.45592774840206
8397,42.4,20.032162568196128,40.03216256819613,60.03216256819613,80.03216256819613
8398,41.1,19.744045158299095,39.744045158299095,59.744045158299095,79.74404515829909
8399,37.8,20.032162568196128,40.03216256819613,60.03216256819613,80.03216256819613
8400,37.4,19.744045158299095,39.744045158299095,59.744045158299095,79.74404515829909
8401,38.8,19.455927748402058,39.45592774840206,59.45592774840206,79.45592774840206
8402,40.1,19.599986453350578,39.59998645335058,59.59998645335058,79.59998645335058
8403,40.3,19.599986453350578,39.59998645335058,59.59998645335058,79.59998645335058
8404,40.7,19.599986453350578,39.59998645335058,59.59998645335058,79.59998645335058
8405,41.8,19.455927748402058,39.45592774840206,59.45592774840206,79.45592774840206
8406,42.4,19.16781033850502,39.16781033850502,59.16781033850502,79.16781033850502
8407,43.6,44.84441705061086,64.84441705061086,84.84441705061086,104.84441705061086
8408,45.5,19.88810386324761,39.88810386324761,59.88810386324761,79.88810386324761
8409,48.2,19.599986453350578,39.59998645335058,59.59998645335058,79.59998645335058
8410,48.1,18.591575518710947,38.59157551871095,58.59157551871095,78.59157551871095
8411,44.4,55.44981047996173,75.44981047996173,95.44981047996173,115.44981047996173
8412,41.6,17.006929764277242,37.006929764277245,57.006929764277245,77.00692976427725
8413,39.3,17.87128199396835,37.87128199396835,57.87128199396835,77.87128199396835
8414,37.8,19.455927748402058,39.45592774840206,59.45592774840206,79.45592774840206
8415,40.1,20.896514797887242,40.89651479788724,60.89651479788724,80.89651479788725
8416,41.6,20.752456092938722,40.75245609293872,60.75245609293872,80.75245609293873
8417,42.6,19.744045158299095,39.744045158299095,59.744045158299095,79.74404515829909
8418,41.1,82.99918035639831,102.99918035639831,122.99918035639831,142.9991803563983
8419,39.4,20.32027997809317,40.32027997809317,60.32027997809317,80.32027997809317
8420,40.1,20.032162568196128,40.03216256819613,60.03216256819613,80.03216256819613
8421,39.1,19.16781033850502,39.16781033850502,59.16781033850502,79.16781033850502
8422,37.9,19.744045158299095,39.744045158299095,59.744045158299095,79.74404515829909
8423,34.4,18.735634223659464,38.73563422365946,58.73563422365946,78.73563422365946
8424,34.2,17.727223289019836,37.72722328901983,57.72722328901983,77.72722328901983
8425,31.8,17.15098846922576,37.15098846922576,57.15098846922576,77.15098846922575
8426,31.1,17.006929764277242,37.006929764277245,57.006929764277245,77.00692976427725
8427,31.3,17.006929764277242,37.006929764277245,57.006929764277245,77.00692976427725
8428,30.7,15.99851882963761,35.99851882963761,55.99851882963761,75.99851882963762
8429,32.1,15.42228400984354,35.42228400984354,55.42228400984354,75.42228400984354
8430,32.6,14.557931780152426,34.55793178015243,54.55793178015243,74.55793178015243
8431,33.3,37.4974230982364,57.4974230982364,77.4974230982364,97.4974230982364
8432,34.1,11.2445815663365,31.2445815663365,51.2445815663365,71.2445815663365
8433,33.5,10.668346746542426,30.668346746542426,50.668346746542426,70.66834674654243
8434,33.3,9.227759697057241,29.22775969705724,49.22775969705724,69.22775969705724
8435,33.6,46.230053363256545,66.23005336325654,86.23005336325654,106.23005336325654
8436,32.9,8.651524877263165,28.651524877263164,48.651524877263164,68.65152487726317
8437,32.9,9.227759697057241,29.22775969705724,49.22775969705724,69.22775969705724
8438,33.4,10.524288041593906,30.524288041593906,50.524288041593906,70.5242880415939
8439,31.6,11.820816386130574,31.820816386130574,51.82081638613057,71.82081638613057
8440,31.8,13.405462140564278,33.40546214056428,53.40546214056428,73.40546214056428
8441,31.5,13.405462140564278,33.40546214056428,53.40546214056428,73.40546214056428
8442,32.4,75.50812769907535,95.50812769907535,115.50812769907535,135.50812769907535
8443,32.9,11.100522861387981,31.10052286138798,51.10052286138798,71.10052286138799
8444,32.9,11.532698976233537,31.532698976233537,51.53269897623353,71.53269897623353
8445,33.0,12.397051205924647,32.39705120592465,52.39705120592465,72.39705120592464
8446,33.9,13.405462140564278,33.40546214056428,53.40546214056428,73.40546214056428
8447,36.2,14.846049190049467,34.84604919004947,54.84604919004947,74.84604919004947
8448,35.3,15.854460124689094,35.8544601246891,55.8544601246891,75.8544601246891
8449,35.3,16.430694944483168,36.430694944483164,56.430694944483164,76.43069494448316
8450,35.9,17.583164584071316,37.58316458407131,57.58316458407131,77.58316458407131
8451,37.4,17.15098846922576,37.15098846922576,57.15098846922576,77.15098846922575
8452,38.0,17.583164584071316,37.58316458407131,57.58316458407131,77.58316458407131
8453,35.7,17.727223289019836,37.72722328901983,57.72722328901983,77.72722328901983
8454,34.8,18.01534069891687,38.01534069891687,58.01534069891687,78.01534069891687
8455,37.4,44.12412352586826,64.12412352586826,84.12412352586826,104.12412352586826
8456,42.1,19.16781033850502,39.16781033850502,59.16781033850502,79.16781033850502
8457,41.0,19.311869043453537,39.31186904345354,59.31186904345354,79.31186904345354
8458,37.1,18.735634223659464,38.73563422365946,58.73563422365946,78.73563422365946
8459,36.7,56.314162709652834,76.31416270965283,96.31416270965283,116.31416270965283
8460,35.5,17.727223289019836,37.72722328901983,57.72722328901983,77.72722328901983
8461,34.5,17.29504717417428,37.29504717417428,57.29504717417428,77.29504717417427
8462,34.3,17.006929764277242,37.006929764277245,57.006929764277245,77.00692976427725
8463,34.1,16.574753649431685,36.574753649431685,56.574753649431685,76.57475364943168
8464,34.4,17.15098846922576,37.15098846922576,57.15098846922576,77.15098846922575
8465,34.6,17.87128199396835,37.87128199396835,57.87128199396835,77.87128199396835
8466,32.9,82.71106294650127,102.71106294650127,122.71106294650127,142.71106294650127
8467,32.6,19.744045158299095,39.744045158299095,59.744045158299095,79.74404515829909
8468,32.1,20.896514797887242,40.89651479788724,60.89651479788724,80.89651479788725
8469,30.6,21.47274961768132,41.472749617681316,61.472749617681316,81.47274961768132
8470,30.0,22.048984437475394,42.0489844374754,62.0489844374754,82.0489844374754
8471,29.8,22.337101847372427,42.33710184737242,62.33710184737242,82.33710184737242
8472,28.9,22.481160552320947,42.481160552320944,62.481160552320944,82.48116055232094
8473,28.2,23.20145407706354,43.201454077063545,63.201454077063545,83.20145407706354
8474,28.4,24.49798242160021,44.49798242160021,64.49798242160021,84.49798242160021
8475,27.6,25.218275946342796,45.2182759463428,65.2182759463428,85.2182759463428
8476,28.3,25.36233465129132,45.36233465129132,65.36233465129132,85.36233465129132
8477,28.9,25.93856947108539,45.93856947108539,65.93856947108539,85.93856947108539
8478,29.0,25.074217241394283,45.07421724139428,65.07421724139428,85.07421724139428
8479,29.2,50.606765248551596,70.6067652485516,90.6067652485516,110.6067652485516
8480,30.0,25.50639335623984,45.50639335623984,65.50639335623984,85.50639335623984
8481,30.3,25.074217241394283,45.07421724139428,65.07421724139428,85.07421724139428
8482,29.5,24.93015853644576,44.93015853644576,64.93015853644576,84.93015853644576
8483,28.5,63.08492184223321,83.0849218422332,103.0849218422332,123.0849218422332
8484,27.6,25.650452061188354,45.65045206118835,65.65045206118836,85.65045206118836
8485,27.5,26.08262817603391,46.08262817603391,66.08262817603391,86.08262817603391
8486,27.7,27.37915652057058,47.379156520570575,67.37915652057058,87.37915652057058
8487,27.0,27.66727393046762,47.667273930467616,67.66727393046762,87.66727393046762
8488,26.7,28.96380227500428,48.963802275004284,68.96380227500428,88.96380227500428
8489,26.9,30.83656543933502,50.83656543933502,70.83656543933502,90.83656543933502
8490,27.6,94.52387675227979,114.52387675227979,134.5238767522798,154.5238767522798
8491,26.7,31.844976373974653,51.84497637397465,71.84497637397465,91.84497637397465
8492,25.0,30.692506734386505,50.692506734386505,70.69250673438651,90.69250673438651
8493,23.5,31.268741554180583,51.26874155418058,71.26874155418058,91.26874155418058
8494,23.1,33.717739538305395,53.717739538305395,73.7177395383054,93.7177395383054
8495,22.7,34.5820917679965,54.5820917679965,74.5820917679965,94.5820917679965
8496,21.8,35.302385292739096,55.302385292739096,75.3023852927391,95.3023852927391
8497,21.8,35.73456140758466,55.73456140758466,75.73456140758466,95.73456140758466
8498,21.3,36.02267881748169,56.02267881748169,76.02267881748169,96.02267881748169
8499,21.0,35.87862011253317,55.87862011253317,75.87862011253317,95.87862011253317
8500,21.0,35.87862011253317,55.87862011253317,75.87862011253317,95.87862011253317
8501,23.0,36.1667375224302,56.1667375224302,76.1667375224302,96.1667375224302
8502,23.8,36.454854932327244,56.454854932327244,76.45485493232724,96.45485493232724
8503,23.9,60.97899200484493,80.97899200484494,100.97899200484494,120.97899200484494
8504,25.1,34.870209177893535,54.870209177893535,74.87020917789354,94.87020917789354
8505,26.1,34.726150472945015,54.726150472945015,74.72615047294502,94.72615047294502
8506,28.0,33.717739538305395,53.717739538305395,73.7177395383054,93.7177395383054
8507,27.8,69.71162226986506,89.71162226986506,109.71162226986506,129.71162226986507
8508,27.1,30.83656543933502,50.83656543933502,70.83656543933502,90.83656543933502
8509,26.0,30.980624144283546,50.980624144283546,70.98062414428355,90.98062414428355
8510,25.4,31.844976373974653,51.84497637397465,71.84497637397465,91.84497637397465
8511,26.2,31.844976373974653,51.84497637397465,71.84497637397465,91.84497637397465
8512,27.7,31.98903507892317,51.989035078923166,71.98903507892317,91.98903507892317
8513,26.7,31.556858964077616,51.55685896407762,71.55685896407762,91.55685896407762
8514,26.6,94.95605286712535,114.95605286712535,134.95605286712535,154.95605286712535
8515,25.8,34.14991565315095,54.14991565315095,74.14991565315094,94.14991565315094
8516,25.1,35.87862011253317,55.87862011253317,75.87862011253317,95.87862011253317
8517,25.0,37.60732457191539,57.60732457191539,77.6073245719154,97.6073245719154
8518,25.2,39.04791162140057,59.04791162140057,79.04791162140057,99.04791162140057
8519,24.6,40.05632255604021,60.05632255604021,80.05632255604021,100.05632255604021
8520,23.9,41.064733490679835,61.064733490679835,81.06473349067983,101.06473349067983
8521,24.2,41.640968310473916,61.640968310473916,81.64096831047391,101.64096831047391
8522,23.8,42.3612618352165,62.3612618352165,82.36126183521651,102.36126183521651
8523,23.5,42.93749665501058,62.93749665501058,82.93749665501058,102.93749665501058
8524,23.4,42.93749665501058,62.93749665501058,82.93749665501058,102.93749665501058
8525,23.6,42.649379245113536,62.649379245113536,82.64937924511354,102.64937924511354
8526,24.2,41.208792195628355,61.208792195628355,81.20879219562835,101.20879219562835
8527,24.5,65.01263574340345,85.01263574340345,105.01263574340345,125.01263574340345
8528,25.1,38.03950068676095,58.03950068676095,78.03950068676096,98.03950068676096
8529,26.8,36.310796227378724,56.310796227378724,76.31079622737872,96.31079622737872
8530,27.6,34.5820917679965,54.5820917679965,74.5820917679965,94.5820917679965
8531,26.6,71.00815061440173,91.00815061440173,111.00815061440173,131.00815061440173
8532,24.7,31.98903507892317,51.989035078923166,71.98903507892317,91.98903507892317
8533,25.1,31.412800259129092,51.41280025912909,71.41280025912909,91.41280025912909
8534,25.7,31.124682849232055,51.12468284923206,71.12468284923206,91.12468284923206
8535,25.3,30.83656543933502,50.83656543933502,70.83656543933502,90.83656543933502
8536,25.5,30.692506734386505,50.692506734386505,70.69250673438651,90.69250673438651
8537,27.8,30.548448029437985,50.548448029437985,70.54844802943799,90.54844802943799
8538,27.9,93.22734840774312,113.22734840774312,133.22734840774314,153.22734840774314
8539,27.6,29.684095799746874,49.68409579974687,69.68409579974687,89.68409579974687
8540,25.9,29.395978389849837,49.39597838984984,69.39597838984983,89.39597838984983
8541,23.6,29.251919684901317,49.25191968490132,69.25191968490131,89.25191968490131
8542,23.2,29.540037094798354,49.54003709479835,69.54003709479835,89.54003709479835
8543,23.6,29.97221320964391,49.97221320964391,69.97221320964391,89.97221320964391
8544,23.3,29.684095799746874,49.68409579974687,69.68409579974687,89.68409579974687
8545,22.8,29.251919684901317,49.25191968490132,69.25191968490131,89.25191968490131
8546,22.9,28.96380227500428,48.963802275004284,68.96380227500428,88.96380227500428
8547,21.7,28.243508750261686,48.24350875026168,68.24350875026168,88.24350875026168
8548,21.6,27.66727393046762,47.667273930467616,67.66727393046762,87.66727393046762
8549,21.9,27.523215225519095,47.523215225519095,67.5232152255191,87.5232152255191
8550,22.0,27.37915652057058,47.379156520570575,67.37915652057058,87.37915652057058
8551,23.3,52.047352298036785,72.04735229803678,92.04735229803678,112.04735229803678
8552,23.1,26.370745585930948,46.37074558593095,66.37074558593095,86.37074558593095
8553,23.9,26.226686880982435,46.226686880982435,66.22668688098244,86.22668688098244
8554,25.9,26.08262817603391,46.08262817603391,66.08262817603391,86.08262817603391
8555,27.8,63.94927407192432,83.94927407192432,103.94927407192432,123.94927407192432
8556,28.8,26.08262817603391,46.08262817603391,66.08262817603391,86.08262817603391
8557,30.0,26.226686880982435,46.226686880982435,66.22668688098244,86.22668688098244
8558,29.4,26.946980405725025,46.94698040572503,66.94698040572503,86.94698040572503
8559,29.9,27.37915652057058,47.379156520570575,67.37915652057058,87.37915652057058
8560,29.6,27.37915652057058,47.379156520570575,67.37915652057058,87.37915652057058
8561,30.4,27.523215225519095,47.523215225519095,67.5232152255191,87.5232152255191
8562,30.6,90.77835042361832,110.77835042361832,130.77835042361832,150.77835042361832
8563,30.2,27.811332635416132,47.811332635416136,67.81133263541614,87.81133263541614
8564,29.9,27.811332635416132,47.811332635416136,67.81133263541614,87.81133263541614
8565,30.0,27.811332635416132,47.811332635416136,67.81133263541614,87.81133263541614
8566,29.6,27.66727393046762,47.667273930467616,67.66727393046762,87.66727393046762
8567,28.8,26.802921700776505,46.80292170077651,66.80292170077651,86.80292170077651
8568,29.1,27.23509781562206,47.235097815622055,67.23509781562205,87.23509781562205
8569,29.7,28.531626160158723,48.53162616015872,68.53162616015872,88.53162616015872
8570,29.7,30.548448029437985,50.548448029437985,70.54844802943799,90.54844802943799
8571,29.9,32.85338730861428,52.85338730861428,72.85338730861429,92.85338730861429
8572,30.2,35.59050270263613,55.59050270263613,75.59050270263613,95.59050270263613
8573,31.1,37.46326586696687,57.46326586696687,77.46326586696688,97.46326586696688
8574,32.5,38.4716768016065,58.4716768016065,78.47167680160649,98.47167680160649
8575,32.7,63.71610739886678,83.71610739886678,103.71610739886678,123.71610739886678
8576,34.2,37.46326586696687,57.46326586696687,77.46326586696688,97.46326586696688
8577,36.3,36.598913637275764,56.598913637275764,76.59891363727576,96.59891363727576
8578,37.2,36.02267881748169,56.02267881748169,76.02267881748169,96.02267881748169
8579,35.6,73.60120730347506,93.60120730347506,113.60120730347506,133.60120730347506
8580,33.6,35.73456140758466,55.73456140758466,75.73456140758466,95.73456140758466
8581,32.8,35.59050270263613,55.59050270263613,75.59050270263613,95.59050270263613
8582,31.6,36.02267881748169,56.02267881748169,76.02267881748169,96.02267881748169
8583,31.5,36.74297234222428,56.74297234222428,76.74297234222428,96.74297234222428
8584,32.9,36.8870310471728,56.8870310471728,76.8870310471728,96.8870310471728
8585,34.4,37.46326586696687,57.46326586696687,77.46326586696688,97.46326586696688
8586,33.3,100.28622495022054,120.28622495022054,140.28622495022054,160.28622495022054
8587,32.6,36.454854932327244,56.454854932327244,76.45485493232724,96.45485493232724
8588,32.9,36.02267881748169,56.02267881748169,76.02267881748169,96.02267881748169
8589,32.2,35.73456140758466,55.73456140758466,75.73456140758466,95.73456140758466
8590,31.8,36.02267881748169,56.02267881748169,76.02267881748169,96.02267881748169
8591,31.1,36.1667375224302,56.1667375224302,76.1667375224302,96.1667375224302
8592,29.6,36.598913637275764,56.598913637275764,76.59891363727576,96.59891363727576
8593,29.4,37.46326586696687,57.46326586696687,77.46326586696688,97.46326586696688
8594,29.3,37.89544198181243,57.89544198181243,77.89544198181244,97.89544198181244
8595,29.1,37.60732457191539,57.60732457191539,77.6073245719154,97.6073245719154
8596,28.8,37.03108975212131,57.03108975212131,77.03108975212132,97.03108975212132
8597,28.4,37.03108975212131,57.03108975212131,77.03108975212132,97.03108975212132
8598,28.5,37.17514845706984,57.17514845706984,77.17514845706984,97.17514845706984
8599,29.9,62.131461644433074,82.13146164443307,102.13146164443307,122.13146164443307
8600,30.3,36.598913637275764,56.598913637275764,76.59891363727576,96.59891363727576
8601,31.4,35.15832658779058,55.15832658779058,75.15832658779058,95.15832658779058
8602,31.9,32.56526989871724,52.56526989871724,72.56526989871725,92.56526989871725
8603,31.1,68.84727004017395,88.84727004017395,108.84727004017395,128.84727004017395
8604,29.1,29.828154504695394,49.82815450469539,69.82815450469539,89.82815450469539
8605,28.6,29.1078609799528,49.107860979952804,69.1078609799528,89.1078609799528
8606,27.1,29.1078609799528,49.107860979952804,69.1078609799528,89.1078609799528
8607,26.6,29.684095799746874,49.68409579974687,69.68409579974687,89.68409579974687
8608,25.9,29.540037094798354,49.54003709479835,69.54003709479835,89.54003709479835
8609,27.1,29.540037094798354,49.54003709479835,69.54003709479835,89.54003709479835
8610,27.2,92.50705488300054,112.50705488300054,132.50705488300054,152.50705488300054
8611,25.1,29.1078609799528,49.107860979952804,69.1078609799528,89.1078609799528
8612,24.7,28.675684865107243,48.67568486510724,68.67568486510724,88.67568486510724
8613,24.9,27.523215225519095,47.523215225519095,67.5232152255191,87.5232152255191
8614,24.8,26.946980405725025,46.94698040572503,66.94698040572503,86.94698040572503
8615,24.1,27.09103911067354,47.09103911067354,67.09103911067353,87.09103911067353
8616,23.7,28.099450045313173,48.099450045313176,68.09945004531318,88.09945004531318
8617,23.5,28.96380227500428,48.963802275004284,68.96380227500428,88.96380227500428
8618,23.0,30.548448029437985,50.548448029437985,70.54844802943799,90.54844802943799
8619,23.2,31.844976373974653,51.84497637397465,71.84497637397465,91.84497637397465
8620,23.5,33.285563423459834,53.285563423459834,73.28556342345983,93.28556342345983
8621,23.4,33.717739538305395,53.717739538305395,73.7177395383054,93.7177395383054
8622,23.2,34.870209177893535,54.870209177893535,74.87020917789354,94.87020917789354
8623,23.4,61.26710941474197,81.26710941474197,101.26710941474197,121.26710941474197
8624,23.4,36.74297234222428,56.74297234222428,76.74297234222428,96.74297234222428
8625,23.8,36.02267881748169,56.02267881748169,76.02267881748169,96.02267881748169
8626,26.3,34.726150472945015,54.726150472945015,74.72615047294502,94.72615047294502
8627,26.1,71.15220931935025,91.15220931935025,111.15220931935025,131.15220931935025
8628,26.3,32.42121119376873,52.42121119376873,72.42121119376873,92.42121119376873
8629,26.4,32.85338730861428,52.85338730861428,72.85338730861429,92.85338730861429
8630,26.4,33.86179824325391,53.86179824325391,73.8617982432539,93.8617982432539
8631,26.6,35.014267882842056,55.014267882842056,75.01426788284206,95.01426788284206
8632,26.6,34.870209177893535,54.870209177893535,74.87020917789354,94.87020917789354
8633,26.0,34.5820917679965,54.5820917679965,74.5820917679965,94.5820917679965
8634,25.7,98.12534437599275,118.12534437599275,138.12534437599277,158.12534437599277
8635,25.7,35.15832658779058,55.15832658779058,75.15832658779058,95.15832658779058
8636,25.1,35.15832658779058,55.15832658779058,75.15832658779058,95.15832658779058
8637,25.2,34.870209177893535,54.870209177893535,74.87020917789354,94.87020917789354
8638,24.5,33.573680833356875,53.573680833356875,73.57368083335687,93.57368083335687
8639,23.9,32.85338730861428,52.85338730861428,72.85338730861429,92.85338730861429
8640,23.1,33.86179824325391,53.86179824325391,73.8617982432539,93.8617982432539
8641,23.7,34.870209177893535,54.870209177893535,74.87020917789354,94.87020917789354
8642,23.7,36.310796227378724,56.310796227378724,76.31079622737872,96.31079622737872
8643,23.5,35.15832658779058,55.15832658779058,75.15832658779058,95.15832658779058
8644,24.1,34.43803306304798,54.43803306304798,74.43803306304798,94.43803306304798
8645,24.6,36.02267881748169,56.02267881748169,76.02267881748169,96.02267881748169
8646,25.8,36.598913637275764,56.598913637275764,76.59891363727576,96.59891363727576
8647,26.4,63.57204869391826,83.57204869391826,103.57204869391826,123.57204869391826
8648,26.1,39.33602903129761,59.33602903129761,79.33602903129761,99.33602903129761
8649,27.5,39.19197032634909,59.19197032634909,79.1919703263491,99.1919703263491
8650,28.3,36.454854932327244,56.454854932327244,76.45485493232724,96.45485493232724
8651,28.1,72.3046789589384,92.3046789589384,112.3046789589384,132.30467895893838
8652,26.1,33.717739538305395,53.717739538305395,73.7177395383054,93.7177395383054
8653,25.6,34.14991565315095,54.14991565315095,74.14991565315094,94.14991565315094
8654,25.7,34.5820917679965,54.5820917679965,74.5820917679965,94.5820917679965
8655,26.6,34.00585694820243,54.00585694820243,74.00585694820242,94.00585694820242
8656,27.2,32.133093783871686,52.133093783871686,72.13309378387169,92.13309378387169
8657,28.0,30.83656543933502,50.83656543933502,70.83656543933502,90.83656543933502
8658,27.8,93.51546581764016,113.51546581764016,133.51546581764018,153.51546581764018
8659,27.8,29.97221320964391,49.97221320964391,69.97221320964391,89.97221320964391
8660,27.9,28.96380227500428,48.963802275004284,68.96380227500428,88.96380227500428
8661,27.7,27.811332635416132,47.811332635416136,67.81133263541614,87.81133263541614
8662,27.6,28.099450045313173,48.099450045313176,68.09945004531318,88.09945004531318
8663,27.1,28.387567455210206,48.3875674552102,68.3875674552102,88.3875674552102
8664,27.0,28.243508750261686,48.24350875026168,68.24350875026168,88.24350875026168
8665,26.7,28.531626160158723,48.53162616015872,68.53162616015872,88.53162616015872
8666,26.6,29.395978389849837,49.39597838984984,69.39597838984983,89.39597838984983
8667,25.6,30.404389324489465,50.404389324489465,70.40438932448947,90.40438932448947
8668,26.4,31.268741554180583,51.26874155418058,71.26874155418058,91.26874155418058
8669,27.5,31.556858964077616,51.55685896407762,71.55685896407762,91.55685896407762
8670,26.9,30.980624144283546,50.980624144283546,70.98062414428355,90.98062414428355
8671,27.4,55.36070251185271,75.36070251185271,95.36070251185271,115.36070251185271
8672,29.3,28.675684865107243,48.67568486510724,68.67568486510724,88.67568486510724
8673,30.5,27.37915652057058,47.379156520570575,67.37915652057058,87.37915652057058
8674,30.9,24.642041126548726,44.642041126548726,64.64204112654872,84.64204112654872
8675,29.6,61.212158677902465,81.21215867790247,101.21215867790247,121.21215867790247
8676,28.3,22.337101847372427,42.33710184737242,62.33710184737242,82.33710184737242
8677,27.1,21.904925732526873,41.90492573252688,61.90492573252688,81.90492573252688
8678,27.1,21.760867027578357,41.76086702757836,61.76086702757836,81.76086702757836
8679,26.6,21.760867027578357,41.76086702757836,61.76086702757836,81.76086702757836
8680,26.2,21.47274961768132,41.472749617681316,61.472749617681316,81.47274961768132
8681,26.8,21.3286909127328,41.328690912732796,61.328690912732796,81.3286909127328
8682,25.5,84.87194352072905,104.87194352072905,124.87194352072905,144.87194352072905
8683,27.7,21.616808322629836,41.616808322629836,61.616808322629836,81.61680832262984
8684,27.1,21.760867027578357,41.76086702757836,61.76086702757836,81.76086702757836
8685,25.8,22.048984437475394,42.0489844374754,62.0489844374754,82.0489844374754
8686,24.5,22.769277962217984,42.769277962217984,62.769277962217984,82.76927796221798
8687,25.5,22.913336667166504,42.913336667166504,62.913336667166504,82.9133366671665
8688,28.1,22.769277962217984,42.769277962217984,62.769277962217984,82.76927796221798
8689,28.0,22.481160552320947,42.481160552320944,62.481160552320944,82.48116055232094
8690,25.7,22.337101847372427,42.33710184737242,62.33710184737242,82.33710184737242
8691,23.0,22.337101847372427,42.33710184737242,62.33710184737242,82.33710184737242
8692,22.4,22.481160552320947,42.481160552320944,62.481160552320944,82.48116055232094
8693,22.9,22.769277962217984,42.769277962217984,62.769277962217984,82.76927796221798
8694,23.2,23.05739537211502,43.057395372115025,63.057395372115025,83.05739537211502
8695,23.2,48.44588467432382,68.44588467432382,88.44588467432382,108.44588467432382
8696,23.3,23.489571486960575,43.48957148696057,63.48957148696057,83.48957148696057
8697,24.0,23.489571486960575,43.48957148696057,63.48957148696057,83.48957148696057
8698,24.8,23.05739537211502,43.057395372115025,63.057395372115025,83.05739537211502
8699,25.3,60.6359238581084,80.6359238581084,100.6359238581084,120.6359238581084
8700,24.1,22.769277962217984,42.769277962217984,62.769277962217984,82.76927796221798
8701,22.6,23.05739537211502,43.057395372115025,63.057395372115025,83.05739537211502
8702,22.1,23.20145407706354,43.201454077063545,63.201454077063545,83.20145407706354
8703,22.5,23.77768889685761,43.77768889685761,63.77768889685761,83.77768889685761
8704,22.5,24.06580630675465,44.06580630675465,64.06580630675465,84.06580630675465
8705,22.4,24.06580630675465,44.06580630675465,64.06580630675465,84.06580630675465
8706,22.2,87.17688279990534,107.17688279990534,127.17688279990534,147.17688279990534
8707,21.8,24.20986501170317,44.20986501170317,64.20986501170317,84.20986501170317
8708,21.6,24.20986501170317,44.20986501170317,64.20986501170317,84.20986501170317
8709,21.4,24.353923716651693,44.35392371665169,64.35392371665169,84.35392371665169
8710,21.0,25.36233465129132,45.36233465129132,65.36233465129132,85.36233465129132
8711,18.8,25.794510766136877,45.79451076613688,65.79451076613688,85.79451076613688
8712,19.8,25.50639335623984,45.50639335623984,65.50639335623984,85.50639335623984
8713,22.5,25.218275946342796,45.2182759463428,65.2182759463428,85.2182759463428
8714,22.6,24.93015853644576,44.93015853644576,64.93015853644576,84.93015853644576
8715,21.6,24.353923716651693,44.35392371665169,64.35392371665169,84.35392371665169
8716,21.1,24.06580630675465,44.06580630675465,64.06580630675465,84.06580630675465
8717,21.9,23.633630191909095,43.63363019190909,63.63363019190909,83.63363019190909
8718,22.3,23.05739537211502,43.057395372115025,63.057395372115025,83.05739537211502
8719,22.3,47.86964985452974,67.86964985452974,87.86964985452974,107.86964985452974
8720,22.9,22.337101847372427,42.33710184737242,62.33710184737242,82.33710184737242
8721,23.1,21.760867027578357,41.76086702757836,61.76086702757836,81.76086702757836
8722,22.9,21.3286909127328,41.328690912732796,61.328690912732796,81.3286909127328
8723,23.0,58.330984578932096,78.33098457893209,98.33098457893209,118.33098457893209
8724,23.5,19.88810386324761,39.88810386324761,59.88810386324761,79.88810386324761
8725,22.6,19.744045158299095,39.744045158299095,59.744045158299095,79.74404515829909
8726,22.1,19.455927748402058,39.45592774840206,59.45592774840206,79.45592774840206
8727,22.6,18.879692928607984,38.87969292860798,58.87969292860798,78.87969292860798
8728,23.5,18.447516813762427,38.44751681376243,58.44751681376243,78.44751681376243
8729,24.1,17.583164584071316,37.58316458407131,57.58316458407131,77.58316458407131
8730,24.5,79.97394755247942,99.97394755247942,119.97394755247942,139.97394755247942
8731,24.5,16.718812354380205,36.718812354380205,56.718812354380205,76.7188123543802
8732,24.7,17.006929764277242,37.006929764277245,57.006929764277245,77.00692976427725
8733,23.1,17.29504717417428,37.29504717417428,57.29504717417428,77.29504717417427
8734,21.0,17.15098846922576,37.15098846922576,57.15098846922576,77.15098846922575
8735,19.2,17.727223289019836,37.72722328901983,57.72722328901983,77.72722328901983
8736,18.9,19.455927748402058,39.45592774840206,59.45592774840206,79.45592774840206
8737,18.7,21.040573502835763,41.04057350283576,61.04057350283576,81.04057350283577
8738,18.2,22.769277962217984,42.769277962217984,62.769277962217984,82.76927796221798
8739,18.1,22.625219257269464,42.625219257269464,62.625219257269464,82.62521925726946
8740,18.0,23.633630191909095,43.63363019190909,63.63363019190909,83.63363019190909
8741,17.4,23.77768889685761,43.77768889685761,63.77768889685761,83.77768889685761
8742,17.0,23.633630191909095,43.63363019190909,63.63363019190909,83.63363019190909
8743,16.8,49.02211949411789,69.02211949411789,89.02211949411789,109.02211949411789
8744,17.3,22.913336667166504,42.913336667166504,62.913336667166504,82.9133366671665
8745,18.0,22.048984437475394,42.0489844374754,62.0489844374754,82.0489844374754
8746,19.5,21.040573502835763,41.04057350283576,61.04057350283576,81.04057350283577
8747,18.9,57.61069105418951,77.61069105418952,97.61069105418952,117.61069105418952
8748,18.5,18.879692928607984,38.87969292860798,58.87969292860798,78.87969292860798
8749,18.3,18.30345810881391,38.30345810881391,58.30345810881391,78.30345810881391
8750,17.8,17.87128199396835,37.87128199396835,57.87128199396835,77.87128199396835
8751,18.2,18.159399403865386,38.159399403865386,58.159399403865386,78.1593994038654
8752,19.3,18.591575518710947,38.59157551871095,58.59157551871095,78.59157551871095
8753,19.6,18.591575518710947,38.59157551871095,58.59157551871095,78.59157551871095
8754,19.3,82.13482812670719,102.13482812670719,122.13482812670719,142.1348281267072
8755,18.5,19.599986453350578,39.59998645335058,59.59998645335058,79.59998645335058
8756,17.8,20.896514797887242,40.89651479788724,60.89651479788724,80.89651479788725
8757,18.2,21.904925732526873,41.90492573252688,61.90492573252688,81.90492573252688
8758,17.5,22.337101847372427,42.33710184737242,62.33710184737242,82.33710184737242
8759,17.0,22.481160552320947,42.481160552320944,62.481160552320944,82.48116055232094
